SeniorCitizen,has_security_service,has_streaming_service,is_month_to_month,is_long_term_customer,tenure,MonthlyCharges,TotalCharges,total_services,average_monthly_revenue,gender,Partner,Dependents,PhoneService,MultipleLines,InternetService,OnlineSecurity,OnlineBackup,DeviceProtection,TechSupport,StreamingTV,StreamingMovies,Contract,PaperlessBilling,PaymentMethod,tenure_group
0,1,1,1,1,35,49.2,1701.65,3,48.61857142857143,Male,No,No,No,No phone service,DSL,No,No,Yes,No,Yes,Yes,Month-to-month,No,Electronic check,25-48
0,1,0,1,0,15,75.1,1151.55,2,76.77,Male,Yes,Yes,Yes,No,Fiber optic,Yes,No,No,No,No,No,Month-to-month,No,Mailed check,13-24
0,1,0,0,0,13,40.55,590.35,3,45.41153846153846,Male,Yes,Yes,No,No phone service,DSL,Yes,Yes,No,Yes,No,No,Two year,No,Mailed check,13-24
0,1,1,0,1,26,73.5,1905.7,5,73.29615384615384,Female,Yes,No,Yes,No,DSL,No,Yes,Yes,No,Yes,Yes,Two year,Yes,Credit card (automatic),25-48
0,0,0,1,0,1,44.55,44.55,1,44.55,Male,Yes,Yes,Yes,No,DSL,No,No,No,No,No,No,Month-to-month,No,Electronic check,0-12
0,1,1,0,1,66,79.5,5196.1,6,78.72878787878788,Male,No,Yes,Yes,No,DSL,No,Yes,Yes,Yes,Yes,Yes,Two year,Yes,Credit card (automatic),49-72
0,0,0,1,0,1,19.8,19.8,1,19.8,Female,No,No,Yes,No,No,No internet service,No internet service,No internet service,No internet service,No internet service,No internet service,Month-to-month,No,Credit card (automatic),0-12
0,1,0,1,1,40,56.6,2379.1,3,59.4775,Female,Yes,No,Yes,Yes,DSL,No,Yes,No,No,No,No,Month-to-month,No,Credit card (automatic),25-48
0,1,1,0,1,65,59.8,3808.2,3,58.58769230769231,Female,Yes,No,Yes,No,DSL,No,No,No,Yes,Yes,No,Two year,Yes,Credit card (automatic),49-72
0,1,1,0,1,60,80.55,4847.05,6,80.78416666666666,Female,No,No,Yes,Yes,DSL,No,No,Yes,Yes,Yes,Yes,One year,No,Credit card (automatic),49-72
1,1,0,1,0,5,59.9,287.85,4,57.57000000000001,Female,No,No,Yes,No,DSL,Yes,Yes,No,Yes,No,No,Month-to-month,No,Credit card (automatic),0-12
0,1,0,1,0,5,49.4,232.55,2,46.510000000000005,Female,Yes,Yes,Yes,No,DSL,Yes,No,No,No,No,No,Month-to-month,Yes,Mailed check,0-12
0,1,0,1,0,2,50.95,123.05,2,61.525,Female,No,No,Yes,No,DSL,Yes,No,No,No,No,No,Month-to-month,No,Mailed check,0-12
0,1,0,1,1,30,67.6,2000.2,6,66.67333333333333,Male,Yes,Yes,Yes,Yes,DSL,Yes,Yes,Yes,Yes,No,No,Month-to-month,No,Electronic check,25-48
0,0,1,1,1,36,95.4,3474.2,4,96.50555555555555,Male,Yes,No,Yes,Yes,Fiber optic,No,No,No,No,Yes,Yes,Month-to-month,Yes,Electronic check,25-48
0,0,0,0,1,55,69.05,3842.6,1,69.86545454545454,Female,Yes,Yes,Yes,No,Fiber optic,No,No,No,No,No,No,Two year,Yes,Credit card (automatic),49-72
0,1,0,1,1,31,84.75,2613.4,4,84.30322580645162,Female,No,No,Yes,Yes,Fiber optic,Yes,No,Yes,No,No,No,Month-to-month,Yes,Credit card (automatic),25-48
1,0,1,1,1,28,35.9,973.65,1,34.77321428571428,Female,Yes,Yes,No,No phone service,DSL,No,No,No,No,Yes,No,Month-to-month,Yes,Electronic check,25-48
0,0,0,0,0,16,18.95,326.8,1,20.425,Male,No,No,Yes,No,No,No internet service,No internet service,No internet service,No internet service,No internet service,No internet service,Two year,No,Credit card (automatic),13-24
0,0,0,1,0,6,20.15,130.5,1,21.75,Male,No,No,Yes,No,No,No internet service,No internet service,No internet service,No internet service,No internet service,No internet service,Month-to-month,No,Bank transfer (automatic),0-12
1,1,0,0,1,27,85.9,2220.1,4,82.22592592592592,Male,Yes,No,Yes,Yes,Fiber optic,Yes,No,Yes,No,No,No,One year,Yes,Electronic check,25-48
0,0,0,0,1,58,25.3,1474.35,2,25.419827586206896,Male,No,No,Yes,Yes,No,No internet service,No internet service,No internet service,No internet service,No internet service,No internet service,Two year,Yes,Credit card (automatic),49-72
0,1,1,0,1,72,104.9,7732.65,7,107.39791666666666,Male,Yes,Yes,Yes,Yes,Fiber optic,Yes,Yes,Yes,Yes,No,Yes,Two year,Yes,Credit card (automatic),49-72
0,1,0,1,1,28,35.75,961.4,2,34.33571428571428,Female,No,No,No,No phone service,DSL,No,No,Yes,Yes,No,No,Month-to-month,Yes,Mailed check,25-48
0,1,1,0,1,40,85.05,3355.65,3,83.89125,Male,Yes,Yes,Yes,No,Fiber optic,No,No,Yes,No,Yes,No,One year,Yes,Electronic check,25-48
0,0,0,1,0,1,20.5,20.5,1,20.5,Male,No,No,Yes,No,No,No internet service,No internet service,No internet service,No internet service,No internet service,No internet service,Month-to-month,No,Mailed check,0-12
0,0,1,1,0,5,80.0,412.5,2,82.5,Female,No,No,Yes,No,Fiber optic,No,No,No,No,No,Yes,Month-to-month,Yes,Electronic check,0-12
0,0,0,1,0,1,69.2,69.2,1,69.2,Female,No,No,Yes,No,Fiber optic,No,No,No,No,No,No,Month-to-month,Yes,Electronic check,0-12
0,1,1,1,0,12,105.3,1275.65,6,106.30416666666667,Female,No,Yes,Yes,Yes,Fiber optic,No,Yes,Yes,No,Yes,Yes,Month-to-month,Yes,Electronic check,0-12
0,1,1,1,0,5,96.1,453.4,4,90.67999999999999,Male,No,No,Yes,No,Fiber optic,No,No,No,Yes,Yes,Yes,Month-to-month,Yes,Electronic check,0-12
0,1,1,0,1,71,86.1,6045.9,7,85.15352112676055,Male,Yes,No,Yes,No,DSL,Yes,Yes,Yes,Yes,Yes,Yes,Two year,Yes,Bank transfer (automatic),49-72
0,0,0,1,0,3,76.95,228.4,2,76.13333333333334,Male,No,No,Yes,Yes,Fiber optic,No,No,No,No,No,No,Month-to-month,Yes,Electronic check,0-12
0,0,0,1,1,30,19.65,655.85,1,21.861666666666668,Female,Yes,No,Yes,No,No,No internet service,No internet service,No internet service,No internet service,No internet service,No internet service,Month-to-month,No,Bank transfer (automatic),25-48
0,0,0,0,1,25,20.2,507.9,1,20.316,Female,Yes,No,Yes,No,No,No internet service,No internet service,No internet service,No internet service,No internet service,No internet service,One year,Yes,Bank transfer (automatic),25-48
0,0,0,0,1,52,24.55,1331.05,2,25.597115384615385,Male,Yes,Yes,Yes,Yes,No,No internet service,No internet service,No internet service,No internet service,No internet service,No internet service,Two year,No,Mailed check,49-72
1,1,1,0,1,46,110.0,4874.8,7,105.97391304347826,Female,No,No,Yes,Yes,Fiber optic,Yes,Yes,Yes,No,Yes,Yes,One year,Yes,Electronic check,25-48
0,0,0,1,0,9,70.5,597.9,1,66.43333333333334,Male,No,No,Yes,No,Fiber optic,No,No,No,No,No,No,Month-to-month,Yes,Electronic check,0-12
0,0,1,1,0,19,86.85,1564.4,3,82.33684210526316,Female,Yes,No,Yes,Yes,Fiber optic,No,No,No,No,Yes,No,Month-to-month,Yes,Electronic check,13-24
0,1,0,1,0,12,49.4,611.65,2,50.97083333333333,Female,No,No,Yes,No,DSL,No,Yes,No,No,No,No,Month-to-month,Yes,Electronic check,0-12
1,1,1,0,1,45,98.7,4525.8,6,100.57333333333334,Male,Yes,No,Yes,Yes,Fiber optic,No,Yes,Yes,Yes,Yes,No,One year,Yes,Bank transfer (automatic),25-48
0,1,1,1,1,36,104.5,3684.95,6,102.35972222222222,Female,Yes,Yes,Yes,Yes,Fiber optic,Yes,No,Yes,No,Yes,Yes,Month-to-month,Yes,Credit card (automatic),25-48
0,1,1,1,1,38,95.1,3691.2,5,97.13684210526316,Male,No,No,Yes,Yes,Fiber optic,No,Yes,Yes,No,No,Yes,Month-to-month,Yes,Credit card (automatic),25-48
0,0,0,1,0,1,19.2,19.2,1,19.2,Male,Yes,Yes,Yes,No,No,No internet service,No internet service,No internet service,No internet service,No internet service,No internet service,Month-to-month,No,Mailed check,0-12
0,1,1,1,0,10,98.5,1037.75,5,103.775,Male,Yes,No,Yes,Yes,Fiber optic,No,No,Yes,No,Yes,Yes,Month-to-month,Yes,Electronic check,0-12
0,0,0,1,0,13,44.8,559.2,1,43.01538461538462,Male,Yes,Yes,Yes,No,DSL,No,No,No,No,No,No,Month-to-month,No,Bank transfer (automatic),13-24
0,1,1,0,0,18,82.0,1425.45,6,79.19166666666666,Male,No,No,Yes,Yes,DSL,No,No,Yes,Yes,Yes,Yes,One year,Yes,Credit card (automatic),13-24
0,1,1,0,1,37,45.4,1593.1,3,43.056756756756755,Female,Yes,No,No,No phone service,DSL,Yes,No,No,Yes,Yes,No,Two year,No,Electronic check,25-48
0,0,0,1,0,5,20.35,122.0,1,24.4,Male,No,Yes,Yes,No,No,No internet service,No internet service,No internet service,No internet service,No internet service,No internet service,Month-to-month,No,Credit card (automatic),0-12
0,1,0,1,0,11,74.95,815.5,2,74.13636363636364,Male,No,No,Yes,No,Fiber optic,No,Yes,No,No,No,No,Month-to-month,No,Electronic check,0-12
0,1,1,1,1,64,99.15,6171.2,5,96.425,Male,No,Yes,Yes,No,Fiber optic,No,Yes,No,Yes,Yes,Yes,Month-to-month,Yes,Credit card (automatic),49-72
0,0,1,1,0,1,55.55,55.55,2,55.55,Male,No,No,Yes,No,DSL,No,No,No,No,No,Yes,Month-to-month,No,Mailed check,0-12
1,0,1,1,1,37,92.5,3473.4,4,93.87567567567568,Male,Yes,No,Yes,Yes,Fiber optic,No,No,No,No,Yes,Yes,Month-to-month,Yes,Electronic check,25-48
0,1,1,1,1,48,105.25,4997.5,6,104.11458333333333,Female,Yes,Yes,Yes,Yes,Fiber optic,Yes,Yes,No,No,Yes,Yes,Month-to-month,Yes,Credit card (automatic),25-48
1,0,1,1,0,20,94.55,1899.65,4,94.9825,Male,Yes,No,Yes,Yes,Fiber optic,No,No,No,No,Yes,Yes,Month-to-month,Yes,Electronic check,13-24
0,1,1,1,1,26,69.5,1800.05,5,69.2326923076923,Female,No,No,Yes,Yes,DSL,Yes,Yes,No,No,Yes,No,Month-to-month,Yes,Bank transfer (automatic),25-48
0,0,0,0,1,30,19.4,578.5,1,19.283333333333335,Female,No,No,Yes,No,No,No internet service,No internet service,No internet service,No internet service,No internet service,No internet service,Two year,No,Credit card (automatic),25-48
0,1,0,0,1,69,66.9,4577.9,5,66.3463768115942,Female,No,No,Yes,Yes,DSL,Yes,Yes,No,Yes,No,No,Two year,Yes,Mailed check,49-72
0,1,1,0,1,63,89.4,5597.65,8,88.8515873015873,Male,Yes,Yes,Yes,Yes,DSL,Yes,Yes,Yes,Yes,Yes,Yes,Two year,Yes,Credit card (automatic),49-72
0,0,0,1,0,5,19.35,126.05,1,25.21,Male,Yes,No,Yes,No,No,No internet service,No internet service,No internet service,No internet service,No internet service,No internet service,Month-to-month,No,Mailed check,0-12
0,0,0,0,1,39,20.45,790.0,1,20.256410256410255,Male,Yes,No,Yes,No,No,No internet service,No internet service,No internet service,No internet service,No internet service,No internet service,Two year,Yes,Bank transfer (automatic),25-48
0,1,1,1,0,4,101.7,364.55,5,91.1375,Male,No,Yes,Yes,Yes,Fiber optic,No,Yes,No,No,Yes,Yes,Month-to-month,Yes,Electronic check,0-12
0,1,1,0,1,60,101.15,6067.4,5,101.12333333333332,Male,Yes,No,Yes,Yes,Fiber optic,No,No,Yes,No,Yes,Yes,Two year,No,Credit card (automatic),49-72
0,1,1,1,0,19,103.3,2012.7,6,105.93157894736842,Male,Yes,Yes,Yes,Yes,Fiber optic,No,No,Yes,Yes,Yes,Yes,Month-to-month,No,Electronic check,13-24
0,1,1,1,0,11,102.0,1145.35,5,104.12272727272726,Female,Yes,No,Yes,Yes,Fiber optic,No,Yes,No,No,Yes,Yes,Month-to-month,Yes,Electronic check,0-12
1,1,1,1,1,31,99.95,3186.65,5,102.79516129032258,Female,No,No,Yes,Yes,Fiber optic,No,Yes,No,No,Yes,Yes,Month-to-month,Yes,Electronic check,25-48
0,1,0,1,1,30,84.3,2438.6,4,81.28666666666666,Male,No,No,Yes,No,Fiber optic,Yes,Yes,Yes,No,No,No,Month-to-month,Yes,Credit card (automatic),25-48
0,0,0,0,1,53,24.6,1279.0,2,24.132075471698112,Male,No,No,Yes,Yes,No,No internet service,No internet service,No internet service,No internet service,No internet service,No internet service,Two year,No,Mailed check,49-72
0,1,1,1,0,5,89.35,461.7,4,92.34,Female,No,No,Yes,No,Fiber optic,No,Yes,No,Yes,No,Yes,Month-to-month,Yes,Electronic check,0-12
1,1,0,0,1,51,79.6,3974.7,3,77.93529411764706,Male,No,No,Yes,Yes,Fiber optic,No,Yes,No,No,No,No,One year,Yes,Bank transfer (automatic),49-72
0,1,1,0,1,71,89.3,6388.65,8,89.98098591549295,Female,Yes,No,Yes,Yes,DSL,Yes,Yes,Yes,Yes,Yes,Yes,Two year,No,Credit card (automatic),49-72
0,0,0,0,1,61,25.0,1498.35,2,24.563114754098358,Female,No,Yes,Yes,Yes,No,No internet service,No internet service,No internet service,No internet service,No internet service,No internet service,Two year,Yes,Credit card (automatic),49-72
1,1,0,1,0,8,74.5,606.55,2,75.81875,Male,No,No,Yes,No,Fiber optic,No,Yes,No,No,No,No,Month-to-month,Yes,Electronic check,0-12
0,1,0,1,0,10,54.95,568.85,3,56.885000000000005,Male,Yes,No,Yes,No,DSL,Yes,No,No,Yes,No,No,Month-to-month,Yes,Credit card (automatic),0-12
0,1,1,1,0,12,49.85,617.15,3,51.42916666666667,Female,Yes,No,No,No phone service,DSL,No,No,Yes,No,Yes,Yes,Month-to-month,Yes,Bank transfer (automatic),0-12
0,1,1,1,1,66,63.85,4264.6,4,64.61515151515152,Male,Yes,No,Yes,Yes,DSL,No,No,No,Yes,No,Yes,Month-to-month,No,Electronic check,49-72
0,1,0,1,1,24,60.45,1440.75,4,60.03125,Male,No,No,Yes,No,DSL,Yes,Yes,No,Yes,No,No,Month-to-month,No,Bank transfer (automatic),13-24
0,1,0,1,0,4,56.5,235.1,3,58.775,Female,Yes,Yes,Yes,No,DSL,No,Yes,No,Yes,No,No,Month-to-month,No,Mailed check,0-12
0,1,1,1,0,4,88.95,355.2,4,88.8,Female,No,No,Yes,Yes,Fiber optic,No,Yes,No,No,No,Yes,Month-to-month,Yes,Electronic check,0-12
0,1,0,0,1,35,55.6,2016.45,3,57.612857142857145,Female,No,Yes,Yes,No,DSL,Yes,Yes,No,No,No,No,One year,No,Credit card (automatic),25-48
1,1,0,1,1,45,85.7,3778.1,4,83.95777777777778,Female,No,No,Yes,No,Fiber optic,Yes,Yes,No,Yes,No,No,Month-to-month,Yes,Bank transfer (automatic),25-48
0,1,1,0,1,65,110.0,7138.65,7,109.8253846153846,Male,No,No,Yes,Yes,Fiber optic,Yes,No,Yes,Yes,Yes,Yes,One year,Yes,Credit card (automatic),49-72
0,0,1,1,0,14,80.9,1152.8,2,82.34285714285714,Female,Yes,Yes,Yes,No,Fiber optic,No,No,No,No,No,Yes,Month-to-month,Yes,Bank transfer (automatic),13-24
0,1,1,0,1,61,50.7,3088.75,4,50.635245901639344,Female,Yes,Yes,No,No phone service,DSL,Yes,Yes,No,Yes,No,Yes,One year,Yes,Bank transfer (automatic),49-72
0,1,0,0,1,68,80.35,5375.15,3,79.04632352941177,Male,Yes,Yes,Yes,No,Fiber optic,Yes,No,Yes,No,No,No,Two year,No,Credit card (automatic),49-72
0,1,0,0,0,23,57.75,1282.85,4,55.77608695652174,Female,Yes,Yes,Yes,No,DSL,Yes,Yes,No,Yes,No,No,One year,Yes,Mailed check,13-24
0,1,0,1,1,55,81.55,4509.5,3,81.99090909090908,Female,No,No,Yes,No,Fiber optic,No,Yes,Yes,No,No,No,Month-to-month,Yes,Electronic check,49-72
0,0,0,0,1,69,24.45,1718.2,2,24.90144927536232,Male,Yes,Yes,Yes,Yes,No,No internet service,No internet service,No internet service,No internet service,No internet service,No internet service,Two year,No,Bank transfer (automatic),49-72
0,1,1,1,0,7,81.25,580.1,6,82.87142857142858,Female,Yes,No,Yes,No,DSL,Yes,No,Yes,Yes,Yes,Yes,Month-to-month,No,Bank transfer (automatic),0-12
0,1,0,0,1,72,79.05,5730.7,3,79.59305555555555,Female,Yes,Yes,Yes,Yes,Fiber optic,Yes,No,No,No,No,No,Two year,No,Bank transfer (automatic),49-72
0,1,0,0,1,61,49.7,2961.4,2,48.54754098360656,Female,Yes,Yes,Yes,No,DSL,Yes,No,No,No,No,No,One year,Yes,Bank transfer (automatic),49-72
1,1,0,0,1,64,80.3,5017.7,3,78.4015625,Male,Yes,No,Yes,No,Fiber optic,Yes,No,Yes,No,No,No,One year,No,Credit card (automatic),49-72
1,0,1,1,1,32,93.2,2931.0,4,91.59375,Female,Yes,No,Yes,Yes,Fiber optic,No,No,No,No,Yes,Yes,Month-to-month,Yes,Electronic check,25-48
0,1,0,1,0,1,79.55,79.55,3,79.55,Female,No,No,Yes,Yes,Fiber optic,No,No,Yes,No,No,No,Month-to-month,Yes,Mailed check,0-12
0,1,0,1,0,3,82.3,214.4,3,71.46666666666667,Male,No,No,Yes,No,Fiber optic,Yes,No,No,Yes,No,No,Month-to-month,Yes,Mailed check,0-12
0,0,0,1,0,3,20.2,50.6,1,16.866666666666667,Male,No,Yes,Yes,No,No,No internet service,No internet service,No internet service,No internet service,No internet service,No internet service,Month-to-month,No,Bank transfer (automatic),0-12
0,1,1,0,1,72,84.4,6096.45,7,84.67291666666667,Female,Yes,No,Yes,Yes,DSL,Yes,No,Yes,Yes,Yes,Yes,Two year,Yes,Credit card (automatic),49-72
0,1,0,1,1,26,29.8,786.5,1,30.25,Female,No,Yes,No,No phone service,DSL,No,No,Yes,No,No,No,Month-to-month,Yes,Mailed check,25-48
0,1,1,0,1,39,100.45,3801.7,5,97.47948717948718,Male,No,No,Yes,No,Fiber optic,Yes,No,Yes,No,Yes,Yes,Two year,Yes,Electronic check,25-48
0,0,0,1,0,1,19.55,19.55,1,19.55,Female,No,No,Yes,No,No,No internet service,No internet service,No internet service,No internet service,No internet service,No internet service,Month-to-month,No,Mailed check,0-12
0,0,0,1,0,1,19.5,19.5,1,19.5,Female,No,No,Yes,No,No,No internet service,No internet service,No internet service,No internet service,No internet service,No internet service,Month-to-month,Yes,Mailed check,0-12
0,0,1,0,1,56,88.9,4968.0,3,88.71428571428571,Female,Yes,Yes,Yes,No,Fiber optic,No,No,No,No,Yes,Yes,One year,No,Bank transfer (automatic),49-72
1,1,1,0,1,43,107.55,4533.9,6,105.43953488372092,Female,Yes,No,Yes,Yes,Fiber optic,No,No,Yes,Yes,Yes,Yes,One year,Yes,Electronic check,25-48
0,0,0,1,0,1,25.4,25.4,2,25.4,Female,No,Yes,Yes,Yes,No,No internet service,No internet service,No internet service,No internet service,No internet service,No internet service,Month-to-month,No,Mailed check,0-12
0,1,1,0,1,29,70.9,1964.6,5,67.7448275862069,Male,No,No,Yes,Yes,DSL,No,Yes,Yes,No,No,Yes,One year,No,Credit card (automatic),25-48
0,1,0,1,0,2,82.0,184.65,3,92.325,Male,No,No,Yes,Yes,Fiber optic,No,Yes,No,No,No,No,Month-to-month,Yes,Electronic check,0-12
0,1,0,0,1,68,79.6,5461.45,3,80.31544117647059,Male,No,No,Yes,No,Fiber optic,No,Yes,Yes,No,No,No,One year,No,Credit card (automatic),49-72
0,1,1,1,1,67,89.55,6373.1,4,95.12089552238807,Male,Yes,Yes,Yes,Yes,Fiber optic,No,Yes,No,No,No,Yes,Month-to-month,Yes,Bank transfer (automatic),49-72
0,0,0,0,0,19,24.9,467.7,2,24.61578947368421,Female,Yes,Yes,Yes,Yes,No,No internet service,No internet service,No internet service,No internet service,No internet service,No internet service,Two year,Yes,Bank transfer (automatic),13-24
0,1,1,0,1,66,56.75,3708.4,4,56.18787878787879,Male,Yes,Yes,No,No phone service,DSL,No,Yes,Yes,No,Yes,Yes,Two year,Yes,Credit card (automatic),49-72
0,1,0,1,0,4,29.05,129.6,1,32.4,Female,Yes,No,No,No phone service,DSL,Yes,No,No,No,No,No,Month-to-month,Yes,Electronic check,0-12
0,0,0,0,0,9,19.75,210.65,1,23.405555555555555,Female,Yes,Yes,Yes,No,No,No internet service,No internet service,No internet service,No internet service,No internet service,No internet service,Two year,No,Mailed check,0-12
1,1,1,1,1,53,103.85,5485.5,6,103.5,Male,Yes,No,Yes,Yes,Fiber optic,No,Yes,Yes,No,Yes,Yes,Month-to-month,Yes,Electronic check,49-72
0,0,0,1,0,23,19.5,470.2,1,20.443478260869565,Female,No,No,Yes,No,No,No internet service,No internet service,No internet service,No internet service,No internet service,No internet service,Month-to-month,Yes,Mailed check,13-24
0,1,1,0,1,50,108.55,5610.7,7,112.214,Female,Yes,No,Yes,Yes,Fiber optic,Yes,Yes,No,Yes,Yes,Yes,One year,No,Electronic check,49-72
0,1,0,1,0,2,74.95,151.75,2,75.875,Male,No,No,Yes,No,Fiber optic,No,Yes,No,No,No,No,Month-to-month,No,Electronic check,0-12
0,0,0,0,1,59,20.35,1267.0,1,21.47457627118644,Female,Yes,No,Yes,No,No,No internet service,No internet service,No internet service,No internet service,No internet service,No internet service,One year,No,Mailed check,49-72
0,1,1,0,1,63,83.5,5435.0,7,86.26984126984127,Male,Yes,Yes,Yes,Yes,DSL,Yes,Yes,Yes,No,Yes,Yes,Two year,No,Credit card (automatic),49-72
0,1,1,1,1,25,71.05,1837.7,5,73.508,Female,Yes,No,Yes,No,DSL,Yes,Yes,No,Yes,No,Yes,Month-to-month,Yes,Mailed check,25-48
0,1,0,1,0,14,80.45,1072.0,3,76.57142857142857,Female,No,No,Yes,Yes,Fiber optic,No,No,Yes,No,No,No,Month-to-month,Yes,Electronic check,13-24
0,1,0,0,1,65,67.05,4309.55,5,66.30076923076923,Male,Yes,No,Yes,Yes,DSL,Yes,Yes,Yes,No,No,No,One year,No,Credit card (automatic),49-72
1,1,1,0,1,69,56.55,3952.65,4,57.28478260869565,Male,Yes,No,No,No phone service,DSL,Yes,Yes,No,No,Yes,Yes,Two year,No,Credit card (automatic),49-72
0,1,0,1,0,21,74.05,1565.7,2,74.55714285714286,Female,Yes,Yes,Yes,No,Fiber optic,No,Yes,No,No,No,No,Month-to-month,Yes,Bank transfer (automatic),13-24
0,1,0,0,1,43,91.25,4013.8,5,93.34418604651164,Male,Yes,Yes,Yes,Yes,Fiber optic,Yes,No,Yes,Yes,No,No,One year,Yes,Credit card (automatic),25-48
1,1,0,0,1,71,92.0,6585.2,6,92.74929577464789,Male,Yes,No,Yes,Yes,Fiber optic,Yes,Yes,Yes,Yes,No,No,One year,Yes,Electronic check,49-72
0,0,0,1,0,19,25.35,566.1,0,29.794736842105266,Male,No,Yes,No,No phone service,DSL,No,No,No,No,No,No,Month-to-month,Yes,Credit card (automatic),13-24
0,0,0,0,1,40,19.65,830.25,1,20.75625,Female,No,No,Yes,No,No,No internet service,No internet service,No internet service,No internet service,No internet service,No internet service,Two year,No,Credit card (automatic),25-48
0,0,1,1,0,9,83.3,803.3,3,89.25555555555555,Female,No,No,Yes,Yes,Fiber optic,No,No,No,No,No,Yes,Month-to-month,Yes,Electronic check,0-12
0,1,1,0,1,58,103.25,6017.65,6,103.75258620689655,Male,No,No,Yes,Yes,Fiber optic,No,Yes,Yes,No,Yes,Yes,One year,Yes,Bank transfer (automatic),49-72
0,0,0,1,0,1,19.9,19.9,1,19.9,Female,No,No,Yes,No,No,No internet service,No internet service,No internet service,No internet service,No internet service,No internet service,Month-to-month,No,Bank transfer (automatic),0-12
0,1,1,0,1,47,113.45,5317.8,8,113.14468085106384,Male,Yes,Yes,Yes,Yes,Fiber optic,Yes,Yes,Yes,Yes,Yes,Yes,One year,Yes,Bank transfer (automatic),25-48
0,1,1,0,1,58,84.3,4916.4,7,84.7655172413793,Female,Yes,No,Yes,Yes,DSL,Yes,No,Yes,Yes,Yes,Yes,Two year,Yes,Electronic check,49-72
0,1,1,1,1,40,102.65,4108.15,6,102.70374999999999,Male,No,No,Yes,Yes,Fiber optic,No,Yes,Yes,No,Yes,Yes,Month-to-month,Yes,Mailed check,25-48
0,1,1,0,1,41,68.6,2877.05,5,70.1719512195122,Female,No,No,Yes,Yes,DSL,No,No,Yes,Yes,No,Yes,One year,Yes,Electronic check,25-48
0,1,1,0,1,67,100.9,6733.15,5,100.49477611940299,Male,Yes,No,Yes,No,Fiber optic,Yes,Yes,No,No,Yes,Yes,One year,Yes,Credit card (automatic),49-72
1,1,1,0,1,34,99.85,3343.15,5,98.32794117647059,Male,No,No,Yes,No,Fiber optic,No,Yes,Yes,No,Yes,Yes,One year,Yes,Electronic check,25-48
0,0,0,1,0,3,19.1,53.05,1,17.683333333333334,Male,No,No,Yes,No,No,No internet service,No internet service,No internet service,No internet service,No internet service,No internet service,Month-to-month,Yes,Mailed check,0-12
1,1,1,0,1,60,116.05,6925.9,8,115.43166666666666,Female,Yes,No,Yes,Yes,Fiber optic,Yes,Yes,Yes,Yes,Yes,Yes,Two year,Yes,Bank transfer (automatic),49-72
1,1,1,1,0,8,92.1,729.95,4,91.24375,Female,No,No,Yes,No,Fiber optic,No,No,Yes,No,Yes,Yes,Month-to-month,Yes,Electronic check,0-12
0,0,0,1,0,15,74.9,1107.25,2,73.81666666666666,Male,Yes,Yes,Yes,Yes,Fiber optic,No,No,No,No,No,No,Month-to-month,Yes,Bank transfer (automatic),13-24
0,1,1,0,1,68,102.1,7149.35,6,105.1375,Male,No,No,Yes,Yes,Fiber optic,Yes,Yes,Yes,No,No,Yes,Two year,Yes,Bank transfer (automatic),49-72
1,0,0,0,1,71,25.45,1789.65,2,25.206338028169014,Male,Yes,No,Yes,Yes,No,No internet service,No internet service,No internet service,No internet service,No internet service,No internet service,Two year,No,Credit card (automatic),49-72
0,1,0,1,1,58,79.8,4526.85,3,78.0491379310345,Female,No,No,Yes,Yes,Fiber optic,Yes,No,No,No,No,No,Month-to-month,Yes,Bank transfer (automatic),49-72
1,0,0,1,0,2,19.2,37.2,1,18.6,Male,No,No,Yes,No,No,No internet service,No internet service,No internet service,No internet service,No internet service,No internet service,Month-to-month,No,Electronic check,0-12
0,1,1,1,0,14,89.65,1208.35,4,86.31071428571428,Female,Yes,Yes,Yes,No,Fiber optic,No,Yes,No,Yes,No,Yes,Month-to-month,Yes,Credit card (automatic),13-24
0,0,0,0,1,71,20.9,1493.2,1,21.03098591549296,Female,Yes,No,Yes,No,No,No internet service,No internet service,No internet service,No internet service,No internet service,No internet service,Two year,Yes,Bank transfer (automatic),49-72
0,1,1,1,0,14,100.55,1415.55,5,101.11071428571428,Male,No,No,Yes,Yes,Fiber optic,No,Yes,No,No,Yes,Yes,Month-to-month,Yes,Electronic check,13-24
0,1,1,1,0,6,50.95,307.6,4,51.26666666666667,Female,No,No,No,No phone service,DSL,Yes,Yes,No,Yes,No,Yes,Month-to-month,No,Credit card (automatic),0-12
0,1,1,1,0,15,69.5,1071.4,5,71.42666666666668,Male,Yes,Yes,Yes,No,DSL,No,Yes,Yes,Yes,No,Yes,Month-to-month,Yes,Mailed check,13-24
0,1,1,0,1,57,97.55,5598.0,5,98.21052631578948,Male,Yes,Yes,Yes,No,Fiber optic,No,Yes,Yes,No,Yes,Yes,One year,Yes,Credit card (automatic),49-72
0,1,0,0,1,66,61.15,4017.45,4,60.87045454545454,Female,No,No,Yes,No,DSL,Yes,Yes,Yes,No,No,No,Two year,Yes,Bank transfer (automatic),49-72
1,1,1,1,1,69,89.95,6143.15,4,89.03115942028985,Male,Yes,No,Yes,Yes,Fiber optic,No,Yes,No,No,Yes,No,Month-to-month,Yes,Electronic check,49-72
0,1,0,0,1,68,55.9,3848.8,3,56.6,Female,Yes,No,Yes,No,DSL,Yes,No,No,Yes,No,No,One year,No,Bank transfer (automatic),49-72
1,1,1,0,1,56,94.8,5264.3,4,94.00535714285715,Male,No,Yes,Yes,No,Fiber optic,Yes,No,No,No,Yes,Yes,One year,No,Credit card (automatic),49-72
1,1,1,1,1,35,99.05,3395.8,5,97.02285714285715,Male,No,No,Yes,Yes,Fiber optic,No,No,Yes,No,Yes,Yes,Month-to-month,Yes,Electronic check,25-48
0,0,1,1,1,43,56.15,2499.3,2,58.12325581395349,Female,Yes,Yes,Yes,No,DSL,No,No,No,No,Yes,No,Month-to-month,No,Electronic check,25-48
0,1,1,1,1,31,66.4,2019.8,4,65.15483870967742,Male,Yes,No,Yes,No,DSL,No,No,Yes,Yes,No,Yes,Month-to-month,Yes,Credit card (automatic),25-48
0,1,0,0,1,33,58.45,1955.4,4,59.25454545454546,Female,Yes,Yes,Yes,No,DSL,Yes,Yes,Yes,No,No,No,One year,Yes,Mailed check,25-48
0,0,0,1,0,1,69.35,69.35,1,69.35,Male,No,No,Yes,No,Fiber optic,No,No,No,No,No,No,Month-to-month,Yes,Electronic check,0-12
0,1,1,0,1,44,100.1,4378.35,5,99.50795454545455,Male,No,No,Yes,No,Fiber optic,No,No,Yes,Yes,Yes,Yes,Two year,No,Bank transfer (automatic),25-48
0,1,0,0,1,57,53.45,3053.0,3,53.56140350877193,Female,Yes,Yes,Yes,No,DSL,Yes,Yes,No,No,No,No,One year,No,Electronic check,49-72
0,1,0,0,1,70,64.95,4551.5,5,65.02142857142857,Male,No,Yes,Yes,Yes,DSL,Yes,Yes,No,Yes,No,No,One year,No,Bank transfer (automatic),49-72
0,0,0,1,0,1,20.55,20.55,1,20.55,Male,No,No,Yes,No,No,No internet service,No internet service,No internet service,No internet service,No internet service,No internet service,Month-to-month,No,Credit card (automatic),0-12
0,1,0,0,1,55,55.25,3119.9,3,56.72545454545455,Male,Yes,Yes,Yes,No,DSL,No,No,Yes,Yes,No,No,Two year,Yes,Credit card (automatic),49-72
1,0,1,1,1,29,94.45,2653.65,4,91.5051724137931,Male,Yes,No,Yes,Yes,Fiber optic,No,No,No,No,Yes,Yes,Month-to-month,Yes,Electronic check,25-48
0,1,0,1,1,33,60.9,2033.85,4,61.631818181818176,Female,No,No,Yes,Yes,DSL,Yes,Yes,No,No,No,No,Month-to-month,Yes,Mailed check,25-48
1,0,0,1,0,4,74.95,308.7,2,77.175,Male,Yes,No,Yes,Yes,Fiber optic,No,No,No,No,No,No,Month-to-month,No,Electronic check,0-12
0,1,1,0,1,70,40.05,2799.75,2,39.996428571428574,Male,No,No,No,No phone service,DSL,No,No,No,Yes,No,Yes,Two year,Yes,Mailed check,49-72
0,0,0,1,1,35,25.6,901.25,2,25.75,Male,No,No,Yes,Yes,No,No internet service,No internet service,No internet service,No internet service,No internet service,No internet service,Month-to-month,Yes,Electronic check,25-48
0,0,0,1,0,2,45.85,105.6,1,52.8,Female,No,No,Yes,No,DSL,No,No,No,No,No,No,Month-to-month,Yes,Mailed check,0-12
1,1,1,1,0,10,89.8,914.3,4,91.42999999999999,Male,Yes,No,Yes,Yes,Fiber optic,No,No,Yes,No,No,Yes,Month-to-month,Yes,Electronic check,0-12
0,1,0,1,0,1,74.6,74.6,2,74.6,Male,Yes,Yes,Yes,No,Fiber optic,No,Yes,No,No,No,No,Month-to-month,No,Credit card (automatic),0-12
0,0,0,0,1,31,20.4,609.1,1,19.648387096774194,Male,No,No,Yes,No,No,No internet service,No internet service,No internet service,No internet service,No internet service,No internet service,Two year,No,Bank transfer (automatic),25-48
1,1,1,1,1,30,90.5,2595.85,4,86.52833333333334,Male,No,No,Yes,Yes,Fiber optic,Yes,No,No,No,No,Yes,Month-to-month,Yes,Credit card (automatic),25-48
1,1,1,1,1,60,93.25,5774.55,5,96.2425,Male,Yes,Yes,Yes,Yes,Fiber optic,Yes,Yes,No,No,No,Yes,Month-to-month,Yes,Electronic check,49-72
0,1,0,0,1,72,66.85,4758.8,5,66.09444444444445,Female,Yes,Yes,Yes,Yes,DSL,Yes,No,Yes,Yes,No,No,Two year,No,Bank transfer (automatic),49-72
0,0,0,1,0,4,20.7,83.75,1,20.9375,Male,No,No,Yes,No,No,No internet service,No internet service,No internet service,No internet service,No internet service,No internet service,Month-to-month,Yes,Credit card (automatic),0-12
0,0,0,1,0,4,69.55,284.9,1,71.225,Male,Yes,Yes,Yes,No,Fiber optic,No,No,No,No,No,No,Month-to-month,Yes,Mailed check,0-12
0,1,1,1,1,25,99.5,2369.05,5,94.762,Female,No,No,Yes,No,Fiber optic,No,Yes,Yes,No,Yes,Yes,Month-to-month,Yes,Electronic check,25-48
0,1,1,0,1,70,76.95,5289.8,6,75.56857142857143,Male,Yes,No,Yes,Yes,DSL,Yes,No,No,Yes,Yes,Yes,Two year,Yes,Credit card (automatic),49-72
0,0,0,1,0,1,20.45,20.45,1,20.45,Male,No,No,Yes,No,No,No internet service,No internet service,No internet service,No internet service,No internet service,No internet service,Month-to-month,Yes,Mailed check,0-12
0,0,0,1,0,19,19.9,367.55,1,19.344736842105263,Female,No,No,Yes,No,No,No internet service,No internet service,No internet service,No internet service,No internet service,No internet service,Month-to-month,No,Mailed check,13-24
0,0,0,1,0,1,19.5,19.5,1,19.5,Female,No,No,Yes,No,No,No internet service,No internet service,No internet service,No internet service,No internet service,No internet service,Month-to-month,No,Mailed check,0-12
0,0,0,0,0,12,20.3,224.5,1,18.708333333333332,Female,Yes,Yes,Yes,No,No,No internet service,No internet service,No internet service,No internet service,No internet service,No internet service,Two year,No,Bank transfer (automatic),0-12
0,0,0,0,1,72,19.3,1414.8,1,19.65,Male,No,No,Yes,No,No,No internet service,No internet service,No internet service,No internet service,No internet service,No internet service,Two year,No,Bank transfer (automatic),49-72
0,0,0,1,0,2,20.3,41.2,1,20.6,Female,No,No,Yes,No,No,No internet service,No internet service,No internet service,No internet service,No internet service,No internet service,Month-to-month,No,Mailed check,0-12
0,1,1,1,1,34,89.85,3091.75,4,90.93382352941177,Male,Yes,Yes,Yes,No,Fiber optic,No,Yes,Yes,No,Yes,No,Month-to-month,Yes,Electronic check,25-48
0,1,0,0,1,37,40.55,1390.85,3,37.59054054054054,Male,No,No,No,No phone service,DSL,Yes,Yes,No,Yes,No,No,Two year,Yes,Mailed check,25-48
1,1,0,0,1,58,89.85,5125.75,5,88.375,Male,Yes,Yes,Yes,Yes,Fiber optic,Yes,Yes,No,Yes,No,No,One year,Yes,Bank transfer (automatic),49-72
0,0,0,1,0,1,45.55,45.55,1,45.55,Male,No,No,Yes,No,DSL,No,No,No,No,No,No,Month-to-month,Yes,Mailed check,0-12
1,0,0,1,0,1,71.25,71.25,1,71.25,Female,No,No,Yes,No,Fiber optic,No,No,No,No,No,No,Month-to-month,Yes,Electronic check,0-12
0,0,0,1,0,1,50.45,50.45,2,50.45,Male,No,No,Yes,Yes,DSL,No,No,No,No,No,No,Month-to-month,Yes,Electronic check,0-12
0,1,0,0,1,72,68.15,4808.7,6,66.7875,Male,Yes,No,Yes,Yes,DSL,Yes,Yes,Yes,Yes,No,No,Two year,No,Mailed check,49-72
1,1,0,1,0,12,29.3,355.9,1,29.65833333333333,Female,Yes,Yes,No,No phone service,DSL,No,No,No,Yes,No,No,Month-to-month,Yes,Mailed check,0-12
0,0,0,1,0,2,19.5,31.55,1,15.775,Female,No,No,Yes,No,No,No internet service,No internet service,No internet service,No internet service,No internet service,No internet service,Month-to-month,No,Mailed check,0-12
0,0,0,0,1,47,19.65,921.55,1,19.607446808510637,Female,Yes,No,Yes,No,No,No internet service,No internet service,No internet service,No internet service,No internet service,No internet service,Two year,No,Bank transfer (automatic),25-48
0,0,0,1,0,6,44.6,260.8,1,43.46666666666667,Male,Yes,Yes,Yes,No,DSL,No,No,No,No,No,No,Month-to-month,Yes,Bank transfer (automatic),0-12
0,1,1,0,1,60,53.6,3237.05,4,53.950833333333335,Female,No,No,No,No phone service,DSL,Yes,No,Yes,No,Yes,Yes,Two year,No,Electronic check,49-72
1,1,1,1,0,2,83.8,163.7,3,81.85,Female,No,No,Yes,No,Fiber optic,No,Yes,No,No,Yes,No,Month-to-month,Yes,Bank transfer (automatic),0-12
0,1,1,0,1,51,83.85,4307.1,7,84.45294117647059,Male,Yes,No,Yes,No,DSL,Yes,Yes,Yes,Yes,Yes,Yes,Two year,Yes,Credit card (automatic),49-72
0,1,1,0,1,72,109.55,7887.25,7,109.54513888888889,Female,Yes,Yes,Yes,Yes,Fiber optic,Yes,Yes,Yes,No,Yes,Yes,Two year,No,Credit card (automatic),49-72
0,1,1,0,1,72,85.25,6083.1,7,84.48750000000001,Male,Yes,No,Yes,Yes,DSL,Yes,Yes,Yes,No,Yes,Yes,Two year,Yes,Electronic check,49-72
0,0,0,0,1,52,23.05,1255.1,2,24.13653846153846,Female,Yes,Yes,Yes,Yes,No,No internet service,No internet service,No internet service,No internet service,No internet service,No internet service,Two year,No,Mailed check,49-72
0,1,1,0,1,71,93.2,6506.15,8,91.63591549295774,Female,Yes,No,Yes,Yes,DSL,Yes,Yes,Yes,Yes,Yes,Yes,Two year,No,Credit card (automatic),49-72
0,0,0,0,1,28,25.55,672.2,2,24.00714285714286,Female,Yes,No,Yes,Yes,No,No internet service,No internet service,No internet service,No internet service,No internet service,No internet service,One year,No,Mailed check,25-48
1,1,0,0,1,71,46.35,3353.4,4,47.23098591549296,Male,Yes,No,No,No phone service,DSL,Yes,Yes,Yes,Yes,No,No,Two year,No,Credit card (automatic),49-72
0,1,1,0,1,68,99.55,6668.0,5,98.05882352941177,Male,Yes,Yes,Yes,No,Fiber optic,Yes,No,No,Yes,Yes,Yes,Two year,Yes,Electronic check,49-72
0,0,0,1,0,1,70.35,70.35,1,70.35,Male,No,No,Yes,No,Fiber optic,No,No,No,No,No,No,Month-to-month,Yes,Electronic check,0-12
0,1,1,1,0,11,89.2,990.3,4,90.02727272727272,Female,No,No,Yes,Yes,Fiber optic,No,No,Yes,No,Yes,No,Month-to-month,Yes,Electronic check,0-12
0,1,0,1,0,3,56.15,168.15,3,56.050000000000004,Male,Yes,Yes,Yes,No,DSL,No,Yes,Yes,No,No,No,Month-to-month,Yes,Mailed check,0-12
0,1,1,0,1,61,103.3,6518.35,6,106.85819672131149,Female,Yes,No,Yes,Yes,Fiber optic,No,No,Yes,Yes,Yes,Yes,One year,Yes,Bank transfer (automatic),49-72
0,0,0,1,0,6,75.5,438.0,2,73.0,Male,Yes,No,Yes,Yes,Fiber optic,No,No,No,No,No,No,Month-to-month,Yes,Electronic check,0-12
0,1,0,1,1,46,53.1,2459.8,3,53.47391304347826,Female,Yes,No,Yes,Yes,DSL,Yes,No,No,No,No,No,Month-to-month,No,Electronic check,25-48
0,0,0,0,1,50,70.35,3533.6,1,70.672,Female,No,Yes,Yes,No,Fiber optic,No,No,No,No,No,No,Two year,No,Credit card (automatic),49-72
0,1,1,0,1,69,104.05,7262.0,6,105.2463768115942,Male,No,No,Yes,No,Fiber optic,No,Yes,Yes,Yes,Yes,Yes,One year,Yes,Bank transfer (automatic),49-72
0,1,1,0,1,38,85.4,3297.0,7,86.76315789473684,Male,Yes,Yes,Yes,Yes,DSL,Yes,No,Yes,Yes,Yes,Yes,Two year,Yes,Bank transfer (automatic),25-48
0,0,0,1,0,3,74.25,210.3,2,70.10000000000001,Female,No,No,Yes,Yes,Fiber optic,No,No,No,No,No,No,Month-to-month,Yes,Electronic check,0-12
1,1,1,1,1,68,89.6,6127.6,4,90.11176470588236,Female,Yes,No,Yes,Yes,Fiber optic,No,Yes,No,No,No,Yes,Month-to-month,Yes,Bank transfer (automatic),49-72
0,0,0,1,1,25,20.8,460.2,1,18.408,Male,No,Yes,Yes,No,No,No internet service,No internet service,No internet service,No internet service,No internet service,No internet service,Month-to-month,No,Mailed check,25-48
1,1,1,1,0,18,99.75,1836.25,5,102.01388888888889,Female,Yes,No,Yes,Yes,Fiber optic,No,No,No,Yes,Yes,Yes,Month-to-month,No,Bank transfer (automatic),13-24
0,0,1,1,0,7,85.2,602.55,3,86.07857142857142,Male,No,No,Yes,Yes,Fiber optic,No,No,No,No,No,Yes,Month-to-month,Yes,Mailed check,0-12
0,1,1,0,1,65,59.95,3921.1,5,60.324615384615385,Female,No,No,No,No phone service,DSL,Yes,No,Yes,Yes,Yes,Yes,Two year,No,Credit card (automatic),49-72
0,0,0,0,0,12,19.3,228.75,1,19.0625,Female,No,No,Yes,No,No,No internet service,No internet service,No internet service,No internet service,No internet service,No internet service,One year,No,Mailed check,0-12
0,0,0,1,0,1,24.8,24.8,0,24.8,Male,No,No,No,No phone service,DSL,No,No,No,No,No,No,Month-to-month,No,Bank transfer (automatic),0-12
0,0,0,1,0,18,19.0,348.8,1,19.37777777777778,Male,No,No,Yes,No,No,No internet service,No internet service,No internet service,No internet service,No internet service,No internet service,Month-to-month,No,Electronic check,13-24
0,1,1,0,1,64,85.0,5484.4,7,85.69375,Female,Yes,No,Yes,Yes,DSL,Yes,No,Yes,Yes,Yes,Yes,Two year,Yes,Credit card (automatic),49-72
0,1,0,1,1,26,86.65,2208.75,4,84.95192307692308,Male,No,No,Yes,Yes,Fiber optic,Yes,Yes,No,No,No,No,Month-to-month,Yes,Credit card (automatic),25-48
0,1,1,1,0,4,89.6,365.65,4,91.4125,Female,No,Yes,Yes,Yes,Fiber optic,No,Yes,No,No,Yes,No,Month-to-month,No,Mailed check,0-12
0,1,0,0,1,71,54.5,3778.2,3,53.21408450704225,Male,Yes,No,Yes,No,DSL,Yes,No,No,Yes,No,No,Two year,No,Bank transfer (automatic),49-72
0,1,0,1,1,49,59.75,2934.3,4,59.88367346938776,Female,No,No,Yes,Yes,DSL,Yes,Yes,No,No,No,No,Month-to-month,Yes,Credit card (automatic),49-72
0,0,1,1,0,7,86.8,620.35,3,88.62142857142858,Male,No,No,Yes,Yes,Fiber optic,No,No,No,No,No,Yes,Month-to-month,Yes,Electronic check,0-12
1,1,1,0,1,35,110.8,3836.3,8,109.60857142857144,Female,No,No,Yes,Yes,Fiber optic,Yes,Yes,Yes,Yes,Yes,Yes,One year,Yes,Bank transfer (automatic),25-48
1,0,0,1,0,1,70.3,70.3,1,70.3,Male,Yes,No,Yes,No,Fiber optic,No,No,No,No,No,No,Month-to-month,Yes,Electronic check,0-12
0,0,1,1,0,6,89.3,577.6,3,96.26666666666667,Female,No,No,Yes,No,Fiber optic,No,No,No,No,Yes,Yes,Month-to-month,No,Electronic check,0-12
0,0,1,0,1,25,90.4,2178.6,3,87.14399999999999,Male,Yes,Yes,Yes,No,Fiber optic,No,No,No,No,Yes,Yes,One year,Yes,Electronic check,25-48
0,1,0,1,0,13,53.45,718.1,3,55.23846153846154,Female,No,Yes,Yes,No,DSL,No,No,Yes,Yes,No,No,Month-to-month,No,Mailed check,13-24
1,1,0,1,0,9,54.55,494.05,3,54.894444444444446,Male,No,No,Yes,Yes,DSL,Yes,No,No,No,No,No,Month-to-month,No,Electronic check,0-12
0,1,1,0,1,72,84.9,6065.3,7,84.24027777777778,Female,Yes,No,Yes,Yes,DSL,Yes,No,Yes,Yes,Yes,Yes,Two year,Yes,Bank transfer (automatic),49-72
0,1,1,0,0,22,78.65,1663.75,6,75.625,Male,Yes,Yes,Yes,Yes,DSL,No,No,Yes,Yes,Yes,Yes,One year,Yes,Mailed check,13-24
0,1,0,0,1,33,80.6,2651.1,3,80.33636363636363,Male,No,No,Yes,No,Fiber optic,No,Yes,No,Yes,No,No,Two year,No,Bank transfer (automatic),25-48
1,1,0,1,0,18,58.4,964.9,4,53.605555555555554,Male,No,No,Yes,Yes,DSL,Yes,Yes,No,No,No,No,Month-to-month,Yes,Credit card (automatic),13-24
0,1,1,0,1,34,77.2,2753.8,5,80.99411764705883,Male,Yes,Yes,Yes,Yes,DSL,No,No,Yes,No,Yes,Yes,One year,No,Bank transfer (automatic),25-48
0,1,1,1,0,6,90.1,521.3,4,86.88333333333333,Female,No,No,Yes,Yes,Fiber optic,No,Yes,No,No,Yes,No,Month-to-month,Yes,Electronic check,0-12
0,0,0,0,1,24,21.05,531.55,1,22.147916666666664,Female,No,Yes,Yes,No,No,No internet service,No internet service,No internet service,No internet service,No internet service,No internet service,One year,No,Bank transfer (automatic),13-24
0,0,1,1,0,15,93.35,1444.65,4,96.31,Male,No,No,Yes,Yes,Fiber optic,No,No,No,No,Yes,Yes,Month-to-month,Yes,Electronic check,13-24
0,1,1,1,1,63,105.4,6713.2,6,106.55873015873016,Male,No,No,Yes,Yes,Fiber optic,No,Yes,No,Yes,Yes,Yes,Month-to-month,No,Electronic check,49-72
1,0,0,1,0,4,69.35,261.65,1,65.4125,Male,No,No,Yes,No,Fiber optic,No,No,No,No,No,No,Month-to-month,No,Electronic check,0-12
1,1,1,0,1,66,70.85,4738.85,5,71.80075757575759,Female,Yes,No,Yes,Yes,DSL,No,Yes,Yes,No,Yes,No,One year,Yes,Bank transfer (automatic),49-72
0,0,0,1,1,42,20.35,869.9,1,20.711904761904762,Female,Yes,No,Yes,No,No,No internet service,No internet service,No internet service,No internet service,No internet service,No internet service,Month-to-month,No,Credit card (automatic),25-48
1,1,0,1,0,4,80.25,303.7,3,75.925,Female,No,No,Yes,Yes,Fiber optic,Yes,No,No,No,No,No,Month-to-month,Yes,Electronic check,0-12
0,1,1,1,1,26,100.5,2599.95,5,99.99807692307692,Female,No,No,Yes,Yes,Fiber optic,No,No,Yes,No,Yes,Yes,Month-to-month,Yes,Bank transfer (automatic),25-48
0,1,0,0,1,39,81.9,3219.75,3,82.5576923076923,Male,No,No,Yes,No,Fiber optic,No,No,Yes,Yes,No,No,One year,No,Electronic check,25-48
0,0,0,0,1,70,19.85,1328.35,1,18.97642857142857,Female,Yes,No,Yes,No,No,No internet service,No internet service,No internet service,No internet service,No internet service,No internet service,Two year,No,Credit card (automatic),49-72
0,0,1,1,0,3,55.15,159.15,2,53.050000000000004,Male,No,No,Yes,No,DSL,No,No,No,No,Yes,No,Month-to-month,No,Mailed check,0-12
0,0,1,1,1,53,85.45,4517.25,3,85.23113207547169,Male,No,No,Yes,Yes,Fiber optic,No,No,No,No,Yes,No,Month-to-month,No,Bank transfer (automatic),49-72
0,0,0,1,0,2,45.0,89.75,1,44.875,Female,Yes,No,Yes,No,DSL,No,No,No,No,No,No,Month-to-month,Yes,Electronic check,0-12
0,1,1,0,1,72,74.35,5237.4,6,72.74166666666666,Female,Yes,Yes,Yes,No,DSL,Yes,Yes,Yes,Yes,No,Yes,Two year,Yes,Electronic check,49-72
0,1,1,0,1,72,64.8,4719.75,6,65.55208333333333,Male,Yes,Yes,No,No phone service,DSL,Yes,Yes,Yes,Yes,Yes,Yes,Two year,Yes,Credit card (automatic),49-72
0,0,1,1,0,1,55.45,55.45,2,55.45,Female,No,No,Yes,No,DSL,No,No,No,No,No,Yes,Month-to-month,Yes,Electronic check,0-12
0,1,1,0,1,48,78.9,3771.5,6,78.57291666666667,Male,No,No,Yes,No,DSL,No,Yes,Yes,Yes,Yes,Yes,Two year,No,Credit card (automatic),25-48
0,1,1,0,1,63,74.5,4674.55,6,74.19920634920635,Male,Yes,Yes,Yes,No,DSL,Yes,Yes,Yes,Yes,Yes,No,Two year,No,Credit card (automatic),49-72
0,0,0,0,1,72,24.1,1734.65,2,24.092361111111114,Male,Yes,Yes,Yes,Yes,No,No internet service,No internet service,No internet service,No internet service,No internet service,No internet service,Two year,No,Credit card (automatic),49-72
0,1,0,0,1,59,54.15,3116.15,3,52.816101694915254,Male,No,No,Yes,Yes,DSL,No,No,Yes,No,No,No,Two year,No,Credit card (automatic),49-72
0,1,0,0,1,29,35.6,1072.6,2,36.98620689655172,Male,No,No,No,No phone service,DSL,Yes,No,No,Yes,No,No,One year,No,Mailed check,25-48
0,1,0,0,1,57,59.3,3274.35,4,57.444736842105264,Female,Yes,Yes,Yes,No,DSL,Yes,No,Yes,Yes,No,No,One year,Yes,Mailed check,49-72
0,1,1,0,1,30,110.45,3327.05,7,110.90166666666667,Female,No,No,Yes,Yes,Fiber optic,No,Yes,Yes,Yes,Yes,Yes,One year,No,Credit card (automatic),25-48
0,1,0,1,1,38,69.95,2657.55,6,69.93552631578947,Male,No,No,Yes,Yes,DSL,Yes,Yes,Yes,Yes,No,No,Month-to-month,No,Electronic check,25-48
0,0,0,1,0,15,20.45,330.8,1,22.053333333333335,Female,Yes,No,Yes,No,No,No internet service,No internet service,No internet service,No internet service,No internet service,No internet service,Month-to-month,No,Credit card (automatic),13-24
1,1,1,1,1,71,99.65,6951.15,5,97.90352112676055,Female,No,No,Yes,Yes,Fiber optic,No,Yes,No,No,Yes,Yes,Month-to-month,Yes,Credit card (automatic),49-72
0,1,1,1,0,7,94.25,669.0,4,95.57142857142857,Male,No,No,Yes,No,Fiber optic,No,Yes,No,No,Yes,Yes,Month-to-month,Yes,Electronic check,0-12
0,0,0,0,1,27,19.6,561.15,1,20.78333333333333,Female,No,No,Yes,No,No,No internet service,No internet service,No internet service,No internet service,No internet service,No internet service,Two year,Yes,Mailed check,25-48
0,0,0,0,1,40,19.1,780.1,1,19.5025,Female,Yes,No,Yes,No,No,No internet service,No internet service,No internet service,No internet service,No internet service,No internet service,Two year,No,Mailed check,25-48
1,1,1,1,0,1,86.0,86.0,3,86.0,Female,No,No,Yes,No,Fiber optic,No,Yes,No,No,No,Yes,Month-to-month,Yes,Electronic check,0-12
0,1,1,1,1,65,91.85,5940.85,4,91.39769230769231,Male,Yes,No,Yes,Yes,Fiber optic,No,Yes,No,No,Yes,No,Month-to-month,Yes,Bank transfer (automatic),49-72
0,0,1,1,0,1,81.1,81.1,2,81.1,Female,No,No,Yes,No,Fiber optic,No,No,No,No,No,Yes,Month-to-month,Yes,Electronic check,0-12
0,0,0,1,0,1,44.1,44.1,1,44.1,Female,No,No,Yes,No,DSL,No,No,No,No,No,No,Month-to-month,Yes,Electronic check,0-12
0,0,0,1,0,3,19.9,45.75,1,15.25,Female,Yes,No,Yes,No,No,No internet service,No internet service,No internet service,No internet service,No internet service,No internet service,Month-to-month,Yes,Mailed check,0-12
1,1,1,1,1,29,99.05,2952.85,5,101.82241379310345,Female,Yes,No,Yes,Yes,Fiber optic,No,No,Yes,No,Yes,Yes,Month-to-month,Yes,Bank transfer (automatic),25-48
0,0,0,0,0,15,19.8,304.6,1,20.30666666666667,Male,No,No,Yes,No,No,No internet service,No internet service,No internet service,No internet service,No internet service,No internet service,One year,No,Mailed check,13-24
0,1,1,0,1,70,79.7,5743.3,7,82.04714285714286,Female,Yes,Yes,Yes,Yes,DSL,Yes,Yes,Yes,Yes,Yes,No,Two year,No,Bank transfer (automatic),49-72
1,1,1,1,1,26,93.85,2381.55,5,91.59807692307693,Female,Yes,No,Yes,Yes,Fiber optic,No,Yes,Yes,No,No,Yes,Month-to-month,Yes,Electronic check,25-48
0,1,0,1,1,35,96.75,3403.4,6,97.24000000000001,Male,No,No,Yes,Yes,Fiber optic,Yes,Yes,Yes,Yes,No,No,Month-to-month,Yes,Mailed check,25-48
0,1,1,0,1,68,72.95,4953.25,5,72.84191176470588,Male,Yes,Yes,Yes,No,DSL,No,No,Yes,Yes,Yes,Yes,Two year,Yes,Bank transfer (automatic),49-72
0,0,0,1,0,1,74.9,74.9,2,74.9,Male,No,No,Yes,Yes,Fiber optic,No,No,No,No,No,No,Month-to-month,Yes,Electronic check,0-12
0,0,0,1,0,1,20.25,20.25,1,20.25,Male,No,No,Yes,No,No,No internet service,No internet service,No internet service,No internet service,No internet service,No internet service,Month-to-month,No,Mailed check,0-12
0,1,0,0,1,69,79.2,5420.65,3,78.56014492753623,Male,Yes,Yes,Yes,Yes,Fiber optic,No,No,Yes,No,No,No,Two year,Yes,Credit card (automatic),49-72
0,0,0,1,0,4,20.05,83.3,1,20.825,Female,No,No,Yes,No,No,No internet service,No internet service,No internet service,No internet service,No internet service,No internet service,Month-to-month,No,Mailed check,0-12
0,1,1,1,1,31,72.45,2156.25,6,69.55645161290323,Male,No,No,Yes,No,DSL,Yes,Yes,Yes,Yes,Yes,No,Month-to-month,Yes,Bank transfer (automatic),25-48
1,1,1,0,1,58,108.85,6287.25,7,108.40086206896552,Male,Yes,No,Yes,Yes,Fiber optic,Yes,Yes,Yes,No,Yes,Yes,One year,Yes,Electronic check,49-72
0,1,1,0,1,65,91.55,5963.95,8,91.75307692307692,Female,Yes,Yes,Yes,Yes,DSL,Yes,Yes,Yes,Yes,Yes,Yes,Two year,No,Bank transfer (automatic),49-72
0,1,1,0,1,51,69.75,3562.5,5,69.8529411764706,Female,Yes,Yes,Yes,No,DSL,Yes,Yes,No,Yes,No,Yes,One year,Yes,Credit card (automatic),49-72
0,0,0,1,0,1,19.1,19.1,1,19.1,Female,No,No,Yes,No,No,No internet service,No internet service,No internet service,No internet service,No internet service,No internet service,Month-to-month,No,Mailed check,0-12
0,1,1,1,0,15,101.1,1504.05,5,100.27,Male,Yes,No,Yes,Yes,Fiber optic,No,No,Yes,No,Yes,Yes,Month-to-month,Yes,Electronic check,13-24
0,1,0,0,1,52,50.95,2610.65,2,50.204807692307696,Female,Yes,Yes,Yes,No,DSL,No,No,Yes,No,No,No,One year,Yes,Bank transfer (automatic),49-72
0,0,0,1,0,1,25.15,25.15,0,25.15,Male,No,No,No,No phone service,DSL,No,No,No,No,No,No,Month-to-month,Yes,Electronic check,0-12
0,0,0,1,0,3,19.95,58.3,1,19.433333333333334,Male,No,Yes,Yes,No,No,No internet service,No internet service,No internet service,No internet service,No internet service,No internet service,Month-to-month,No,Mailed check,0-12
1,1,0,1,0,13,54.8,731.3,3,56.25384615384615,Female,No,No,Yes,No,DSL,No,Yes,Yes,No,No,No,Month-to-month,Yes,Electronic check,13-24
0,0,0,1,0,1,70.05,70.05,1,70.05,Male,No,No,Yes,No,Fiber optic,No,No,No,No,No,No,Month-to-month,Yes,Electronic check,0-12
1,1,1,1,0,5,84.85,415.55,3,83.11,Female,No,No,Yes,No,Fiber optic,No,No,Yes,No,Yes,No,Month-to-month,Yes,Mailed check,0-12
0,1,1,1,1,25,76.15,1992.95,5,79.718,Female,No,No,Yes,No,DSL,Yes,No,No,Yes,Yes,Yes,Month-to-month,Yes,Credit card (automatic),25-48
0,1,1,0,1,69,110.5,7455.45,7,108.05,Female,No,No,Yes,Yes,Fiber optic,No,Yes,Yes,Yes,Yes,Yes,Two year,Yes,Bank transfer (automatic),49-72
0,1,1,1,0,4,65.55,237.2,4,59.3,Male,No,No,Yes,Yes,DSL,No,No,No,Yes,No,Yes,Month-to-month,No,Mailed check,0-12
0,0,0,1,0,3,20.4,63.15,1,21.05,Female,No,No,Yes,No,No,No internet service,No internet service,No internet service,No internet service,No internet service,No internet service,Month-to-month,No,Mailed check,0-12
0,0,0,1,0,5,24.3,100.2,0,20.04,Male,No,No,No,No phone service,DSL,No,No,No,No,No,No,Month-to-month,No,Mailed check,0-12
0,1,0,1,0,4,80.1,336.15,3,84.0375,Male,No,No,Yes,Yes,Fiber optic,Yes,No,No,No,No,No,Month-to-month,Yes,Electronic check,0-12
1,0,1,1,0,16,78.75,1218.25,2,76.140625,Male,No,No,Yes,No,Fiber optic,No,No,No,No,No,Yes,Month-to-month,Yes,Electronic check,13-24
0,1,1,0,1,50,70.8,3478.15,5,69.563,Female,No,Yes,Yes,No,DSL,Yes,No,Yes,Yes,Yes,No,One year,Yes,Credit card (automatic),49-72
0,1,0,0,0,16,55.85,857.8,3,53.6125,Male,Yes,Yes,Yes,No,DSL,Yes,Yes,No,No,No,No,One year,Yes,Mailed check,13-24
0,0,1,1,1,49,95.4,4613.95,4,94.16224489795918,Female,Yes,Yes,Yes,Yes,Fiber optic,No,No,No,No,Yes,Yes,Month-to-month,Yes,Bank transfer (automatic),49-72
0,1,0,1,0,23,54.15,1312.45,3,57.06304347826087,Male,No,Yes,Yes,No,DSL,No,Yes,No,Yes,No,No,Month-to-month,No,Electronic check,13-24
0,1,1,1,1,47,100.5,4707.1,5,100.15106382978725,Female,Yes,No,Yes,Yes,Fiber optic,No,No,Yes,No,Yes,Yes,Month-to-month,Yes,Electronic check,25-48
0,1,0,1,0,22,48.8,1054.6,2,47.93636363636363,Female,No,No,Yes,No,DSL,Yes,No,No,No,No,No,Month-to-month,Yes,Credit card (automatic),13-24
0,1,1,0,1,64,113.35,7222.75,8,112.85546875,Female,Yes,Yes,Yes,Yes,Fiber optic,Yes,Yes,Yes,Yes,Yes,Yes,One year,No,Electronic check,49-72
0,1,0,1,0,20,49.6,939.8,2,46.989999999999995,Male,Yes,Yes,Yes,No,DSL,No,No,Yes,No,No,No,Month-to-month,Yes,Electronic check,13-24
0,1,0,0,1,51,84.2,4299.75,4,84.30882352941177,Male,Yes,Yes,Yes,Yes,Fiber optic,No,Yes,No,Yes,No,No,One year,No,Bank transfer (automatic),49-72
0,0,0,1,0,14,71.0,914.0,1,65.28571428571429,Female,No,No,Yes,No,Fiber optic,No,No,No,No,No,No,Month-to-month,Yes,Credit card (automatic),13-24
0,1,1,0,1,51,56.4,2928.5,4,57.42156862745098,Female,No,No,No,No phone service,DSL,No,Yes,Yes,No,Yes,Yes,One year,Yes,Credit card (automatic),49-72
0,1,0,1,1,40,50.15,2058.5,2,51.4625,Male,Yes,No,Yes,No,DSL,No,Yes,No,No,No,No,Month-to-month,Yes,Mailed check,25-48
0,1,1,1,0,4,97.95,384.5,5,96.125,Female,Yes,Yes,Yes,Yes,Fiber optic,No,Yes,No,No,Yes,Yes,Month-to-month,Yes,Electronic check,0-12
0,1,1,1,0,2,49.25,90.35,3,45.175,Male,No,No,No,No phone service,DSL,No,No,Yes,No,Yes,Yes,Month-to-month,Yes,Electronic check,0-12
0,1,0,1,1,55,77.75,4266.4,3,77.57090909090908,Female,Yes,No,Yes,Yes,Fiber optic,No,Yes,No,No,No,No,Month-to-month,Yes,Credit card (automatic),49-72
0,1,0,0,1,62,60.15,3753.2,4,60.53548387096774,Male,Yes,No,Yes,No,DSL,No,Yes,Yes,Yes,No,No,Two year,Yes,Credit card (automatic),49-72
0,1,0,1,0,2,54.45,87.3,3,43.65,Male,No,No,Yes,No,DSL,Yes,No,No,Yes,No,No,Month-to-month,Yes,Mailed check,0-12
0,1,0,1,0,1,55.05,55.05,3,55.05,Male,No,No,Yes,No,DSL,No,No,Yes,Yes,No,No,Month-to-month,No,Mailed check,0-12
1,0,1,1,0,11,89.7,1047.7,3,95.24545454545455,Female,No,No,Yes,No,Fiber optic,No,No,No,No,Yes,Yes,Month-to-month,No,Bank transfer (automatic),0-12
0,1,0,1,0,5,82.75,417.75,4,83.55,Female,No,No,Yes,Yes,Fiber optic,No,No,Yes,Yes,No,No,Month-to-month,Yes,Electronic check,0-12
0,1,1,1,0,14,69.65,921.4,4,65.81428571428572,Female,No,No,Yes,No,DSL,No,No,No,Yes,Yes,Yes,Month-to-month,Yes,Electronic check,13-24
0,1,1,0,1,70,98.7,6858.9,6,97.9842857142857,Male,Yes,No,Yes,Yes,Fiber optic,No,Yes,Yes,Yes,No,Yes,Two year,Yes,Bank transfer (automatic),49-72
0,0,0,0,1,71,25.0,1753.0,2,24.690140845070424,Female,Yes,No,Yes,Yes,No,No internet service,No internet service,No internet service,No internet service,No internet service,No internet service,Two year,No,Bank transfer (automatic),49-72
1,0,0,1,1,49,43.8,2106.05,1,42.98061224489796,Female,No,No,Yes,No,DSL,No,No,No,No,No,No,Month-to-month,No,Mailed check,49-72
0,0,0,0,1,24,20.1,533.9,1,22.245833333333334,Male,Yes,No,Yes,No,No,No internet service,No internet service,No internet service,No internet service,No internet service,No internet service,One year,No,Mailed check,13-24
0,1,1,0,1,41,65.0,2531.8,4,61.75121951219513,Male,No,No,Yes,Yes,DSL,No,No,Yes,No,No,Yes,One year,No,Mailed check,25-48
0,1,0,1,0,13,29.15,357.15,1,27.47307692307692,Female,No,No,No,No phone service,DSL,No,Yes,No,No,No,No,Month-to-month,No,Electronic check,13-24
0,0,0,1,0,1,45.15,45.15,1,45.15,Female,No,No,Yes,No,DSL,No,No,No,No,No,No,Month-to-month,No,Mailed check,0-12
1,1,1,0,1,54,72.1,3886.05,5,71.96388888888889,Female,No,No,Yes,Yes,DSL,No,Yes,No,Yes,Yes,No,One year,No,Mailed check,49-72
0,0,0,1,0,7,69.95,529.5,1,75.64285714285714,Male,Yes,Yes,Yes,No,Fiber optic,No,No,No,No,No,No,Month-to-month,Yes,Bank transfer (automatic),0-12
0,1,0,0,1,72,72.1,5016.65,6,69.67569444444445,Male,Yes,Yes,Yes,Yes,DSL,Yes,Yes,Yes,Yes,No,No,Two year,No,Credit card (automatic),49-72
1,1,1,1,1,28,106.15,3152.5,6,112.58928571428571,Female,No,No,Yes,Yes,Fiber optic,No,Yes,Yes,No,Yes,Yes,Month-to-month,Yes,Electronic check,25-48
0,1,1,1,0,5,50.95,229.4,3,45.88,Female,No,No,No,No phone service,DSL,No,Yes,No,No,Yes,Yes,Month-to-month,Yes,Credit card (automatic),0-12
0,0,1,1,0,10,86.05,834.1,3,83.41,Male,No,No,Yes,Yes,Fiber optic,No,No,No,No,Yes,No,Month-to-month,Yes,Bank transfer (automatic),0-12
1,1,0,0,1,71,86.7,6179.35,4,87.0330985915493,Male,Yes,Yes,Yes,No,Fiber optic,Yes,Yes,Yes,No,No,No,One year,Yes,Bank transfer (automatic),49-72
0,1,0,0,1,68,38.9,2719.2,3,39.98823529411764,Female,No,No,No,No phone service,DSL,Yes,No,Yes,Yes,No,No,Two year,No,Mailed check,49-72
0,0,0,1,0,2,45.55,84.4,1,42.2,Female,No,No,Yes,No,DSL,No,No,No,No,No,No,Month-to-month,No,Electronic check,0-12
1,1,1,0,1,54,115.6,6431.05,8,119.09351851851852,Female,Yes,No,Yes,Yes,Fiber optic,Yes,Yes,Yes,Yes,Yes,Yes,One year,Yes,Bank transfer (automatic),49-72
0,1,0,1,0,15,59.65,867.1,4,57.806666666666665,Male,Yes,Yes,Yes,Yes,DSL,No,No,Yes,Yes,No,No,Month-to-month,Yes,Bank transfer (automatic),13-24
0,1,0,1,0,3,29.2,98.5,1,32.833333333333336,Female,No,No,No,No phone service,DSL,No,Yes,No,No,No,No,Month-to-month,No,Mailed check,0-12
1,1,1,0,1,65,92.7,5968.4,5,91.82153846153845,Male,Yes,No,Yes,Yes,Fiber optic,Yes,Yes,No,No,Yes,No,Two year,Yes,Credit card (automatic),49-72
0,0,0,0,0,15,20.35,335.95,1,22.396666666666665,Female,Yes,Yes,Yes,No,No,No internet service,No internet service,No internet service,No internet service,No internet service,No internet service,One year,No,Credit card (automatic),13-24
0,1,1,0,1,30,94.4,2638.1,4,87.93666666666667,Female,No,No,Yes,No,Fiber optic,No,No,No,Yes,Yes,Yes,One year,Yes,Bank transfer (automatic),25-48
0,0,0,0,1,70,26.05,1856.4,2,26.52,Female,No,No,Yes,Yes,No,No internet service,No internet service,No internet service,No internet service,No internet service,No internet service,One year,No,Credit card (automatic),49-72
0,0,0,0,0,20,19.7,406.95,1,20.3475,Female,No,No,Yes,No,No,No internet service,No internet service,No internet service,No internet service,No internet service,No internet service,Two year,No,Mailed check,13-24
0,0,0,1,0,4,24.45,86.6,0,21.65,Female,No,No,No,No phone service,DSL,No,No,No,No,No,No,Month-to-month,Yes,Electronic check,0-12
0,1,1,0,1,63,80.3,4995.35,7,79.29126984126985,Female,No,No,Yes,Yes,DSL,Yes,Yes,Yes,Yes,No,Yes,Two year,Yes,Credit card (automatic),49-72
0,1,1,1,0,6,84.85,523.5,3,87.25,Male,No,No,Yes,No,Fiber optic,No,Yes,No,No,Yes,No,Month-to-month,Yes,Electronic check,0-12
1,1,1,0,1,28,39.1,1096.6,2,39.16428571428571,Female,Yes,Yes,No,No phone service,DSL,No,Yes,No,No,No,Yes,One year,Yes,Electronic check,25-48
0,0,0,0,0,20,20.0,416.45,1,20.822499999999998,Female,Yes,No,Yes,No,No,No internet service,No internet service,No internet service,No internet service,No internet service,No internet service,One year,Yes,Mailed check,13-24
0,1,1,1,0,3,64.4,195.65,4,65.21666666666667,Male,No,No,Yes,No,DSL,Yes,No,No,Yes,Yes,No,Month-to-month,Yes,Credit card (automatic),0-12
0,1,0,1,0,12,50.25,593.75,2,49.479166666666664,Male,No,No,Yes,No,DSL,No,No,No,Yes,No,No,Month-to-month,No,Bank transfer (automatic),0-12
0,1,0,1,0,5,40.0,223.45,3,44.69,Male,No,No,No,No phone service,DSL,Yes,No,Yes,Yes,No,No,Month-to-month,No,Mailed check,0-12
0,1,0,0,0,23,57.2,1423.35,3,61.88478260869565,Male,Yes,Yes,Yes,No,DSL,Yes,No,No,Yes,No,No,One year,No,Credit card (automatic),13-24
0,1,1,0,1,70,57.8,4039.3,5,57.70428571428572,Female,Yes,No,No,No phone service,DSL,No,Yes,Yes,Yes,Yes,Yes,Two year,No,Bank transfer (automatic),49-72
0,1,1,0,1,65,72.45,4653.85,6,71.59769230769231,Male,Yes,Yes,Yes,Yes,DSL,Yes,Yes,Yes,No,No,Yes,One year,No,Credit card (automatic),49-72
0,1,1,0,1,72,83.3,6042.7,7,83.92638888888888,Female,Yes,Yes,Yes,Yes,DSL,Yes,No,Yes,Yes,Yes,Yes,Two year,Yes,Bank transfer (automatic),49-72
0,1,0,1,0,1,30.2,30.2,1,30.2,Male,Yes,Yes,No,No phone service,DSL,No,Yes,No,No,No,No,Month-to-month,No,Electronic check,0-12
0,1,1,0,1,34,40.55,1325.85,2,38.995588235294115,Male,Yes,Yes,No,No phone service,DSL,No,No,No,Yes,Yes,No,Two year,Yes,Electronic check,25-48
0,0,1,1,0,21,97.35,2119.5,4,100.92857142857143,Female,No,No,Yes,Yes,Fiber optic,No,No,No,No,Yes,Yes,Month-to-month,Yes,Electronic check,13-24
0,1,1,0,0,19,89.35,1686.85,4,88.78157894736842,Female,Yes,Yes,Yes,Yes,Fiber optic,No,No,No,Yes,No,Yes,One year,Yes,Bank transfer (automatic),13-24
0,1,1,0,1,70,51.05,3635.15,4,51.93071428571429,Male,Yes,No,No,No phone service,DSL,No,Yes,Yes,Yes,No,Yes,One year,Yes,Bank transfer (automatic),49-72
1,1,1,1,1,56,96.85,5219.65,5,93.20803571428571,Female,No,No,Yes,Yes,Fiber optic,Yes,Yes,No,No,No,Yes,Month-to-month,Yes,Electronic check,49-72
0,0,1,1,0,1,55.7,55.7,2,55.7,Male,No,No,Yes,No,DSL,No,No,No,No,No,Yes,Month-to-month,Yes,Mailed check,0-12
0,1,0,1,1,38,54.5,2076.05,3,54.63289473684211,Female,Yes,Yes,Yes,No,DSL,Yes,Yes,No,No,No,No,Month-to-month,No,Electronic check,25-48
0,0,0,0,0,13,19.3,259.65,1,19.97307692307692,Male,No,No,Yes,No,No,No internet service,No internet service,No internet service,No internet service,No internet service,No internet service,One year,No,Credit card (automatic),13-24
1,1,1,1,1,46,101.0,4680.05,5,101.74021739130436,Male,Yes,No,Yes,Yes,Fiber optic,No,No,Yes,No,Yes,Yes,Month-to-month,Yes,Electronic check,25-48
1,0,0,1,1,54,24.95,1364.75,0,25.27314814814815,Male,Yes,No,No,No phone service,DSL,No,No,No,No,No,No,Month-to-month,Yes,Bank transfer (automatic),49-72
1,0,0,1,1,48,70.65,3545.05,1,73.85520833333334,Female,Yes,No,Yes,No,Fiber optic,No,No,No,No,No,No,Month-to-month,Yes,Bank transfer (automatic),25-48
0,1,1,0,1,68,89.05,6185.8,8,90.96764705882353,Female,Yes,Yes,Yes,Yes,DSL,Yes,Yes,Yes,Yes,Yes,Yes,Two year,Yes,Bank transfer (automatic),49-72
0,1,1,1,1,52,94.6,5025.8,5,96.65,Female,Yes,No,Yes,Yes,Fiber optic,No,Yes,Yes,No,Yes,No,Month-to-month,No,Bank transfer (automatic),49-72
0,0,0,0,1,71,24.75,1836.9,2,25.871830985915494,Female,Yes,No,Yes,Yes,No,No internet service,No internet service,No internet service,No internet service,No internet service,No internet service,Two year,No,Bank transfer (automatic),49-72
0,0,0,1,0,1,68.65,68.65,1,68.65,Female,No,No,Yes,No,Fiber optic,No,No,No,No,No,No,Month-to-month,No,Electronic check,0-12
0,1,1,0,1,64,74.35,4759.55,6,74.36796875,Female,Yes,No,Yes,No,DSL,Yes,Yes,Yes,Yes,No,Yes,Two year,Yes,Mailed check,49-72
0,0,0,1,1,46,44.95,2168.9,1,47.15,Female,No,No,Yes,No,DSL,No,No,No,No,No,No,Month-to-month,No,Bank transfer (automatic),25-48
0,1,1,1,0,11,90.15,987.95,4,89.81363636363636,Female,No,No,Yes,Yes,Fiber optic,No,No,No,Yes,Yes,No,Month-to-month,No,Electronic check,0-12
0,1,1,0,1,53,61.1,3357.9,3,63.35660377358491,Male,No,No,Yes,No,DSL,No,No,Yes,No,No,Yes,One year,Yes,Electronic check,49-72
0,0,0,1,0,2,20.05,39.25,1,19.625,Female,No,No,Yes,No,No,No internet service,No internet service,No internet service,No internet service,No internet service,No internet service,Month-to-month,Yes,Mailed check,0-12
1,1,1,1,1,57,100.6,5746.15,5,100.80964912280702,Male,Yes,No,Yes,Yes,Fiber optic,No,No,Yes,No,Yes,Yes,Month-to-month,No,Electronic check,49-72
0,1,0,0,1,43,55.45,2444.25,3,56.843023255813954,Female,No,No,Yes,No,DSL,No,Yes,No,Yes,No,No,One year,No,Electronic check,25-48
0,0,0,0,1,44,20.05,845.25,1,19.210227272727273,Male,No,No,Yes,No,No,No internet service,No internet service,No internet service,No internet service,No internet service,No internet service,Two year,No,Mailed check,25-48
0,1,1,0,1,71,66.8,4689.15,6,66.0443661971831,Female,Yes,No,No,No phone service,DSL,Yes,Yes,Yes,Yes,Yes,Yes,One year,No,Bank transfer (automatic),49-72
0,0,1,1,1,30,44.5,1307.8,2,43.593333333333334,Male,No,Yes,No,No phone service,DSL,No,No,No,No,Yes,Yes,Month-to-month,Yes,Electronic check,25-48
0,0,0,0,0,20,20.65,417.5,1,20.875,Male,Yes,No,Yes,No,No,No internet service,No internet service,No internet service,No internet service,No internet service,No internet service,One year,No,Mailed check,13-24
0,0,0,0,0,18,20.05,345.9,1,19.216666666666665,Male,Yes,Yes,Yes,No,No,No internet service,No internet service,No internet service,No internet service,No internet service,No internet service,One year,No,Bank transfer (automatic),13-24
1,0,0,1,1,34,71.55,2427.35,1,71.39264705882353,Male,Yes,No,Yes,No,Fiber optic,No,No,No,No,No,No,Month-to-month,No,Credit card (automatic),25-48
0,1,1,0,1,52,58.75,3038.55,5,58.43365384615385,Female,No,No,No,No phone service,DSL,Yes,Yes,Yes,No,Yes,Yes,Two year,Yes,Bank transfer (automatic),49-72
1,1,1,0,1,66,108.1,7238.6,6,109.67575757575759,Female,No,No,Yes,Yes,Fiber optic,No,Yes,Yes,No,Yes,Yes,One year,No,Bank transfer (automatic),49-72
1,1,1,1,1,29,98.5,3004.15,5,103.59137931034483,Male,Yes,No,Yes,Yes,Fiber optic,No,No,Yes,No,Yes,Yes,Month-to-month,Yes,Electronic check,25-48
0,1,1,1,1,41,79.9,3326.2,7,81.12682926829268,Female,Yes,Yes,Yes,Yes,DSL,Yes,Yes,Yes,Yes,No,Yes,Month-to-month,No,Credit card (automatic),25-48
0,1,1,0,1,69,75.75,5388.15,6,78.0891304347826,Male,Yes,Yes,Yes,No,DSL,Yes,Yes,Yes,Yes,Yes,No,Two year,Yes,Bank transfer (automatic),49-72
1,0,1,1,1,32,85.3,2661.1,3,83.159375,Male,Yes,No,Yes,Yes,Fiber optic,No,No,No,No,No,Yes,Month-to-month,No,Electronic check,25-48
0,0,0,1,0,9,70.05,657.5,1,73.05555555555556,Male,No,No,Yes,No,Fiber optic,No,No,No,No,No,No,Month-to-month,No,Mailed check,0-12
0,1,0,1,0,2,29.85,75.6,1,37.8,Male,No,No,No,No phone service,DSL,No,No,No,Yes,No,No,Month-to-month,No,Bank transfer (automatic),0-12
0,0,0,0,1,37,20.15,785.75,1,21.236486486486488,Male,No,No,Yes,No,No,No internet service,No internet service,No internet service,No internet service,No internet service,No internet service,One year,No,Credit card (automatic),25-48
0,1,0,0,1,39,47.85,1886.4,2,48.369230769230775,Female,No,No,Yes,No,DSL,Yes,No,No,No,No,No,One year,Yes,Electronic check,25-48
0,0,1,1,0,8,86.55,649.65,3,81.20625,Male,No,No,Yes,Yes,Fiber optic,No,No,No,No,No,Yes,Month-to-month,Yes,Electronic check,0-12
0,0,0,0,0,5,20.55,99.45,1,19.89,Male,Yes,Yes,Yes,No,No,No internet service,No internet service,No internet service,No internet service,No internet service,No internet service,One year,No,Electronic check,0-12
0,1,1,1,1,26,50.35,1277.5,3,49.13461538461539,Female,No,No,No,No phone service,DSL,No,No,Yes,No,Yes,Yes,Month-to-month,Yes,Credit card (automatic),25-48
0,1,0,1,1,63,80.3,4896.35,3,77.71984126984128,Male,Yes,Yes,Yes,No,Fiber optic,No,Yes,Yes,No,No,No,Month-to-month,Yes,Credit card (automatic),49-72
1,1,1,1,1,58,100.4,5749.8,5,99.13448275862069,Female,Yes,No,Yes,Yes,Fiber optic,No,No,No,Yes,Yes,Yes,Month-to-month,Yes,Bank transfer (automatic),49-72
0,0,0,0,1,72,21.15,1419.4,1,19.71388888888889,Female,No,No,Yes,No,No,No internet service,No internet service,No internet service,No internet service,No internet service,No internet service,Two year,Yes,Bank transfer (automatic),49-72
1,1,1,0,1,64,70.2,4481.0,5,70.015625,Female,No,No,Yes,No,DSL,Yes,Yes,No,Yes,Yes,No,Two year,Yes,Credit card (automatic),49-72
1,0,0,0,1,50,25.2,1306.3,2,26.125999999999998,Female,Yes,No,Yes,Yes,No,No internet service,No internet service,No internet service,No internet service,No internet service,No internet service,One year,No,Electronic check,49-72
0,1,0,0,0,8,58.2,469.25,4,58.65625,Female,No,No,Yes,No,DSL,Yes,Yes,No,Yes,No,No,One year,No,Bank transfer (automatic),0-12
0,0,1,1,0,1,78.65,78.65,2,78.65,Female,No,Yes,Yes,No,Fiber optic,No,No,No,No,No,Yes,Month-to-month,No,Electronic check,0-12
0,0,0,1,0,6,70.55,433.95,1,72.325,Female,No,No,Yes,No,Fiber optic,No,No,No,No,No,No,Month-to-month,No,Credit card (automatic),0-12
0,1,1,0,1,65,82.5,5215.1,7,80.2323076923077,Female,Yes,Yes,Yes,Yes,DSL,Yes,Yes,No,Yes,Yes,Yes,Two year,Yes,Bank transfer (automatic),49-72
0,1,0,0,0,13,54.15,701.05,3,53.926923076923075,Female,Yes,Yes,Yes,No,DSL,Yes,No,No,Yes,No,No,One year,No,Bank transfer (automatic),13-24
0,1,1,1,1,47,109.55,5124.55,7,109.03297872340426,Male,Yes,No,Yes,Yes,Fiber optic,No,Yes,Yes,Yes,Yes,Yes,Month-to-month,Yes,Electronic check,25-48
0,0,1,1,0,4,54.3,195.3,2,48.825,Male,No,No,Yes,No,DSL,No,No,No,No,No,Yes,Month-to-month,No,Electronic check,0-12
0,0,0,0,1,51,24.95,1288.0,2,25.254901960784313,Female,No,No,Yes,Yes,No,No internet service,No internet service,No internet service,No internet service,No internet service,No internet service,Two year,No,Bank transfer (automatic),49-72
0,1,1,1,1,34,44.85,1442.6,3,42.42941176470588,Male,Yes,Yes,No,No phone service,DSL,No,No,Yes,Yes,Yes,No,Month-to-month,Yes,Electronic check,25-48
1,1,1,1,1,37,90.0,3371.75,4,91.12837837837837,Female,Yes,No,Yes,No,Fiber optic,No,No,Yes,Yes,Yes,No,Month-to-month,No,Electronic check,25-48
0,1,1,1,0,8,90.25,743.75,4,92.96875,Female,Yes,No,Yes,Yes,Fiber optic,No,No,No,Yes,No,Yes,Month-to-month,Yes,Electronic check,0-12
0,1,1,1,1,39,99.95,3767.4,5,96.60000000000001,Female,Yes,Yes,Yes,Yes,Fiber optic,No,No,No,Yes,Yes,Yes,Month-to-month,Yes,Credit card (automatic),25-48
0,1,0,1,0,2,54.15,101.65,3,50.825,Female,No,No,Yes,Yes,DSL,No,Yes,No,No,No,No,Month-to-month,No,Mailed check,0-12
0,0,0,1,0,2,20.35,41.85,1,20.925,Female,Yes,No,Yes,No,No,No internet service,No internet service,No internet service,No internet service,No internet service,No internet service,Month-to-month,No,Mailed check,0-12
0,1,0,1,1,43,66.25,2907.35,5,67.61279069767441,Male,Yes,No,Yes,Yes,DSL,Yes,Yes,No,Yes,No,No,Month-to-month,No,Bank transfer (automatic),25-48
0,1,1,1,0,1,99.75,99.75,5,99.75,Male,No,Yes,Yes,Yes,Fiber optic,No,No,Yes,No,Yes,Yes,Month-to-month,Yes,Electronic check,0-12
0,1,1,0,1,45,99.7,4634.35,5,102.98555555555556,Male,No,Yes,Yes,Yes,Fiber optic,No,No,Yes,No,Yes,Yes,Two year,No,Bank transfer (automatic),25-48
1,0,0,1,0,1,70.85,70.85,1,70.85,Male,Yes,No,Yes,No,Fiber optic,No,No,No,No,No,No,Month-to-month,No,Mailed check,0-12
0,0,0,1,0,1,50.75,50.75,2,50.75,Male,No,No,Yes,Yes,DSL,No,No,No,No,No,No,Month-to-month,No,Mailed check,0-12
0,0,1,1,1,30,85.45,2509.95,3,83.66499999999999,Male,Yes,Yes,Yes,Yes,Fiber optic,No,No,No,No,Yes,No,Month-to-month,No,Electronic check,25-48
1,1,1,0,1,70,44.05,3011.65,3,43.02357142857143,Male,No,No,No,No phone service,DSL,No,Yes,Yes,No,Yes,No,One year,Yes,Credit card (automatic),49-72
0,1,1,0,1,64,104.65,6889.8,6,107.653125,Male,No,No,Yes,Yes,Fiber optic,No,No,Yes,Yes,Yes,Yes,One year,Yes,Credit card (automatic),49-72
0,0,0,0,0,18,25.1,428.45,2,23.802777777777777,Female,Yes,Yes,Yes,Yes,No,No internet service,No internet service,No internet service,No internet service,No internet service,No internet service,Two year,No,Mailed check,13-24
0,0,0,0,1,37,19.8,726.1,1,19.624324324324323,Male,Yes,Yes,Yes,No,No,No internet service,No internet service,No internet service,No internet service,No internet service,No internet service,Two year,No,Bank transfer (automatic),25-48
0,1,1,0,1,72,65.5,4919.7,6,68.32916666666667,Female,Yes,No,No,No phone service,DSL,Yes,Yes,Yes,Yes,Yes,Yes,Two year,No,Bank transfer (automatic),49-72
0,1,1,1,1,45,50.9,2333.85,3,51.86333333333333,Female,Yes,Yes,No,No phone service,DSL,Yes,No,No,No,Yes,Yes,Month-to-month,Yes,Bank transfer (automatic),25-48
0,1,1,0,1,56,81.25,4620.4,7,82.50714285714285,Female,Yes,Yes,Yes,Yes,DSL,Yes,Yes,Yes,Yes,Yes,No,Two year,No,Credit card (automatic),49-72
1,0,1,1,1,31,84.85,2633.4,3,84.9483870967742,Female,Yes,No,Yes,Yes,Fiber optic,No,No,No,No,No,Yes,Month-to-month,Yes,Electronic check,25-48
0,0,0,0,1,62,19.95,1244.8,1,20.07741935483871,Male,Yes,Yes,Yes,No,No,No internet service,No internet service,No internet service,No internet service,No internet service,No internet service,One year,No,Bank transfer (automatic),49-72
1,1,0,0,1,69,29.8,2134.3,1,30.93188405797102,Male,Yes,No,No,No phone service,DSL,No,No,Yes,No,No,No,One year,Yes,Credit card (automatic),49-72
0,0,0,0,0,4,20.4,84.75,1,21.1875,Female,No,Yes,Yes,No,No,No internet service,No internet service,No internet service,No internet service,No internet service,No internet service,One year,Yes,Mailed check,0-12
0,0,0,0,1,66,19.95,1269.1,1,19.228787878787877,Male,No,Yes,Yes,No,No,No internet service,No internet service,No internet service,No internet service,No internet service,No internet service,Two year,No,Credit card (automatic),49-72
0,1,1,0,1,70,69.2,4872.35,5,69.605,Female,Yes,Yes,Yes,Yes,DSL,Yes,Yes,No,No,Yes,No,Two year,Yes,Credit card (automatic),49-72
1,1,1,0,1,72,105.75,7629.85,6,105.9701388888889,Female,Yes,No,Yes,Yes,Fiber optic,No,Yes,Yes,No,Yes,Yes,One year,Yes,Credit card (automatic),49-72
0,1,0,0,1,56,52.7,3019.7,3,53.92321428571428,Male,No,No,Yes,No,DSL,Yes,No,Yes,No,No,No,One year,No,Mailed check,49-72
0,1,1,0,0,12,95.5,1115.15,4,92.92916666666667,Female,No,No,Yes,No,Fiber optic,No,No,Yes,No,Yes,Yes,One year,No,Mailed check,0-12
0,0,0,1,0,1,70.75,70.75,1,70.75,Female,No,No,Yes,No,Fiber optic,No,No,No,No,No,No,Month-to-month,No,Mailed check,0-12
0,1,1,1,1,41,114.5,4527.45,8,110.42560975609756,Female,No,No,Yes,Yes,Fiber optic,Yes,Yes,Yes,Yes,Yes,Yes,Month-to-month,Yes,Bank transfer (automatic),25-48
0,1,1,1,0,1,59.55,59.55,3,59.55,Male,No,Yes,Yes,No,DSL,No,No,No,Yes,No,Yes,Month-to-month,Yes,Mailed check,0-12
0,0,0,0,0,13,19.65,244.8,1,18.83076923076923,Female,No,No,Yes,No,No,No internet service,No internet service,No internet service,No internet service,No internet service,No internet service,One year,No,Electronic check,13-24
0,0,1,1,1,26,83.75,2070.6,3,79.63846153846154,Male,Yes,Yes,Yes,Yes,Fiber optic,No,No,No,No,Yes,No,Month-to-month,Yes,Electronic check,25-48
0,1,0,0,0,16,79.5,1264.2,3,79.0125,Female,No,Yes,Yes,Yes,Fiber optic,No,No,No,Yes,No,No,One year,Yes,Credit card (automatic),13-24
0,0,1,1,0,3,54.65,189.1,2,63.03333333333333,Male,No,No,Yes,No,DSL,No,No,No,No,No,Yes,Month-to-month,No,Mailed check,0-12
0,1,1,0,1,58,70.1,4048.95,5,69.80948275862069,Male,No,No,Yes,No,DSL,No,Yes,Yes,Yes,Yes,No,Two year,No,Bank transfer (automatic),49-72
1,1,1,0,1,72,89.1,6352.4,8,88.22777777777777,Female,Yes,No,Yes,Yes,DSL,Yes,Yes,Yes,Yes,Yes,Yes,Two year,No,Credit card (automatic),49-72
0,0,0,0,1,56,21.2,1238.65,1,22.118750000000002,Male,No,Yes,Yes,No,No,No internet service,No internet service,No internet service,No internet service,No internet service,No internet service,One year,Yes,Mailed check,49-72
0,0,0,1,0,1,69.65,69.65,1,69.65,Male,No,No,Yes,No,Fiber optic,No,No,No,No,No,No,Month-to-month,Yes,Electronic check,0-12
0,1,0,0,1,33,53.75,1857.3,3,56.28181818181818,Female,Yes,No,Yes,No,DSL,No,Yes,No,Yes,No,No,One year,Yes,Credit card (automatic),25-48
1,1,1,1,0,13,93.8,1261.0,5,97.0,Male,Yes,No,Yes,Yes,Fiber optic,Yes,Yes,No,No,No,Yes,Month-to-month,No,Credit card (automatic),13-24
0,0,1,0,1,57,86.9,4939.25,3,86.65350877192982,Male,No,No,Yes,Yes,Fiber optic,No,No,No,No,Yes,No,One year,Yes,Electronic check,49-72
0,1,0,1,0,18,74.8,1438.05,2,79.89166666666667,Female,Yes,No,Yes,No,Fiber optic,Yes,No,No,No,No,No,Month-to-month,No,Electronic check,13-24
0,1,1,1,1,42,101.75,4273.45,5,101.74880952380951,Male,No,No,Yes,Yes,Fiber optic,No,Yes,No,No,Yes,Yes,Month-to-month,Yes,Electronic check,25-48
0,1,1,0,1,32,72.8,2333.05,5,72.9078125,Male,Yes,No,Yes,Yes,DSL,Yes,No,No,Yes,Yes,No,One year,Yes,Credit card (automatic),25-48
0,0,0,1,1,34,20.8,635.9,1,18.70294117647059,Male,Yes,Yes,Yes,No,No,No internet service,No internet service,No internet service,No internet service,No internet service,No internet service,Month-to-month,No,Mailed check,25-48
0,1,1,0,1,64,105.25,6823.4,6,106.615625,Male,Yes,No,Yes,Yes,Fiber optic,No,Yes,No,Yes,Yes,Yes,Two year,Yes,Electronic check,49-72
0,0,0,1,0,11,76.5,837.95,2,76.17727272727274,Female,No,No,Yes,Yes,Fiber optic,No,No,No,No,No,No,Month-to-month,Yes,Electronic check,0-12
0,1,1,1,1,49,100.85,4847.35,5,98.92551020408165,Female,Yes,No,Yes,Yes,Fiber optic,Yes,No,No,No,Yes,Yes,Month-to-month,Yes,Mailed check,49-72
0,1,0,1,0,23,83.8,1900.25,4,82.6195652173913,Female,Yes,Yes,Yes,No,Fiber optic,No,Yes,Yes,Yes,No,No,Month-to-month,No,Electronic check,13-24
0,1,1,0,1,56,68.75,3808.0,5,68.0,Female,Yes,Yes,Yes,Yes,DSL,Yes,No,Yes,No,No,Yes,One year,Yes,Bank transfer (automatic),49-72
0,0,0,1,1,25,19.05,461.3,1,18.452,Female,No,No,Yes,No,No,No internet service,No internet service,No internet service,No internet service,No internet service,No internet service,Month-to-month,No,Mailed check,25-48
1,1,1,1,0,8,43.35,371.4,3,46.425,Male,Yes,No,No,No phone service,DSL,No,Yes,Yes,No,No,Yes,Month-to-month,Yes,Mailed check,0-12
0,1,0,1,1,34,62.65,2274.9,5,66.90882352941176,Female,Yes,No,Yes,Yes,DSL,Yes,Yes,No,Yes,No,No,Month-to-month,No,Electronic check,25-48
0,0,0,1,0,6,26.35,184.05,2,30.675,Male,No,Yes,Yes,Yes,No,No internet service,No internet service,No internet service,No internet service,No internet service,No internet service,Month-to-month,No,Mailed check,0-12
0,1,1,1,0,23,104.05,2470.1,6,107.39565217391304,Male,No,No,Yes,Yes,Fiber optic,No,No,Yes,Yes,Yes,Yes,Month-to-month,Yes,Mailed check,13-24
0,1,0,1,1,31,35.4,1077.5,2,34.75806451612903,Male,Yes,Yes,No,No phone service,DSL,Yes,No,No,Yes,No,No,Month-to-month,No,Bank transfer (automatic),25-48
0,1,0,1,0,12,35.5,432.25,2,36.020833333333336,Male,Yes,Yes,No,No phone service,DSL,No,Yes,No,Yes,No,No,Month-to-month,No,Mailed check,0-12
0,1,0,1,0,4,80.15,319.85,3,79.9625,Female,No,No,Yes,Yes,Fiber optic,Yes,No,No,No,No,No,Month-to-month,Yes,Electronic check,0-12
0,1,1,1,1,63,100.55,6215.35,6,98.65634920634922,Female,Yes,Yes,Yes,Yes,Fiber optic,Yes,Yes,Yes,No,Yes,No,Month-to-month,Yes,Electronic check,49-72
0,0,0,1,0,2,19.65,38.8,1,19.4,Male,No,No,Yes,No,No,No internet service,No internet service,No internet service,No internet service,No internet service,No internet service,Month-to-month,Yes,Mailed check,0-12
0,0,0,0,1,71,20.5,1500.95,1,21.140140845070423,Female,Yes,Yes,Yes,No,No,No internet service,No internet service,No internet service,No internet service,No internet service,No internet service,Two year,No,Bank transfer (automatic),49-72
0,1,1,1,1,37,88.8,3340.55,4,90.28513513513514,Female,Yes,Yes,Yes,Yes,Fiber optic,No,Yes,No,No,Yes,No,Month-to-month,Yes,Electronic check,25-48
0,0,0,1,0,1,45.15,45.15,1,45.15,Female,No,No,Yes,No,DSL,No,No,No,No,No,No,Month-to-month,No,Electronic check,0-12
1,0,0,1,0,2,70.1,141.65,1,70.825,Male,Yes,No,Yes,No,Fiber optic,No,No,No,No,No,No,Month-to-month,No,Electronic check,0-12
0,0,1,1,0,7,81.1,576.65,2,82.37857142857142,Female,Yes,No,Yes,No,Fiber optic,No,No,No,No,Yes,No,Month-to-month,Yes,Electronic check,0-12
1,1,1,0,1,69,74.1,5031.0,6,72.91304347826087,Male,No,No,Yes,Yes,DSL,Yes,No,Yes,Yes,No,Yes,Two year,No,Credit card (automatic),49-72
0,1,0,1,0,19,78.25,1490.95,3,78.47105263157896,Male,No,No,Yes,No,Fiber optic,No,Yes,Yes,No,No,No,Month-to-month,Yes,Electronic check,13-24
0,1,1,1,0,19,106.6,1934.45,6,101.81315789473685,Female,No,No,Yes,No,Fiber optic,Yes,No,Yes,Yes,Yes,Yes,Month-to-month,Yes,Electronic check,13-24
0,1,1,0,1,72,87.1,6230.1,8,86.52916666666667,Male,Yes,No,Yes,Yes,DSL,Yes,Yes,Yes,Yes,Yes,Yes,Two year,Yes,Bank transfer (automatic),49-72
0,1,1,1,1,29,98.6,2933.2,5,101.14482758620689,Female,No,No,Yes,Yes,Fiber optic,No,No,Yes,No,Yes,Yes,Month-to-month,Yes,Credit card (automatic),25-48
1,0,0,1,0,3,45.0,127.1,1,42.36666666666667,Female,No,No,Yes,No,DSL,No,No,No,No,No,No,Month-to-month,No,Electronic check,0-12
0,1,0,1,0,11,51.0,581.7,2,52.88181818181818,Female,Yes,Yes,Yes,No,DSL,Yes,No,No,No,No,No,Month-to-month,No,Bank transfer (automatic),0-12
1,1,1,1,1,33,59.45,1884.65,5,57.11060606060607,Female,No,No,No,No phone service,DSL,Yes,Yes,Yes,No,Yes,Yes,Month-to-month,Yes,Bank transfer (automatic),25-48
0,1,1,0,1,72,97.7,6869.7,5,95.4125,Female,Yes,No,Yes,Yes,Fiber optic,No,Yes,No,No,Yes,Yes,Two year,Yes,Credit card (automatic),49-72
1,0,0,1,0,5,20.05,94.15,1,18.830000000000002,Male,No,No,Yes,No,No,No internet service,No internet service,No internet service,No internet service,No internet service,No internet service,Month-to-month,No,Bank transfer (automatic),0-12
1,1,1,1,1,58,45.3,2651.2,3,45.710344827586205,Male,Yes,No,No,No phone service,DSL,No,Yes,Yes,No,No,Yes,Month-to-month,Yes,Electronic check,49-72
0,1,1,0,1,71,104.15,7365.3,6,103.73661971830987,Male,Yes,No,Yes,Yes,Fiber optic,No,Yes,No,Yes,Yes,Yes,Two year,Yes,Credit card (automatic),49-72
0,0,1,1,0,9,45.4,418.8,2,46.53333333333333,Male,No,No,No,No phone service,DSL,No,No,No,No,Yes,Yes,Month-to-month,Yes,Electronic check,0-12
0,0,0,1,0,1,50.1,50.1,2,50.1,Female,No,No,Yes,Yes,DSL,No,No,No,No,No,No,Month-to-month,Yes,Electronic check,0-12
0,1,0,1,0,2,54.35,117.05,3,58.525,Female,No,No,Yes,Yes,DSL,No,No,No,Yes,No,No,Month-to-month,Yes,Mailed check,0-12
0,0,0,1,1,37,20.35,697.65,1,18.855405405405406,Male,Yes,No,Yes,No,No,No internet service,No internet service,No internet service,No internet service,No internet service,No internet service,Month-to-month,No,Bank transfer (automatic),25-48
0,1,0,1,0,6,55.3,324.25,3,54.041666666666664,Male,Yes,Yes,Yes,No,DSL,No,Yes,Yes,No,No,No,Month-to-month,Yes,Mailed check,0-12
0,1,0,1,1,24,66.3,1559.45,5,64.97708333333334,Female,Yes,No,Yes,Yes,DSL,Yes,Yes,Yes,No,No,No,Month-to-month,No,Mailed check,13-24
0,1,1,0,1,54,87.1,4735.2,7,87.68888888888888,Male,No,No,Yes,Yes,DSL,Yes,No,Yes,Yes,Yes,Yes,Two year,No,Bank transfer (automatic),49-72
0,0,0,0,0,23,19.8,465.45,1,20.23695652173913,Male,No,Yes,Yes,No,No,No internet service,No internet service,No internet service,No internet service,No internet service,No internet service,One year,No,Mailed check,13-24
1,0,1,1,0,18,78.55,1422.65,2,79.03611111111111,Male,Yes,No,Yes,No,Fiber optic,No,No,No,No,No,Yes,Month-to-month,No,Electronic check,13-24
0,1,1,0,1,72,64.7,4746.05,6,65.91736111111112,Male,Yes,No,No,No phone service,DSL,Yes,Yes,Yes,Yes,Yes,Yes,Two year,Yes,Electronic check,49-72
0,1,1,0,1,53,84.6,4449.75,7,83.95754716981132,Female,No,Yes,Yes,Yes,DSL,No,Yes,Yes,Yes,Yes,Yes,One year,Yes,Electronic check,49-72
0,1,1,0,1,24,78.6,1846.65,6,76.94375000000001,Female,Yes,Yes,Yes,Yes,DSL,Yes,No,Yes,No,Yes,Yes,Two year,No,Credit card (automatic),13-24
1,1,1,0,1,56,85.65,4824.45,7,86.15089285714285,Male,Yes,No,Yes,No,DSL,Yes,Yes,Yes,Yes,Yes,Yes,Two year,Yes,Bank transfer (automatic),49-72
0,1,1,1,0,23,99.85,2331.3,5,101.3608695652174,Male,Yes,Yes,Yes,No,Fiber optic,Yes,No,No,Yes,Yes,Yes,Month-to-month,Yes,Electronic check,13-24
0,0,0,0,1,71,25.45,1813.35,2,25.54014084507042,Female,Yes,Yes,Yes,Yes,No,No internet service,No internet service,No internet service,No internet service,No internet service,No internet service,Two year,No,Bank transfer (automatic),49-72
0,0,1,1,0,1,45.3,45.3,2,45.3,Male,No,No,No,No phone service,DSL,No,No,No,No,Yes,Yes,Month-to-month,Yes,Mailed check,0-12
1,0,0,1,0,22,74.4,1692.6,2,76.93636363636364,Female,No,No,Yes,Yes,Fiber optic,No,No,No,No,No,No,Month-to-month,Yes,Bank transfer (automatic),13-24
0,0,0,0,1,57,20.55,1252.85,1,21.979824561403507,Male,No,No,Yes,No,No,No internet service,No internet service,No internet service,No internet service,No internet service,No internet service,Two year,No,Credit card (automatic),49-72
0,1,1,0,1,69,60.25,4055.5,5,58.77536231884058,Male,Yes,No,No,No phone service,DSL,Yes,No,Yes,Yes,Yes,Yes,Two year,No,Bank transfer (automatic),49-72
0,1,1,1,1,57,104.5,5921.35,6,103.88333333333334,Female,Yes,No,Yes,Yes,Fiber optic,No,Yes,Yes,No,Yes,Yes,Month-to-month,Yes,Credit card (automatic),49-72
0,1,0,0,1,47,65.0,2879.9,5,61.274468085106385,Female,No,No,Yes,Yes,DSL,Yes,No,Yes,Yes,No,No,Two year,Yes,Mailed check,25-48
0,0,0,1,0,15,20.0,288.05,1,19.203333333333333,Male,Yes,Yes,Yes,No,No,No internet service,No internet service,No internet service,No internet service,No internet service,No internet service,Month-to-month,Yes,Electronic check,13-24
0,1,0,1,1,29,31.2,926.2,1,31.93793103448276,Female,No,No,No,No phone service,DSL,No,No,No,Yes,No,No,Month-to-month,Yes,Electronic check,25-48
0,0,0,0,1,26,26.0,684.05,2,26.309615384615384,Female,Yes,No,Yes,Yes,No,No internet service,No internet service,No internet service,No internet service,No internet service,No internet service,One year,No,Mailed check,25-48
0,0,0,0,1,31,20.45,638.55,1,20.598387096774193,Male,No,No,Yes,No,No,No internet service,No internet service,No internet service,No internet service,No internet service,No internet service,Two year,No,Mailed check,25-48
1,0,1,1,0,11,78.5,874.2,2,79.47272727272728,Male,No,No,Yes,No,Fiber optic,No,No,No,No,No,Yes,Month-to-month,Yes,Electronic check,0-12
0,1,1,0,1,42,78.45,3373.4,6,80.31904761904762,Female,No,No,Yes,Yes,DSL,No,No,Yes,Yes,Yes,Yes,Two year,Yes,Credit card (automatic),25-48
0,1,1,0,1,67,54.2,3623.95,5,54.08880597014925,Female,Yes,Yes,No,No phone service,DSL,Yes,Yes,Yes,Yes,Yes,No,Two year,No,Credit card (automatic),49-72
1,1,1,1,1,33,100.6,3270.25,5,99.09848484848484,Male,Yes,No,Yes,Yes,Fiber optic,No,Yes,No,No,Yes,Yes,Month-to-month,Yes,Bank transfer (automatic),25-48
0,0,0,0,0,8,19.8,160.05,1,20.00625,Female,Yes,Yes,Yes,No,No,No internet service,No internet service,No internet service,No internet service,No internet service,No internet service,One year,No,Electronic check,0-12
1,0,1,1,0,4,95.45,396.1,4,99.025,Female,No,No,Yes,Yes,Fiber optic,No,No,No,No,Yes,Yes,Month-to-month,Yes,Electronic check,0-12
0,1,1,0,1,66,56.6,3789.2,5,57.41212121212121,Male,Yes,No,No,No phone service,DSL,Yes,Yes,Yes,Yes,Yes,No,Two year,Yes,Bank transfer (automatic),49-72
0,1,1,1,1,56,94.45,5124.6,5,91.51071428571429,Male,No,No,Yes,Yes,Fiber optic,No,Yes,No,Yes,No,Yes,Month-to-month,Yes,Electronic check,49-72
1,1,0,1,0,5,81.0,371.65,3,74.33,Female,Yes,No,Yes,Yes,Fiber optic,No,Yes,No,No,No,No,Month-to-month,Yes,Electronic check,0-12
0,1,0,1,0,11,80.5,896.9,3,81.53636363636363,Male,Yes,No,Yes,Yes,Fiber optic,No,Yes,No,No,No,No,Month-to-month,Yes,Bank transfer (automatic),0-12
1,0,1,1,0,6,44.4,263.05,2,43.84166666666667,Female,No,No,No,No phone service,DSL,No,No,No,No,Yes,Yes,Month-to-month,Yes,Electronic check,0-12
0,0,0,0,1,36,19.45,754.5,1,20.958333333333332,Male,Yes,Yes,Yes,No,No,No internet service,No internet service,No internet service,No internet service,No internet service,No internet service,Two year,No,Credit card (automatic),25-48
0,0,1,1,0,1,80.55,80.55,2,80.55,Male,Yes,No,Yes,No,Fiber optic,No,No,No,No,Yes,No,Month-to-month,Yes,Electronic check,0-12
0,1,0,0,1,40,80.8,3132.75,3,78.31875,Male,Yes,No,Yes,No,Fiber optic,No,Yes,Yes,No,No,No,One year,No,Electronic check,25-48
0,1,1,0,1,70,95.0,6602.9,5,94.32714285714285,Male,Yes,No,Yes,Yes,Fiber optic,No,Yes,Yes,No,Yes,No,One year,Yes,Bank transfer (automatic),49-72
0,1,1,0,1,44,85.25,3704.15,7,84.18522727272727,Male,No,No,Yes,Yes,DSL,No,Yes,Yes,Yes,Yes,Yes,One year,Yes,Bank transfer (automatic),25-48
0,0,1,1,0,5,81.0,389.6,2,77.92,Female,No,No,Yes,No,Fiber optic,No,No,No,No,Yes,No,Month-to-month,Yes,Credit card (automatic),0-12
0,0,0,0,0,17,19.55,280.85,1,16.52058823529412,Female,No,No,Yes,No,No,No internet service,No internet service,No internet service,No internet service,No internet service,No internet service,One year,No,Mailed check,13-24
0,0,0,0,1,72,24.8,1874.3,2,26.031944444444445,Male,Yes,No,Yes,Yes,No,No internet service,No internet service,No internet service,No internet service,No internet service,No internet service,Two year,No,Credit card (automatic),49-72
0,1,0,1,1,24,56.35,1381.2,3,57.550000000000004,Female,No,No,Yes,No,DSL,Yes,No,No,Yes,No,No,Month-to-month,No,Credit card (automatic),13-24
0,1,1,1,1,41,104.7,4346.4,6,106.00975609756097,Male,No,No,Yes,Yes,Fiber optic,No,Yes,Yes,No,Yes,Yes,Month-to-month,Yes,Electronic check,25-48
0,1,0,0,1,54,65.65,3566.7,5,66.05,Male,Yes,Yes,Yes,Yes,DSL,Yes,Yes,No,Yes,No,No,Two year,Yes,Credit card (automatic),49-72
0,0,0,0,0,4,24.1,73.1,2,18.275,Male,Yes,Yes,Yes,Yes,No,No internet service,No internet service,No internet service,No internet service,No internet service,No internet service,One year,No,Credit card (automatic),0-12
0,1,0,1,0,13,30.15,382.2,1,29.4,Female,No,Yes,No,No phone service,DSL,No,Yes,No,No,No,No,Month-to-month,No,Electronic check,13-24
0,0,0,0,1,72,26.25,1988.05,2,27.611805555555556,Female,Yes,Yes,Yes,Yes,No,No internet service,No internet service,No internet service,No internet service,No internet service,No internet service,Two year,Yes,Bank transfer (automatic),49-72
0,0,0,1,0,13,19.85,252.0,1,19.384615384615383,Male,Yes,Yes,Yes,No,No,No internet service,No internet service,No internet service,No internet service,No internet service,No internet service,Month-to-month,Yes,Mailed check,13-24
0,0,0,1,0,1,20.65,20.65,1,20.65,Female,Yes,No,Yes,No,No,No internet service,No internet service,No internet service,No internet service,No internet service,No internet service,Month-to-month,Yes,Mailed check,0-12
0,1,1,0,1,63,90.05,5817.0,4,92.33333333333333,Female,No,No,Yes,No,Fiber optic,No,No,Yes,Yes,Yes,No,One year,Yes,Credit card (automatic),49-72
0,1,1,1,0,21,104.4,2200.25,6,104.77380952380952,Female,Yes,No,Yes,Yes,Fiber optic,Yes,No,Yes,No,Yes,Yes,Month-to-month,Yes,Bank transfer (automatic),13-24
0,1,1,0,1,72,110.9,7922.75,7,110.03819444444444,Male,Yes,Yes,Yes,Yes,Fiber optic,No,Yes,Yes,Yes,Yes,Yes,Two year,No,Credit card (automatic),49-72
0,0,0,0,1,48,20.15,982.95,1,20.478125000000002,Male,No,No,Yes,No,No,No internet service,No internet service,No internet service,No internet service,No internet service,No internet service,Two year,No,Credit card (automatic),25-48
0,0,0,0,1,70,20.15,1411.2,1,20.16,Female,Yes,Yes,Yes,No,No,No internet service,No internet service,No internet service,No internet service,No internet service,No internet service,Two year,Yes,Credit card (automatic),49-72
0,1,1,0,1,72,100.9,7459.05,6,103.59791666666666,Male,No,No,Yes,Yes,Fiber optic,No,Yes,Yes,No,Yes,Yes,Two year,Yes,Bank transfer (automatic),49-72
0,0,1,1,0,19,56.2,1093.4,2,57.54736842105264,Female,No,No,Yes,No,DSL,No,No,No,No,No,Yes,Month-to-month,Yes,Electronic check,13-24
0,0,1,1,1,35,86.45,3029.1,3,86.54571428571428,Female,No,No,Yes,Yes,Fiber optic,No,No,No,No,Yes,No,Month-to-month,Yes,Electronic check,25-48
0,1,1,0,1,68,91.7,6424.7,8,94.48088235294118,Female,Yes,No,Yes,Yes,DSL,Yes,Yes,Yes,Yes,Yes,Yes,Two year,Yes,Electronic check,49-72
0,1,1,1,0,4,86.05,308.1,3,77.025,Male,No,No,Yes,No,Fiber optic,No,No,Yes,No,No,Yes,Month-to-month,No,Electronic check,0-12
0,0,1,0,1,44,90.65,3974.15,3,90.32159090909092,Male,Yes,No,Yes,No,Fiber optic,No,No,No,No,Yes,Yes,One year,Yes,Bank transfer (automatic),25-48
0,1,1,1,1,60,50.8,3027.4,3,50.45666666666667,Female,No,No,No,No phone service,DSL,No,Yes,No,No,Yes,Yes,Month-to-month,Yes,Electronic check,49-72
0,0,0,0,1,27,20.6,581.85,1,21.55,Male,No,Yes,Yes,No,No,No internet service,No internet service,No internet service,No internet service,No internet service,No internet service,Two year,No,Mailed check,25-48
0,1,1,0,1,35,72.1,2495.15,4,71.29,Male,No,Yes,Yes,No,DSL,No,No,No,Yes,Yes,Yes,One year,Yes,Mailed check,25-48
0,1,1,0,1,70,101.75,7069.3,5,100.99000000000001,Female,Yes,No,Yes,Yes,Fiber optic,No,No,Yes,No,Yes,Yes,One year,Yes,Electronic check,49-72
0,1,1,1,0,2,69.0,147.8,4,73.9,Female,Yes,No,Yes,No,DSL,No,No,Yes,No,Yes,Yes,Month-to-month,No,Credit card (automatic),0-12
0,1,0,1,0,2,74.75,144.8,2,72.4,Male,No,No,Yes,No,Fiber optic,No,Yes,No,No,No,No,Month-to-month,Yes,Electronic check,0-12
0,1,1,0,1,72,115.15,8349.7,8,115.96805555555557,Female,Yes,No,Yes,Yes,Fiber optic,Yes,Yes,Yes,Yes,Yes,Yes,Two year,No,Electronic check,49-72
0,1,1,0,1,71,91.05,6293.75,8,88.6443661971831,Female,Yes,Yes,Yes,Yes,DSL,Yes,Yes,Yes,Yes,Yes,Yes,Two year,No,Mailed check,49-72
0,1,1,1,1,66,105.0,7133.25,6,108.07954545454545,Male,Yes,No,Yes,Yes,Fiber optic,No,Yes,Yes,No,Yes,Yes,Month-to-month,Yes,Credit card (automatic),49-72
1,1,1,1,1,52,108.1,5839.3,7,112.29423076923078,Female,No,No,Yes,Yes,Fiber optic,Yes,Yes,Yes,No,Yes,Yes,Month-to-month,No,Credit card (automatic),49-72
0,1,1,1,1,53,65.0,3363.8,4,63.46792452830189,Male,Yes,Yes,Yes,No,DSL,No,Yes,No,Yes,Yes,No,Month-to-month,No,Credit card (automatic),49-72
0,1,1,0,1,66,79.85,5234.95,6,79.31742424242424,Male,Yes,Yes,Yes,Yes,DSL,No,Yes,Yes,No,Yes,Yes,Two year,No,Bank transfer (automatic),49-72
0,1,0,1,0,23,54.4,1249.25,3,54.31521739130435,Female,No,No,Yes,Yes,DSL,Yes,No,No,No,No,No,Month-to-month,No,Electronic check,13-24
0,0,1,1,0,3,79.25,267.6,2,89.2,Male,No,No,Yes,No,Fiber optic,No,No,No,No,Yes,No,Month-to-month,No,Electronic check,0-12
0,1,0,1,0,23,79.15,1676.95,3,72.9108695652174,Female,No,No,Yes,Yes,Fiber optic,No,Yes,No,No,No,No,Month-to-month,Yes,Electronic check,13-24
1,1,1,1,1,59,50.25,2997.45,3,50.80423728813559,Male,Yes,No,No,No phone service,DSL,No,Yes,No,No,Yes,Yes,Month-to-month,Yes,Electronic check,49-72
0,1,1,1,1,60,104.95,6236.75,6,103.94583333333334,Female,No,No,Yes,No,Fiber optic,Yes,No,Yes,Yes,Yes,Yes,Month-to-month,Yes,Bank transfer (automatic),49-72
0,1,1,1,1,66,103.1,6595.0,7,99.92424242424242,Female,No,No,Yes,Yes,Fiber optic,Yes,Yes,Yes,Yes,No,Yes,Month-to-month,Yes,Bank transfer (automatic),49-72
0,1,0,0,0,15,65.6,1010.0,5,67.33333333333333,Female,No,Yes,Yes,No,DSL,Yes,Yes,Yes,Yes,No,No,One year,No,Credit card (automatic),13-24
0,1,1,1,1,60,89.9,5450.7,4,90.845,Male,No,No,Yes,Yes,Fiber optic,No,Yes,No,No,Yes,No,Month-to-month,Yes,Bank transfer (automatic),49-72
0,1,1,0,1,46,104.4,4904.2,6,106.61304347826086,Female,No,No,Yes,No,Fiber optic,No,Yes,Yes,Yes,Yes,Yes,Two year,Yes,Bank transfer (automatic),25-48
0,1,1,1,1,45,89.3,4016.85,4,89.26333333333334,Female,No,No,Yes,Yes,Fiber optic,No,Yes,No,No,Yes,No,Month-to-month,Yes,Credit card (automatic),25-48
0,1,1,0,1,44,54.05,2375.2,5,53.98181818181818,Male,Yes,Yes,No,No phone service,DSL,Yes,Yes,Yes,Yes,No,Yes,Two year,Yes,Credit card (automatic),25-48
0,1,1,1,1,46,99.8,4391.25,5,95.46195652173913,Female,No,Yes,Yes,No,Fiber optic,No,Yes,Yes,No,Yes,Yes,Month-to-month,Yes,Electronic check,25-48
0,0,0,0,0,13,24.5,343.6,2,26.430769230769233,Male,Yes,Yes,Yes,Yes,No,No internet service,No internet service,No internet service,No internet service,No internet service,No internet service,One year,No,Bank transfer (automatic),13-24
0,1,1,0,1,69,114.35,7665.8,8,111.09855072463769,Male,Yes,Yes,Yes,Yes,Fiber optic,Yes,Yes,Yes,Yes,Yes,Yes,Two year,Yes,Bank transfer (automatic),49-72
1,0,0,1,0,1,74.4,74.4,2,74.4,Male,No,No,Yes,Yes,Fiber optic,No,No,No,No,No,No,Month-to-month,Yes,Electronic check,0-12
0,1,1,1,0,7,95.35,660.9,4,94.41428571428571,Female,No,No,Yes,No,Fiber optic,No,No,Yes,No,Yes,Yes,Month-to-month,Yes,Electronic check,0-12
0,1,1,0,1,71,58.25,4145.9,5,58.39295774647887,Female,Yes,No,No,No phone service,DSL,No,Yes,Yes,Yes,Yes,Yes,Two year,No,Bank transfer (automatic),49-72
0,0,0,0,1,27,19.55,520.55,1,19.27962962962963,Male,Yes,No,Yes,No,No,No internet service,No internet service,No internet service,No internet service,No internet service,No internet service,Two year,No,Bank transfer (automatic),25-48
1,1,1,1,1,64,74.65,4869.35,6,76.08359375,Female,No,No,Yes,Yes,DSL,No,Yes,Yes,Yes,No,Yes,Month-to-month,No,Credit card (automatic),49-72
0,1,1,0,1,69,81.5,5553.25,7,80.48188405797102,Male,No,No,Yes,Yes,DSL,Yes,Yes,Yes,Yes,No,Yes,Two year,Yes,Credit card (automatic),49-72
0,0,0,1,0,1,20.2,20.2,1,20.2,Male,No,No,Yes,No,No,No internet service,No internet service,No internet service,No internet service,No internet service,No internet service,Month-to-month,No,Bank transfer (automatic),0-12
0,1,1,0,1,33,73.9,2405.05,5,72.88030303030304,Male,Yes,Yes,Yes,No,DSL,No,No,Yes,Yes,Yes,Yes,One year,Yes,Mailed check,25-48
0,0,1,1,0,1,34.7,34.7,1,34.7,Female,No,No,No,No phone service,DSL,No,No,No,No,Yes,No,Month-to-month,Yes,Electronic check,0-12
1,1,1,1,0,20,107.05,2172.05,6,108.6025,Male,Yes,No,Yes,Yes,Fiber optic,No,Yes,No,Yes,Yes,Yes,Month-to-month,No,Electronic check,13-24
0,1,1,1,0,12,112.95,1384.75,7,115.39583333333333,Male,No,No,Yes,Yes,Fiber optic,No,Yes,Yes,Yes,Yes,Yes,Month-to-month,Yes,Mailed check,0-12
0,1,1,0,0,10,73.55,693.3,6,69.33,Female,No,Yes,Yes,Yes,DSL,Yes,No,Yes,Yes,No,Yes,One year,No,Credit card (automatic),0-12
1,1,1,0,1,44,109.8,4860.35,7,110.4625,Female,No,No,Yes,Yes,Fiber optic,Yes,Yes,Yes,No,Yes,Yes,One year,Yes,Credit card (automatic),25-48
0,1,0,1,0,13,31.65,389.95,1,29.996153846153845,Female,No,No,No,No phone service,DSL,No,Yes,No,No,No,No,Month-to-month,Yes,Electronic check,13-24
0,0,0,0,1,56,19.95,1126.75,1,20.120535714285715,Male,Yes,No,Yes,No,No,No internet service,No internet service,No internet service,No internet service,No internet service,No internet service,One year,No,Credit card (automatic),49-72
0,1,1,1,0,2,95.85,197.7,4,98.85,Male,No,No,Yes,No,Fiber optic,No,No,Yes,No,Yes,Yes,Month-to-month,Yes,Electronic check,0-12
1,0,1,1,0,17,94.2,1608.15,4,94.59705882352942,Female,No,No,Yes,Yes,Fiber optic,No,No,No,No,Yes,Yes,Month-to-month,Yes,Electronic check,13-24
0,1,0,1,0,22,54.45,1127.35,3,51.24318181818182,Male,No,No,Yes,Yes,DSL,Yes,No,No,No,No,No,Month-to-month,Yes,Electronic check,13-24
0,1,1,0,1,51,111.5,5703.25,7,111.82843137254902,Female,No,No,Yes,Yes,Fiber optic,No,Yes,Yes,Yes,Yes,Yes,One year,Yes,Electronic check,49-72
0,1,0,1,0,6,55.7,335.65,3,55.94166666666666,Male,No,No,Yes,No,DSL,Yes,Yes,No,No,No,No,Month-to-month,Yes,Bank transfer (automatic),0-12
0,1,1,1,0,1,95.6,95.6,4,95.6,Female,No,No,Yes,No,Fiber optic,Yes,No,No,No,Yes,Yes,Month-to-month,Yes,Electronic check,0-12
1,0,1,1,0,9,79.55,718.55,2,79.83888888888889,Male,No,No,Yes,No,Fiber optic,No,No,No,No,No,Yes,Month-to-month,Yes,Electronic check,0-12
1,1,1,1,1,29,101.45,2948.6,5,101.67586206896551,Male,No,No,Yes,No,Fiber optic,No,Yes,Yes,No,Yes,Yes,Month-to-month,Yes,Bank transfer (automatic),25-48
0,0,0,1,0,1,45.6,45.6,1,45.6,Male,No,No,Yes,No,DSL,No,No,No,No,No,No,Month-to-month,Yes,Electronic check,0-12
0,1,0,1,1,49,61.75,3024.15,4,61.71734693877551,Female,Yes,Yes,Yes,No,DSL,Yes,No,Yes,Yes,No,No,Month-to-month,No,Bank transfer (automatic),49-72
0,0,0,1,0,8,44.65,369.15,1,46.14375,Male,Yes,Yes,Yes,No,DSL,No,No,No,No,No,No,Month-to-month,No,Bank transfer (automatic),0-12
0,0,1,1,0,9,79.55,723.4,2,80.37777777777778,Female,No,No,Yes,No,Fiber optic,No,No,No,No,No,Yes,Month-to-month,Yes,Electronic check,0-12
0,1,0,0,1,41,86.2,3339.05,4,81.44024390243902,Female,Yes,No,Yes,No,Fiber optic,No,Yes,Yes,Yes,No,No,One year,Yes,Bank transfer (automatic),25-48
0,1,0,1,0,6,50.8,288.05,2,48.00833333333333,Female,No,No,Yes,No,DSL,No,No,No,Yes,No,No,Month-to-month,Yes,Bank transfer (automatic),0-12
0,1,1,0,1,33,103.7,3467.0,6,105.06060606060606,Female,Yes,Yes,Yes,Yes,Fiber optic,Yes,No,Yes,No,Yes,Yes,One year,Yes,Mailed check,25-48
0,0,0,0,1,39,19.75,757.95,1,19.434615384615388,Female,Yes,Yes,Yes,No,No,No internet service,No internet service,No internet service,No internet service,No internet service,No internet service,Two year,No,Mailed check,25-48
1,0,0,1,0,1,50.55,50.55,2,50.55,Female,No,No,Yes,Yes,DSL,No,No,No,No,No,No,Month-to-month,No,Mailed check,0-12
0,1,1,1,0,13,73.35,931.55,5,71.6576923076923,Male,No,No,Yes,No,DSL,No,Yes,No,Yes,Yes,Yes,Month-to-month,No,Mailed check,13-24
1,0,1,1,0,22,96.7,2082.95,4,94.67954545454545,Male,No,No,Yes,Yes,Fiber optic,No,No,No,No,Yes,Yes,Month-to-month,Yes,Electronic check,13-24
1,1,1,0,1,55,100.15,5409.75,5,98.35909090909091,Female,No,No,Yes,Yes,Fiber optic,No,No,Yes,No,Yes,Yes,One year,Yes,Electronic check,49-72
0,0,1,1,0,3,80.5,232.35,2,77.45,Female,No,No,Yes,No,Fiber optic,No,No,No,No,Yes,No,Month-to-month,Yes,Electronic check,0-12
0,1,0,0,1,51,47.85,2356.75,2,46.21078431372549,Male,No,Yes,Yes,No,DSL,No,No,No,Yes,No,No,One year,No,Credit card (automatic),49-72
0,1,0,0,1,52,53.75,2790.65,3,53.666346153846156,Male,No,No,Yes,No,DSL,Yes,No,Yes,No,No,No,One year,No,Electronic check,49-72
0,1,1,0,1,30,40.35,1187.05,2,39.568333333333335,Female,No,No,No,No phone service,DSL,No,No,No,Yes,No,Yes,One year,Yes,Credit card (automatic),25-48
0,0,0,0,1,40,25.25,1006.9,2,25.1725,Male,Yes,Yes,Yes,Yes,No,No internet service,No internet service,No internet service,No internet service,No internet service,No internet service,Two year,No,Credit card (automatic),25-48
0,0,1,1,0,14,85.15,1139.2,3,81.37142857142858,Male,Yes,No,Yes,Yes,Fiber optic,No,No,No,No,No,Yes,Month-to-month,Yes,Electronic check,13-24
0,0,0,1,1,41,45.2,1841.9,1,44.924390243902444,Female,No,Yes,Yes,No,DSL,No,No,No,No,No,No,Month-to-month,No,Bank transfer (automatic),25-48
0,1,0,1,1,43,40.45,1912.85,3,44.48488372093023,Male,No,Yes,No,No phone service,DSL,Yes,Yes,Yes,No,No,No,Month-to-month,Yes,Electronic check,25-48
0,1,1,0,1,72,85.15,6316.2,7,87.725,Male,Yes,No,Yes,Yes,DSL,No,Yes,Yes,Yes,Yes,Yes,Two year,Yes,Bank transfer (automatic),49-72
0,1,1,0,1,28,50.8,1386.8,4,49.528571428571425,Male,Yes,Yes,No,No phone service,DSL,Yes,No,Yes,Yes,Yes,No,One year,No,Mailed check,25-48
0,1,0,0,1,68,84.4,5746.75,4,84.51102941176471,Female,Yes,Yes,Yes,Yes,Fiber optic,No,Yes,Yes,No,No,No,Two year,Yes,Credit card (automatic),49-72
0,1,1,0,1,62,110.8,6840.95,7,110.33790322580644,Female,Yes,Yes,Yes,Yes,Fiber optic,No,Yes,Yes,Yes,Yes,Yes,One year,Yes,Electronic check,49-72
0,0,0,1,0,1,44.4,44.4,1,44.4,Male,No,Yes,Yes,No,DSL,No,No,No,No,No,No,Month-to-month,Yes,Electronic check,0-12
0,1,1,0,1,62,96.75,6125.4,5,98.79677419354839,Male,No,No,Yes,Yes,Fiber optic,No,No,Yes,No,Yes,Yes,One year,Yes,Electronic check,49-72
0,0,0,0,1,39,24.2,914.6,2,23.451282051282053,Female,Yes,Yes,Yes,Yes,No,No internet service,No internet service,No internet service,No internet service,No internet service,No internet service,One year,Yes,Mailed check,25-48
0,0,0,1,0,1,70.7,70.7,1,70.7,Female,No,No,Yes,No,Fiber optic,No,No,No,No,No,No,Month-to-month,Yes,Mailed check,0-12
0,1,1,1,0,2,76.4,160.8,5,80.4,Female,No,No,Yes,No,DSL,No,No,Yes,Yes,Yes,Yes,Month-to-month,No,Electronic check,0-12
0,0,1,0,1,71,93.7,6585.35,4,92.75140845070423,Female,Yes,No,Yes,Yes,Fiber optic,No,No,No,No,Yes,Yes,Two year,Yes,Bank transfer (automatic),49-72
0,0,0,1,0,3,50.65,151.3,2,50.43333333333334,Female,No,No,Yes,Yes,DSL,No,No,No,No,No,No,Month-to-month,Yes,Mailed check,0-12
0,1,1,0,1,50,82.5,4179.1,7,83.58200000000001,Female,No,No,Yes,Yes,DSL,Yes,No,Yes,Yes,Yes,Yes,One year,Yes,Credit card (automatic),49-72
0,1,1,0,0,21,80.9,1714.95,6,81.66428571428571,Female,Yes,No,Yes,No,DSL,Yes,No,Yes,Yes,Yes,Yes,One year,No,Mailed check,13-24
0,1,1,1,0,8,65.45,554.45,4,69.30625,Female,No,No,Yes,No,DSL,No,Yes,No,Yes,Yes,No,Month-to-month,Yes,Electronic check,0-12
0,0,1,1,0,17,85.45,1451.6,3,85.38823529411764,Female,Yes,Yes,Yes,Yes,Fiber optic,No,No,No,No,No,Yes,Month-to-month,Yes,Electronic check,13-24
1,0,0,0,1,45,24.7,1174.35,2,26.096666666666664,Male,Yes,No,Yes,Yes,No,No internet service,No internet service,No internet service,No internet service,No internet service,No internet service,One year,No,Credit card (automatic),25-48
0,0,0,1,0,4,50.9,225.6,2,56.4,Male,Yes,Yes,Yes,Yes,DSL,No,No,No,No,No,No,Month-to-month,Yes,Electronic check,0-12
0,1,1,0,1,67,50.95,3521.7,4,52.56268656716418,Male,Yes,No,No,No phone service,DSL,Yes,Yes,No,Yes,No,Yes,Two year,Yes,Bank transfer (automatic),49-72
0,1,0,1,0,3,34.25,139.35,2,46.449999999999996,Female,No,No,No,No phone service,DSL,Yes,No,No,Yes,No,No,Month-to-month,No,Mailed check,0-12
0,1,1,0,1,61,94.35,5703.0,5,93.49180327868852,Female,Yes,No,Yes,Yes,Fiber optic,No,Yes,No,Yes,No,Yes,Two year,Yes,Bank transfer (automatic),49-72
0,1,1,0,1,64,81.25,5567.55,7,86.99296875,Male,No,No,Yes,Yes,DSL,Yes,Yes,Yes,Yes,Yes,No,One year,No,Electronic check,49-72
0,0,0,0,0,22,19.6,422.5,1,19.204545454545453,Male,No,No,Yes,No,No,No internet service,No internet service,No internet service,No internet service,No internet service,No internet service,One year,No,Mailed check,13-24
0,0,1,1,0,4,55.9,238.5,2,59.625,Male,No,No,Yes,No,DSL,No,No,No,No,No,Yes,Month-to-month,Yes,Electronic check,0-12
1,1,1,0,1,52,80.85,4079.55,6,78.45288461538462,Male,Yes,Yes,Yes,Yes,DSL,No,Yes,Yes,No,Yes,Yes,One year,Yes,Electronic check,49-72
1,1,1,1,1,49,101.55,5070.4,5,103.47755102040816,Female,No,No,Yes,Yes,Fiber optic,Yes,No,No,No,Yes,Yes,Month-to-month,No,Credit card (automatic),49-72
0,1,1,0,1,53,108.95,5718.2,7,107.89056603773585,Female,Yes,No,Yes,Yes,Fiber optic,No,Yes,Yes,Yes,Yes,Yes,One year,Yes,Bank transfer (automatic),49-72
0,0,0,0,0,17,19.9,329.75,1,19.397058823529413,Male,Yes,Yes,Yes,No,No,No internet service,No internet service,No internet service,No internet service,No internet service,No internet service,One year,No,Bank transfer (automatic),13-24
1,0,0,0,1,65,70.95,4555.2,1,70.08,Male,Yes,No,Yes,No,Fiber optic,No,No,No,No,No,No,One year,Yes,Bank transfer (automatic),49-72
0,1,1,1,1,34,105.1,3634.8,6,106.90588235294118,Female,No,No,Yes,No,Fiber optic,No,Yes,Yes,Yes,Yes,Yes,Month-to-month,Yes,Electronic check,25-48
1,0,1,1,0,3,94.6,279.55,4,93.18333333333334,Male,Yes,No,Yes,Yes,Fiber optic,No,No,No,No,Yes,Yes,Month-to-month,Yes,Electronic check,0-12
0,0,0,1,0,9,19.85,178.8,1,19.866666666666667,Male,No,No,Yes,No,No,No internet service,No internet service,No internet service,No internet service,No internet service,No internet service,Month-to-month,No,Mailed check,0-12
1,0,1,0,1,70,45.25,3264.45,2,46.635,Male,No,No,No,No phone service,DSL,No,No,No,No,Yes,Yes,One year,Yes,Electronic check,49-72
0,1,1,0,1,72,115.8,8476.5,8,117.72916666666667,Female,Yes,Yes,Yes,Yes,Fiber optic,Yes,Yes,Yes,Yes,Yes,Yes,Two year,Yes,Bank transfer (automatic),49-72
0,1,1,0,1,40,60.3,2448.5,5,61.2125,Male,Yes,Yes,No,No phone service,DSL,No,Yes,Yes,Yes,Yes,Yes,One year,No,Mailed check,25-48
0,1,0,0,1,58,71.1,4299.2,6,74.12413793103448,Female,No,No,Yes,Yes,DSL,Yes,Yes,Yes,Yes,No,No,One year,Yes,Credit card (automatic),49-72
0,1,0,1,0,3,29.7,91.7,1,30.566666666666666,Female,Yes,Yes,No,No phone service,DSL,Yes,No,No,No,No,No,Month-to-month,No,Credit card (automatic),0-12
0,1,0,1,0,1,50.75,50.75,2,50.75,Male,No,No,Yes,No,DSL,Yes,No,No,No,No,No,Month-to-month,Yes,Mailed check,0-12
0,0,0,0,1,48,26.3,1245.05,2,25.938541666666666,Male,Yes,Yes,Yes,Yes,No,No internet service,No internet service,No internet service,No internet service,No internet service,No internet service,Two year,No,Bank transfer (automatic),25-48
0,1,1,0,1,25,99.3,2513.5,5,100.54,Male,No,No,Yes,No,Fiber optic,No,No,Yes,Yes,Yes,Yes,Two year,No,Bank transfer (automatic),25-48
0,1,1,0,1,49,107.95,5293.2,7,108.02448979591837,Female,Yes,Yes,Yes,Yes,Fiber optic,No,Yes,Yes,Yes,Yes,Yes,Two year,Yes,Bank transfer (automatic),49-72
0,1,0,1,0,9,74.25,639.65,2,71.07222222222222,Female,No,No,Yes,No,Fiber optic,Yes,No,No,No,No,No,Month-to-month,Yes,Credit card (automatic),0-12
0,1,1,1,0,15,101.75,1669.4,5,111.29333333333334,Female,Yes,No,Yes,No,Fiber optic,Yes,No,Yes,No,Yes,Yes,Month-to-month,No,Electronic check,13-24
0,1,1,0,1,66,74.6,4798.4,6,72.7030303030303,Male,No,No,Yes,Yes,DSL,Yes,Yes,Yes,No,No,Yes,Two year,Yes,Credit card (automatic),49-72
0,1,1,0,1,58,105.2,6225.4,6,107.33448275862068,Female,Yes,Yes,Yes,Yes,Fiber optic,No,Yes,Yes,No,Yes,Yes,One year,Yes,Credit card (automatic),49-72
0,1,1,0,1,43,71.9,3173.35,5,73.79883720930232,Male,Yes,Yes,Yes,Yes,DSL,Yes,No,No,Yes,No,Yes,One year,Yes,Credit card (automatic),25-48
0,1,1,0,1,43,64.85,2908.2,4,67.63255813953488,Female,Yes,No,Yes,Yes,DSL,No,No,No,Yes,Yes,No,One year,Yes,Bank transfer (automatic),25-48
0,1,0,1,1,47,75.45,3545.1,2,75.42765957446808,Female,No,No,Yes,No,Fiber optic,Yes,No,No,No,No,No,Month-to-month,No,Credit card (automatic),25-48
0,1,1,0,1,56,106.8,5914.4,6,105.61428571428571,Female,No,No,Yes,Yes,Fiber optic,No,Yes,Yes,No,Yes,Yes,One year,Yes,Electronic check,49-72
0,1,1,0,1,72,48.9,3527.0,4,48.986111111111114,Male,Yes,Yes,No,No phone service,DSL,Yes,No,Yes,Yes,Yes,No,Two year,No,Mailed check,49-72
0,1,0,1,0,16,75.1,1212.85,2,75.803125,Female,No,No,Yes,No,Fiber optic,No,Yes,No,No,No,No,Month-to-month,No,Bank transfer (automatic),13-24
0,1,1,0,1,68,64.1,4326.25,4,63.62132352941177,Female,Yes,No,Yes,No,DSL,No,Yes,No,Yes,Yes,No,Two year,No,Bank transfer (automatic),49-72
0,0,0,0,0,15,20.55,295.95,1,19.73,Female,Yes,Yes,Yes,No,No,No internet service,No internet service,No internet service,No internet service,No internet service,No internet service,One year,No,Mailed check,13-24
0,1,1,0,1,66,54.65,3632.0,4,55.03030303030303,Male,Yes,Yes,No,No phone service,DSL,No,No,Yes,Yes,Yes,Yes,Two year,No,Bank transfer (automatic),49-72
1,0,1,1,0,3,80.4,224.05,2,74.68333333333334,Female,Yes,No,Yes,No,Fiber optic,No,No,No,No,Yes,No,Month-to-month,Yes,Electronic check,0-12
0,1,1,0,1,72,109.7,8129.3,7,112.90694444444445,Female,Yes,Yes,Yes,Yes,Fiber optic,Yes,Yes,Yes,No,Yes,Yes,Two year,No,Credit card (automatic),49-72
0,0,0,0,1,27,20.35,531.6,1,19.68888888888889,Male,No,No,Yes,No,No,No internet service,No internet service,No internet service,No internet service,No internet service,No internet service,Two year,No,Credit card (automatic),25-48
0,0,0,1,0,3,19.65,60.65,1,20.216666666666665,Female,Yes,Yes,Yes,No,No,No internet service,No internet service,No internet service,No internet service,No internet service,No internet service,Month-to-month,No,Mailed check,0-12
0,1,0,1,0,22,79.35,1730.35,3,78.65227272727272,Male,No,No,Yes,Yes,Fiber optic,No,Yes,No,No,No,No,Month-to-month,Yes,Electronic check,13-24
0,1,1,1,1,58,65.25,3791.6,4,65.37241379310345,Female,Yes,No,Yes,No,DSL,Yes,Yes,No,No,Yes,No,Month-to-month,Yes,Credit card (automatic),49-72
0,0,0,0,1,72,23.3,1623.15,2,22.543750000000003,Female,Yes,Yes,Yes,Yes,No,No internet service,No internet service,No internet service,No internet service,No internet service,No internet service,One year,Yes,Bank transfer (automatic),49-72
0,1,1,0,1,32,104.05,3416.85,6,106.7765625,Female,No,No,Yes,Yes,Fiber optic,No,Yes,Yes,No,Yes,Yes,One year,Yes,Credit card (automatic),25-48
0,1,1,0,0,9,65.6,593.3,4,65.92222222222222,Female,Yes,Yes,Yes,No,DSL,No,Yes,No,Yes,Yes,No,One year,Yes,Mailed check,0-12
0,1,0,1,0,8,56.3,401.5,3,50.1875,Female,Yes,Yes,Yes,No,DSL,No,Yes,No,Yes,No,No,Month-to-month,No,Bank transfer (automatic),0-12
0,1,1,0,0,5,70.0,347.4,4,69.47999999999999,Male,No,No,Yes,No,DSL,No,No,Yes,No,Yes,Yes,One year,Yes,Mailed check,0-12
0,0,0,0,1,39,20.15,826.0,1,21.17948717948718,Female,No,No,Yes,No,No,No internet service,No internet service,No internet service,No internet service,No internet service,No internet service,Two year,No,Mailed check,25-48
0,0,1,1,1,24,79.85,2001.0,2,83.375,Male,No,No,Yes,No,Fiber optic,No,No,No,No,No,Yes,Month-to-month,Yes,Credit card (automatic),13-24
0,0,0,0,0,23,24.35,538.5,2,23.41304347826087,Male,Yes,Yes,Yes,Yes,No,No internet service,No internet service,No internet service,No internet service,No internet service,No internet service,One year,No,Mailed check,13-24
1,0,1,1,0,8,85.2,695.75,3,86.96875,Female,No,No,Yes,Yes,Fiber optic,No,No,No,No,No,Yes,Month-to-month,No,Electronic check,0-12
0,1,1,0,1,55,64.2,3627.3,4,65.9509090909091,Male,No,No,Yes,No,DSL,No,Yes,No,Yes,No,Yes,One year,Yes,Electronic check,49-72
0,0,0,1,0,1,68.5,68.5,1,68.5,Male,Yes,Yes,Yes,No,Fiber optic,No,No,No,No,No,No,Month-to-month,Yes,Electronic check,0-12
0,1,1,0,0,23,60.0,1347.15,3,58.571739130434786,Female,Yes,No,Yes,No,DSL,No,No,No,Yes,Yes,No,One year,No,Bank transfer (automatic),13-24
0,1,1,1,0,4,91.65,365.4,4,91.35,Female,Yes,No,Yes,Yes,Fiber optic,No,Yes,No,No,Yes,No,Month-to-month,Yes,Electronic check,0-12
0,1,1,0,1,54,94.1,5060.9,4,93.72037037037036,Female,No,No,Yes,No,Fiber optic,No,No,Yes,No,Yes,Yes,One year,Yes,Credit card (automatic),49-72
1,1,1,1,1,65,95.45,6223.3,5,95.74307692307693,Female,No,No,Yes,Yes,Fiber optic,No,Yes,Yes,No,Yes,No,Month-to-month,Yes,Bank transfer (automatic),49-72
0,0,0,0,1,39,25.25,947.75,0,24.30128205128205,Male,Yes,Yes,No,No phone service,DSL,No,No,No,No,No,No,One year,Yes,Credit card (automatic),25-48
0,1,1,0,1,51,111.55,5720.35,7,112.16372549019609,Male,Yes,No,Yes,Yes,Fiber optic,Yes,No,Yes,Yes,Yes,Yes,One year,Yes,Electronic check,49-72
0,0,1,1,0,16,63.05,1067.05,3,66.690625,Female,No,No,Yes,Yes,DSL,No,No,No,No,No,Yes,Month-to-month,Yes,Bank transfer (automatic),13-24
0,1,1,1,1,37,95.15,3532.85,5,95.48243243243243,Female,Yes,Yes,Yes,Yes,Fiber optic,No,Yes,Yes,No,No,Yes,Month-to-month,Yes,Electronic check,25-48
0,1,1,0,1,59,76.45,4519.5,6,76.60169491525424,Female,Yes,Yes,Yes,Yes,DSL,Yes,No,Yes,Yes,Yes,No,Two year,Yes,Mailed check,49-72
1,1,1,1,1,48,104.5,5068.05,6,105.58437500000001,Female,Yes,Yes,Yes,No,Fiber optic,Yes,No,Yes,Yes,Yes,Yes,Month-to-month,Yes,Electronic check,25-48
0,1,1,0,1,65,74.8,4820.15,5,74.15615384615384,Male,Yes,Yes,Yes,No,DSL,Yes,No,No,Yes,Yes,Yes,Two year,Yes,Bank transfer (automatic),49-72
0,0,0,0,1,24,19.9,533.5,1,22.229166666666668,Female,Yes,Yes,Yes,No,No,No internet service,No internet service,No internet service,No internet service,No internet service,No internet service,One year,No,Mailed check,13-24
0,1,1,1,0,8,66.05,574.5,4,71.8125,Female,No,No,Yes,No,DSL,Yes,No,No,Yes,No,Yes,Month-to-month,No,Bank transfer (automatic),0-12
0,1,0,1,0,22,78.85,1600.25,3,72.73863636363636,Male,No,No,Yes,Yes,Fiber optic,No,Yes,No,No,No,No,Month-to-month,Yes,Mailed check,13-24
0,1,1,1,0,10,62.25,612.95,4,61.295,Male,No,No,Yes,No,DSL,Yes,No,No,Yes,Yes,No,Month-to-month,No,Bank transfer (automatic),0-12
0,1,1,1,1,65,109.15,6941.2,7,106.78769230769231,Male,No,No,Yes,Yes,Fiber optic,No,Yes,Yes,Yes,Yes,Yes,Month-to-month,Yes,Electronic check,49-72
0,1,1,1,0,23,90.15,2044.95,4,88.9108695652174,Female,Yes,No,Yes,Yes,Fiber optic,No,No,Yes,No,No,Yes,Month-to-month,No,Mailed check,13-24
0,1,0,1,1,27,53.45,1461.45,3,54.12777777777778,Male,No,No,Yes,No,DSL,Yes,No,No,Yes,No,No,Month-to-month,No,Mailed check,25-48
0,0,0,0,1,24,20.45,527.35,1,21.972916666666666,Female,No,No,Yes,No,No,No internet service,No internet service,No internet service,No internet service,No internet service,No internet service,One year,No,Credit card (automatic),13-24
0,1,0,1,0,1,48.6,48.6,2,48.6,Female,No,No,Yes,No,DSL,Yes,No,No,No,No,No,Month-to-month,Yes,Credit card (automatic),0-12
0,1,1,0,1,63,99.7,6330.4,5,100.48253968253968,Male,Yes,No,Yes,No,Fiber optic,Yes,No,Yes,No,Yes,Yes,Two year,No,Credit card (automatic),49-72
0,1,0,0,1,60,60.5,3694.45,4,61.57416666666666,Male,Yes,Yes,Yes,No,DSL,Yes,Yes,Yes,No,No,No,Two year,No,Bank transfer (automatic),49-72
0,1,1,0,1,31,49.85,1520.1,4,49.03548387096774,Female,No,No,No,No phone service,DSL,Yes,Yes,No,Yes,No,Yes,Two year,Yes,Bank transfer (automatic),25-48
0,1,1,0,1,72,53.65,3784.0,4,52.55555555555556,Female,Yes,Yes,No,No phone service,DSL,No,Yes,No,Yes,Yes,Yes,Two year,No,Credit card (automatic),49-72
0,0,0,0,0,22,20.25,488.25,1,22.193181818181817,Male,Yes,Yes,Yes,No,No,No internet service,No internet service,No internet service,No internet service,No internet service,No internet service,One year,No,Bank transfer (automatic),13-24
1,1,1,1,0,7,64.95,493.65,4,70.52142857142857,Female,No,No,Yes,No,DSL,No,Yes,Yes,No,Yes,No,Month-to-month,Yes,Electronic check,0-12
0,0,0,1,0,4,45.25,155.35,1,38.8375,Male,Yes,Yes,Yes,No,DSL,No,No,No,No,No,No,Month-to-month,No,Mailed check,0-12
0,0,0,1,0,5,25.45,134.75,2,26.95,Female,No,No,Yes,Yes,No,No internet service,No internet service,No internet service,No internet service,No internet service,No internet service,Month-to-month,No,Mailed check,0-12
0,1,0,1,0,23,79.1,1783.75,3,77.55434782608695,Female,No,No,Yes,No,Fiber optic,No,Yes,No,Yes,No,No,Month-to-month,Yes,Mailed check,13-24
0,0,0,0,0,8,19.6,125.0,1,15.625,Male,Yes,Yes,Yes,No,No,No internet service,No internet service,No internet service,No internet service,No internet service,No internet service,Two year,No,Credit card (automatic),0-12
0,0,0,1,0,9,69.05,651.5,1,72.38888888888889,Female,No,No,Yes,No,Fiber optic,No,No,No,No,No,No,Month-to-month,No,Electronic check,0-12
1,1,1,1,0,23,95.1,2326.05,4,101.13260869565218,Female,Yes,No,Yes,No,Fiber optic,Yes,No,No,No,Yes,Yes,Month-to-month,Yes,Electronic check,13-24
0,1,0,0,1,72,69.85,5102.35,6,70.86597222222223,Male,Yes,Yes,Yes,Yes,DSL,Yes,Yes,Yes,Yes,No,No,Two year,No,Bank transfer (automatic),49-72
0,0,0,1,1,25,70.95,1767.35,1,70.694,Male,No,No,Yes,No,Fiber optic,No,No,No,No,No,No,Month-to-month,No,Mailed check,25-48
0,1,0,1,0,15,30.2,469.65,1,31.31,Male,Yes,Yes,No,No phone service,DSL,Yes,No,No,No,No,No,Month-to-month,Yes,Bank transfer (automatic),13-24
0,0,1,1,0,7,54.85,370.4,2,52.91428571428571,Male,No,No,Yes,No,DSL,No,No,No,No,Yes,No,Month-to-month,No,Mailed check,0-12
0,0,1,1,0,1,53.55,53.55,2,53.55,Female,No,No,Yes,No,DSL,No,No,No,No,Yes,No,Month-to-month,Yes,Mailed check,0-12
1,0,1,1,0,7,95.6,644.35,4,92.05,Male,Yes,No,Yes,Yes,Fiber optic,No,No,No,No,Yes,Yes,Month-to-month,Yes,Bank transfer (automatic),0-12
0,1,1,0,1,48,99.7,4977.2,5,103.69166666666666,Female,Yes,Yes,Yes,No,Fiber optic,Yes,No,Yes,No,Yes,Yes,One year,Yes,Bank transfer (automatic),25-48
0,1,1,0,1,69,108.75,7493.05,7,108.59492753623189,Female,Yes,Yes,Yes,Yes,Fiber optic,No,Yes,Yes,Yes,Yes,Yes,One year,Yes,Bank transfer (automatic),49-72
1,1,1,0,1,56,104.55,5794.65,6,103.47589285714285,Male,Yes,Yes,Yes,Yes,Fiber optic,Yes,No,Yes,No,Yes,Yes,One year,Yes,Bank transfer (automatic),49-72
1,0,1,1,0,3,79.9,260.9,2,86.96666666666665,Male,No,No,Yes,No,Fiber optic,No,No,No,No,Yes,No,Month-to-month,Yes,Electronic check,0-12
0,1,1,1,1,40,67.45,2731.0,4,68.275,Male,No,No,Yes,No,DSL,Yes,No,Yes,No,No,Yes,Month-to-month,No,Electronic check,25-48
0,0,0,0,0,6,19.55,124.45,1,20.741666666666667,Female,No,No,Yes,No,No,No internet service,No internet service,No internet service,No internet service,No internet service,No internet service,Two year,No,Mailed check,0-12
0,1,1,0,1,61,106.6,6428.4,6,105.38360655737705,Female,No,No,Yes,Yes,Fiber optic,No,No,Yes,Yes,Yes,Yes,Two year,Yes,Electronic check,49-72
1,0,1,1,0,1,86.05,86.05,3,86.05,Male,Yes,No,Yes,Yes,Fiber optic,No,No,No,No,Yes,No,Month-to-month,Yes,Electronic check,0-12
0,1,0,0,1,27,55.45,1477.65,3,54.72777777777778,Male,No,No,Yes,No,DSL,Yes,Yes,No,No,No,No,One year,No,Bank transfer (automatic),25-48
0,1,1,0,1,43,86.45,3574.5,7,83.12790697674419,Female,Yes,No,Yes,Yes,DSL,Yes,Yes,No,Yes,Yes,Yes,Two year,No,Credit card (automatic),25-48
1,0,1,1,0,20,61.6,1174.35,3,58.717499999999994,Female,No,No,Yes,Yes,DSL,No,No,No,No,No,Yes,Month-to-month,Yes,Mailed check,13-24
0,0,1,1,0,17,92.6,1579.7,4,92.9235294117647,Female,Yes,No,Yes,Yes,Fiber optic,No,No,No,No,Yes,Yes,Month-to-month,No,Electronic check,13-24
0,0,0,1,0,6,69.1,435.0,1,72.5,Male,No,No,Yes,No,Fiber optic,No,No,No,No,No,No,Month-to-month,Yes,Electronic check,0-12
0,1,0,0,1,41,35.45,1391.65,2,33.94268292682927,Female,Yes,No,No,No phone service,DSL,No,Yes,No,Yes,No,No,One year,No,Mailed check,25-48
0,0,1,1,0,1,79.9,79.9,2,79.9,Male,No,No,Yes,No,Fiber optic,No,No,No,No,No,Yes,Month-to-month,No,Electronic check,0-12
0,0,0,1,0,1,69.6,69.6,1,69.6,Female,No,No,Yes,No,Fiber optic,No,No,No,No,No,No,Month-to-month,Yes,Electronic check,0-12
0,0,0,1,0,13,25.15,331.85,0,25.52692307692308,Male,No,No,No,No phone service,DSL,No,No,No,No,No,No,Month-to-month,Yes,Bank transfer (automatic),13-24
0,1,1,0,1,52,105.0,5426.85,6,104.36250000000001,Male,No,No,Yes,No,Fiber optic,No,Yes,Yes,Yes,Yes,Yes,One year,Yes,Bank transfer (automatic),49-72
0,1,0,1,0,5,50.55,244.75,2,48.95,Female,No,No,Yes,No,DSL,No,Yes,No,No,No,No,Month-to-month,No,Bank transfer (automatic),0-12
0,1,1,0,1,72,90.6,6441.85,8,89.4701388888889,Male,Yes,Yes,Yes,Yes,DSL,Yes,Yes,Yes,Yes,Yes,Yes,Two year,Yes,Credit card (automatic),49-72
0,1,0,1,1,25,54.1,1373.0,3,54.92,Female,Yes,No,Yes,Yes,DSL,No,Yes,No,No,No,No,Month-to-month,No,Electronic check,25-48
0,1,1,0,1,66,104.55,6779.05,7,102.7128787878788,Female,No,No,Yes,Yes,Fiber optic,Yes,Yes,Yes,Yes,Yes,No,One year,Yes,Bank transfer (automatic),49-72
0,0,0,0,1,56,24.8,1424.2,2,25.432142857142857,Male,No,Yes,Yes,Yes,No,No internet service,No internet service,No internet service,No internet service,No internet service,No internet service,Two year,Yes,Mailed check,49-72
0,1,1,1,0,6,99.95,547.65,5,91.27499999999999,Female,No,No,Yes,No,Fiber optic,No,No,Yes,Yes,Yes,Yes,Month-to-month,Yes,Mailed check,0-12
0,1,1,0,1,60,59.85,3590.2,5,59.836666666666666,Female,Yes,Yes,No,No phone service,DSL,Yes,No,Yes,Yes,Yes,Yes,Two year,No,Credit card (automatic),49-72
1,1,1,0,1,48,99.0,4744.35,5,98.840625,Male,No,No,Yes,Yes,Fiber optic,No,Yes,No,No,Yes,Yes,One year,Yes,Electronic check,25-48
0,1,0,1,1,27,54.75,1510.3,3,55.93703703703704,Male,Yes,Yes,Yes,No,DSL,Yes,Yes,No,No,No,No,Month-to-month,Yes,Credit card (automatic),25-48
0,1,1,0,1,72,106.1,7548.6,7,104.84166666666667,Male,Yes,Yes,Yes,Yes,Fiber optic,Yes,Yes,Yes,Yes,Yes,No,Two year,Yes,Credit card (automatic),49-72
0,1,0,1,1,38,66.15,2522.4,5,66.37894736842105,Female,No,No,Yes,Yes,DSL,Yes,Yes,Yes,No,No,No,Month-to-month,Yes,Bank transfer (automatic),25-48
0,1,1,1,0,4,100.2,420.2,5,105.05,Male,Yes,No,Yes,Yes,Fiber optic,No,Yes,No,No,Yes,Yes,Month-to-month,Yes,Electronic check,0-12
0,0,0,0,0,4,19.55,68.8,1,17.2,Male,Yes,Yes,Yes,No,No,No internet service,No internet service,No internet service,No internet service,No internet service,No internet service,Two year,No,Credit card (automatic),0-12
0,1,1,0,1,42,94.45,3923.8,5,93.42380952380952,Female,Yes,Yes,Yes,Yes,Fiber optic,Yes,Yes,No,No,Yes,No,One year,Yes,Credit card (automatic),25-48
0,1,1,0,1,46,94.9,4422.95,5,96.15108695652174,Male,No,No,Yes,Yes,Fiber optic,No,Yes,Yes,No,Yes,No,One year,Yes,Credit card (automatic),25-48
0,1,0,0,1,40,42.35,1716.45,3,42.91125,Male,Yes,No,No,No phone service,DSL,Yes,Yes,Yes,No,No,No,One year,Yes,Electronic check,25-48
0,1,1,0,1,31,81.15,2545.75,6,82.12096774193549,Female,Yes,Yes,Yes,No,DSL,Yes,No,Yes,Yes,Yes,Yes,One year,Yes,Mailed check,25-48
0,1,1,1,1,30,107.5,3242.5,7,108.08333333333333,Female,Yes,Yes,Yes,Yes,Fiber optic,No,Yes,Yes,Yes,Yes,Yes,Month-to-month,Yes,Electronic check,25-48
0,1,1,1,0,13,65.85,902.25,4,69.40384615384616,Male,Yes,No,Yes,Yes,DSL,Yes,No,No,No,No,Yes,Month-to-month,Yes,Electronic check,13-24
1,0,0,0,0,14,19.65,228.65,1,16.33214285714286,Male,Yes,No,Yes,No,No,No internet service,No internet service,No internet service,No internet service,No internet service,No internet service,One year,No,Mailed check,13-24
0,0,0,0,0,10,19.3,185.2,1,18.52,Female,No,No,Yes,No,No,No internet service,No internet service,No internet service,No internet service,No internet service,No internet service,One year,Yes,Mailed check,0-12
1,1,1,0,1,30,69.1,2093.9,5,69.79666666666667,Male,No,No,Yes,Yes,DSL,No,No,Yes,Yes,Yes,No,Two year,Yes,Credit card (automatic),25-48
1,1,1,1,1,35,91.0,3180.5,4,90.87142857142857,Male,No,No,Yes,Yes,Fiber optic,Yes,No,No,No,No,Yes,Month-to-month,No,Credit card (automatic),25-48
0,1,0,0,1,32,79.25,2619.15,3,81.8484375,Male,Yes,No,Yes,Yes,Fiber optic,No,No,No,Yes,No,No,One year,Yes,Electronic check,25-48
0,1,0,1,0,2,75.7,189.2,2,94.6,Male,No,No,Yes,No,Fiber optic,Yes,No,No,No,No,No,Month-to-month,Yes,Electronic check,0-12
0,0,0,0,1,35,19.9,666.0,1,19.02857142857143,Male,Yes,Yes,Yes,No,No,No internet service,No internet service,No internet service,No internet service,No internet service,No internet service,One year,No,Electronic check,25-48
0,1,1,1,1,27,100.75,2793.55,6,103.46481481481482,Male,Yes,Yes,Yes,Yes,Fiber optic,Yes,Yes,No,Yes,Yes,No,Month-to-month,No,Electronic check,25-48
0,0,0,0,1,72,24.75,1859.1,2,25.820833333333333,Male,Yes,Yes,Yes,Yes,No,No internet service,No internet service,No internet service,No internet service,No internet service,No internet service,Two year,No,Credit card (automatic),49-72
0,0,0,1,0,1,19.2,19.2,1,19.2,Male,No,Yes,Yes,No,No,No internet service,No internet service,No internet service,No internet service,No internet service,No internet service,Month-to-month,Yes,Mailed check,0-12
0,0,0,1,0,1,43.95,43.95,1,43.95,Female,No,No,Yes,No,DSL,No,No,No,No,No,No,Month-to-month,No,Mailed check,0-12
0,1,1,0,1,64,100.3,6603.8,5,103.184375,Male,No,No,Yes,No,Fiber optic,Yes,Yes,No,No,Yes,Yes,One year,Yes,Credit card (automatic),49-72
0,1,0,1,0,19,56.1,1033.9,3,54.415789473684214,Female,No,No,Yes,Yes,DSL,No,No,Yes,No,No,No,Month-to-month,Yes,Mailed check,13-24
0,1,0,1,0,4,49.4,184.4,2,46.1,Male,No,Yes,Yes,No,DSL,Yes,No,No,No,No,No,Month-to-month,Yes,Electronic check,0-12
0,0,0,1,0,1,69.6,69.6,1,69.6,Male,No,No,Yes,No,Fiber optic,No,No,No,No,No,No,Month-to-month,Yes,Electronic check,0-12
0,1,1,1,1,34,65.0,2157.5,4,63.455882352941174,Female,No,No,Yes,Yes,DSL,No,No,No,Yes,Yes,No,Month-to-month,No,Mailed check,25-48
0,1,1,0,1,72,49.2,3580.95,4,49.735416666666666,Female,Yes,No,No,No phone service,DSL,Yes,Yes,Yes,No,No,Yes,Two year,Yes,Electronic check,49-72
0,1,1,0,1,70,116.55,8152.3,8,116.46142857142857,Male,Yes,Yes,Yes,Yes,Fiber optic,Yes,Yes,Yes,Yes,Yes,Yes,Two year,Yes,Credit card (automatic),49-72
0,1,0,0,1,66,66.9,4370.25,5,66.2159090909091,Female,Yes,No,Yes,Yes,DSL,Yes,Yes,Yes,No,No,No,Two year,No,Bank transfer (automatic),49-72
1,1,1,0,1,69,108.4,7318.2,7,106.06086956521739,Male,Yes,No,Yes,Yes,Fiber optic,No,Yes,Yes,Yes,Yes,Yes,Two year,Yes,Bank transfer (automatic),49-72
0,1,1,0,0,15,64.85,950.75,4,63.38333333333333,Male,No,Yes,Yes,No,DSL,Yes,No,Yes,No,No,Yes,One year,No,Mailed check,13-24
0,1,1,0,1,70,111.15,7737.55,7,110.53642857142857,Female,No,No,Yes,Yes,Fiber optic,Yes,Yes,Yes,No,Yes,Yes,Two year,Yes,Mailed check,49-72
0,0,0,0,1,66,25.15,1683.6,2,25.509090909090908,Female,No,No,Yes,Yes,No,No internet service,No internet service,No internet service,No internet service,No internet service,No internet service,Two year,Yes,Credit card (automatic),49-72
1,0,1,1,1,42,84.65,3541.35,3,84.31785714285714,Female,No,No,Yes,Yes,Fiber optic,No,No,No,No,Yes,No,Month-to-month,Yes,Electronic check,25-48
0,0,1,1,0,3,80.7,239.45,2,79.81666666666666,Female,Yes,Yes,Yes,No,Fiber optic,No,No,No,No,Yes,No,Month-to-month,Yes,Electronic check,0-12
0,1,1,0,1,31,103.45,3066.45,6,98.91774193548386,Male,No,No,Yes,Yes,Fiber optic,No,Yes,Yes,No,Yes,Yes,One year,Yes,Electronic check,25-48
0,1,1,0,1,42,54.75,2348.45,5,55.915476190476184,Female,No,No,No,No phone service,DSL,Yes,Yes,Yes,Yes,No,Yes,One year,Yes,Electronic check,25-48
0,1,1,1,0,3,98.7,293.65,5,97.88333333333333,Male,No,No,Yes,No,Fiber optic,No,No,Yes,Yes,Yes,Yes,Month-to-month,Yes,Electronic check,0-12
0,0,0,0,1,63,20.5,1328.15,1,21.081746031746032,Male,No,No,Yes,No,No,No internet service,No internet service,No internet service,No internet service,No internet service,No internet service,One year,No,Mailed check,49-72
0,0,0,0,1,50,20.55,1067.65,1,21.353,Male,Yes,No,Yes,No,No,No internet service,No internet service,No internet service,No internet service,No internet service,No internet service,Two year,No,Mailed check,49-72
0,0,0,1,0,1,69.9,69.9,1,69.9,Male,No,No,Yes,No,Fiber optic,No,No,No,No,No,No,Month-to-month,Yes,Electronic check,0-12
0,1,1,0,1,64,96.9,6314.35,5,98.66171875,Female,Yes,No,Yes,No,Fiber optic,Yes,No,No,Yes,Yes,Yes,One year,Yes,Mailed check,49-72
0,1,1,0,0,17,64.8,1175.6,4,69.15294117647058,Male,Yes,No,Yes,No,DSL,Yes,Yes,No,No,No,Yes,One year,No,Mailed check,13-24
0,1,0,0,1,48,55.8,2651.2,3,55.23333333333333,Male,Yes,Yes,Yes,No,DSL,No,Yes,Yes,No,No,No,One year,Yes,Credit card (automatic),25-48
0,1,1,0,1,38,60.0,2193.2,5,57.715789473684204,Male,Yes,No,No,No phone service,DSL,Yes,Yes,No,Yes,Yes,Yes,Two year,Yes,Bank transfer (automatic),25-48
0,1,0,0,0,15,55.2,864.55,3,57.63666666666666,Male,No,Yes,Yes,No,DSL,No,No,Yes,Yes,No,No,One year,No,Credit card (automatic),13-24
0,0,0,0,1,28,70.4,1992.2,1,71.15,Female,Yes,Yes,Yes,No,Fiber optic,No,No,No,No,No,No,One year,Yes,Bank transfer (automatic),25-48
0,1,1,0,1,72,111.95,8033.1,7,111.57083333333334,Male,Yes,Yes,Yes,No,Fiber optic,Yes,Yes,Yes,Yes,Yes,Yes,Two year,No,Bank transfer (automatic),49-72
0,1,1,0,1,42,48.15,2032.3,4,48.38809523809524,Male,Yes,Yes,No,No phone service,DSL,Yes,No,Yes,Yes,Yes,No,Two year,No,Credit card (automatic),25-48
0,0,0,1,0,1,20.5,20.5,1,20.5,Female,No,No,Yes,No,No,No internet service,No internet service,No internet service,No internet service,No internet service,No internet service,Month-to-month,No,Mailed check,0-12
0,0,1,1,1,31,86.55,2697.4,3,87.01290322580645,Female,No,Yes,Yes,Yes,Fiber optic,No,No,No,No,Yes,No,Month-to-month,Yes,Credit card (automatic),25-48
1,1,0,1,1,44,30.35,1359.7,1,30.902272727272727,Male,Yes,No,No,No phone service,DSL,No,Yes,No,No,No,No,Month-to-month,Yes,Electronic check,25-48
0,1,0,0,0,11,53.8,651.55,3,59.23181818181818,Female,No,No,Yes,No,DSL,No,No,Yes,Yes,No,No,One year,No,Bank transfer (automatic),0-12
0,0,1,1,0,6,55.0,340.4,2,56.73333333333333,Female,No,No,Yes,No,DSL,No,No,No,No,No,Yes,Month-to-month,Yes,Electronic check,0-12
0,1,1,0,1,68,101.35,7110.75,6,104.56985294117646,Male,No,No,Yes,Yes,Fiber optic,Yes,Yes,Yes,No,Yes,No,One year,No,Bank transfer (automatic),49-72
0,1,0,0,1,62,81.45,4983.05,3,80.37177419354839,Male,Yes,Yes,Yes,No,Fiber optic,Yes,Yes,No,No,No,No,One year,Yes,Credit card (automatic),49-72
0,1,1,1,0,21,103.9,2254.2,6,107.34285714285713,Female,Yes,No,Yes,Yes,Fiber optic,Yes,No,Yes,No,Yes,Yes,Month-to-month,Yes,Electronic check,13-24
0,1,1,0,0,0,73.35,0.0,6,73.35,Female,Yes,Yes,Yes,Yes,DSL,No,Yes,Yes,Yes,Yes,No,Two year,No,Mailed check,0-12
1,0,1,1,0,9,83.85,790.15,3,87.79444444444444,Male,No,No,Yes,Yes,Fiber optic,No,No,No,No,No,Yes,Month-to-month,Yes,Electronic check,0-12
0,1,1,0,1,69,112.55,7806.5,8,113.1376811594203,Male,Yes,No,Yes,Yes,Fiber optic,Yes,Yes,Yes,Yes,Yes,Yes,Two year,Yes,Bank transfer (automatic),49-72
0,0,0,1,0,7,20.75,141.1,1,20.157142857142855,Male,No,No,Yes,No,No,No internet service,No internet service,No internet service,No internet service,No internet service,No internet service,Month-to-month,No,Mailed check,0-12
0,1,1,0,1,67,111.25,7511.65,7,112.1141791044776,Female,Yes,No,Yes,Yes,Fiber optic,Yes,No,Yes,Yes,Yes,Yes,One year,Yes,Electronic check,49-72
0,1,0,0,1,45,54.15,2319.8,3,51.55111111111111,Female,Yes,Yes,Yes,No,DSL,No,Yes,No,Yes,No,No,One year,Yes,Credit card (automatic),25-48
1,0,1,1,0,17,94.8,1563.9,4,91.99411764705883,Male,Yes,No,Yes,Yes,Fiber optic,No,No,No,No,Yes,Yes,Month-to-month,Yes,Electronic check,13-24
0,0,0,0,1,35,21.1,741.0,1,21.17142857142857,Female,No,No,Yes,No,No,No internet service,No internet service,No internet service,No internet service,No internet service,No internet service,One year,No,Mailed check,25-48
1,1,1,1,0,3,86.85,220.95,3,73.64999999999999,Female,No,No,Yes,No,Fiber optic,No,No,Yes,No,Yes,No,Month-to-month,Yes,Electronic check,0-12
0,0,1,1,0,12,86.55,1066.9,3,88.90833333333335,Female,No,No,Yes,Yes,Fiber optic,No,No,No,No,No,Yes,Month-to-month,Yes,Electronic check,0-12
0,0,0,1,1,34,25.05,852.7,0,25.079411764705885,Male,No,No,No,No phone service,DSL,No,No,No,No,No,No,Month-to-month,Yes,Bank transfer (automatic),25-48
0,1,1,0,1,56,105.6,6068.65,6,108.36874999999999,Female,Yes,No,Yes,No,Fiber optic,Yes,Yes,Yes,No,Yes,Yes,One year,Yes,Credit card (automatic),49-72
1,0,1,1,0,7,89.0,605.45,3,86.49285714285715,Male,Yes,No,Yes,No,Fiber optic,No,No,No,No,Yes,Yes,Month-to-month,Yes,Electronic check,0-12
0,0,0,1,0,1,25.7,25.7,2,25.7,Female,No,No,Yes,Yes,No,No internet service,No internet service,No internet service,No internet service,No internet service,No internet service,Month-to-month,Yes,Electronic check,0-12
0,0,0,0,1,53,20.25,1048.45,1,19.782075471698114,Female,No,No,Yes,No,No,No internet service,No internet service,No internet service,No internet service,No internet service,No internet service,Two year,No,Mailed check,49-72
1,1,1,0,1,42,105.2,4599.15,6,109.50357142857142,Female,Yes,No,Yes,Yes,Fiber optic,Yes,No,Yes,No,Yes,Yes,One year,Yes,Bank transfer (automatic),25-48
0,1,1,0,1,52,91.25,4738.3,4,91.12115384615385,Male,No,No,Yes,No,Fiber optic,Yes,No,Yes,No,Yes,No,One year,No,Electronic check,49-72
0,1,1,0,1,72,117.15,8529.5,8,118.46527777777777,Female,Yes,No,Yes,Yes,Fiber optic,Yes,Yes,Yes,Yes,Yes,Yes,Two year,Yes,Credit card (automatic),49-72
0,0,0,1,0,2,24.4,36.55,0,18.275,Female,Yes,Yes,No,No phone service,DSL,No,No,No,No,No,No,Month-to-month,Yes,Mailed check,0-12
0,1,0,1,0,2,79.55,151.75,3,75.875,Female,No,No,Yes,Yes,Fiber optic,No,Yes,No,No,No,No,Month-to-month,No,Electronic check,0-12
0,1,1,0,1,52,101.25,5301.1,5,101.94423076923077,Female,Yes,Yes,Yes,Yes,Fiber optic,No,No,Yes,No,Yes,Yes,One year,No,Bank transfer (automatic),49-72
0,0,0,0,0,6,25.1,171.0,2,28.5,Male,Yes,No,Yes,Yes,No,No internet service,No internet service,No internet service,No internet service,No internet service,No internet service,One year,No,Mailed check,0-12
0,1,1,0,1,72,115.8,8332.15,8,115.72430555555555,Male,Yes,No,Yes,Yes,Fiber optic,Yes,Yes,Yes,Yes,Yes,Yes,Two year,No,Credit card (automatic),49-72
1,0,1,1,0,1,91.3,91.3,3,91.3,Female,No,No,Yes,No,Fiber optic,No,No,No,No,Yes,Yes,Month-to-month,Yes,Electronic check,0-12
0,1,1,0,1,50,109.65,5551.15,7,111.023,Female,No,No,Yes,Yes,Fiber optic,Yes,Yes,No,Yes,Yes,Yes,Two year,Yes,Electronic check,49-72
0,1,1,0,1,68,82.45,5646.6,7,83.03823529411765,Female,No,No,Yes,No,DSL,Yes,Yes,Yes,Yes,Yes,Yes,Two year,Yes,Credit card (automatic),49-72
0,0,0,1,0,1,69.15,69.15,1,69.15,Male,Yes,No,Yes,No,Fiber optic,No,No,No,No,No,No,Month-to-month,Yes,Electronic check,0-12
0,1,1,1,0,3,60.65,196.9,3,65.63333333333334,Male,No,No,Yes,No,DSL,No,No,No,Yes,No,Yes,Month-to-month,No,Mailed check,0-12
0,1,1,0,0,22,59.75,1374.35,3,62.470454545454544,Male,Yes,No,Yes,No,DSL,Yes,No,No,No,Yes,No,One year,Yes,Bank transfer (automatic),13-24
0,1,1,0,1,72,79.5,5661.7,7,78.63472222222222,Female,Yes,Yes,Yes,Yes,DSL,Yes,Yes,Yes,Yes,No,Yes,Two year,Yes,Bank transfer (automatic),49-72
0,0,0,0,1,64,19.8,1336.65,1,20.88515625,Female,Yes,Yes,Yes,No,No,No internet service,No internet service,No internet service,No internet service,No internet service,No internet service,One year,No,Bank transfer (automatic),49-72
0,0,0,0,0,6,20.6,116.6,1,19.433333333333334,Male,No,No,Yes,No,No,No internet service,No internet service,No internet service,No internet service,No internet service,No internet service,One year,No,Mailed check,0-12
0,0,0,0,1,68,19.95,1303.25,1,19.165441176470587,Male,Yes,Yes,Yes,No,No,No internet service,No internet service,No internet service,No internet service,No internet service,No internet service,Two year,Yes,Bank transfer (automatic),49-72
0,1,1,0,1,66,104.25,6860.6,6,103.94848484848485,Male,No,No,Yes,Yes,Fiber optic,No,Yes,No,Yes,Yes,Yes,One year,Yes,Electronic check,49-72
1,0,1,1,0,1,78.45,78.45,2,78.45,Female,No,No,Yes,No,Fiber optic,No,No,No,No,Yes,No,Month-to-month,No,Electronic check,0-12
0,0,1,1,0,6,89.5,573.3,3,95.55,Female,No,No,Yes,No,Fiber optic,No,No,No,No,Yes,Yes,Month-to-month,Yes,Electronic check,0-12
1,0,0,1,0,3,70.4,204.7,1,68.23333333333333,Female,No,No,Yes,No,Fiber optic,No,No,No,No,No,No,Month-to-month,Yes,Electronic check,0-12
0,1,1,0,1,34,116.25,3899.05,8,114.6779411764706,Male,No,No,Yes,Yes,Fiber optic,Yes,Yes,Yes,Yes,Yes,Yes,One year,No,Credit card (automatic),25-48
0,1,1,0,1,60,97.2,5611.75,5,93.52916666666667,Female,Yes,No,Yes,No,Fiber optic,Yes,No,No,Yes,Yes,Yes,Two year,Yes,Electronic check,49-72
0,0,1,1,0,10,80.25,846.0,2,84.6,Female,No,No,Yes,No,Fiber optic,No,No,No,No,No,Yes,Month-to-month,Yes,Bank transfer (automatic),0-12
0,0,0,0,1,49,25.25,1211.65,2,24.727551020408164,Female,Yes,Yes,Yes,Yes,No,No internet service,No internet service,No internet service,No internet service,No internet service,No internet service,Two year,No,Mailed check,49-72
0,1,1,0,1,48,73.85,3581.4,6,74.6125,Female,No,No,Yes,Yes,DSL,No,Yes,Yes,Yes,Yes,No,One year,Yes,Bank transfer (automatic),25-48
1,1,0,0,0,14,39.7,692.35,3,49.45357142857143,Female,No,No,No,No phone service,DSL,Yes,No,Yes,Yes,No,No,Two year,No,Mailed check,13-24
1,1,0,1,1,68,80.35,5589.3,3,82.19558823529412,Male,Yes,No,Yes,Yes,Fiber optic,No,No,Yes,No,No,No,Month-to-month,Yes,Credit card (automatic),49-72
0,1,1,1,1,37,40.2,1478.85,2,39.96891891891892,Female,No,No,No,No phone service,DSL,No,No,Yes,No,No,Yes,Month-to-month,Yes,Credit card (automatic),25-48
0,1,1,0,1,69,113.25,7895.15,8,114.42246376811593,Female,Yes,Yes,Yes,Yes,Fiber optic,Yes,Yes,Yes,Yes,Yes,Yes,Two year,No,Credit card (automatic),49-72
0,1,0,0,0,13,35.4,450.4,2,34.646153846153844,Female,No,No,No,No phone service,DSL,No,No,Yes,Yes,No,No,Two year,No,Mailed check,13-24
0,0,0,1,0,8,19.45,159.2,1,19.9,Male,No,Yes,Yes,No,No,No internet service,No internet service,No internet service,No internet service,No internet service,No internet service,Month-to-month,No,Bank transfer (automatic),0-12
0,1,1,1,0,13,72.8,930.05,6,71.54230769230769,Male,Yes,Yes,Yes,Yes,DSL,No,Yes,Yes,Yes,Yes,No,Month-to-month,Yes,Electronic check,13-24
0,1,0,0,1,57,59.75,3450.15,4,60.52894736842106,Male,Yes,No,Yes,No,DSL,Yes,Yes,No,Yes,No,No,Two year,Yes,Electronic check,49-72
0,1,1,0,1,72,89.85,6562.9,8,91.15138888888889,Male,Yes,Yes,Yes,Yes,DSL,Yes,Yes,Yes,Yes,Yes,Yes,Two year,No,Credit card (automatic),49-72
0,0,0,0,0,8,19.05,201.7,1,25.2125,Female,Yes,Yes,Yes,No,No,No internet service,No internet service,No internet service,No internet service,No internet service,No internet service,Two year,No,Mailed check,0-12
0,1,0,0,1,45,53.3,2296.25,3,51.02777777777778,Male,Yes,No,Yes,No,DSL,Yes,No,Yes,No,No,No,Two year,No,Credit card (automatic),25-48
0,1,1,1,0,21,43.55,1011.5,3,48.166666666666664,Male,No,No,No,No phone service,DSL,Yes,No,No,Yes,Yes,No,Month-to-month,Yes,Mailed check,13-24
0,1,1,1,1,39,40.6,1494.5,2,38.32051282051282,Male,No,No,No,No phone service,DSL,No,No,No,Yes,No,Yes,Month-to-month,Yes,Electronic check,25-48
0,0,0,1,0,15,24.8,324.15,2,21.61,Male,No,Yes,Yes,Yes,No,No internet service,No internet service,No internet service,No internet service,No internet service,No internet service,Month-to-month,Yes,Electronic check,13-24
0,1,1,0,1,54,63.35,3409.1,4,63.13148148148148,Male,Yes,Yes,Yes,Yes,DSL,No,No,Yes,No,No,Yes,Two year,No,Credit card (automatic),49-72
0,1,1,0,1,60,89.55,5231.2,4,87.18666666666667,Male,No,No,Yes,Yes,Fiber optic,No,No,Yes,No,Yes,No,Two year,Yes,Electronic check,49-72
0,0,1,1,0,2,45.25,85.5,2,42.75,Female,No,No,No,No phone service,DSL,No,No,No,No,Yes,Yes,Month-to-month,Yes,Electronic check,0-12
0,1,1,1,1,37,90.35,3419.3,4,92.41351351351352,Male,Yes,No,Yes,No,Fiber optic,No,No,Yes,Yes,No,Yes,Month-to-month,Yes,Electronic check,25-48
0,1,0,1,0,12,54.2,690.5,3,57.541666666666664,Female,Yes,No,Yes,No,DSL,Yes,No,No,Yes,No,No,Month-to-month,No,Bank transfer (automatic),0-12
0,1,1,1,1,30,106.4,3211.9,6,107.06333333333333,Female,No,No,Yes,Yes,Fiber optic,Yes,No,No,Yes,Yes,Yes,Month-to-month,No,Bank transfer (automatic),25-48
0,1,1,1,1,61,106.2,6375.2,6,104.51147540983607,Male,Yes,No,Yes,Yes,Fiber optic,Yes,Yes,No,No,Yes,Yes,Month-to-month,Yes,Electronic check,49-72
1,1,1,0,1,72,64.8,4732.35,6,65.72708333333334,Male,Yes,Yes,No,No phone service,DSL,Yes,Yes,Yes,Yes,Yes,Yes,Two year,Yes,Bank transfer (automatic),49-72
0,0,0,0,0,1,20.2,20.2,1,20.2,Male,Yes,Yes,Yes,No,No,No internet service,No internet service,No internet service,No internet service,No internet service,No internet service,One year,Yes,Electronic check,0-12
1,1,1,0,1,38,95.0,3591.25,5,94.50657894736842,Female,Yes,No,Yes,Yes,Fiber optic,Yes,Yes,No,No,No,Yes,One year,No,Credit card (automatic),25-48
0,1,1,1,1,25,65.8,1679.65,4,67.186,Female,No,No,Yes,No,DSL,No,Yes,No,Yes,No,Yes,Month-to-month,Yes,Bank transfer (automatic),25-48
0,0,0,0,1,71,24.65,1710.15,2,24.086619718309862,Female,Yes,No,Yes,Yes,No,No internet service,No internet service,No internet service,No internet service,No internet service,No internet service,Two year,Yes,Bank transfer (automatic),49-72
0,0,0,1,1,26,20.25,493.95,1,18.998076923076923,Female,Yes,Yes,Yes,No,No,No internet service,No internet service,No internet service,No internet service,No internet service,No internet service,Month-to-month,Yes,Credit card (automatic),25-48
0,1,1,1,0,20,89.1,1879.25,4,93.9625,Female,No,No,Yes,Yes,Fiber optic,Yes,No,No,No,Yes,No,Month-to-month,Yes,Bank transfer (automatic),13-24
0,1,1,1,1,28,94.5,2659.4,5,94.97857142857143,Male,No,No,Yes,Yes,Fiber optic,Yes,Yes,No,No,No,Yes,Month-to-month,Yes,Credit card (automatic),25-48
0,1,1,0,1,31,93.8,2939.8,4,94.83225806451614,Male,Yes,No,Yes,No,Fiber optic,No,No,Yes,No,Yes,Yes,One year,Yes,Electronic check,25-48
1,0,1,1,1,32,96.15,3019.25,4,94.3515625,Male,No,No,Yes,Yes,Fiber optic,No,No,No,No,Yes,Yes,Month-to-month,Yes,Credit card (automatic),25-48
0,0,1,1,0,13,35.1,446.1,1,34.315384615384616,Female,No,No,No,No phone service,DSL,No,No,No,No,No,Yes,Month-to-month,Yes,Electronic check,13-24
0,0,0,1,0,15,26.35,378.6,2,25.240000000000002,Male,No,No,Yes,Yes,No,No internet service,No internet service,No internet service,No internet service,No internet service,No internet service,Month-to-month,Yes,Electronic check,13-24
0,1,0,0,1,60,39.6,2424.5,3,40.40833333333333,Male,No,No,No,No phone service,DSL,Yes,Yes,Yes,No,No,No,Two year,No,Bank transfer (automatic),49-72
0,0,0,1,0,3,75.25,242.0,2,80.66666666666667,Female,No,No,Yes,Yes,Fiber optic,No,No,No,No,No,No,Month-to-month,No,Electronic check,0-12
0,1,1,0,1,54,100.05,5299.65,5,98.14166666666667,Female,No,No,Yes,No,Fiber optic,Yes,Yes,No,No,Yes,Yes,One year,Yes,Credit card (automatic),49-72
0,0,0,0,0,3,19.1,52.0,1,17.333333333333332,Female,Yes,Yes,Yes,No,No,No internet service,No internet service,No internet service,No internet service,No internet service,No internet service,Two year,No,Mailed check,0-12
0,0,0,1,0,9,71.0,672.55,1,74.72777777777777,Female,No,No,Yes,No,Fiber optic,No,No,No,No,No,No,Month-to-month,No,Electronic check,0-12
0,1,1,1,0,17,104.2,1743.5,6,102.55882352941177,Female,Yes,Yes,Yes,Yes,Fiber optic,Yes,No,Yes,No,Yes,Yes,Month-to-month,Yes,Electronic check,13-24
1,1,1,1,0,15,96.3,1426.75,5,95.11666666666666,Female,No,No,Yes,No,Fiber optic,Yes,No,Yes,Yes,No,Yes,Month-to-month,Yes,Mailed check,13-24
0,0,0,0,0,19,25.6,485.9,2,25.573684210526313,Female,Yes,Yes,Yes,Yes,No,No internet service,No internet service,No internet service,No internet service,No internet service,No internet service,Two year,No,Mailed check,13-24
0,0,1,1,0,4,85.95,381.3,3,95.325,Female,Yes,Yes,Yes,Yes,Fiber optic,No,No,No,No,No,Yes,Month-to-month,Yes,Electronic check,0-12
0,0,1,1,0,1,79.35,79.35,2,79.35,Female,No,Yes,Yes,No,Fiber optic,No,No,No,No,Yes,No,Month-to-month,Yes,Electronic check,0-12
0,1,1,0,1,72,60.95,4549.05,5,63.181250000000006,Male,Yes,Yes,No,No phone service,DSL,Yes,No,Yes,Yes,Yes,Yes,Two year,No,Bank transfer (automatic),49-72
0,1,0,0,1,25,55.1,1466.1,3,58.644,Male,Yes,Yes,Yes,Yes,DSL,No,No,No,Yes,No,No,One year,Yes,Mailed check,25-48
0,0,0,1,0,9,76.25,684.85,2,76.09444444444445,Male,No,No,Yes,Yes,Fiber optic,No,No,No,No,No,No,Month-to-month,Yes,Electronic check,0-12
0,0,0,1,0,5,20.5,104.3,1,20.86,Female,No,No,Yes,No,No,No internet service,No internet service,No internet service,No internet service,No internet service,No internet service,Month-to-month,Yes,Mailed check,0-12
0,1,0,1,1,61,33.6,2117.2,2,34.708196721311474,Male,Yes,Yes,No,No phone service,DSL,Yes,No,Yes,No,No,No,Month-to-month,No,Bank transfer (automatic),49-72
0,1,1,0,1,71,104.1,7412.25,6,104.39788732394366,Female,Yes,No,Yes,Yes,Fiber optic,Yes,No,Yes,No,Yes,Yes,One year,Yes,Credit card (automatic),49-72
0,0,0,0,1,60,19.25,1103.25,1,18.3875,Female,Yes,Yes,Yes,No,No,No internet service,No internet service,No internet service,No internet service,No internet service,No internet service,Two year,Yes,Credit card (automatic),49-72
0,1,0,0,1,55,59.2,3175.85,4,57.74272727272727,Male,No,No,Yes,No,DSL,Yes,No,Yes,Yes,No,No,Two year,Yes,Electronic check,49-72
1,1,1,0,1,60,74.85,4456.35,6,74.27250000000001,Female,Yes,Yes,Yes,No,DSL,Yes,Yes,Yes,Yes,No,Yes,One year,Yes,Credit card (automatic),49-72
0,1,1,0,1,30,85.35,2530.4,7,84.34666666666666,Female,No,No,Yes,No,DSL,Yes,Yes,Yes,Yes,Yes,Yes,One year,No,Bank transfer (automatic),25-48
0,1,1,1,1,41,113.6,4594.95,8,112.07195121951219,Female,Yes,No,Yes,Yes,Fiber optic,Yes,Yes,Yes,Yes,Yes,Yes,Month-to-month,Yes,Bank transfer (automatic),25-48
0,1,0,0,0,11,54.6,617.85,3,56.16818181818182,Female,No,No,Yes,No,DSL,Yes,No,No,Yes,No,No,One year,Yes,Mailed check,0-12
1,1,1,0,1,38,70.15,2497.35,5,65.71973684210526,Male,No,No,Yes,No,DSL,No,Yes,Yes,Yes,Yes,No,One year,Yes,Credit card (automatic),25-48
1,0,0,1,0,2,43.95,85.1,1,42.55,Female,No,No,Yes,No,DSL,No,No,No,No,No,No,Month-to-month,No,Electronic check,0-12
0,1,1,0,1,72,97.75,6991.6,6,97.10555555555555,Male,Yes,Yes,Yes,Yes,Fiber optic,Yes,Yes,No,Yes,No,Yes,Two year,Yes,Credit card (automatic),49-72
0,1,1,0,1,41,101.6,3930.55,6,95.86707317073171,Female,Yes,Yes,Yes,Yes,Fiber optic,Yes,Yes,Yes,No,No,Yes,One year,Yes,Bank transfer (automatic),25-48
0,0,1,1,0,1,93.85,93.85,4,93.85,Female,No,No,Yes,Yes,Fiber optic,No,No,No,No,Yes,Yes,Month-to-month,Yes,Electronic check,0-12
0,0,0,1,0,2,20.4,42.9,1,21.45,Male,No,Yes,Yes,No,No,No internet service,No internet service,No internet service,No internet service,No internet service,No internet service,Month-to-month,No,Mailed check,0-12
0,1,1,1,1,47,99.35,4749.15,5,101.04574468085106,Male,Yes,Yes,Yes,Yes,Fiber optic,No,Yes,No,No,Yes,Yes,Month-to-month,Yes,Electronic check,25-48
1,1,1,1,0,11,95.0,1120.3,4,101.84545454545454,Female,No,No,Yes,No,Fiber optic,No,Yes,No,No,Yes,Yes,Month-to-month,Yes,Electronic check,0-12
0,0,0,1,0,1,24.4,24.4,0,24.4,Male,No,No,No,No phone service,DSL,No,No,No,No,No,No,Month-to-month,Yes,Electronic check,0-12
0,0,0,1,0,5,19.45,86.05,1,17.21,Male,Yes,Yes,Yes,No,No,No internet service,No internet service,No internet service,No internet service,No internet service,No internet service,Month-to-month,No,Mailed check,0-12
0,1,1,0,1,60,50.05,2911.5,4,48.525,Female,Yes,No,No,No phone service,DSL,Yes,Yes,Yes,No,No,Yes,One year,No,Electronic check,49-72
0,0,0,0,1,50,19.4,1023.95,1,20.479,Female,No,No,Yes,No,No,No internet service,No internet service,No internet service,No internet service,No internet service,No internet service,Two year,No,Credit card (automatic),49-72
0,1,0,1,1,56,86.4,4922.4,4,87.89999999999999,Male,No,No,Yes,Yes,Fiber optic,Yes,Yes,No,No,No,No,Month-to-month,Yes,Electronic check,49-72
0,1,0,1,1,38,83.9,3233.6,4,85.09473684210526,Female,No,No,Yes,No,Fiber optic,Yes,Yes,Yes,No,No,No,Month-to-month,Yes,Credit card (automatic),25-48
0,1,1,1,1,54,109.55,6118.95,7,113.31388888888888,Male,Yes,No,Yes,Yes,Fiber optic,Yes,Yes,Yes,No,Yes,Yes,Month-to-month,No,Electronic check,49-72
0,1,1,0,1,48,106.1,5082.8,6,105.89166666666667,Male,No,No,Yes,Yes,Fiber optic,No,Yes,Yes,No,Yes,Yes,One year,Yes,Credit card (automatic),25-48
0,0,1,1,0,4,85.65,338.9,3,84.725,Male,No,No,Yes,Yes,Fiber optic,No,No,No,No,No,Yes,Month-to-month,Yes,Electronic check,0-12
0,1,0,1,0,1,75.35,75.35,2,75.35,Male,Yes,No,Yes,No,Fiber optic,No,No,Yes,No,No,No,Month-to-month,No,Credit card (automatic),0-12
1,1,1,1,1,28,110.85,3204.4,7,114.44285714285715,Female,Yes,No,Yes,Yes,Fiber optic,No,Yes,Yes,Yes,Yes,Yes,Month-to-month,Yes,Electronic check,25-48
0,1,1,1,0,10,98.55,1008.55,5,100.85499999999999,Male,No,No,Yes,Yes,Fiber optic,Yes,No,No,No,Yes,Yes,Month-to-month,No,Electronic check,0-12
0,0,0,0,0,18,19.8,342.3,1,19.016666666666666,Male,Yes,Yes,Yes,No,No,No internet service,No internet service,No internet service,No internet service,No internet service,No internet service,One year,No,Bank transfer (automatic),13-24
0,1,1,0,1,67,104.6,6885.75,6,102.7723880597015,Male,Yes,Yes,Yes,Yes,Fiber optic,Yes,No,No,Yes,Yes,Yes,Two year,No,Bank transfer (automatic),49-72
0,0,0,1,0,1,70.3,70.3,1,70.3,Male,No,No,Yes,No,Fiber optic,No,No,No,No,No,No,Month-to-month,Yes,Electronic check,0-12
0,1,0,0,1,66,65.85,4097.05,5,62.07651515151515,Male,Yes,Yes,Yes,No,DSL,Yes,Yes,Yes,Yes,No,No,Two year,No,Mailed check,49-72
0,1,1,1,0,9,68.95,593.85,5,65.98333333333333,Male,Yes,No,Yes,No,DSL,Yes,Yes,No,Yes,Yes,No,Month-to-month,Yes,Mailed check,0-12
0,1,1,0,1,68,101.05,6770.5,5,99.56617647058823,Male,Yes,Yes,Yes,Yes,Fiber optic,No,Yes,No,No,Yes,Yes,One year,Yes,Credit card (automatic),49-72
0,1,1,0,1,57,74.6,4368.95,6,76.64824561403509,Female,Yes,No,Yes,Yes,DSL,No,Yes,Yes,Yes,Yes,No,One year,No,Bank transfer (automatic),49-72
0,1,1,1,0,14,91.65,1301.0,4,92.92857142857143,Female,Yes,Yes,Yes,Yes,Fiber optic,No,No,No,Yes,Yes,No,Month-to-month,Yes,Electronic check,13-24
1,1,1,0,1,66,116.25,7862.25,8,119.125,Male,Yes,Yes,Yes,Yes,Fiber optic,Yes,Yes,Yes,Yes,Yes,Yes,One year,Yes,Electronic check,49-72
0,0,0,0,1,35,23.3,797.1,2,22.774285714285714,Female,No,No,Yes,Yes,No,No internet service,No internet service,No internet service,No internet service,No internet service,No internet service,Two year,No,Bank transfer (automatic),25-48
1,0,0,1,0,3,76.05,231.8,2,77.26666666666667,Male,No,No,Yes,Yes,Fiber optic,No,No,No,No,No,No,Month-to-month,Yes,Electronic check,0-12
0,1,0,0,0,22,56.25,1292.2,3,58.73636363636364,Male,Yes,No,Yes,No,DSL,Yes,No,No,Yes,No,No,One year,Yes,Credit card (automatic),13-24
0,0,0,0,1,37,20.3,755.4,1,20.416216216216217,Female,No,Yes,Yes,No,No,No internet service,No internet service,No internet service,No internet service,No internet service,No internet service,One year,No,Bank transfer (automatic),25-48
0,0,0,0,1,27,25.85,788.55,2,29.205555555555552,Male,No,Yes,Yes,Yes,No,No internet service,No internet service,No internet service,No internet service,No internet service,No internet service,Two year,Yes,Credit card (automatic),25-48
0,1,0,1,0,8,30.45,226.45,1,28.30625,Male,No,No,No,No phone service,DSL,Yes,No,No,No,No,No,Month-to-month,Yes,Electronic check,0-12
0,0,0,0,1,67,24.85,1583.5,2,23.634328358208954,Male,Yes,No,Yes,Yes,No,No internet service,No internet service,No internet service,No internet service,No internet service,No internet service,Two year,No,Credit card (automatic),49-72
0,1,1,1,1,53,93.9,5029.2,5,94.89056603773585,Male,Yes,No,Yes,Yes,Fiber optic,Yes,No,Yes,No,No,Yes,Month-to-month,No,Electronic check,49-72
0,1,1,0,1,72,107.45,7658.3,7,106.36527777777778,Female,Yes,Yes,Yes,Yes,Fiber optic,Yes,Yes,Yes,Yes,No,Yes,Two year,No,Credit card (automatic),49-72
0,1,1,1,0,3,91.85,257.05,4,85.68333333333334,Male,No,Yes,Yes,Yes,Fiber optic,No,No,Yes,No,No,Yes,Month-to-month,No,Electronic check,0-12
0,1,0,1,0,6,49.45,314.6,2,52.43333333333334,Female,No,No,Yes,No,DSL,Yes,No,No,No,No,No,Month-to-month,Yes,Electronic check,0-12
1,1,0,0,1,71,96.35,6766.95,6,95.30915492957746,Female,Yes,No,Yes,Yes,Fiber optic,Yes,Yes,Yes,Yes,No,No,Two year,Yes,Credit card (automatic),49-72
0,0,0,0,1,63,19.25,1237.65,1,19.645238095238096,Male,Yes,No,Yes,No,No,No internet service,No internet service,No internet service,No internet service,No internet service,No internet service,Two year,No,Mailed check,49-72
0,1,1,0,1,54,105.4,5643.4,6,104.5074074074074,Male,No,No,Yes,No,Fiber optic,Yes,Yes,No,Yes,Yes,Yes,One year,Yes,Credit card (automatic),49-72
0,0,0,1,0,1,44.3,44.3,1,44.3,Male,No,No,Yes,No,DSL,No,No,No,No,No,No,Month-to-month,Yes,Mailed check,0-12
0,1,1,0,1,61,79.4,4820.55,7,79.02540983606558,Female,Yes,Yes,Yes,Yes,DSL,Yes,Yes,Yes,Yes,No,Yes,One year,Yes,Electronic check,49-72
0,0,0,1,0,13,19.45,232.1,1,17.853846153846153,Female,No,No,Yes,No,No,No internet service,No internet service,No internet service,No internet service,No internet service,No internet service,Month-to-month,No,Credit card (automatic),13-24
0,0,0,1,0,22,24.85,493.4,2,22.427272727272726,Male,No,No,Yes,Yes,No,No internet service,No internet service,No internet service,No internet service,No internet service,No internet service,Month-to-month,Yes,Credit card (automatic),13-24
0,0,0,1,0,4,19.95,59.25,1,14.8125,Male,No,No,Yes,No,No,No internet service,No internet service,No internet service,No internet service,No internet service,No internet service,Month-to-month,Yes,Mailed check,0-12
0,1,1,0,1,24,57.6,1367.75,5,56.989583333333336,Female,Yes,Yes,No,No phone service,DSL,Yes,Yes,Yes,No,Yes,Yes,One year,No,Electronic check,13-24
1,1,1,0,1,71,82.7,5831.2,7,82.12957746478872,Female,Yes,No,Yes,Yes,DSL,Yes,Yes,Yes,Yes,No,Yes,Two year,Yes,Bank transfer (automatic),49-72
0,1,1,0,1,70,104.0,7250.15,6,103.57357142857143,Male,No,No,Yes,Yes,Fiber optic,Yes,No,No,Yes,Yes,Yes,Two year,Yes,Credit card (automatic),49-72
1,1,1,1,1,25,89.7,2187.55,4,87.50200000000001,Female,No,No,Yes,Yes,Fiber optic,No,Yes,No,No,No,Yes,Month-to-month,Yes,Electronic check,25-48
0,1,1,0,1,72,78.95,5730.15,6,79.58541666666666,Female,Yes,Yes,Yes,Yes,DSL,No,Yes,No,Yes,Yes,Yes,Two year,Yes,Electronic check,49-72
1,0,0,1,0,1,70.55,70.55,1,70.55,Female,No,No,Yes,No,Fiber optic,No,No,No,No,No,No,Month-to-month,Yes,Electronic check,0-12
0,1,1,0,1,56,99.8,5515.45,5,98.49017857142857,Female,Yes,Yes,Yes,Yes,Fiber optic,No,No,Yes,No,Yes,Yes,One year,Yes,Credit card (automatic),49-72
0,1,1,0,1,26,105.45,2715.3,6,104.4346153846154,Female,No,Yes,Yes,No,Fiber optic,No,Yes,Yes,Yes,Yes,Yes,Two year,Yes,Electronic check,25-48
0,1,0,0,1,47,78.9,3650.35,3,77.66702127659575,Male,Yes,No,Yes,Yes,Fiber optic,No,Yes,No,No,No,No,One year,Yes,Electronic check,25-48
1,1,1,0,1,57,79.75,4438.2,6,77.86315789473684,Male,No,No,Yes,Yes,DSL,No,Yes,Yes,No,Yes,Yes,Two year,Yes,Bank transfer (automatic),49-72
0,1,1,0,1,70,80.7,5617.95,7,80.25642857142857,Female,Yes,Yes,Yes,Yes,DSL,Yes,Yes,Yes,Yes,Yes,No,Two year,No,Electronic check,49-72
0,1,1,0,1,72,112.6,8126.65,8,112.87013888888889,Male,Yes,Yes,Yes,Yes,Fiber optic,Yes,Yes,Yes,Yes,Yes,Yes,Two year,Yes,Credit card (automatic),49-72
0,0,0,1,0,1,71.1,71.1,1,71.1,Female,No,No,Yes,No,Fiber optic,No,No,No,No,No,No,Month-to-month,No,Mailed check,0-12
0,0,0,0,0,13,20.0,218.55,1,16.81153846153846,Male,Yes,Yes,Yes,No,No,No internet service,No internet service,No internet service,No internet service,No internet service,No internet service,One year,No,Mailed check,13-24
0,1,1,0,1,53,94.25,4867.95,4,91.84811320754717,Male,Yes,No,Yes,No,Fiber optic,No,Yes,No,No,Yes,Yes,One year,Yes,Bank transfer (automatic),49-72
0,1,0,0,1,39,59.8,2343.85,4,60.09871794871795,Male,Yes,Yes,Yes,No,DSL,Yes,Yes,Yes,No,No,No,One year,No,Electronic check,25-48
0,0,0,1,0,1,69.8,69.8,1,69.8,Female,Yes,Yes,Yes,No,Fiber optic,No,No,No,No,No,No,Month-to-month,Yes,Electronic check,0-12
1,1,1,0,1,64,102.1,6538.45,6,102.16328125,Male,Yes,No,Yes,Yes,Fiber optic,No,No,Yes,Yes,Yes,Yes,Two year,No,Electronic check,49-72
1,1,1,1,1,48,91.05,4370.75,4,91.05729166666667,Male,Yes,No,Yes,Yes,Fiber optic,No,No,Yes,No,No,Yes,Month-to-month,Yes,Credit card (automatic),25-48
0,0,0,1,0,1,24.75,24.75,0,24.75,Male,No,Yes,No,No phone service,DSL,No,No,No,No,No,No,Month-to-month,No,Electronic check,0-12
0,0,1,1,0,1,79.25,79.25,2,79.25,Male,No,No,Yes,No,Fiber optic,No,No,No,No,No,Yes,Month-to-month,Yes,Electronic check,0-12
1,1,1,1,0,1,100.8,100.8,5,100.8,Female,Yes,No,Yes,Yes,Fiber optic,No,No,Yes,No,Yes,Yes,Month-to-month,Yes,Electronic check,0-12
0,1,1,1,1,65,90.65,5931.0,4,91.24615384615385,Male,Yes,No,Yes,Yes,Fiber optic,No,Yes,No,No,No,Yes,Month-to-month,Yes,Electronic check,49-72
0,1,1,1,0,4,94.9,360.55,5,90.1375,Male,No,No,Yes,No,Fiber optic,Yes,Yes,No,Yes,No,Yes,Month-to-month,Yes,Mailed check,0-12
0,1,1,0,1,55,94.75,5276.1,4,95.92909090909092,Female,Yes,No,Yes,No,Fiber optic,Yes,No,No,No,Yes,Yes,One year,Yes,Electronic check,49-72
0,1,0,0,1,49,55.35,2633.95,3,53.754081632653055,Male,Yes,No,Yes,Yes,DSL,Yes,No,No,No,No,No,One year,Yes,Electronic check,49-72
0,0,0,1,1,31,19.55,658.95,1,21.256451612903227,Female,Yes,Yes,Yes,No,No,No internet service,No internet service,No internet service,No internet service,No internet service,No internet service,Month-to-month,Yes,Mailed check,25-48
0,1,1,0,1,72,116.85,8477.7,8,117.74583333333334,Female,Yes,Yes,Yes,Yes,Fiber optic,Yes,Yes,Yes,Yes,Yes,Yes,Two year,Yes,Bank transfer (automatic),49-72
0,1,1,1,1,30,100.05,3046.15,5,101.53833333333334,Female,Yes,Yes,Yes,Yes,Fiber optic,No,No,Yes,No,Yes,Yes,Month-to-month,Yes,Electronic check,25-48
0,1,1,0,1,72,54.2,3937.45,4,54.68680555555555,Female,Yes,No,No,No phone service,DSL,No,Yes,Yes,No,Yes,Yes,Two year,Yes,Electronic check,49-72
0,1,1,1,0,9,93.0,870.25,5,96.69444444444444,Female,No,Yes,Yes,No,Fiber optic,Yes,No,Yes,Yes,No,Yes,Month-to-month,No,Bank transfer (automatic),0-12
0,1,1,1,0,8,99.65,820.5,5,102.5625,Female,No,No,Yes,Yes,Fiber optic,No,No,Yes,No,Yes,Yes,Month-to-month,Yes,Electronic check,0-12
0,1,1,0,1,59,106.15,6256.2,6,106.03728813559322,Female,Yes,Yes,Yes,Yes,Fiber optic,No,Yes,Yes,No,Yes,Yes,One year,Yes,Electronic check,49-72
0,1,1,1,0,22,84.3,1855.65,3,84.34772727272728,Female,No,No,Yes,No,Fiber optic,No,Yes,No,No,No,Yes,Month-to-month,Yes,Mailed check,13-24
1,1,1,0,1,62,110.75,7053.35,7,113.76370967741936,Male,No,No,Yes,Yes,Fiber optic,No,Yes,Yes,Yes,Yes,Yes,One year,Yes,Bank transfer (automatic),49-72
1,0,0,1,0,1,46.0,46.0,1,46.0,Female,Yes,No,Yes,No,DSL,No,No,No,No,No,No,Month-to-month,No,Electronic check,0-12
0,1,0,1,0,1,74.7,74.7,2,74.7,Female,No,No,Yes,No,Fiber optic,No,Yes,No,No,No,No,Month-to-month,Yes,Electronic check,0-12
0,0,0,0,1,71,19.85,1326.35,1,18.680985915492958,Female,Yes,Yes,Yes,No,No,No internet service,No internet service,No internet service,No internet service,No internet service,No internet service,Two year,No,Bank transfer (automatic),49-72
0,0,0,0,0,23,24.8,615.35,2,26.754347826086956,Female,No,No,Yes,Yes,No,No internet service,No internet service,No internet service,No internet service,No internet service,No internet service,One year,No,Credit card (automatic),13-24
0,1,1,0,1,67,85.25,5714.2,7,85.2865671641791,Female,No,No,Yes,Yes,DSL,Yes,No,Yes,Yes,Yes,Yes,Two year,Yes,Mailed check,49-72
0,0,0,0,1,26,19.8,457.3,1,17.588461538461537,Male,No,No,Yes,No,No,No internet service,No internet service,No internet service,No internet service,No internet service,No internet service,One year,No,Credit card (automatic),25-48
0,1,1,0,1,62,89.1,5411.65,4,87.28467741935484,Male,Yes,Yes,Yes,Yes,Fiber optic,No,No,Yes,No,Yes,No,Two year,Yes,Credit card (automatic),49-72
0,0,0,1,0,2,20.35,45.3,1,22.65,Female,No,No,Yes,No,No,No internet service,No internet service,No internet service,No internet service,No internet service,No internet service,Month-to-month,No,Mailed check,0-12
1,0,0,1,0,1,44.0,44.0,1,44.0,Male,No,No,Yes,No,DSL,No,No,No,No,No,No,Month-to-month,No,Electronic check,0-12
0,0,0,0,0,2,20.45,34.8,1,17.4,Female,No,No,Yes,No,No,No internet service,No internet service,No internet service,No internet service,No internet service,No internet service,One year,No,Mailed check,0-12
1,1,1,1,1,71,52.3,3765.05,4,53.02887323943662,Male,Yes,No,No,No phone service,DSL,No,Yes,Yes,No,Yes,Yes,Month-to-month,Yes,Bank transfer (automatic),49-72
0,1,1,1,0,13,96.65,1162.85,4,89.44999999999999,Male,Yes,Yes,Yes,No,Fiber optic,No,No,Yes,No,Yes,Yes,Month-to-month,Yes,Mailed check,13-24
0,1,0,0,1,71,95.15,6770.85,6,95.36408450704226,Female,Yes,Yes,Yes,Yes,Fiber optic,Yes,Yes,Yes,Yes,No,No,One year,Yes,Credit card (automatic),49-72
0,1,1,0,1,72,108.05,7806.6,7,108.42500000000001,Female,No,No,Yes,Yes,Fiber optic,No,Yes,Yes,Yes,Yes,Yes,Two year,Yes,Credit card (automatic),49-72
0,1,1,1,1,36,93.6,3366.05,4,93.5013888888889,Male,Yes,No,Yes,No,Fiber optic,Yes,No,No,No,Yes,Yes,Month-to-month,Yes,Electronic check,25-48
1,1,1,1,0,19,66.4,1286.05,4,67.68684210526315,Male,Yes,No,Yes,No,DSL,Yes,No,Yes,No,Yes,No,Month-to-month,No,Bank transfer (automatic),13-24
0,1,1,0,1,54,74.55,4191.45,5,77.61944444444444,Male,Yes,No,Yes,No,DSL,Yes,Yes,No,No,Yes,Yes,Two year,Yes,Bank transfer (automatic),49-72
1,1,1,0,1,67,105.4,7035.6,7,105.0089552238806,Female,Yes,No,Yes,Yes,Fiber optic,Yes,Yes,Yes,Yes,No,Yes,One year,Yes,Credit card (automatic),49-72
0,1,1,0,1,60,94.15,5811.8,5,96.86333333333333,Female,Yes,Yes,Yes,Yes,Fiber optic,Yes,Yes,No,No,Yes,No,One year,No,Bank transfer (automatic),49-72
0,1,1,0,1,58,50.0,2919.85,4,50.342241379310344,Male,Yes,Yes,No,No phone service,DSL,Yes,Yes,Yes,No,Yes,No,One year,No,Mailed check,49-72
0,0,0,0,1,30,19.7,599.25,1,19.975,Female,Yes,Yes,Yes,No,No,No internet service,No internet service,No internet service,No internet service,No internet service,No internet service,Two year,No,Mailed check,25-48
0,1,0,0,1,72,59.75,4265.0,4,59.236111111111114,Female,No,No,Yes,Yes,DSL,Yes,Yes,No,No,No,No,Two year,No,Bank transfer (automatic),49-72
0,1,1,0,1,65,104.3,6725.3,6,103.46615384615384,Female,Yes,Yes,Yes,Yes,Fiber optic,Yes,No,Yes,No,Yes,Yes,Two year,Yes,Credit card (automatic),49-72
1,1,1,0,1,48,58.95,2789.7,3,58.11875,Female,Yes,No,Yes,No,DSL,No,Yes,No,No,No,Yes,One year,Yes,Bank transfer (automatic),25-48
1,0,0,1,0,4,74.9,321.75,2,80.4375,Female,No,No,Yes,Yes,Fiber optic,No,No,No,No,No,No,Month-to-month,Yes,Electronic check,0-12
0,0,1,1,0,5,80.85,356.1,2,71.22,Female,Yes,Yes,Yes,No,Fiber optic,No,No,No,No,Yes,No,Month-to-month,Yes,Electronic check,0-12
0,1,1,0,1,61,62.15,3778.85,5,61.9483606557377,Male,Yes,No,No,No phone service,DSL,Yes,No,Yes,Yes,Yes,Yes,Two year,Yes,Mailed check,49-72
0,1,1,1,0,9,86.25,770.5,3,85.61111111111111,Male,No,No,Yes,No,Fiber optic,No,No,No,Yes,Yes,No,Month-to-month,No,Electronic check,0-12
1,0,1,1,0,1,85.7,85.7,3,85.7,Female,No,No,Yes,Yes,Fiber optic,No,No,No,No,Yes,No,Month-to-month,Yes,Electronic check,0-12
0,1,0,0,0,23,86.8,1940.8,4,84.38260869565217,Male,Yes,Yes,Yes,No,Fiber optic,No,Yes,Yes,Yes,No,No,One year,No,Mailed check,13-24
0,0,0,1,0,1,19.65,19.65,1,19.65,Female,No,No,Yes,No,No,No internet service,No internet service,No internet service,No internet service,No internet service,No internet service,Month-to-month,No,Mailed check,0-12
0,1,0,1,1,28,29.75,790.7,1,28.239285714285717,Female,No,No,No,No phone service,DSL,No,No,Yes,No,No,No,Month-to-month,Yes,Mailed check,25-48
0,1,1,0,0,12,95.7,1184.0,4,98.66666666666667,Male,No,No,Yes,No,Fiber optic,No,No,Yes,No,Yes,Yes,One year,No,Electronic check,0-12
0,0,0,0,1,72,19.3,1304.8,1,18.12222222222222,Male,Yes,No,Yes,No,No,No internet service,No internet service,No internet service,No internet service,No internet service,No internet service,Two year,No,Credit card (automatic),49-72
0,1,0,1,0,1,74.7,74.7,2,74.7,Female,Yes,Yes,Yes,No,Fiber optic,No,Yes,No,No,No,No,Month-to-month,Yes,Electronic check,0-12
0,1,1,0,1,71,116.3,8309.55,8,117.03591549295774,Male,No,No,Yes,Yes,Fiber optic,Yes,Yes,Yes,Yes,Yes,Yes,One year,Yes,Bank transfer (automatic),49-72
0,1,0,1,0,22,59.05,1253.5,4,56.97727272727273,Female,No,No,Yes,Yes,DSL,Yes,No,No,Yes,No,No,Month-to-month,Yes,Mailed check,13-24
0,0,0,1,1,31,20.65,702.05,1,22.646774193548385,Male,Yes,Yes,Yes,No,No,No internet service,No internet service,No internet service,No internet service,No internet service,No internet service,Month-to-month,Yes,Electronic check,25-48
0,1,1,0,1,46,64.2,3009.5,4,65.42391304347827,Female,Yes,No,Yes,No,DSL,No,Yes,No,Yes,Yes,No,Two year,Yes,Credit card (automatic),25-48
0,0,1,1,0,16,84.95,1378.25,3,86.140625,Female,Yes,No,Yes,Yes,Fiber optic,No,No,No,No,Yes,No,Month-to-month,Yes,Electronic check,13-24
1,0,1,1,1,39,95.65,3759.05,4,96.38589743589743,Male,No,No,Yes,Yes,Fiber optic,No,No,No,No,Yes,Yes,Month-to-month,Yes,Bank transfer (automatic),25-48
0,1,1,0,1,54,46.2,2431.95,3,45.036111111111104,Male,No,No,No,No phone service,DSL,Yes,Yes,No,No,No,Yes,Two year,No,Bank transfer (automatic),49-72
0,1,1,1,0,14,64.7,941.0,4,67.21428571428571,Female,Yes,No,Yes,Yes,DSL,Yes,No,No,No,Yes,No,Month-to-month,Yes,Bank transfer (automatic),13-24
0,1,1,0,1,49,109.2,5290.45,7,107.96836734693878,Male,No,Yes,Yes,Yes,Fiber optic,Yes,Yes,Yes,No,Yes,Yes,One year,Yes,Credit card (automatic),49-72
0,0,0,0,0,15,25.05,369.1,2,24.60666666666667,Female,No,No,Yes,Yes,No,No internet service,No internet service,No internet service,No internet service,No internet service,No internet service,Two year,No,Bank transfer (automatic),13-24
0,0,0,0,1,52,19.65,928.4,1,17.853846153846153,Male,No,Yes,Yes,No,No,No internet service,No internet service,No internet service,No internet service,No internet service,No internet service,One year,No,Credit card (automatic),49-72
0,0,0,0,0,6,20.1,100.35,1,16.724999999999998,Female,Yes,Yes,Yes,No,No,No internet service,No internet service,No internet service,No internet service,No internet service,No internet service,Two year,No,Mailed check,0-12
0,0,1,1,0,3,95.2,292.85,4,97.61666666666667,Female,Yes,No,Yes,Yes,Fiber optic,No,No,No,No,Yes,Yes,Month-to-month,Yes,Electronic check,0-12
1,1,1,1,0,6,84.2,519.15,3,86.52499999999999,Male,Yes,No,Yes,No,Fiber optic,No,Yes,No,No,No,Yes,Month-to-month,Yes,Electronic check,0-12
0,0,1,1,0,1,79.6,79.6,2,79.6,Male,No,No,Yes,No,Fiber optic,No,No,No,No,No,Yes,Month-to-month,No,Electronic check,0-12
0,1,0,0,0,14,55.7,795.15,3,56.79642857142857,Female,No,No,Yes,No,DSL,Yes,No,No,Yes,No,No,One year,No,Mailed check,13-24
0,0,0,0,1,47,20.05,951.55,1,20.245744680851065,Male,Yes,Yes,Yes,No,No,No internet service,No internet service,No internet service,No internet service,No internet service,No internet service,One year,No,Mailed check,25-48
1,0,1,1,0,3,36.45,93.7,1,31.233333333333334,Male,Yes,No,No,No phone service,DSL,No,No,No,No,Yes,No,Month-to-month,Yes,Mailed check,0-12
0,1,0,1,0,1,49.0,49.0,2,49.0,Male,No,No,Yes,No,DSL,No,No,No,Yes,No,No,Month-to-month,No,Credit card (automatic),0-12
0,0,0,0,1,71,25.05,1873.7,2,26.390140845070423,Female,Yes,No,Yes,Yes,No,No internet service,No internet service,No internet service,No internet service,No internet service,No internet service,Two year,No,Credit card (automatic),49-72
0,0,0,1,0,2,69.7,135.2,1,67.6,Female,No,No,Yes,No,Fiber optic,No,No,No,No,No,No,Month-to-month,Yes,Electronic check,0-12
0,0,0,0,0,13,19.95,257.0,1,19.76923076923077,Male,No,No,Yes,No,No,No internet service,No internet service,No internet service,No internet service,No internet service,No internet service,One year,Yes,Mailed check,13-24
0,1,1,1,1,54,86.2,4524.05,7,83.77870370370371,Female,Yes,Yes,Yes,Yes,DSL,No,Yes,Yes,Yes,Yes,Yes,Month-to-month,Yes,Electronic check,49-72
0,1,0,1,0,5,55.8,300.4,3,60.08,Female,No,No,Yes,No,DSL,Yes,No,Yes,No,No,No,Month-to-month,No,Credit card (automatic),0-12
0,1,1,1,0,22,50.35,1098.85,3,49.94772727272727,Female,No,No,No,No phone service,DSL,No,Yes,No,No,Yes,Yes,Month-to-month,Yes,Electronic check,13-24
1,1,1,1,0,13,98.0,1237.85,5,95.21923076923076,Male,Yes,No,Yes,No,Fiber optic,No,Yes,Yes,No,Yes,Yes,Month-to-month,Yes,Electronic check,13-24
1,0,0,1,0,4,70.65,293.85,1,73.4625,Male,No,No,Yes,No,Fiber optic,No,No,No,No,No,No,Month-to-month,Yes,Electronic check,0-12
0,1,1,1,1,48,111.45,5315.1,7,110.73125,Male,Yes,No,Yes,Yes,Fiber optic,Yes,Yes,Yes,No,Yes,Yes,Month-to-month,Yes,Bank transfer (automatic),25-48
0,0,0,1,1,29,20.65,654.85,1,22.58103448275862,Male,Yes,Yes,Yes,No,No,No internet service,No internet service,No internet service,No internet service,No internet service,No internet service,Month-to-month,Yes,Mailed check,25-48
0,0,0,1,0,13,18.8,251.25,1,19.326923076923077,Female,Yes,Yes,Yes,No,No,No internet service,No internet service,No internet service,No internet service,No internet service,No internet service,Month-to-month,No,Mailed check,13-24
0,1,0,1,0,1,60.1,60.1,4,60.1,Male,No,No,Yes,Yes,DSL,No,Yes,No,Yes,No,No,Month-to-month,No,Mailed check,0-12
0,1,1,0,1,71,89.9,6342.7,8,89.33380281690141,Female,Yes,Yes,Yes,Yes,DSL,Yes,Yes,Yes,Yes,Yes,Yes,Two year,No,Bank transfer (automatic),49-72
0,1,1,0,1,72,109.95,7852.4,7,109.0611111111111,Male,Yes,No,Yes,Yes,Fiber optic,Yes,Yes,No,Yes,Yes,Yes,Two year,Yes,Credit card (automatic),49-72
0,1,1,0,1,64,86.55,5632.55,7,88.00859375,Male,No,No,Yes,Yes,DSL,No,Yes,Yes,Yes,Yes,Yes,Two year,No,Credit card (automatic),49-72
0,1,1,0,1,46,60.75,2893.4,5,62.9,Male,No,No,No,No phone service,DSL,Yes,No,Yes,Yes,Yes,Yes,Two year,Yes,Bank transfer (automatic),25-48
0,1,1,0,1,42,100.4,4303.65,5,102.46785714285713,Female,Yes,Yes,Yes,No,Fiber optic,No,No,Yes,Yes,Yes,Yes,Two year,Yes,Electronic check,25-48
1,1,1,1,0,21,104.35,2271.85,6,108.18333333333332,Male,No,No,Yes,Yes,Fiber optic,No,Yes,Yes,No,Yes,Yes,Month-to-month,Yes,Electronic check,13-24
0,0,1,1,1,25,84.6,2088.05,3,83.522,Female,No,No,Yes,Yes,Fiber optic,No,No,No,No,Yes,No,Month-to-month,Yes,Mailed check,25-48
0,0,0,0,1,24,20.25,439.75,1,18.322916666666668,Male,Yes,Yes,Yes,No,No,No internet service,No internet service,No internet service,No internet service,No internet service,No internet service,One year,No,Mailed check,13-24
0,1,0,0,1,41,35.4,1412.4,2,34.44878048780488,Female,Yes,Yes,No,No phone service,DSL,Yes,No,Yes,No,No,No,One year,No,Credit card (automatic),25-48
0,1,0,0,1,56,64.65,3665.55,5,65.45625,Male,No,No,Yes,Yes,DSL,Yes,Yes,No,Yes,No,No,One year,Yes,Bank transfer (automatic),49-72
0,0,0,1,0,1,24.4,24.4,0,24.4,Male,No,No,No,No phone service,DSL,No,No,No,No,No,No,Month-to-month,No,Mailed check,0-12
0,0,0,1,0,1,24.25,24.25,0,24.25,Male,No,No,No,No phone service,DSL,No,No,No,No,No,No,Month-to-month,Yes,Electronic check,0-12
0,0,0,0,1,31,20.95,683.25,1,22.04032258064516,Female,No,No,Yes,No,No,No internet service,No internet service,No internet service,No internet service,No internet service,No internet service,One year,No,Mailed check,25-48
0,1,1,0,1,58,94.35,5563.65,5,95.925,Male,Yes,Yes,Yes,Yes,Fiber optic,No,No,Yes,Yes,No,Yes,Two year,No,Bank transfer (automatic),49-72
0,1,1,1,0,6,59.15,336.7,3,56.11666666666667,Male,No,No,Yes,No,DSL,Yes,No,No,No,No,Yes,Month-to-month,Yes,Bank transfer (automatic),0-12
0,1,1,1,0,17,89.4,1539.45,4,90.55588235294118,Male,Yes,Yes,Yes,No,Fiber optic,Yes,No,Yes,No,Yes,No,Month-to-month,Yes,Electronic check,13-24
1,1,1,1,1,45,97.05,4385.05,6,97.44555555555556,Female,No,No,Yes,Yes,Fiber optic,Yes,Yes,No,Yes,Yes,No,Month-to-month,Yes,Electronic check,25-48
1,1,0,0,1,59,79.2,4590.35,3,77.80254237288136,Female,No,No,Yes,Yes,Fiber optic,No,Yes,No,No,No,No,Two year,Yes,Credit card (automatic),49-72
1,0,0,1,0,2,70.35,139.05,1,69.525,Female,No,No,Yes,No,Fiber optic,No,No,No,No,No,No,Month-to-month,Yes,Electronic check,0-12
0,1,1,1,0,4,65.6,250.1,4,62.525,Male,Yes,No,Yes,Yes,DSL,No,No,Yes,No,Yes,No,Month-to-month,No,Electronic check,0-12
0,0,0,1,0,18,74.15,1345.75,2,74.76388888888889,Female,No,No,Yes,Yes,Fiber optic,No,No,No,No,No,No,Month-to-month,Yes,Electronic check,13-24
1,0,0,0,0,18,20.35,369.6,1,20.533333333333335,Female,No,No,Yes,No,No,No internet service,No internet service,No internet service,No internet service,No internet service,No internet service,One year,No,Bank transfer (automatic),13-24
0,1,0,1,0,1,35.9,35.9,2,35.9,Female,No,No,No,No phone service,DSL,No,No,Yes,Yes,No,No,Month-to-month,No,Mailed check,0-12
0,1,1,1,1,42,94.4,4014.6,5,95.58571428571429,Male,Yes,No,Yes,Yes,Fiber optic,Yes,No,Yes,No,No,Yes,Month-to-month,Yes,Electronic check,25-48
0,0,1,1,0,20,85.25,1734.5,3,86.725,Male,No,No,Yes,Yes,Fiber optic,No,No,No,No,Yes,No,Month-to-month,Yes,Electronic check,13-24
0,1,0,1,1,69,85.4,5869.4,4,85.06376811594203,Female,Yes,No,Yes,Yes,Fiber optic,No,Yes,Yes,No,No,No,Month-to-month,Yes,Bank transfer (automatic),49-72
0,0,1,1,0,1,55.3,55.3,2,55.3,Female,Yes,No,Yes,No,DSL,No,No,No,No,Yes,No,Month-to-month,Yes,Mailed check,0-12
0,0,0,1,0,20,19.4,415.4,1,20.77,Male,No,No,Yes,No,No,No internet service,No internet service,No internet service,No internet service,No internet service,No internet service,Month-to-month,No,Mailed check,13-24
0,1,1,0,1,58,109.45,6144.55,7,105.94051724137931,Female,Yes,No,Yes,Yes,Fiber optic,Yes,Yes,Yes,No,Yes,Yes,Two year,Yes,Bank transfer (automatic),49-72
0,1,0,0,1,72,94.25,6849.75,6,95.13541666666667,Female,Yes,No,Yes,Yes,Fiber optic,Yes,Yes,Yes,Yes,No,No,Two year,Yes,Bank transfer (automatic),49-72
0,1,0,1,0,19,49.6,962.9,2,50.67894736842105,Female,Yes,Yes,Yes,No,DSL,No,No,Yes,No,No,No,Month-to-month,Yes,Bank transfer (automatic),13-24
0,1,1,1,0,16,65.2,1043.35,4,65.209375,Female,No,No,Yes,Yes,DSL,No,No,Yes,No,No,Yes,Month-to-month,Yes,Credit card (automatic),13-24
0,0,1,1,0,12,94.2,1046.1,4,87.175,Female,No,No,Yes,Yes,Fiber optic,No,No,No,No,Yes,Yes,Month-to-month,Yes,Electronic check,0-12
0,0,1,1,0,1,90.1,90.1,3,90.1,Male,Yes,Yes,Yes,No,Fiber optic,No,No,No,No,Yes,Yes,Month-to-month,Yes,Electronic check,0-12
0,1,0,1,0,1,82.3,82.3,3,82.3,Female,No,No,Yes,No,Fiber optic,No,Yes,Yes,No,No,No,Month-to-month,Yes,Electronic check,0-12
1,0,0,0,1,72,25.4,1809.35,2,25.12986111111111,Male,No,No,Yes,Yes,No,No internet service,No internet service,No internet service,No internet service,No internet service,No internet service,Two year,No,Bank transfer (automatic),49-72
0,0,0,1,1,26,49.5,1265.65,2,48.67884615384616,Female,No,Yes,Yes,Yes,DSL,No,No,No,No,No,No,Month-to-month,Yes,Mailed check,25-48
0,1,0,1,0,4,73.75,325.45,2,81.3625,Female,Yes,Yes,Yes,No,Fiber optic,No,No,Yes,No,No,No,Month-to-month,Yes,Electronic check,0-12
0,1,1,0,1,24,84.8,1990.5,7,82.9375,Male,Yes,Yes,Yes,Yes,DSL,Yes,No,Yes,Yes,Yes,Yes,One year,Yes,Mailed check,13-24
0,0,0,0,1,50,19.35,1033.0,1,20.66,Female,No,No,Yes,No,No,No internet service,No internet service,No internet service,No internet service,No internet service,No internet service,One year,Yes,Mailed check,49-72
0,1,1,0,1,51,86.35,4267.15,3,83.66960784313724,Male,No,No,Yes,No,Fiber optic,Yes,No,No,No,Yes,No,One year,No,Mailed check,49-72
0,1,1,0,1,72,103.95,7517.7,7,104.4125,Male,Yes,Yes,Yes,Yes,Fiber optic,Yes,Yes,Yes,Yes,No,Yes,Two year,No,Credit card (automatic),49-72
0,1,1,0,1,70,58.4,4113.15,5,58.75928571428571,Female,Yes,Yes,No,No phone service,DSL,No,Yes,Yes,Yes,Yes,Yes,One year,Yes,Bank transfer (automatic),49-72
0,1,1,0,1,70,104.3,7188.5,6,102.69285714285714,Female,Yes,No,Yes,Yes,Fiber optic,No,No,Yes,Yes,Yes,Yes,Two year,Yes,Bank transfer (automatic),49-72
1,0,1,1,0,15,91.5,1400.3,3,93.35333333333332,Female,No,No,Yes,No,Fiber optic,No,No,No,No,Yes,Yes,Month-to-month,Yes,Electronic check,13-24
0,1,1,0,1,47,94.9,4615.25,5,98.19680851063829,Female,No,No,Yes,Yes,Fiber optic,Yes,No,Yes,No,Yes,No,One year,No,Credit card (automatic),25-48
0,1,1,0,1,63,86.7,5309.5,7,84.27777777777777,Male,No,No,Yes,No,DSL,Yes,Yes,Yes,Yes,Yes,Yes,Two year,Yes,Bank transfer (automatic),49-72
0,1,1,0,1,64,115.1,7334.05,8,114.59453125,Female,No,No,Yes,Yes,Fiber optic,Yes,Yes,Yes,Yes,Yes,Yes,Two year,Yes,Bank transfer (automatic),49-72
1,1,0,1,1,59,89.75,5496.9,5,93.16779661016949,Female,No,No,Yes,Yes,Fiber optic,Yes,Yes,Yes,No,No,No,Month-to-month,Yes,Electronic check,49-72
0,0,0,1,0,1,24.0,24.0,2,24.0,Female,No,Yes,Yes,Yes,No,No internet service,No internet service,No internet service,No internet service,No internet service,No internet service,Month-to-month,No,Mailed check,0-12
0,0,1,1,1,40,84.9,3369.05,3,84.22625000000001,Male,No,No,Yes,Yes,Fiber optic,No,No,No,No,Yes,No,Month-to-month,Yes,Electronic check,25-48
0,0,0,0,1,55,25.7,1443.65,2,26.24818181818182,Male,Yes,No,Yes,Yes,No,No internet service,No internet service,No internet service,No internet service,No internet service,No internet service,Two year,No,Bank transfer (automatic),49-72
0,0,0,0,1,50,20.15,989.05,1,19.781,Male,No,No,Yes,No,No,No internet service,No internet service,No internet service,No internet service,No internet service,No internet service,One year,No,Credit card (automatic),49-72
1,1,1,0,1,65,107.45,7047.5,6,108.42307692307692,Female,Yes,Yes,Yes,Yes,Fiber optic,No,Yes,Yes,No,Yes,Yes,One year,Yes,Electronic check,49-72
0,0,0,0,1,68,24.55,1657.4,2,24.373529411764707,Male,No,No,Yes,Yes,No,No internet service,No internet service,No internet service,No internet service,No internet service,No internet service,Two year,No,Mailed check,49-72
0,1,1,1,0,2,70.75,146.9,4,73.45,Female,No,No,Yes,No,DSL,Yes,No,No,No,Yes,Yes,Month-to-month,Yes,Electronic check,0-12
1,1,1,0,1,63,84.0,5329.55,7,84.59603174603176,Male,Yes,No,Yes,No,DSL,Yes,Yes,Yes,Yes,Yes,Yes,One year,Yes,Bank transfer (automatic),49-72
0,1,1,0,1,67,105.65,6717.9,6,100.26716417910447,Female,Yes,Yes,Yes,Yes,Fiber optic,No,No,Yes,Yes,Yes,Yes,Two year,Yes,Bank transfer (automatic),49-72
1,1,1,0,1,60,106.0,6441.4,6,107.35666666666665,Female,No,No,Yes,Yes,Fiber optic,No,No,Yes,Yes,Yes,Yes,One year,Yes,Electronic check,49-72
1,1,0,0,1,67,64.55,4250.1,5,63.43432835820896,Male,No,No,Yes,Yes,DSL,Yes,Yes,No,Yes,No,No,Two year,Yes,Bank transfer (automatic),49-72
0,1,1,0,1,62,113.95,6891.4,8,111.1516129032258,Female,Yes,No,Yes,Yes,Fiber optic,Yes,Yes,Yes,Yes,Yes,Yes,Two year,No,Mailed check,49-72
0,1,1,0,1,59,61.35,3645.5,3,61.78813559322034,Male,No,No,Yes,No,DSL,No,No,Yes,No,No,Yes,One year,Yes,Bank transfer (automatic),49-72
0,1,1,0,1,31,50.05,1523.4,3,49.141935483870974,Male,No,No,No,No phone service,DSL,No,No,Yes,No,Yes,Yes,One year,Yes,Electronic check,25-48
1,1,1,0,1,69,105.4,6998.95,6,101.4340579710145,Female,Yes,No,Yes,Yes,Fiber optic,No,Yes,No,Yes,Yes,Yes,Two year,No,Credit card (automatic),49-72
0,0,1,1,0,4,55.5,227.35,2,56.8375,Female,No,No,Yes,No,DSL,No,No,No,No,Yes,No,Month-to-month,No,Credit card (automatic),0-12
0,1,1,1,0,1,84.3,84.3,3,84.3,Female,No,No,Yes,No,Fiber optic,No,Yes,No,No,Yes,No,Month-to-month,No,Electronic check,0-12
0,1,0,1,1,28,56.05,1522.65,3,54.38035714285714,Female,No,No,Yes,No,DSL,Yes,Yes,No,No,No,No,Month-to-month,No,Electronic check,25-48
0,1,0,0,1,68,84.7,5711.05,4,83.9860294117647,Female,Yes,No,Yes,Yes,Fiber optic,Yes,Yes,No,No,No,No,Two year,Yes,Bank transfer (automatic),49-72
0,0,0,1,0,12,20.45,255.35,1,21.279166666666665,Male,No,No,Yes,No,No,No internet service,No internet service,No internet service,No internet service,No internet service,No internet service,Month-to-month,No,Mailed check,0-12
1,1,1,0,1,65,105.85,6725.5,6,103.46923076923076,Female,Yes,No,Yes,No,Fiber optic,No,Yes,Yes,Yes,Yes,Yes,Two year,Yes,Credit card (automatic),49-72
0,1,1,1,0,3,97.9,315.3,5,105.10000000000001,Female,No,No,Yes,No,Fiber optic,No,Yes,No,Yes,Yes,Yes,Month-to-month,Yes,Electronic check,0-12
0,0,1,1,0,11,79.5,868.5,2,78.95454545454545,Male,Yes,Yes,Yes,No,Fiber optic,No,No,No,No,Yes,No,Month-to-month,Yes,Bank transfer (automatic),0-12
0,1,0,1,1,47,54.25,2538.2,3,54.00425531914893,Male,Yes,Yes,Yes,Yes,DSL,No,Yes,No,No,No,No,Month-to-month,No,Electronic check,25-48
0,0,0,0,1,25,25.3,676.35,2,27.054000000000002,Male,No,No,Yes,Yes,No,No internet service,No internet service,No internet service,No internet service,No internet service,No internet service,One year,No,Bank transfer (automatic),25-48
0,0,0,1,0,1,49.8,49.8,2,49.8,Male,No,No,Yes,Yes,DSL,No,No,No,No,No,No,Month-to-month,Yes,Credit card (automatic),0-12
0,1,1,0,1,63,104.75,6536.5,6,103.75396825396825,Male,No,No,Yes,Yes,Fiber optic,No,Yes,Yes,No,Yes,Yes,Two year,Yes,Bank transfer (automatic),49-72
1,0,0,0,0,22,25.6,548.8,2,24.94545454545454,Female,Yes,No,Yes,Yes,No,No internet service,No internet service,No internet service,No internet service,No internet service,No internet service,One year,No,Bank transfer (automatic),13-24
0,1,1,1,1,60,60.2,3582.4,5,59.70666666666667,Male,Yes,No,No,No phone service,DSL,No,Yes,Yes,Yes,Yes,Yes,Month-to-month,Yes,Bank transfer (automatic),49-72
0,1,0,1,0,1,50.55,50.55,2,50.55,Female,No,No,Yes,No,DSL,No,Yes,No,No,No,No,Month-to-month,No,Electronic check,0-12
0,1,1,1,1,62,100.15,6283.3,5,101.34354838709677,Female,Yes,Yes,Yes,No,Fiber optic,No,Yes,Yes,No,Yes,Yes,Month-to-month,Yes,Electronic check,49-72
1,0,1,1,1,47,86.05,3865.6,3,82.2468085106383,Male,No,No,Yes,Yes,Fiber optic,No,No,No,No,Yes,No,Month-to-month,Yes,Credit card (automatic),25-48
1,1,1,0,1,72,109.75,7932.5,7,110.17361111111111,Male,Yes,No,Yes,Yes,Fiber optic,No,Yes,Yes,Yes,Yes,Yes,Two year,Yes,Bank transfer (automatic),49-72
0,1,1,1,1,26,81.9,2078.55,6,79.94423076923077,Female,Yes,No,Yes,No,DSL,No,Yes,Yes,Yes,Yes,Yes,Month-to-month,No,Bank transfer (automatic),25-48
0,1,1,1,0,11,99.5,1056.95,5,96.08636363636364,Female,Yes,No,Yes,Yes,Fiber optic,No,No,Yes,No,Yes,Yes,Month-to-month,Yes,Electronic check,0-12
1,1,1,0,1,70,113.65,7714.65,8,110.20928571428571,Female,Yes,No,Yes,Yes,Fiber optic,Yes,Yes,Yes,Yes,Yes,Yes,Two year,Yes,Electronic check,49-72
0,1,1,1,1,43,63.95,2737.05,4,63.65232558139535,Female,No,Yes,Yes,No,DSL,Yes,Yes,No,No,No,Yes,Month-to-month,Yes,Electronic check,25-48
0,0,0,0,1,69,26.3,1763.55,2,25.558695652173913,Female,Yes,No,Yes,Yes,No,No internet service,No internet service,No internet service,No internet service,No internet service,No internet service,One year,Yes,Electronic check,49-72
0,1,1,0,1,72,114.0,8093.15,8,112.4048611111111,Male,Yes,Yes,Yes,Yes,Fiber optic,Yes,Yes,Yes,Yes,Yes,Yes,Two year,Yes,Electronic check,49-72
0,1,1,1,1,60,103.75,5969.95,6,99.49916666666667,Male,Yes,Yes,Yes,Yes,Fiber optic,No,Yes,No,Yes,Yes,Yes,Month-to-month,Yes,Bank transfer (automatic),49-72
0,0,0,1,0,13,70.15,886.7,1,68.20769230769231,Female,No,No,Yes,No,Fiber optic,No,No,No,No,No,No,Month-to-month,Yes,Mailed check,13-24
0,1,1,1,1,59,41.05,2452.7,2,41.57118644067796,Male,Yes,No,No,No phone service,DSL,No,Yes,No,No,No,Yes,Month-to-month,Yes,Bank transfer (automatic),49-72
0,1,1,0,1,67,65.55,4361.55,4,65.09776119402986,Male,No,No,Yes,No,DSL,Yes,No,Yes,No,No,Yes,Two year,No,Bank transfer (automatic),49-72
0,0,0,1,0,12,20.5,255.5,1,21.291666666666668,Male,Yes,Yes,Yes,No,No,No internet service,No internet service,No internet service,No internet service,No internet service,No internet service,Month-to-month,No,Mailed check,0-12
0,0,0,1,0,3,50.4,137.25,2,45.75,Male,No,No,Yes,Yes,DSL,No,No,No,No,No,No,Month-to-month,No,Bank transfer (automatic),0-12
0,0,0,1,0,1,45.35,45.35,1,45.35,Female,No,No,Yes,No,DSL,No,No,No,No,No,No,Month-to-month,No,Mailed check,0-12
0,1,1,0,1,45,84.35,3858.05,7,85.73444444444445,Male,Yes,Yes,Yes,No,DSL,Yes,Yes,Yes,Yes,Yes,Yes,Two year,Yes,Mailed check,25-48
0,1,0,1,1,31,54.35,1647.0,3,53.12903225806452,Male,Yes,Yes,Yes,No,DSL,No,No,Yes,Yes,No,No,Month-to-month,No,Mailed check,25-48
0,0,0,0,0,7,19.45,165.35,1,23.62142857142857,Male,No,No,Yes,No,No,No internet service,No internet service,No internet service,No internet service,No internet service,No internet service,Two year,No,Mailed check,0-12
0,0,0,0,1,33,20.1,579.4,1,17.55757575757576,Female,Yes,Yes,Yes,No,No,No internet service,No internet service,No internet service,No internet service,No internet service,No internet service,One year,No,Mailed check,25-48
0,1,1,1,1,40,110.1,4469.1,7,111.7275,Male,Yes,Yes,Yes,Yes,Fiber optic,Yes,Yes,No,Yes,Yes,Yes,Month-to-month,Yes,Credit card (automatic),25-48
0,1,1,0,1,33,95.8,3036.75,4,92.02272727272727,Male,Yes,No,Yes,No,Fiber optic,No,No,Yes,No,Yes,Yes,One year,Yes,Electronic check,25-48
0,0,0,1,0,1,44.35,44.35,1,44.35,Female,Yes,Yes,Yes,No,DSL,No,No,No,No,No,No,Month-to-month,Yes,Bank transfer (automatic),0-12
0,0,0,0,1,71,20.1,1389.6,1,19.57183098591549,Female,Yes,Yes,Yes,No,No,No internet service,No internet service,No internet service,No internet service,No internet service,No internet service,Two year,No,Bank transfer (automatic),49-72
0,0,1,1,0,3,53.4,188.7,2,62.9,Male,No,No,Yes,No,DSL,No,No,No,No,Yes,No,Month-to-month,No,Credit card (automatic),0-12
0,0,1,1,1,27,94.55,2724.6,4,100.91111111111111,Female,No,No,Yes,Yes,Fiber optic,No,No,No,No,Yes,Yes,Month-to-month,Yes,Mailed check,25-48
0,1,1,0,1,61,115.1,6993.65,8,114.64999999999999,Female,No,No,Yes,Yes,Fiber optic,Yes,Yes,Yes,Yes,Yes,Yes,One year,Yes,Mailed check,49-72
0,0,0,0,1,48,19.95,1004.5,1,20.927083333333332,Male,No,No,Yes,No,No,No internet service,No internet service,No internet service,No internet service,No internet service,No internet service,One year,No,Bank transfer (automatic),25-48
0,0,0,0,1,41,20.0,810.3,1,19.76341463414634,Female,No,No,Yes,No,No,No internet service,No internet service,No internet service,No internet service,No internet service,No internet service,Two year,No,Mailed check,25-48
0,1,0,1,0,9,75.75,655.9,2,72.87777777777778,Female,Yes,No,Yes,No,Fiber optic,No,No,Yes,No,No,No,Month-to-month,Yes,Bank transfer (automatic),0-12
0,1,0,0,0,11,40.4,422.6,3,38.41818181818182,Female,No,No,No,No phone service,DSL,No,Yes,Yes,Yes,No,No,One year,Yes,Credit card (automatic),0-12
0,0,1,1,0,3,60.25,170.5,3,56.833333333333336,Female,No,No,Yes,Yes,DSL,No,No,No,No,Yes,No,Month-to-month,Yes,Electronic check,0-12
1,1,1,0,1,66,79.4,5154.6,7,78.10000000000001,Male,Yes,Yes,Yes,Yes,DSL,Yes,Yes,Yes,Yes,Yes,No,Two year,No,Credit card (automatic),49-72
0,1,1,0,1,69,104.7,7220.35,6,104.64275362318841,Male,No,No,Yes,Yes,Fiber optic,No,Yes,No,Yes,Yes,Yes,One year,Yes,Bank transfer (automatic),49-72
0,1,1,0,1,38,110.7,4428.6,7,116.54210526315791,Male,Yes,No,Yes,Yes,Fiber optic,Yes,No,Yes,Yes,Yes,Yes,One year,Yes,Electronic check,25-48
0,0,0,1,0,1,69.85,69.85,1,69.85,Male,No,No,Yes,No,Fiber optic,No,No,No,No,No,No,Month-to-month,Yes,Electronic check,0-12
0,1,1,0,1,48,111.8,5443.65,8,113.409375,Male,Yes,Yes,Yes,Yes,Fiber optic,Yes,Yes,Yes,Yes,Yes,Yes,Two year,No,Credit card (automatic),25-48
0,0,0,1,0,19,44.9,839.65,1,44.19210526315789,Female,Yes,No,Yes,No,DSL,No,No,No,No,No,No,Month-to-month,No,Mailed check,13-24
0,0,0,1,0,16,19.35,275.9,1,17.24375,Female,Yes,Yes,Yes,No,No,No internet service,No internet service,No internet service,No internet service,No internet service,No internet service,Month-to-month,No,Mailed check,13-24
0,1,0,1,0,18,60.6,1156.35,4,64.24166666666666,Female,No,No,Yes,Yes,DSL,Yes,No,Yes,No,No,No,Month-to-month,Yes,Mailed check,13-24
0,0,0,0,1,25,19.9,505.45,1,20.218,Male,Yes,Yes,Yes,No,No,No internet service,No internet service,No internet service,No internet service,No internet service,No internet service,One year,No,Electronic check,25-48
0,1,0,1,1,55,79.4,4238.45,3,77.06272727272727,Male,Yes,Yes,Yes,No,Fiber optic,No,Yes,No,Yes,No,No,Month-to-month,No,Electronic check,49-72
0,0,0,1,0,3,45.35,141.5,1,47.166666666666664,Male,No,No,Yes,No,DSL,No,No,No,No,No,No,Month-to-month,Yes,Electronic check,0-12
1,1,0,1,0,8,81.25,585.95,3,73.24375,Male,No,No,Yes,Yes,Fiber optic,No,No,Yes,No,No,No,Month-to-month,Yes,Electronic check,0-12
0,1,1,0,1,39,59.3,2209.15,3,56.6448717948718,Female,No,No,Yes,No,DSL,No,No,No,Yes,No,Yes,One year,No,Electronic check,25-48
0,0,0,1,0,5,20.15,117.95,1,23.59,Female,No,No,Yes,No,No,No internet service,No internet service,No internet service,No internet service,No internet service,No internet service,Month-to-month,No,Mailed check,0-12
0,1,1,0,1,61,118.6,7365.7,8,120.74918032786886,Female,No,No,Yes,Yes,Fiber optic,Yes,Yes,Yes,Yes,Yes,Yes,One year,Yes,Electronic check,49-72
0,0,1,1,0,1,35.75,35.75,1,35.75,Female,No,No,No,No phone service,DSL,No,No,No,No,Yes,No,Month-to-month,Yes,Electronic check,0-12
0,0,0,1,0,4,25.25,101.9,2,25.475,Male,No,No,Yes,Yes,No,No internet service,No internet service,No internet service,No internet service,No internet service,No internet service,Month-to-month,No,Mailed check,0-12
0,1,1,0,1,63,79.7,4786.15,6,75.97063492063492,Female,Yes,No,Yes,Yes,DSL,Yes,Yes,No,No,Yes,Yes,One year,Yes,Credit card (automatic),49-72
0,0,0,0,0,12,24.95,280.4,2,23.366666666666664,Male,No,No,Yes,Yes,No,No internet service,No internet service,No internet service,No internet service,No internet service,No internet service,One year,No,Credit card (automatic),0-12
0,0,0,1,0,3,75.15,216.75,2,72.25,Female,Yes,No,Yes,Yes,Fiber optic,No,No,No,No,No,No,Month-to-month,Yes,Credit card (automatic),0-12
0,1,1,1,0,15,105.35,1559.25,6,103.95,Female,Yes,Yes,Yes,Yes,Fiber optic,No,Yes,Yes,No,Yes,Yes,Month-to-month,Yes,Bank transfer (automatic),13-24
0,1,1,0,1,50,43.05,2208.05,3,44.161,Male,No,Yes,No,No phone service,DSL,Yes,Yes,No,No,Yes,No,One year,Yes,Bank transfer (automatic),49-72
0,1,1,1,1,42,95.25,3959.35,5,94.2702380952381,Male,Yes,No,Yes,Yes,Fiber optic,No,Yes,Yes,No,Yes,No,Month-to-month,Yes,Bank transfer (automatic),25-48
0,0,0,1,0,10,19.95,187.75,1,18.775,Female,Yes,No,Yes,No,No,No internet service,No internet service,No internet service,No internet service,No internet service,No internet service,Month-to-month,Yes,Bank transfer (automatic),0-12
0,1,1,0,1,55,59.45,3157.0,3,57.4,Male,Yes,Yes,Yes,No,DSL,Yes,No,No,No,No,Yes,One year,No,Credit card (automatic),49-72
0,1,0,1,0,23,75.0,1778.5,2,77.32608695652173,Female,No,No,Yes,No,Fiber optic,Yes,No,No,No,No,No,Month-to-month,Yes,Bank transfer (automatic),13-24
0,1,1,1,0,9,69.05,653.95,5,72.66111111111111,Male,Yes,No,Yes,Yes,DSL,No,Yes,Yes,No,No,Yes,Month-to-month,Yes,Credit card (automatic),0-12
1,1,0,0,1,59,94.05,5483.9,6,92.94745762711864,Female,Yes,No,Yes,Yes,Fiber optic,Yes,Yes,Yes,Yes,No,No,One year,Yes,Electronic check,49-72
0,1,1,0,1,72,85.1,6155.4,7,85.49166666666666,Female,Yes,No,Yes,No,DSL,Yes,Yes,Yes,Yes,Yes,Yes,Two year,No,Mailed check,49-72
0,1,1,1,0,1,95.85,95.85,4,95.85,Female,No,No,Yes,No,Fiber optic,No,No,No,Yes,Yes,Yes,Month-to-month,Yes,Electronic check,0-12
0,0,0,0,1,24,21.1,490.65,1,20.443749999999998,Female,Yes,Yes,Yes,No,No,No internet service,No internet service,No internet service,No internet service,No internet service,No internet service,Two year,Yes,Credit card (automatic),13-24
0,1,1,1,1,58,66.8,3970.4,4,68.45517241379311,Female,Yes,Yes,Yes,Yes,DSL,No,Yes,No,No,Yes,No,Month-to-month,Yes,Bank transfer (automatic),49-72
0,1,1,0,1,31,75.25,2344.5,6,75.62903225806451,Male,Yes,Yes,Yes,Yes,DSL,Yes,Yes,No,Yes,No,Yes,One year,Yes,Bank transfer (automatic),25-48
0,0,0,1,0,16,19.6,314.45,1,19.653125,Female,Yes,No,Yes,No,No,No internet service,No internet service,No internet service,No internet service,No internet service,No internet service,Month-to-month,No,Mailed check,13-24
0,1,1,0,1,37,79.25,2911.8,6,78.6972972972973,Male,Yes,No,Yes,Yes,DSL,Yes,No,Yes,No,Yes,Yes,One year,No,Mailed check,25-48
0,0,0,1,0,17,69.0,1149.65,1,67.62647058823529,Male,Yes,Yes,Yes,No,Fiber optic,No,No,No,No,No,No,Month-to-month,Yes,Electronic check,13-24
0,1,1,1,1,49,93.85,4733.1,5,96.59387755102041,Male,Yes,No,Yes,Yes,Fiber optic,Yes,Yes,No,No,Yes,No,Month-to-month,Yes,Bank transfer (automatic),49-72
0,0,0,1,0,2,45.15,98.5,1,49.25,Male,No,No,Yes,No,DSL,No,No,No,No,No,No,Month-to-month,Yes,Electronic check,0-12
1,1,1,1,1,47,85.5,4042.3,3,86.00638297872341,Male,No,No,Yes,No,Fiber optic,Yes,No,No,No,No,Yes,Month-to-month,No,Mailed check,25-48
0,0,0,1,0,1,69.5,69.5,1,69.5,Female,No,No,Yes,No,Fiber optic,No,No,No,No,No,No,Month-to-month,Yes,Electronic check,0-12
0,0,1,1,1,56,89.7,4952.95,3,88.44553571428571,Male,Yes,No,Yes,No,Fiber optic,No,No,No,No,Yes,Yes,Month-to-month,No,Mailed check,49-72
0,1,1,0,1,46,90.95,4236.6,4,92.10000000000001,Female,Yes,Yes,Yes,No,Fiber optic,No,No,Yes,Yes,No,Yes,One year,No,Bank transfer (automatic),25-48
0,1,1,0,1,72,89.7,6339.3,8,88.04583333333333,Male,Yes,Yes,Yes,Yes,DSL,Yes,Yes,Yes,Yes,Yes,Yes,Two year,No,Credit card (automatic),49-72
0,1,1,0,1,43,100.0,4211.55,5,97.94302325581396,Male,No,No,Yes,Yes,Fiber optic,No,No,No,Yes,Yes,Yes,One year,Yes,Electronic check,25-48
0,0,0,1,0,1,70.5,70.5,1,70.5,Female,No,No,Yes,No,Fiber optic,No,No,No,No,No,No,Month-to-month,No,Electronic check,0-12
1,1,1,0,1,72,111.65,8022.85,7,111.42847222222223,Male,Yes,No,Yes,Yes,Fiber optic,No,Yes,Yes,Yes,Yes,Yes,Two year,Yes,Bank transfer (automatic),49-72
1,1,0,1,0,12,29.35,381.2,1,31.766666666666666,Male,No,No,No,No phone service,DSL,No,Yes,No,No,No,No,Month-to-month,Yes,Credit card (automatic),0-12
1,1,0,0,1,68,41.95,2965.75,3,43.6139705882353,Male,Yes,No,No,No phone service,DSL,Yes,Yes,Yes,No,No,No,Two year,Yes,Electronic check,49-72
1,1,1,1,1,41,98.4,4187.75,5,102.14024390243902,Male,No,No,Yes,Yes,Fiber optic,No,No,Yes,No,Yes,Yes,Month-to-month,Yes,Electronic check,25-48
0,1,1,1,1,58,91.55,5511.65,4,95.02844827586206,Female,Yes,Yes,Yes,No,Fiber optic,No,Yes,Yes,No,Yes,No,Month-to-month,Yes,Electronic check,49-72
0,1,0,1,1,39,30.1,1131.3,1,29.007692307692306,Female,No,Yes,No,No phone service,DSL,No,No,Yes,No,No,No,Month-to-month,No,Credit card (automatic),25-48
0,1,1,0,1,48,78.75,3682.45,6,76.71770833333333,Male,No,Yes,Yes,Yes,DSL,Yes,No,Yes,No,Yes,Yes,One year,Yes,Credit card (automatic),25-48
0,0,0,1,1,25,25.4,546.85,2,21.874000000000002,Male,Yes,Yes,Yes,Yes,No,No internet service,No internet service,No internet service,No internet service,No internet service,No internet service,Month-to-month,Yes,Bank transfer (automatic),25-48
0,0,0,0,0,16,20.5,290.55,1,18.159375,Male,Yes,Yes,Yes,No,No,No internet service,No internet service,No internet service,No internet service,No internet service,No internet service,Two year,No,Mailed check,13-24
0,1,1,1,1,24,89.55,2187.15,4,91.13125000000001,Male,No,No,Yes,No,Fiber optic,No,Yes,Yes,No,No,Yes,Month-to-month,Yes,Electronic check,13-24
0,1,0,0,1,43,90.65,3882.3,5,90.28604651162792,Male,No,No,Yes,No,Fiber optic,Yes,Yes,Yes,Yes,No,No,One year,Yes,Credit card (automatic),25-48
0,0,1,1,0,1,35.05,35.05,1,35.05,Female,No,No,No,No phone service,DSL,No,No,No,No,No,Yes,Month-to-month,No,Mailed check,0-12
0,0,1,1,0,3,54.7,169.45,2,56.48333333333333,Male,No,Yes,Yes,No,DSL,No,No,No,No,Yes,No,Month-to-month,Yes,Credit card (automatic),0-12
0,0,0,1,0,3,70.25,229.7,1,76.56666666666666,Female,No,No,Yes,No,Fiber optic,No,No,No,No,No,No,Month-to-month,Yes,Electronic check,0-12
0,1,0,1,1,57,55.7,3171.6,3,55.642105263157895,Male,Yes,No,Yes,No,DSL,Yes,No,No,Yes,No,No,Month-to-month,No,Electronic check,49-72
1,1,1,1,1,57,94.0,5438.95,5,95.42017543859649,Female,Yes,No,Yes,Yes,Fiber optic,No,Yes,Yes,No,No,Yes,Month-to-month,No,Credit card (automatic),49-72
0,1,0,1,0,1,54.5,54.5,3,54.5,Female,No,Yes,Yes,No,DSL,Yes,No,No,Yes,No,No,Month-to-month,No,Electronic check,0-12
0,0,0,1,0,9,45.15,416.45,1,46.27222222222222,Female,No,No,Yes,No,DSL,No,No,No,No,No,No,Month-to-month,No,Electronic check,0-12
1,1,1,1,0,6,95.75,573.75,4,95.625,Male,Yes,No,Yes,No,Fiber optic,No,No,Yes,No,Yes,Yes,Month-to-month,Yes,Electronic check,0-12
0,1,1,0,1,63,104.8,6597.25,6,104.71825396825396,Male,Yes,Yes,Yes,Yes,Fiber optic,No,Yes,Yes,No,Yes,Yes,Two year,Yes,Bank transfer (automatic),49-72
1,1,0,1,0,14,80.35,1058.1,3,75.57857142857142,Female,No,No,Yes,Yes,Fiber optic,No,No,Yes,No,No,No,Month-to-month,Yes,Bank transfer (automatic),13-24
0,1,0,1,0,23,55.3,1284.2,3,55.834782608695654,Male,No,Yes,Yes,No,DSL,No,Yes,No,Yes,No,No,Month-to-month,Yes,Bank transfer (automatic),13-24
0,0,0,0,1,71,24.45,1681.6,2,23.68450704225352,Female,Yes,No,Yes,Yes,No,No internet service,No internet service,No internet service,No internet service,No internet service,No internet service,Two year,Yes,Credit card (automatic),49-72
0,1,1,1,1,43,92.55,4039.0,4,93.93023255813954,Female,Yes,Yes,Yes,Yes,Fiber optic,No,No,Yes,No,No,Yes,Month-to-month,Yes,Bank transfer (automatic),25-48
1,1,1,1,0,17,89.15,1496.9,4,88.0529411764706,Female,No,No,Yes,No,Fiber optic,No,Yes,Yes,No,Yes,No,Month-to-month,Yes,Electronic check,13-24
0,0,0,1,0,15,46.3,639.45,1,42.63,Female,Yes,Yes,Yes,No,DSL,No,No,No,No,No,No,Month-to-month,No,Electronic check,13-24
0,1,0,0,1,35,55.25,1924.1,3,54.97428571428571,Male,No,No,Yes,Yes,DSL,Yes,No,No,No,No,No,Two year,No,Mailed check,25-48
0,1,1,1,1,31,104.2,3243.45,6,104.62741935483871,Female,Yes,Yes,Yes,Yes,Fiber optic,No,No,Yes,Yes,Yes,Yes,Month-to-month,Yes,Electronic check,25-48
0,1,1,0,1,71,90.35,6325.25,8,89.08802816901408,Male,Yes,Yes,Yes,Yes,DSL,Yes,Yes,Yes,Yes,Yes,Yes,Two year,No,Electronic check,49-72
0,1,0,1,1,34,73.95,2524.45,2,74.24852941176471,Female,No,No,Yes,No,Fiber optic,No,Yes,No,No,No,No,Month-to-month,Yes,Credit card (automatic),25-48
0,1,1,1,0,15,64.65,994.55,4,66.30333333333333,Female,No,No,Yes,Yes,DSL,Yes,No,No,No,No,Yes,Month-to-month,Yes,Bank transfer (automatic),13-24
0,0,0,0,1,68,25.4,1620.2,2,23.826470588235296,Male,Yes,Yes,Yes,Yes,No,No internet service,No internet service,No internet service,No internet service,No internet service,No internet service,Two year,No,Bank transfer (automatic),49-72
0,1,1,0,1,26,82.0,2083.1,6,80.11923076923077,Male,Yes,Yes,Yes,Yes,DSL,No,No,Yes,Yes,Yes,Yes,One year,Yes,Credit card (automatic),25-48
0,1,1,1,0,1,70.45,70.45,5,70.45,Male,No,Yes,Yes,No,DSL,Yes,Yes,No,Yes,No,Yes,Month-to-month,Yes,Bank transfer (automatic),0-12
1,1,1,0,1,57,69.85,4003.0,5,70.2280701754386,Female,No,No,Yes,No,DSL,Yes,No,Yes,Yes,Yes,No,Two year,No,Bank transfer (automatic),49-72
0,1,1,0,1,39,95.55,3692.85,5,94.68846153846154,Female,No,No,Yes,No,Fiber optic,Yes,No,Yes,Yes,Yes,No,One year,Yes,Electronic check,25-48
0,0,0,0,1,46,24.9,1174.8,2,25.539130434782606,Male,Yes,Yes,Yes,Yes,No,No internet service,No internet service,No internet service,No internet service,No internet service,No internet service,One year,No,Electronic check,25-48
0,1,1,0,1,64,104.4,6692.65,6,104.57265625,Male,No,No,Yes,Yes,Fiber optic,No,Yes,Yes,No,Yes,Yes,Two year,Yes,Bank transfer (automatic),49-72
0,0,1,1,0,3,94.9,273.2,4,91.06666666666666,Female,Yes,No,Yes,Yes,Fiber optic,No,No,No,No,Yes,Yes,Month-to-month,No,Electronic check,0-12
0,0,0,1,0,4,20.15,68.45,1,17.1125,Female,No,No,Yes,No,No,No internet service,No internet service,No internet service,No internet service,No internet service,No internet service,Month-to-month,Yes,Credit card (automatic),0-12
0,1,1,0,1,71,91.25,6589.6,8,92.8112676056338,Male,Yes,Yes,Yes,Yes,DSL,Yes,Yes,Yes,Yes,Yes,Yes,Two year,Yes,Mailed check,49-72
0,1,1,1,1,24,99.3,2431.35,5,101.30624999999999,Female,Yes,No,Yes,No,Fiber optic,No,Yes,Yes,No,Yes,Yes,Month-to-month,Yes,Credit card (automatic),13-24
0,0,0,0,1,43,19.65,779.25,1,18.122093023255815,Female,No,No,Yes,No,No,No internet service,No internet service,No internet service,No internet service,No internet service,No internet service,Two year,Yes,Bank transfer (automatic),25-48
0,1,1,1,0,17,69.0,1108.0,5,65.17647058823529,Female,No,No,Yes,Yes,DSL,No,No,Yes,Yes,Yes,No,Month-to-month,Yes,Mailed check,13-24
1,1,1,1,1,34,85.2,2874.45,3,84.54264705882352,Male,Yes,No,Yes,No,Fiber optic,No,No,Yes,No,Yes,No,Month-to-month,Yes,Credit card (automatic),25-48
0,0,0,1,0,10,44.85,435.4,1,43.54,Male,No,No,Yes,No,DSL,No,No,No,No,No,No,Month-to-month,Yes,Credit card (automatic),0-12
1,0,1,1,1,40,91.55,3673.6,3,91.84,Female,No,No,Yes,No,Fiber optic,No,No,No,No,Yes,Yes,Month-to-month,Yes,Electronic check,25-48
1,1,0,0,1,52,59.85,3103.25,4,59.67788461538461,Female,No,No,Yes,Yes,DSL,Yes,No,Yes,No,No,No,Two year,No,Bank transfer (automatic),49-72
0,1,1,1,1,51,93.8,4539.35,5,89.00686274509805,Female,Yes,Yes,Yes,Yes,Fiber optic,Yes,Yes,No,No,No,Yes,Month-to-month,Yes,Electronic check,49-72
0,1,1,1,0,13,100.75,1313.25,5,101.01923076923077,Male,No,No,Yes,Yes,Fiber optic,No,No,No,Yes,Yes,Yes,Month-to-month,No,Electronic check,13-24
0,1,1,1,0,18,64.8,1166.7,4,64.81666666666666,Female,No,Yes,Yes,Yes,DSL,Yes,No,No,No,No,Yes,Month-to-month,No,Electronic check,13-24
0,1,1,0,1,30,64.5,1985.15,4,66.17166666666667,Female,Yes,Yes,Yes,No,DSL,No,No,Yes,Yes,Yes,No,One year,Yes,Electronic check,25-48
0,1,0,1,0,4,74.8,321.9,2,80.475,Male,No,No,Yes,No,Fiber optic,No,No,Yes,No,No,No,Month-to-month,Yes,Bank transfer (automatic),0-12
0,1,1,1,0,4,63.75,226.2,4,56.55,Male,No,No,Yes,No,DSL,No,Yes,No,Yes,Yes,No,Month-to-month,Yes,Bank transfer (automatic),0-12
0,0,0,1,0,1,20.2,20.2,1,20.2,Male,No,No,Yes,No,No,No internet service,No internet service,No internet service,No internet service,No internet service,No internet service,Month-to-month,Yes,Mailed check,0-12
0,0,0,0,1,38,19.6,763.1,1,20.08157894736842,Female,Yes,Yes,Yes,No,No,No internet service,No internet service,No internet service,No internet service,No internet service,No internet service,One year,No,Credit card (automatic),25-48
0,1,0,0,1,72,84.7,6185.15,4,85.9048611111111,Female,No,No,Yes,Yes,Fiber optic,Yes,No,No,Yes,No,No,Two year,Yes,Bank transfer (automatic),49-72
0,1,0,0,1,72,80.45,5737.6,3,79.6888888888889,Female,Yes,No,Yes,Yes,Fiber optic,Yes,No,No,No,No,No,Two year,No,Bank transfer (automatic),49-72
0,0,1,1,0,1,54.65,54.65,2,54.65,Female,No,No,Yes,No,DSL,No,No,No,No,Yes,No,Month-to-month,Yes,Electronic check,0-12
0,1,1,0,1,56,103.2,5873.75,6,104.88839285714286,Male,Yes,Yes,Yes,Yes,Fiber optic,No,No,Yes,Yes,Yes,Yes,Two year,Yes,Electronic check,49-72
1,0,0,1,0,15,75.65,1146.65,2,76.44333333333334,Male,No,No,Yes,Yes,Fiber optic,No,No,No,No,No,No,Month-to-month,No,Electronic check,13-24
0,0,0,0,1,65,26.5,1698.55,2,26.13153846153846,Female,No,No,Yes,Yes,No,No internet service,No internet service,No internet service,No internet service,No internet service,No internet service,Two year,No,Bank transfer (automatic),49-72
0,1,0,1,0,5,64.4,316.9,5,63.379999999999995,Male,Yes,Yes,Yes,Yes,DSL,Yes,Yes,No,Yes,No,No,Month-to-month,No,Credit card (automatic),0-12
0,0,0,0,1,72,25.2,1798.9,2,24.984722222222224,Male,Yes,Yes,Yes,Yes,No,No internet service,No internet service,No internet service,No internet service,No internet service,No internet service,Two year,Yes,Bank transfer (automatic),49-72
0,1,1,0,1,72,97.85,6841.3,5,95.01805555555556,Female,Yes,No,Yes,Yes,Fiber optic,No,No,Yes,No,Yes,Yes,Two year,Yes,Electronic check,49-72
0,1,0,1,1,34,49.8,1734.2,2,51.00588235294118,Male,No,No,Yes,No,DSL,No,Yes,No,No,No,No,Month-to-month,Yes,Electronic check,25-48
1,1,1,1,1,64,94.25,6081.4,5,95.021875,Male,Yes,No,Yes,Yes,Fiber optic,No,Yes,Yes,No,No,Yes,Month-to-month,Yes,Electronic check,49-72
0,0,0,0,1,65,20.4,1414.45,1,21.76076923076923,Male,Yes,No,Yes,No,No,No internet service,No internet service,No internet service,No internet service,No internet service,No internet service,Two year,Yes,Credit card (automatic),49-72
0,1,1,0,1,54,97.2,5129.45,5,94.9898148148148,Female,No,No,Yes,Yes,Fiber optic,No,Yes,No,No,Yes,Yes,Two year,Yes,Bank transfer (automatic),49-72
0,0,0,1,0,1,20.35,20.35,1,20.35,Male,No,No,Yes,No,No,No internet service,No internet service,No internet service,No internet service,No internet service,No internet service,Month-to-month,No,Mailed check,0-12
0,1,1,1,0,11,84.8,888.75,3,80.79545454545455,Male,No,No,Yes,No,Fiber optic,No,No,Yes,No,No,Yes,Month-to-month,No,Electronic check,0-12
0,1,0,1,0,6,55.15,322.9,3,53.81666666666666,Female,No,No,Yes,No,DSL,Yes,Yes,No,No,No,No,Month-to-month,No,Mailed check,0-12
0,0,0,0,1,69,24.25,1641.8,2,23.794202898550726,Female,Yes,No,Yes,Yes,No,No internet service,No internet service,No internet service,No internet service,No internet service,No internet service,Two year,No,Bank transfer (automatic),49-72
0,0,0,1,0,3,20.5,76.95,1,25.650000000000002,Male,No,No,Yes,No,No,No internet service,No internet service,No internet service,No internet service,No internet service,No internet service,Month-to-month,Yes,Electronic check,0-12
0,1,1,0,1,72,65.25,4478.85,6,62.206250000000004,Male,Yes,Yes,No,No phone service,DSL,Yes,Yes,Yes,Yes,Yes,Yes,Two year,Yes,Credit card (automatic),49-72
0,1,1,0,1,52,68.75,3482.85,5,66.97788461538461,Male,Yes,Yes,Yes,No,DSL,No,Yes,Yes,Yes,Yes,No,One year,Yes,Electronic check,49-72
1,1,1,1,1,35,99.05,3554.6,5,101.56,Female,No,No,Yes,Yes,Fiber optic,Yes,No,No,No,Yes,Yes,Month-to-month,Yes,Electronic check,25-48
0,1,1,0,1,64,102.45,6654.1,6,103.9703125,Male,Yes,No,Yes,No,Fiber optic,No,Yes,Yes,Yes,Yes,Yes,One year,Yes,Credit card (automatic),49-72
0,0,0,0,1,66,20.35,1359.5,1,20.598484848484848,Male,Yes,Yes,Yes,No,No,No internet service,No internet service,No internet service,No internet service,No internet service,No internet service,One year,Yes,Electronic check,49-72
0,1,1,1,1,28,104.8,3046.05,6,108.78750000000001,Female,Yes,No,Yes,Yes,Fiber optic,No,No,Yes,Yes,Yes,Yes,Month-to-month,Yes,Electronic check,25-48
0,1,1,0,1,45,112.2,5031.85,7,111.81888888888889,Male,No,No,Yes,No,Fiber optic,Yes,Yes,Yes,Yes,Yes,Yes,One year,No,Credit card (automatic),25-48
0,0,0,0,1,44,20.4,905.55,1,20.580681818181816,Male,No,No,Yes,No,No,No internet service,No internet service,No internet service,No internet service,No internet service,No internet service,Two year,No,Credit card (automatic),25-48
1,0,1,1,0,2,85.55,187.45,3,93.725,Female,No,No,Yes,Yes,Fiber optic,No,No,No,No,Yes,No,Month-to-month,Yes,Electronic check,0-12
0,1,1,0,1,55,75.0,4213.9,6,76.61636363636363,Female,Yes,Yes,Yes,Yes,DSL,Yes,Yes,No,Yes,Yes,No,One year,Yes,Credit card (automatic),49-72
0,0,0,1,0,2,45.85,81.0,1,40.5,Male,No,No,Yes,No,DSL,No,No,No,No,No,No,Month-to-month,No,Mailed check,0-12
0,1,1,0,1,72,103.95,7556.9,7,104.95694444444445,Female,Yes,No,Yes,Yes,Fiber optic,Yes,Yes,Yes,Yes,Yes,No,Two year,Yes,Bank transfer (automatic),49-72
0,0,1,1,0,1,79.55,79.55,2,79.55,Female,No,No,Yes,No,Fiber optic,No,No,No,No,Yes,No,Month-to-month,No,Electronic check,0-12
0,1,0,1,1,37,40.2,1448.8,3,39.15675675675676,Male,Yes,Yes,No,No phone service,DSL,Yes,Yes,Yes,No,No,No,Month-to-month,No,Bank transfer (automatic),25-48
0,1,0,0,1,62,69.4,4237.5,6,68.34677419354838,Male,No,No,Yes,Yes,DSL,Yes,Yes,Yes,Yes,No,No,Two year,No,Bank transfer (automatic),49-72
0,0,0,0,0,11,20.9,202.3,1,18.39090909090909,Female,Yes,Yes,Yes,No,No,No internet service,No internet service,No internet service,No internet service,No internet service,No internet service,Two year,No,Credit card (automatic),0-12
0,0,0,0,1,66,19.35,1240.8,1,18.8,Male,No,No,Yes,No,No,No internet service,No internet service,No internet service,No internet service,No internet service,No internet service,Two year,No,Bank transfer (automatic),49-72
1,1,1,0,1,26,60.7,1597.4,3,61.43846153846154,Female,Yes,No,Yes,No,DSL,No,No,Yes,No,No,Yes,One year,No,Mailed check,25-48
0,0,0,0,0,7,19.5,128.6,1,18.37142857142857,Male,No,No,Yes,No,No,No internet service,No internet service,No internet service,No internet service,No internet service,No internet service,One year,No,Mailed check,0-12
0,1,1,1,0,10,99.85,990.9,5,99.09,Male,Yes,No,Yes,No,Fiber optic,No,Yes,No,Yes,Yes,Yes,Month-to-month,Yes,Electronic check,0-12
0,1,1,0,1,72,107.45,7576.7,7,105.23194444444444,Female,Yes,Yes,Yes,Yes,Fiber optic,Yes,No,Yes,Yes,Yes,Yes,Two year,No,Mailed check,49-72
0,0,0,1,0,1,69.8,69.8,1,69.8,Male,No,No,Yes,No,Fiber optic,No,No,No,No,No,No,Month-to-month,Yes,Electronic check,0-12
0,1,0,1,0,4,50.3,217.1,2,54.275,Female,Yes,Yes,Yes,No,DSL,Yes,No,No,No,No,No,Month-to-month,No,Electronic check,0-12
0,0,0,0,0,12,19.7,260.9,1,21.741666666666664,Female,No,No,Yes,No,No,No internet service,No internet service,No internet service,No internet service,No internet service,No internet service,One year,No,Mailed check,0-12
0,1,0,1,0,1,47.95,47.95,2,47.95,Male,No,No,Yes,No,DSL,Yes,No,No,No,No,No,Month-to-month,No,Electronic check,0-12
0,1,1,0,1,46,108.9,4854.3,7,105.52826086956522,Female,Yes,No,Yes,Yes,Fiber optic,No,Yes,Yes,Yes,Yes,Yes,Two year,Yes,Credit card (automatic),25-48
0,1,0,1,1,24,51.1,1269.6,2,52.9,Male,No,No,Yes,No,DSL,No,No,No,Yes,No,No,Month-to-month,Yes,Credit card (automatic),13-24
0,1,0,1,0,11,78.0,851.8,3,77.43636363636364,Male,No,Yes,Yes,Yes,Fiber optic,No,No,Yes,No,No,No,Month-to-month,Yes,Mailed check,0-12
0,0,0,0,0,20,20.05,400.0,1,20.0,Male,Yes,Yes,Yes,No,No,No internet service,No internet service,No internet service,No internet service,No internet service,No internet service,Two year,No,Mailed check,13-24
0,1,1,1,1,33,95.3,3275.15,5,99.2469696969697,Male,No,Yes,Yes,Yes,Fiber optic,Yes,No,Yes,No,No,Yes,Month-to-month,Yes,Bank transfer (automatic),25-48
0,1,0,1,0,13,84.45,1058.6,4,81.43076923076923,Female,No,No,Yes,Yes,Fiber optic,No,Yes,Yes,No,No,No,Month-to-month,Yes,Electronic check,13-24
0,0,0,0,1,49,20.15,973.35,1,19.864285714285714,Female,Yes,No,Yes,No,No,No internet service,No internet service,No internet service,No internet service,No internet service,No internet service,Two year,Yes,Bank transfer (automatic),49-72
0,0,0,1,0,14,19.6,300.4,1,21.457142857142856,Male,No,No,Yes,No,No,No internet service,No internet service,No internet service,No internet service,No internet service,No internet service,Month-to-month,No,Credit card (automatic),13-24
1,1,0,1,1,24,78.85,1772.25,3,73.84375,Male,Yes,No,Yes,Yes,Fiber optic,Yes,No,No,No,No,No,Month-to-month,Yes,Electronic check,13-24
0,1,1,1,0,4,101.15,385.9,5,96.475,Male,Yes,Yes,Yes,Yes,Fiber optic,No,No,Yes,No,Yes,Yes,Month-to-month,No,Electronic check,0-12
0,1,1,0,1,49,100.6,5069.65,5,103.46224489795918,Male,No,Yes,Yes,Yes,Fiber optic,No,No,No,Yes,Yes,Yes,One year,Yes,Bank transfer (automatic),49-72
0,0,0,1,0,4,19.0,73.45,1,18.3625,Male,No,No,Yes,No,No,No internet service,No internet service,No internet service,No internet service,No internet service,No internet service,Month-to-month,No,Mailed check,0-12
0,0,0,0,1,71,24.55,1719.15,2,24.213380281690142,Female,No,No,Yes,Yes,No,No internet service,No internet service,No internet service,No internet service,No internet service,No internet service,Two year,No,Electronic check,49-72
0,0,0,0,1,57,20.65,1125.6,1,19.74736842105263,Male,No,No,Yes,No,No,No internet service,No internet service,No internet service,No internet service,No internet service,No internet service,Two year,No,Bank transfer (automatic),49-72
0,1,0,1,0,19,84.75,1651.95,4,86.94473684210527,Male,No,No,Yes,Yes,Fiber optic,Yes,No,Yes,No,No,No,Month-to-month,Yes,Electronic check,13-24
0,1,0,1,0,19,73.85,1424.5,2,74.97368421052632,Male,No,No,Yes,No,Fiber optic,No,Yes,No,No,No,No,Month-to-month,Yes,Credit card (automatic),13-24
0,1,1,1,0,15,85.3,1219.85,3,81.32333333333332,Male,No,No,Yes,No,Fiber optic,No,No,Yes,No,Yes,No,Month-to-month,No,Electronic check,13-24
1,1,1,1,1,50,108.75,5431.9,7,108.63799999999999,Female,Yes,No,Yes,Yes,Fiber optic,Yes,Yes,Yes,No,Yes,Yes,Month-to-month,No,Bank transfer (automatic),49-72
0,1,1,1,0,18,90.0,1527.35,4,84.85277777777777,Female,No,No,Yes,Yes,Fiber optic,No,Yes,No,No,Yes,No,Month-to-month,Yes,Credit card (automatic),13-24
0,1,1,0,1,36,60.7,2234.55,5,62.07083333333334,Male,Yes,Yes,No,No phone service,DSL,Yes,No,Yes,Yes,Yes,Yes,One year,No,Credit card (automatic),25-48
0,1,1,0,1,38,69.0,2669.45,5,70.2486842105263,Male,Yes,No,Yes,Yes,DSL,No,No,Yes,Yes,No,Yes,One year,No,Credit card (automatic),25-48
0,1,1,0,1,72,106.1,7657.4,7,106.35277777777777,Female,Yes,Yes,Yes,Yes,Fiber optic,Yes,Yes,Yes,Yes,Yes,No,Two year,No,Credit card (automatic),49-72
1,0,0,1,0,2,24.45,47.5,0,23.75,Male,No,No,No,No phone service,DSL,No,No,No,No,No,No,Month-to-month,Yes,Mailed check,0-12
0,1,0,0,1,48,75.15,3772.65,2,78.596875,Female,No,No,Yes,No,Fiber optic,No,Yes,No,No,No,No,One year,No,Electronic check,25-48
0,0,0,1,0,1,50.1,50.1,2,50.1,Female,No,No,Yes,Yes,DSL,No,No,No,No,No,No,Month-to-month,Yes,Mailed check,0-12
0,1,1,0,1,69,106.35,7261.75,6,105.2427536231884,Male,Yes,Yes,Yes,No,Fiber optic,Yes,Yes,No,Yes,Yes,Yes,Two year,Yes,Credit card (automatic),49-72
0,0,0,1,0,12,45.0,524.35,1,43.69583333333333,Female,No,No,Yes,No,DSL,No,No,No,No,No,No,Month-to-month,Yes,Bank transfer (automatic),0-12
0,0,0,1,0,4,19.95,82.9,1,20.725,Female,Yes,Yes,Yes,No,No,No internet service,No internet service,No internet service,No internet service,No internet service,No internet service,Month-to-month,Yes,Electronic check,0-12
0,0,0,1,0,1,70.45,70.45,1,70.45,Male,No,Yes,Yes,No,Fiber optic,No,No,No,No,No,No,Month-to-month,Yes,Mailed check,0-12
0,0,0,0,1,46,24.45,1066.15,2,23.17717391304348,Female,Yes,No,Yes,Yes,No,No internet service,No internet service,No internet service,No internet service,No internet service,No internet service,One year,Yes,Bank transfer (automatic),25-48
0,0,0,0,1,66,20.55,1357.1,1,20.562121212121212,Male,No,Yes,Yes,No,No,No internet service,No internet service,No internet service,No internet service,No internet service,No internet service,Two year,No,Mailed check,49-72
0,1,0,0,0,11,36.05,402.6,2,36.6,Female,No,Yes,No,No phone service,DSL,Yes,No,No,Yes,No,No,One year,Yes,Mailed check,0-12
0,1,0,0,1,24,35.75,830.8,2,34.61666666666667,Male,No,Yes,No,No phone service,DSL,Yes,No,No,Yes,No,No,Two year,No,Mailed check,13-24
0,1,1,0,1,70,114.75,7842.3,8,112.03285714285714,Male,Yes,Yes,Yes,Yes,Fiber optic,Yes,Yes,Yes,Yes,Yes,Yes,Two year,No,Credit card (automatic),49-72
0,0,0,0,1,63,19.95,1234.8,1,19.599999999999998,Male,Yes,No,Yes,No,No,No internet service,No internet service,No internet service,No internet service,No internet service,No internet service,Two year,Yes,Bank transfer (automatic),49-72
0,0,0,1,0,6,20.0,109.2,1,18.2,Female,No,No,Yes,No,No,No internet service,No internet service,No internet service,No internet service,No internet service,No internet service,Month-to-month,No,Mailed check,0-12
0,0,0,1,0,14,19.9,283.75,1,20.267857142857142,Male,No,No,Yes,No,No,No internet service,No internet service,No internet service,No internet service,No internet service,No internet service,Month-to-month,No,Mailed check,13-24
0,0,0,0,1,69,26.0,1796.55,2,26.03695652173913,Male,Yes,Yes,Yes,Yes,No,No internet service,No internet service,No internet service,No internet service,No internet service,No internet service,Two year,Yes,Bank transfer (automatic),49-72
0,1,0,1,0,7,53.65,404.35,3,57.76428571428572,Female,No,No,Yes,Yes,DSL,Yes,No,No,No,No,No,Month-to-month,Yes,Electronic check,0-12
0,1,0,1,0,3,79.65,251.75,3,83.91666666666667,Male,Yes,No,Yes,Yes,Fiber optic,No,No,No,Yes,No,No,Month-to-month,Yes,Bank transfer (automatic),0-12
0,1,0,0,1,58,61.05,3478.75,4,59.97844827586207,Female,Yes,No,Yes,Yes,DSL,Yes,No,No,Yes,No,No,One year,Yes,Bank transfer (automatic),49-72
0,0,0,1,0,11,25.2,321.05,0,29.186363636363637,Female,No,Yes,No,No phone service,DSL,No,No,No,No,No,No,Month-to-month,No,Electronic check,0-12
0,1,1,0,1,72,113.4,8164.1,8,113.39027777777778,Male,No,No,Yes,Yes,Fiber optic,Yes,Yes,Yes,Yes,Yes,Yes,Two year,No,Bank transfer (automatic),49-72
0,0,0,0,1,62,25.8,1563.95,2,25.225,Female,No,No,Yes,Yes,No,No internet service,No internet service,No internet service,No internet service,No internet service,No internet service,Two year,Yes,Credit card (automatic),49-72
0,0,0,1,0,2,19.85,51.6,1,25.8,Male,No,No,Yes,No,No,No internet service,No internet service,No internet service,No internet service,No internet service,No internet service,Month-to-month,No,Mailed check,0-12
0,1,1,1,1,31,104.35,3205.6,6,103.40645161290323,Female,No,No,Yes,Yes,Fiber optic,Yes,Yes,No,No,Yes,Yes,Month-to-month,No,Electronic check,25-48
0,0,0,1,0,1,23.45,23.45,0,23.45,Male,Yes,No,No,No phone service,DSL,No,No,No,No,No,No,Month-to-month,Yes,Electronic check,0-12
0,0,0,0,0,4,19.7,117.8,1,29.45,Male,No,No,Yes,No,No,No internet service,No internet service,No internet service,No internet service,No internet service,No internet service,One year,No,Mailed check,0-12
0,0,1,0,1,47,95.2,4563.0,4,97.08510638297872,Male,Yes,No,Yes,Yes,Fiber optic,No,No,No,No,Yes,Yes,One year,Yes,Credit card (automatic),25-48
0,1,1,0,1,41,80.55,3263.9,6,79.60731707317073,Female,No,No,Yes,Yes,DSL,No,Yes,Yes,No,Yes,Yes,One year,Yes,Electronic check,25-48
0,1,0,0,1,47,41.9,1875.25,3,39.898936170212764,Female,No,No,No,No phone service,DSL,Yes,No,Yes,Yes,No,No,Two year,No,Mailed check,25-48
0,0,1,1,0,1,35.45,35.45,1,35.45,Male,No,No,No,No phone service,DSL,No,No,No,No,No,Yes,Month-to-month,Yes,Electronic check,0-12
0,0,0,1,0,8,19.95,170.9,1,21.3625,Female,No,Yes,Yes,No,No,No internet service,No internet service,No internet service,No internet service,No internet service,No internet service,Month-to-month,No,Mailed check,0-12
0,1,1,0,1,34,84.75,2839.45,7,83.51323529411764,Female,Yes,Yes,Yes,No,DSL,Yes,Yes,Yes,Yes,Yes,Yes,Two year,No,Mailed check,25-48
0,0,0,0,1,43,24.25,1077.95,2,25.06860465116279,Male,Yes,Yes,Yes,Yes,No,No internet service,No internet service,No internet service,No internet service,No internet service,No internet service,Two year,No,Mailed check,25-48
0,1,0,1,0,4,50.55,235.65,2,58.9125,Female,No,No,Yes,No,DSL,Yes,No,No,No,No,No,Month-to-month,Yes,Bank transfer (automatic),0-12
0,1,1,0,1,53,97.75,5043.2,5,95.15471698113207,Male,Yes,No,Yes,Yes,Fiber optic,No,Yes,No,Yes,No,Yes,One year,No,Bank transfer (automatic),49-72
0,1,1,0,1,69,90.65,6322.1,8,91.62463768115943,Male,No,No,Yes,Yes,DSL,Yes,Yes,Yes,Yes,Yes,Yes,Two year,No,Mailed check,49-72
0,0,0,1,0,3,74.5,217.45,2,72.48333333333333,Male,No,No,Yes,Yes,Fiber optic,No,No,No,No,No,No,Month-to-month,No,Electronic check,0-12
0,1,1,0,1,64,65.8,4068.0,4,63.5625,Female,Yes,Yes,Yes,No,DSL,Yes,No,No,Yes,Yes,No,One year,No,Mailed check,49-72
0,0,0,1,0,10,24.8,223.9,2,22.39,Male,No,Yes,Yes,Yes,No,No internet service,No internet service,No internet service,No internet service,No internet service,No internet service,Month-to-month,No,Credit card (automatic),0-12
0,0,0,1,1,25,20.6,541.5,1,21.66,Male,No,No,Yes,No,No,No internet service,No internet service,No internet service,No internet service,No internet service,No internet service,Month-to-month,No,Mailed check,25-48
0,1,0,1,0,1,50.6,50.6,2,50.6,Male,No,Yes,Yes,No,DSL,Yes,No,No,No,No,No,Month-to-month,No,Mailed check,0-12
0,1,0,1,1,32,87.65,2766.4,4,86.45,Male,No,No,Yes,Yes,Fiber optic,Yes,No,No,Yes,No,No,Month-to-month,No,Bank transfer (automatic),25-48
0,1,1,1,1,36,79.2,2854.95,6,79.30416666666666,Male,No,No,Yes,No,DSL,Yes,No,Yes,Yes,Yes,Yes,Month-to-month,Yes,Credit card (automatic),25-48
0,1,0,1,1,30,55.3,1530.6,3,51.019999999999996,Female,No,No,Yes,No,DSL,Yes,Yes,No,No,No,No,Month-to-month,Yes,Bank transfer (automatic),25-48
0,1,1,0,1,25,74.3,1863.8,6,74.55199999999999,Female,No,No,Yes,No,DSL,Yes,Yes,Yes,Yes,Yes,No,One year,No,Mailed check,25-48
1,1,1,1,1,29,103.95,2964.8,5,102.2344827586207,Male,Yes,Yes,Yes,Yes,Fiber optic,No,No,Yes,No,Yes,Yes,Month-to-month,Yes,Electronic check,25-48
0,0,0,1,0,1,76.0,76.0,2,76.0,Female,No,No,Yes,Yes,Fiber optic,No,No,No,No,No,No,Month-to-month,No,Electronic check,0-12
0,1,1,0,1,57,109.4,6252.7,7,109.69649122807017,Female,Yes,No,Yes,Yes,Fiber optic,No,Yes,Yes,Yes,Yes,Yes,One year,Yes,Bank transfer (automatic),49-72
0,0,0,0,1,25,19.9,510.8,1,20.432000000000002,Male,No,No,Yes,No,No,No internet service,No internet service,No internet service,No internet service,No internet service,No internet service,One year,No,Credit card (automatic),25-48
1,1,1,1,1,32,106.35,3520.75,6,110.0234375,Male,Yes,No,Yes,Yes,Fiber optic,No,Yes,Yes,No,Yes,Yes,Month-to-month,No,Bank transfer (automatic),25-48
0,1,1,0,1,71,86.85,6263.8,8,88.22253521126761,Male,Yes,Yes,Yes,Yes,DSL,Yes,Yes,Yes,Yes,Yes,Yes,Two year,No,Bank transfer (automatic),49-72
0,1,0,1,0,4,35.0,135.75,2,33.9375,Female,No,No,No,No phone service,DSL,Yes,No,Yes,No,No,No,Month-to-month,No,Mailed check,0-12
0,1,1,0,1,55,90.15,4916.95,8,89.3990909090909,Female,Yes,No,Yes,Yes,DSL,Yes,Yes,Yes,Yes,Yes,Yes,One year,Yes,Electronic check,49-72
0,1,1,1,0,17,91.85,1574.45,4,92.61470588235295,Female,Yes,Yes,Yes,No,Fiber optic,Yes,No,No,Yes,Yes,No,Month-to-month,No,Electronic check,13-24
0,0,0,0,1,63,24.65,1574.5,2,24.99206349206349,Male,Yes,Yes,Yes,Yes,No,No internet service,No internet service,No internet service,No internet service,No internet service,No internet service,Two year,No,Credit card (automatic),49-72
1,1,1,1,0,7,44.4,265.8,3,37.971428571428575,Male,No,No,No,No phone service,DSL,No,Yes,No,Yes,No,Yes,Month-to-month,Yes,Electronic check,0-12
0,1,1,0,1,72,117.8,8684.8,8,120.6222222222222,Male,Yes,No,Yes,Yes,Fiber optic,Yes,Yes,Yes,Yes,Yes,Yes,One year,Yes,Bank transfer (automatic),49-72
1,0,1,0,1,45,34.2,1596.6,1,35.48,Female,No,No,No,No phone service,DSL,No,No,No,No,No,Yes,One year,No,Electronic check,25-48
0,0,1,1,0,1,89.35,89.35,3,89.35,Female,No,Yes,Yes,No,Fiber optic,No,No,No,No,Yes,Yes,Month-to-month,Yes,Electronic check,0-12
0,1,1,0,1,72,110.45,8058.85,7,111.92847222222223,Female,Yes,Yes,Yes,Yes,Fiber optic,Yes,No,Yes,Yes,Yes,Yes,Two year,Yes,Bank transfer (automatic),49-72
0,0,1,1,0,12,81.45,912.0,2,76.0,Male,No,No,Yes,No,Fiber optic,No,No,No,No,Yes,No,Month-to-month,Yes,Electronic check,0-12
1,1,1,1,1,30,101.5,2917.65,5,97.25500000000001,Male,Yes,No,Yes,Yes,Fiber optic,No,No,No,Yes,Yes,Yes,Month-to-month,Yes,Electronic check,25-48
1,1,1,1,1,72,112.9,8061.5,8,111.96527777777777,Male,Yes,No,Yes,Yes,Fiber optic,Yes,Yes,Yes,Yes,Yes,Yes,Month-to-month,Yes,Credit card (automatic),49-72
1,0,0,1,1,25,69.3,1813.1,1,72.524,Female,Yes,No,Yes,No,Fiber optic,No,No,No,No,No,No,Month-to-month,Yes,Electronic check,25-48
0,1,0,1,1,27,85.2,2151.6,4,79.68888888888888,Male,Yes,Yes,Yes,Yes,Fiber optic,No,Yes,No,Yes,No,No,Month-to-month,Yes,Credit card (automatic),25-48
0,1,0,0,1,58,71.6,4230.25,6,72.9353448275862,Male,Yes,Yes,Yes,Yes,DSL,Yes,Yes,Yes,Yes,No,No,Two year,No,Credit card (automatic),49-72
0,0,0,1,0,2,45.0,96.45,1,48.225,Male,No,No,Yes,No,DSL,No,No,No,No,No,No,Month-to-month,Yes,Mailed check,0-12
0,1,1,0,1,60,59.8,3561.15,3,59.3525,Male,Yes,No,Yes,No,DSL,Yes,No,No,No,Yes,No,One year,Yes,Mailed check,49-72
0,0,0,0,0,20,19.7,395.6,1,19.78,Female,Yes,Yes,Yes,No,No,No internet service,No internet service,No internet service,No internet service,No internet service,No internet service,One year,No,Bank transfer (automatic),13-24
1,1,1,0,1,63,83.0,5243.05,7,83.22301587301588,Female,No,No,Yes,Yes,DSL,Yes,Yes,Yes,Yes,Yes,No,One year,No,Bank transfer (automatic),49-72
0,0,0,0,0,14,19.75,309.35,1,22.09642857142857,Male,Yes,Yes,Yes,No,No,No internet service,No internet service,No internet service,No internet service,No internet service,No internet service,One year,No,Mailed check,13-24
0,0,0,0,1,29,20.35,617.35,1,21.28793103448276,Female,No,No,Yes,No,No,No internet service,No internet service,No internet service,No internet service,No internet service,No internet service,One year,No,Mailed check,25-48
0,0,0,1,0,1,68.95,68.95,1,68.95,Female,Yes,No,Yes,No,Fiber optic,No,No,No,No,No,No,Month-to-month,Yes,Electronic check,0-12
0,1,1,1,1,29,89.65,2623.65,4,90.47068965517242,Male,No,No,Yes,No,Fiber optic,No,Yes,No,Yes,Yes,No,Month-to-month,No,Mailed check,25-48
0,0,0,1,0,4,51.75,201.1,2,50.275,Male,No,No,Yes,Yes,DSL,No,No,No,No,No,No,Month-to-month,No,Credit card (automatic),0-12
0,1,1,0,1,70,115.55,8127.6,8,116.10857142857144,Female,No,No,Yes,Yes,Fiber optic,Yes,Yes,Yes,Yes,Yes,Yes,One year,No,Credit card (automatic),49-72
0,1,0,1,0,6,55.9,365.35,3,60.89166666666667,Female,Yes,Yes,Yes,No,DSL,Yes,Yes,No,No,No,No,Month-to-month,No,Credit card (automatic),0-12
1,1,1,1,0,4,94.75,422.4,4,105.6,Male,No,No,Yes,No,Fiber optic,No,No,Yes,No,Yes,Yes,Month-to-month,Yes,Electronic check,0-12
0,0,0,0,1,46,19.75,856.5,1,18.619565217391305,Male,Yes,Yes,Yes,No,No,No internet service,No internet service,No internet service,No internet service,No internet service,No internet service,Two year,No,Credit card (automatic),25-48
0,0,0,1,0,9,44.4,348.15,1,38.68333333333333,Male,No,No,Yes,No,DSL,No,No,No,No,No,No,Month-to-month,Yes,Mailed check,0-12
0,0,0,1,0,1,71.35,71.35,1,71.35,Male,No,No,Yes,No,Fiber optic,No,No,No,No,No,No,Month-to-month,Yes,Mailed check,0-12
0,1,1,1,1,31,101.4,3143.65,5,101.40806451612903,Male,No,No,Yes,No,Fiber optic,No,Yes,Yes,No,Yes,Yes,Month-to-month,Yes,Electronic check,25-48
1,0,0,1,0,1,75.35,75.35,2,75.35,Male,No,No,Yes,Yes,Fiber optic,No,No,No,No,No,No,Month-to-month,Yes,Electronic check,0-12
0,1,1,0,1,45,73.85,3371.0,6,74.91111111111111,Male,Yes,Yes,Yes,Yes,DSL,Yes,Yes,No,Yes,Yes,No,Two year,No,Credit card (automatic),25-48
0,1,1,1,0,11,64.05,733.95,4,66.72272727272728,Female,No,No,Yes,No,DSL,Yes,No,Yes,No,No,Yes,Month-to-month,No,Bank transfer (automatic),0-12
0,1,1,1,1,63,109.85,7002.95,7,111.15793650793651,Female,No,No,Yes,Yes,Fiber optic,No,Yes,Yes,Yes,Yes,Yes,Month-to-month,Yes,Credit card (automatic),49-72
0,0,0,1,0,3,24.6,86.35,2,28.78333333333333,Female,No,No,Yes,Yes,No,No internet service,No internet service,No internet service,No internet service,No internet service,No internet service,Month-to-month,No,Mailed check,0-12
0,1,1,0,0,16,64.25,1024.0,4,64.0,Male,Yes,Yes,Yes,No,DSL,Yes,No,Yes,No,Yes,No,Two year,No,Mailed check,13-24
0,0,0,1,0,19,20.2,382.2,1,20.11578947368421,Female,Yes,Yes,Yes,No,No,No internet service,No internet service,No internet service,No internet service,No internet service,No internet service,Month-to-month,No,Mailed check,13-24
0,1,1,0,1,71,79.1,5564.85,6,78.3781690140845,Male,Yes,No,Yes,No,DSL,No,Yes,Yes,Yes,Yes,Yes,Two year,Yes,Credit card (automatic),49-72
0,1,0,0,0,17,86.75,1410.25,4,82.95588235294117,Male,No,No,Yes,Yes,Fiber optic,No,No,Yes,Yes,No,No,One year,No,Electronic check,13-24
0,0,0,0,1,50,44.8,2230.85,1,44.617,Male,Yes,Yes,Yes,No,DSL,No,No,No,No,No,No,One year,Yes,Bank transfer (automatic),49-72
0,0,0,1,0,2,71.3,157.75,1,78.875,Male,No,No,Yes,No,Fiber optic,No,No,No,No,No,No,Month-to-month,Yes,Credit card (automatic),0-12
0,0,0,1,1,34,19.7,675.6,1,19.870588235294118,Male,No,No,Yes,No,No,No internet service,No internet service,No internet service,No internet service,No internet service,No internet service,Month-to-month,No,Mailed check,25-48
0,1,0,0,1,42,56.1,2386.85,3,56.8297619047619,Male,Yes,No,Yes,Yes,DSL,Yes,No,No,No,No,No,One year,No,Credit card (automatic),25-48
0,1,0,0,1,69,84.45,5848.6,4,84.76231884057971,Female,Yes,Yes,Yes,Yes,Fiber optic,Yes,No,Yes,No,No,No,One year,No,Bank transfer (automatic),49-72
0,0,0,1,0,9,44.2,403.35,1,44.81666666666667,Female,No,No,Yes,No,DSL,No,No,No,No,No,No,Month-to-month,Yes,Bank transfer (automatic),0-12
0,1,0,1,0,4,30.5,118.4,1,29.6,Male,No,No,No,No phone service,DSL,No,No,No,Yes,No,No,Month-to-month,No,Electronic check,0-12
0,1,1,0,1,54,114.65,6049.5,8,112.02777777777777,Female,Yes,No,Yes,Yes,Fiber optic,Yes,Yes,Yes,Yes,Yes,Yes,One year,Yes,Mailed check,49-72
0,1,0,0,1,33,59.4,1952.8,4,59.17575757575757,Female,No,No,Yes,Yes,DSL,Yes,No,No,Yes,No,No,One year,No,Electronic check,25-48
0,0,1,1,0,12,84.05,966.55,3,80.54583333333333,Female,No,Yes,Yes,Yes,Fiber optic,No,No,No,No,Yes,No,Month-to-month,Yes,Electronic check,0-12
0,1,1,0,1,71,85.45,6300.85,7,88.7443661971831,Male,Yes,Yes,Yes,Yes,DSL,Yes,No,Yes,Yes,Yes,Yes,One year,No,Electronic check,49-72
0,1,0,1,0,3,29.75,96.85,1,32.28333333333333,Male,No,No,No,No phone service,DSL,No,No,No,Yes,No,No,Month-to-month,Yes,Electronic check,0-12
0,1,0,1,0,7,75.15,525.0,2,75.0,Female,No,No,Yes,No,Fiber optic,No,No,Yes,No,No,No,Month-to-month,Yes,Electronic check,0-12
0,0,0,0,1,38,20.05,741.5,1,19.513157894736842,Female,No,No,Yes,No,No,No internet service,No internet service,No internet service,No internet service,No internet service,No internet service,Two year,No,Mailed check,25-48
0,0,0,0,0,19,19.9,357.7,1,18.826315789473682,Male,Yes,Yes,Yes,No,No,No internet service,No internet service,No internet service,No internet service,No internet service,No internet service,One year,No,Mailed check,13-24
0,1,1,0,1,70,84.8,5917.55,7,84.53642857142857,Female,Yes,No,Yes,Yes,DSL,No,Yes,Yes,Yes,Yes,Yes,Two year,Yes,Bank transfer (automatic),49-72
0,1,0,1,1,54,30.4,1621.35,1,30.025,Male,Yes,No,No,No phone service,DSL,No,Yes,No,No,No,No,Month-to-month,No,Electronic check,49-72
0,1,1,0,1,56,65.2,3512.15,4,62.71696428571429,Female,Yes,Yes,Yes,Yes,DSL,Yes,No,No,No,Yes,No,One year,No,Bank transfer (automatic),49-72
0,1,0,0,1,65,59.6,3739.8,4,57.535384615384615,Female,No,No,Yes,No,DSL,Yes,Yes,No,Yes,No,No,Two year,Yes,Mailed check,49-72
0,1,1,0,1,35,85.15,3030.6,3,86.58857142857143,Male,No,Yes,Yes,No,Fiber optic,No,No,Yes,No,Yes,No,One year,Yes,Electronic check,25-48
0,1,0,1,1,63,81.55,5029.05,3,79.82619047619048,Female,Yes,No,Yes,Yes,Fiber optic,No,Yes,No,No,No,No,Month-to-month,Yes,Bank transfer (automatic),49-72
1,0,0,0,1,37,19.6,727.8,1,19.67027027027027,Female,Yes,No,Yes,No,No,No internet service,No internet service,No internet service,No internet service,No internet service,No internet service,One year,No,Mailed check,25-48
0,1,1,1,0,4,90.05,368.1,4,92.025,Male,No,No,Yes,Yes,Fiber optic,No,Yes,No,No,No,Yes,Month-to-month,Yes,Electronic check,0-12
0,1,1,1,0,10,98.7,973.25,5,97.325,Female,No,No,Yes,Yes,Fiber optic,Yes,No,No,No,Yes,Yes,Month-to-month,Yes,Electronic check,0-12
1,0,0,1,0,1,70.15,70.15,1,70.15,Female,No,No,Yes,No,Fiber optic,No,No,No,No,No,No,Month-to-month,Yes,Electronic check,0-12
0,0,0,0,1,70,19.8,1378.75,1,19.696428571428573,Female,Yes,Yes,Yes,No,No,No internet service,No internet service,No internet service,No internet service,No internet service,No internet service,Two year,No,Bank transfer (automatic),49-72
0,1,1,1,0,22,90.0,1993.8,4,90.62727272727273,Female,No,No,Yes,Yes,Fiber optic,No,No,No,Yes,Yes,No,Month-to-month,Yes,Electronic check,13-24
0,1,1,1,0,7,78.5,571.05,6,81.57857142857142,Female,No,No,Yes,No,DSL,Yes,Yes,No,Yes,Yes,Yes,Month-to-month,Yes,Electronic check,0-12
0,0,1,1,1,31,59.05,1882.8,3,60.73548387096774,Male,Yes,No,Yes,Yes,DSL,No,No,No,No,Yes,No,Month-to-month,Yes,Credit card (automatic),25-48
0,1,1,0,1,69,54.95,3772.5,4,54.67391304347826,Female,Yes,Yes,No,No phone service,DSL,No,Yes,Yes,No,Yes,Yes,Two year,Yes,Credit card (automatic),49-72
1,1,1,1,1,30,104.1,3121.1,6,104.03666666666666,Female,No,No,Yes,Yes,Fiber optic,No,Yes,Yes,No,Yes,Yes,Month-to-month,Yes,Electronic check,25-48
1,1,1,1,1,53,54.45,2854.55,4,53.859433962264156,Male,No,No,No,No phone service,DSL,No,Yes,Yes,No,Yes,Yes,Month-to-month,Yes,Electronic check,49-72
0,0,0,1,0,1,71.55,71.55,1,71.55,Male,No,No,Yes,No,Fiber optic,No,No,No,No,No,No,Month-to-month,Yes,Mailed check,0-12
0,1,1,0,1,71,90.1,6310.9,8,88.88591549295774,Female,Yes,No,Yes,Yes,DSL,Yes,Yes,Yes,Yes,Yes,Yes,Two year,No,Electronic check,49-72
1,1,0,1,1,37,36.65,1315.0,2,35.54054054054054,Male,No,No,No,No phone service,DSL,No,Yes,Yes,No,No,No,Month-to-month,No,Electronic check,25-48
1,1,1,0,1,69,110.55,7610.1,7,110.2913043478261,Male,Yes,No,Yes,Yes,Fiber optic,Yes,No,Yes,Yes,Yes,Yes,One year,Yes,Mailed check,49-72
0,1,0,1,0,16,80.75,1321.3,3,82.58125,Male,Yes,No,Yes,No,Fiber optic,Yes,Yes,No,No,No,No,Month-to-month,No,Bank transfer (automatic),13-24
0,0,0,1,0,1,19.95,19.95,1,19.95,Male,No,No,Yes,No,No,No internet service,No internet service,No internet service,No internet service,No internet service,No internet service,Month-to-month,No,Electronic check,0-12
0,1,0,0,1,69,61.4,4059.85,4,58.83840579710145,Female,Yes,Yes,Yes,Yes,DSL,Yes,No,No,Yes,No,No,Two year,No,Credit card (automatic),49-72
0,1,1,1,0,21,111.2,2317.1,7,110.33809523809524,Male,Yes,No,Yes,Yes,Fiber optic,No,Yes,Yes,Yes,Yes,Yes,Month-to-month,Yes,Electronic check,13-24
0,1,1,1,1,61,106.45,6300.15,6,103.2811475409836,Male,No,No,Yes,Yes,Fiber optic,Yes,No,Yes,No,Yes,Yes,Month-to-month,Yes,Electronic check,49-72
0,1,1,1,1,38,105.0,4026.4,6,105.9578947368421,Female,Yes,No,Yes,Yes,Fiber optic,No,No,Yes,Yes,Yes,Yes,Month-to-month,Yes,Electronic check,25-48
0,0,0,1,0,1,19.1,19.1,1,19.1,Male,No,No,Yes,No,No,No internet service,No internet service,No internet service,No internet service,No internet service,No internet service,Month-to-month,No,Mailed check,0-12
0,1,1,1,0,23,73.65,1642.75,5,71.42391304347827,Female,Yes,No,Yes,Yes,DSL,No,No,No,Yes,Yes,Yes,Month-to-month,Yes,Credit card (automatic),13-24
0,0,0,1,0,4,50.4,206.6,2,51.65,Male,No,No,Yes,Yes,DSL,No,No,No,No,No,No,Month-to-month,No,Mailed check,0-12
0,0,1,1,0,6,54.85,355.1,2,59.18333333333334,Female,Yes,Yes,Yes,No,DSL,No,No,No,No,Yes,No,Month-to-month,No,Electronic check,0-12
0,1,1,1,0,19,75.9,1375.6,6,72.39999999999999,Female,No,Yes,Yes,Yes,DSL,Yes,Yes,No,Yes,Yes,No,Month-to-month,Yes,Mailed check,13-24
0,1,1,0,1,64,69.25,4447.75,5,69.49609375,Male,Yes,Yes,Yes,No,DSL,Yes,No,Yes,Yes,Yes,No,Two year,No,Mailed check,49-72
0,0,0,0,1,62,23.75,1446.8,2,23.335483870967742,Male,Yes,No,Yes,Yes,No,No internet service,No internet service,No internet service,No internet service,No internet service,No internet service,One year,Yes,Credit card (automatic),49-72
0,1,0,1,0,1,81.7,81.7,3,81.7,Male,No,No,Yes,Yes,Fiber optic,Yes,No,No,No,No,No,Month-to-month,Yes,Electronic check,0-12
0,1,0,1,0,1,30.5,30.5,1,30.5,Female,Yes,Yes,No,No phone service,DSL,Yes,No,No,No,No,No,Month-to-month,No,Bank transfer (automatic),0-12
0,1,0,1,0,8,29.35,216.45,1,27.05625,Male,No,No,No,No phone service,DSL,Yes,No,No,No,No,No,Month-to-month,No,Mailed check,0-12
0,1,1,0,1,72,113.65,8124.2,8,112.83611111111111,Female,Yes,No,Yes,Yes,Fiber optic,Yes,Yes,Yes,Yes,Yes,Yes,Two year,Yes,Credit card (automatic),49-72
0,1,0,1,0,11,60.9,688.5,4,62.59090909090909,Male,No,No,Yes,No,DSL,No,Yes,Yes,Yes,No,No,Month-to-month,Yes,Electronic check,0-12
0,0,0,0,1,25,20.1,486.05,1,19.442,Female,Yes,Yes,Yes,No,No,No internet service,No internet service,No internet service,No internet service,No internet service,No internet service,Two year,No,Mailed check,25-48
1,1,1,1,1,26,105.75,2710.25,6,104.24038461538461,Male,Yes,Yes,Yes,Yes,Fiber optic,No,Yes,Yes,No,Yes,Yes,Month-to-month,No,Electronic check,25-48
0,1,1,1,0,17,74.55,1215.8,5,71.51764705882353,Female,Yes,Yes,Yes,No,DSL,Yes,Yes,No,No,Yes,Yes,Month-to-month,No,Mailed check,13-24
0,0,0,1,0,11,44.65,472.25,1,42.93181818181818,Female,No,No,Yes,No,DSL,No,No,No,No,No,No,Month-to-month,Yes,Mailed check,0-12
0,0,0,0,1,68,20.5,1424.9,1,20.954411764705885,Female,No,No,Yes,No,No,No internet service,No internet service,No internet service,No internet service,No internet service,No internet service,Two year,No,Credit card (automatic),49-72
0,1,1,1,1,59,111.35,6519.75,7,110.5042372881356,Male,No,No,Yes,Yes,Fiber optic,No,Yes,Yes,Yes,Yes,Yes,Month-to-month,Yes,Electronic check,49-72
0,1,1,0,0,9,50.8,463.6,4,51.51111111111111,Male,No,No,No,No phone service,DSL,Yes,No,Yes,Yes,No,Yes,One year,No,Mailed check,0-12
1,0,0,1,0,2,72.6,154.3,2,77.15,Male,No,No,Yes,Yes,Fiber optic,No,No,No,No,No,No,Month-to-month,Yes,Mailed check,0-12
0,1,1,1,1,47,85.3,4045.65,3,86.07765957446809,Female,Yes,No,Yes,No,Fiber optic,No,No,Yes,No,No,Yes,Month-to-month,Yes,Electronic check,25-48
1,1,1,1,1,33,54.6,1803.7,4,54.657575757575756,Male,No,No,No,No phone service,DSL,No,No,Yes,Yes,Yes,Yes,Month-to-month,Yes,Electronic check,25-48
0,0,0,0,1,46,19.95,862.4,1,18.747826086956522,Male,Yes,Yes,Yes,No,No,No internet service,No internet service,No internet service,No internet service,No internet service,No internet service,Two year,No,Credit card (automatic),25-48
0,1,1,0,1,65,110.8,7245.9,7,111.47538461538461,Female,Yes,Yes,Yes,Yes,Fiber optic,No,Yes,Yes,Yes,Yes,Yes,Two year,Yes,Credit card (automatic),49-72
0,1,0,1,1,48,29.5,1423.05,1,29.646874999999998,Female,Yes,Yes,No,No phone service,DSL,No,No,No,Yes,No,No,Month-to-month,Yes,Credit card (automatic),25-48
0,0,0,1,0,2,46.0,84.5,1,42.25,Male,No,No,Yes,No,DSL,No,No,No,No,No,No,Month-to-month,Yes,Credit card (automatic),0-12
0,1,0,1,0,1,74.6,74.6,2,74.6,Female,No,No,Yes,No,Fiber optic,No,No,Yes,No,No,No,Month-to-month,Yes,Mailed check,0-12
0,1,0,1,0,1,49.85,49.85,2,49.85,Male,No,Yes,Yes,No,DSL,No,No,Yes,No,No,No,Month-to-month,Yes,Electronic check,0-12
0,1,0,1,1,26,80.7,2193.0,3,84.34615384615384,Female,No,No,Yes,Yes,Fiber optic,No,No,Yes,No,No,No,Month-to-month,Yes,Electronic check,25-48
0,0,0,1,0,16,20.4,321.4,1,20.0875,Female,Yes,Yes,Yes,No,No,No internet service,No internet service,No internet service,No internet service,No internet service,No internet service,Month-to-month,No,Electronic check,13-24
0,1,1,0,1,49,106.65,5174.35,7,105.59897959183674,Female,Yes,No,Yes,Yes,Fiber optic,Yes,Yes,Yes,Yes,No,Yes,Two year,No,Credit card (automatic),49-72
0,0,0,0,1,32,20.35,707.5,1,22.109375,Male,No,No,Yes,No,No,No internet service,No internet service,No internet service,No internet service,No internet service,No internet service,One year,No,Credit card (automatic),25-48
0,0,0,0,1,29,19.8,572.2,1,19.731034482758623,Male,No,No,Yes,No,No,No internet service,No internet service,No internet service,No internet service,No internet service,No internet service,One year,Yes,Mailed check,25-48
0,0,0,1,0,2,24.3,38.45,0,19.225,Male,No,No,No,No phone service,DSL,No,No,No,No,No,No,Month-to-month,No,Mailed check,0-12
1,1,1,1,1,70,90.85,6470.1,4,92.43,Female,Yes,No,Yes,Yes,Fiber optic,Yes,No,No,No,No,Yes,Month-to-month,Yes,Electronic check,49-72
1,1,1,0,1,51,93.65,4839.15,5,94.88529411764705,Male,Yes,No,Yes,Yes,Fiber optic,Yes,No,Yes,No,No,Yes,One year,Yes,Bank transfer (automatic),49-72
1,1,0,0,1,55,60.0,3316.1,4,60.29272727272727,Male,Yes,No,Yes,Yes,DSL,Yes,Yes,No,No,No,No,One year,No,Credit card (automatic),49-72
1,1,1,1,0,5,89.8,502.6,4,100.52000000000001,Male,No,No,Yes,Yes,Fiber optic,No,Yes,No,No,No,Yes,Month-to-month,Yes,Electronic check,0-12
0,0,0,0,1,69,24.95,1718.35,2,24.903623188405795,Female,Yes,No,Yes,Yes,No,No internet service,No internet service,No internet service,No internet service,No internet service,No internet service,Two year,Yes,Credit card (automatic),49-72
0,1,0,1,0,14,50.2,668.85,2,47.775,Male,Yes,No,Yes,No,DSL,No,No,Yes,No,No,No,Month-to-month,No,Credit card (automatic),13-24
0,1,1,0,1,72,101.35,7323.15,6,101.71041666666666,Female,Yes,No,Yes,Yes,Fiber optic,No,Yes,Yes,No,Yes,Yes,One year,Yes,Electronic check,49-72
0,1,1,0,1,71,61.4,4310.35,5,60.70915492957747,Female,Yes,No,No,No phone service,DSL,No,Yes,Yes,Yes,Yes,Yes,Two year,Yes,Credit card (automatic),49-72
0,0,0,1,1,41,20.45,775.6,1,18.917073170731708,Female,No,No,Yes,No,No,No internet service,No internet service,No internet service,No internet service,No internet service,No internet service,Month-to-month,No,Electronic check,25-48
0,1,1,1,1,26,45.8,1147.0,3,44.11538461538461,Female,No,Yes,No,No phone service,DSL,Yes,No,No,Yes,No,Yes,Month-to-month,No,Mailed check,25-48
0,0,1,1,1,29,78.9,2384.15,2,82.21206896551725,Female,No,No,Yes,No,Fiber optic,No,No,No,No,Yes,No,Month-to-month,Yes,Electronic check,25-48
1,1,1,0,1,55,76.25,4154.55,6,75.53727272727274,Female,Yes,Yes,Yes,Yes,DSL,Yes,No,Yes,Yes,Yes,No,One year,No,Electronic check,49-72
0,1,0,1,1,39,51.05,2066.0,2,52.97435897435897,Female,Yes,Yes,Yes,No,DSL,Yes,No,No,No,No,No,Month-to-month,No,Credit card (automatic),25-48
0,1,0,1,0,21,82.35,1852.85,3,88.23095238095237,Male,No,No,Yes,Yes,Fiber optic,No,Yes,No,No,No,No,Month-to-month,Yes,Electronic check,13-24
0,1,0,0,1,48,34.7,1604.5,2,33.427083333333336,Female,Yes,No,No,No phone service,DSL,No,Yes,Yes,No,No,No,One year,No,Mailed check,25-48
0,1,1,0,1,71,59.7,4122.65,5,58.06549295774647,Female,Yes,Yes,No,No phone service,DSL,Yes,Yes,No,Yes,Yes,Yes,Two year,No,Bank transfer (automatic),49-72
0,1,1,0,0,13,88.95,1161.75,8,89.36538461538461,Female,No,Yes,Yes,Yes,DSL,Yes,Yes,Yes,Yes,Yes,Yes,Two year,No,Credit card (automatic),13-24
0,0,0,1,0,4,20.15,84.5,1,21.125,Female,No,No,Yes,No,No,No internet service,No internet service,No internet service,No internet service,No internet service,No internet service,Month-to-month,No,Mailed check,0-12
0,1,1,0,1,70,111.95,7795.95,8,111.37071428571429,Female,No,No,Yes,Yes,Fiber optic,Yes,Yes,Yes,Yes,Yes,Yes,Two year,Yes,Credit card (automatic),49-72
0,1,1,0,1,42,73.9,3160.55,6,75.25119047619049,Female,No,No,Yes,No,DSL,Yes,Yes,Yes,Yes,No,Yes,One year,No,Credit card (automatic),25-48
0,0,0,1,0,2,20.7,39.85,1,19.925,Female,No,No,Yes,No,No,No internet service,No internet service,No internet service,No internet service,No internet service,No internet service,Month-to-month,Yes,Bank transfer (automatic),0-12
0,0,0,0,0,13,20.4,261.3,1,20.1,Female,No,No,Yes,No,No,No internet service,No internet service,No internet service,No internet service,No internet service,No internet service,Two year,Yes,Mailed check,13-24
0,0,0,1,0,6,45.5,285.2,1,47.53333333333333,Female,Yes,Yes,Yes,No,DSL,No,No,No,No,No,No,Month-to-month,No,Mailed check,0-12
0,0,0,1,0,1,71.1,71.1,1,71.1,Female,No,No,Yes,No,Fiber optic,No,No,No,No,No,No,Month-to-month,No,Mailed check,0-12
0,0,0,1,1,29,19.85,573.05,1,19.760344827586206,Female,Yes,No,Yes,No,No,No internet service,No internet service,No internet service,No internet service,No internet service,No internet service,Month-to-month,No,Mailed check,25-48
0,1,1,1,1,59,51.7,3005.8,3,50.94576271186441,Male,No,No,No,No phone service,DSL,No,No,No,Yes,Yes,Yes,Month-to-month,Yes,Electronic check,49-72
0,1,1,0,1,65,45.25,2933.95,3,45.137692307692305,Female,No,Yes,No,No phone service,DSL,No,Yes,No,Yes,Yes,No,Two year,No,Mailed check,49-72
0,1,1,0,1,71,90.4,6668.05,8,93.91619718309859,Male,Yes,Yes,Yes,Yes,DSL,Yes,Yes,Yes,Yes,Yes,Yes,Two year,No,Electronic check,49-72
0,0,1,1,1,51,83.4,4149.45,3,81.36176470588235,Male,No,No,Yes,Yes,Fiber optic,No,No,No,No,No,Yes,Month-to-month,No,Bank transfer (automatic),49-72
0,0,0,0,0,18,20.1,370.5,1,20.583333333333332,Female,Yes,No,Yes,No,No,No internet service,No internet service,No internet service,No internet service,No internet service,No internet service,Two year,No,Mailed check,13-24
0,1,1,1,0,16,38.9,664.4,2,41.525,Female,No,No,No,No phone service,DSL,Yes,No,No,No,Yes,No,Month-to-month,Yes,Electronic check,13-24
0,1,1,0,1,34,116.15,3946.9,8,116.08529411764707,Female,No,Yes,Yes,Yes,Fiber optic,Yes,Yes,Yes,Yes,Yes,Yes,Two year,Yes,Credit card (automatic),25-48
0,1,0,1,0,17,80.05,1345.65,3,79.15588235294118,Female,No,No,Yes,Yes,Fiber optic,No,No,Yes,No,No,No,Month-to-month,No,Bank transfer (automatic),13-24
0,1,1,0,1,31,59.95,1848.8,5,59.63870967741936,Male,Yes,Yes,No,No phone service,DSL,Yes,No,Yes,Yes,Yes,Yes,One year,No,Electronic check,25-48
0,0,1,0,1,28,92.2,2568.15,4,91.71964285714286,Male,Yes,Yes,Yes,Yes,Fiber optic,No,No,No,No,Yes,Yes,One year,No,Bank transfer (automatic),25-48
0,1,1,1,1,53,92.55,4779.45,4,90.17830188679245,Male,Yes,Yes,Yes,No,Fiber optic,No,Yes,No,Yes,Yes,No,Month-to-month,Yes,Electronic check,49-72
0,1,0,0,1,60,64.75,4039.5,5,67.325,Female,No,No,Yes,Yes,DSL,Yes,No,Yes,Yes,No,No,One year,No,Electronic check,49-72
0,0,0,0,0,23,48.35,1067.15,2,46.39782608695653,Male,Yes,Yes,Yes,Yes,DSL,No,No,No,No,No,No,One year,Yes,Credit card (automatic),13-24
0,1,1,0,1,69,107.2,7317.1,7,106.0449275362319,Male,Yes,No,Yes,Yes,Fiber optic,Yes,Yes,Yes,Yes,No,Yes,One year,Yes,Credit card (automatic),49-72
0,0,0,0,1,25,20.75,499.4,1,19.976,Male,No,No,Yes,No,No,No internet service,No internet service,No internet service,No internet service,No internet service,No internet service,Two year,Yes,Mailed check,25-48
0,1,1,1,1,49,98.7,4920.55,5,100.41938775510205,Male,No,No,Yes,Yes,Fiber optic,No,Yes,No,No,Yes,Yes,Month-to-month,No,Electronic check,49-72
1,1,1,1,1,55,98.8,5617.75,5,102.14090909090909,Male,No,No,Yes,Yes,Fiber optic,Yes,No,No,No,Yes,Yes,Month-to-month,Yes,Electronic check,49-72
1,0,1,1,0,16,85.35,1375.15,3,85.946875,Female,Yes,No,Yes,Yes,Fiber optic,No,No,No,No,No,Yes,Month-to-month,Yes,Credit card (automatic),13-24
0,0,1,0,1,62,94.0,5757.2,4,92.85806451612903,Female,No,No,Yes,Yes,Fiber optic,No,No,No,No,Yes,Yes,One year,Yes,Bank transfer (automatic),49-72
0,1,1,1,1,58,93.4,5435.6,5,93.71724137931035,Female,Yes,Yes,Yes,Yes,Fiber optic,Yes,Yes,No,No,No,Yes,Month-to-month,Yes,Bank transfer (automatic),49-72
0,0,0,0,1,69,19.4,1346.2,1,19.51014492753623,Female,Yes,Yes,Yes,No,No,No internet service,No internet service,No internet service,No internet service,No internet service,No internet service,Two year,No,Mailed check,49-72
0,1,0,1,0,1,76.2,76.2,2,76.2,Male,Yes,No,Yes,No,Fiber optic,No,No,Yes,No,No,No,Month-to-month,No,Electronic check,0-12
0,1,0,1,1,27,56.15,1439.35,3,53.30925925925926,Female,No,No,Yes,No,DSL,No,Yes,No,Yes,No,No,Month-to-month,Yes,Mailed check,25-48
1,1,1,0,1,49,81.35,4060.9,7,82.87551020408164,Male,No,No,Yes,Yes,DSL,Yes,Yes,Yes,Yes,No,Yes,Two year,No,Credit card (automatic),49-72
0,1,1,1,0,1,85.45,85.45,3,85.45,Female,No,No,Yes,No,Fiber optic,No,No,Yes,No,Yes,No,Month-to-month,Yes,Electronic check,0-12
0,0,0,0,1,65,24.8,1600.95,2,24.63,Male,No,No,Yes,Yes,No,No internet service,No internet service,No internet service,No internet service,No internet service,No internet service,One year,No,Credit card (automatic),49-72
0,1,1,1,1,39,103.45,3994.45,6,102.42179487179487,Female,No,No,Yes,Yes,Fiber optic,No,Yes,Yes,No,Yes,Yes,Month-to-month,Yes,Electronic check,25-48
0,1,0,1,1,43,86.1,3551.65,4,82.59651162790698,Male,Yes,No,Yes,No,Fiber optic,Yes,Yes,Yes,No,No,No,Month-to-month,Yes,Credit card (automatic),25-48
0,0,0,1,0,20,24.45,482.8,0,24.14,Female,Yes,No,No,No phone service,DSL,No,No,No,No,No,No,Month-to-month,Yes,Electronic check,13-24
0,1,1,1,0,12,85.05,999.8,3,83.31666666666666,Male,Yes,No,Yes,No,Fiber optic,No,Yes,No,No,No,Yes,Month-to-month,Yes,Credit card (automatic),0-12
0,0,0,1,0,6,19.65,100.9,1,16.816666666666666,Male,No,Yes,Yes,No,No,No internet service,No internet service,No internet service,No internet service,No internet service,No internet service,Month-to-month,No,Mailed check,0-12
0,0,0,0,1,68,25.5,1821.8,2,26.791176470588233,Female,No,No,Yes,Yes,No,No internet service,No internet service,No internet service,No internet service,No internet service,No internet service,Two year,No,Bank transfer (automatic),49-72
0,1,1,0,1,47,66.05,3021.45,4,64.28617021276595,Female,Yes,No,Yes,No,DSL,Yes,No,Yes,No,Yes,No,One year,Yes,Credit card (automatic),25-48
0,1,1,0,1,62,115.55,7159.05,8,115.46854838709677,Male,Yes,Yes,Yes,Yes,Fiber optic,Yes,Yes,Yes,Yes,Yes,Yes,Two year,No,Bank transfer (automatic),49-72
0,1,1,1,1,56,98.7,5669.5,5,101.24107142857143,Female,Yes,No,Yes,No,Fiber optic,No,No,Yes,Yes,Yes,Yes,Month-to-month,Yes,Electronic check,49-72
0,0,0,0,0,17,19.35,307.0,1,18.058823529411764,Female,Yes,No,Yes,No,No,No internet service,No internet service,No internet service,No internet service,No internet service,No internet service,One year,No,Mailed check,13-24
0,1,0,1,1,35,80.05,2835.9,3,81.02571428571429,Female,No,No,Yes,Yes,Fiber optic,No,No,No,Yes,No,No,Month-to-month,No,Credit card (automatic),25-48
1,1,0,1,0,2,79.2,172.85,3,86.425,Female,Yes,No,Yes,Yes,Fiber optic,No,No,Yes,No,No,No,Month-to-month,No,Electronic check,0-12
0,0,1,1,0,1,35.0,35.0,1,35.0,Female,Yes,No,No,No phone service,DSL,No,No,No,No,No,Yes,Month-to-month,No,Electronic check,0-12
0,1,1,0,1,48,103.25,5037.55,6,104.94895833333334,Female,Yes,Yes,Yes,Yes,Fiber optic,Yes,Yes,No,No,Yes,Yes,One year,Yes,Credit card (automatic),25-48
0,1,1,1,1,45,89.3,4192.15,4,93.15888888888888,Female,No,No,Yes,Yes,Fiber optic,No,No,Yes,No,No,Yes,Month-to-month,Yes,Credit card (automatic),25-48
0,1,1,0,1,70,90.15,6237.05,8,89.10071428571429,Male,Yes,Yes,Yes,Yes,DSL,Yes,Yes,Yes,Yes,Yes,Yes,Two year,Yes,Credit card (automatic),49-72
0,1,0,1,1,31,78.45,2435.15,3,78.55322580645162,Male,No,No,Yes,No,Fiber optic,No,Yes,No,Yes,No,No,Month-to-month,Yes,Electronic check,25-48
0,0,0,0,1,59,25.0,1510.5,2,25.60169491525424,Male,No,No,Yes,Yes,No,No internet service,No internet service,No internet service,No internet service,No internet service,No internet service,Two year,No,Mailed check,49-72
1,1,1,0,1,47,84.95,4018.05,3,85.4904255319149,Male,Yes,Yes,Yes,No,Fiber optic,No,Yes,No,No,Yes,No,One year,Yes,Bank transfer (automatic),25-48
0,0,0,0,1,32,18.95,613.95,1,19.1859375,Male,Yes,Yes,Yes,No,No,No internet service,No internet service,No internet service,No internet service,No internet service,No internet service,Two year,No,Mailed check,25-48
0,1,1,0,1,38,70.6,2708.2,5,71.26842105263158,Male,No,No,Yes,No,DSL,Yes,Yes,No,Yes,Yes,No,One year,No,Mailed check,25-48
0,1,0,1,1,59,83.25,4949.1,4,83.88305084745764,Female,No,No,Yes,Yes,Fiber optic,No,Yes,Yes,No,No,No,Month-to-month,Yes,Electronic check,49-72
0,1,1,0,1,27,100.5,2673.45,5,99.01666666666667,Male,No,No,Yes,Yes,Fiber optic,No,No,Yes,No,Yes,Yes,One year,Yes,Bank transfer (automatic),25-48
0,1,1,0,1,58,94.3,5610.15,5,96.72672413793103,Female,Yes,No,Yes,Yes,Fiber optic,No,Yes,Yes,No,No,Yes,One year,Yes,Electronic check,49-72
0,1,1,0,1,71,111.3,7985.9,8,112.47746478873239,Female,No,No,Yes,Yes,Fiber optic,Yes,Yes,Yes,Yes,Yes,Yes,Two year,No,Mailed check,49-72
1,1,0,1,1,27,86.45,2401.05,4,88.92777777777779,Female,No,No,Yes,Yes,Fiber optic,No,Yes,Yes,No,No,No,Month-to-month,Yes,Bank transfer (automatic),25-48
1,1,1,0,1,65,103.15,6792.45,6,104.49923076923076,Male,Yes,No,Yes,Yes,Fiber optic,No,Yes,Yes,No,Yes,Yes,One year,Yes,Bank transfer (automatic),49-72
0,1,1,0,1,48,70.95,3629.2,5,75.60833333333333,Male,No,No,Yes,Yes,DSL,Yes,No,No,Yes,No,Yes,One year,Yes,Bank transfer (automatic),25-48
0,0,1,1,1,28,80.6,2244.95,2,80.17678571428571,Female,No,No,Yes,No,Fiber optic,No,No,No,No,No,Yes,Month-to-month,Yes,Electronic check,25-48
0,0,0,1,0,19,24.7,465.85,2,24.51842105263158,Female,No,No,Yes,Yes,No,No internet service,No internet service,No internet service,No internet service,No internet service,No internet service,Month-to-month,No,Bank transfer (automatic),13-24
0,1,1,0,1,58,75.8,4415.75,6,76.13362068965517,Female,Yes,Yes,Yes,Yes,DSL,Yes,No,Yes,Yes,Yes,No,Two year,No,Mailed check,49-72
0,1,1,0,1,53,100.3,5200.8,5,98.12830188679246,Female,No,No,Yes,No,Fiber optic,No,Yes,Yes,No,Yes,Yes,One year,Yes,Mailed check,49-72
1,0,1,1,1,40,94.55,3640.45,4,91.01124999999999,Female,Yes,Yes,Yes,Yes,Fiber optic,No,No,No,No,Yes,Yes,Month-to-month,Yes,Credit card (automatic),25-48
0,0,0,1,0,1,19.25,19.25,1,19.25,Male,No,Yes,Yes,No,No,No internet service,No internet service,No internet service,No internet service,No internet service,No internet service,Month-to-month,No,Mailed check,0-12
0,1,1,1,1,40,104.5,4036.85,6,100.92125,Male,No,No,Yes,Yes,Fiber optic,No,Yes,Yes,No,Yes,Yes,Month-to-month,Yes,Credit card (automatic),25-48
0,0,0,0,1,61,25.45,1538.6,2,25.22295081967213,Male,Yes,No,Yes,Yes,No,No internet service,No internet service,No internet service,No internet service,No internet service,No internet service,Two year,No,Bank transfer (automatic),49-72
1,1,1,0,1,66,110.85,7491.75,7,113.51136363636364,Male,Yes,No,Yes,Yes,Fiber optic,No,Yes,Yes,Yes,Yes,Yes,One year,Yes,Electronic check,49-72
0,1,0,0,1,40,40.25,1564.05,3,39.10125,Male,No,Yes,No,No phone service,DSL,Yes,Yes,No,Yes,No,No,One year,No,Mailed check,25-48
0,1,1,1,0,15,99.7,1566.75,5,104.45,Male,No,No,Yes,Yes,Fiber optic,Yes,No,No,No,Yes,Yes,Month-to-month,Yes,Electronic check,13-24
0,0,0,0,1,68,25.75,1686.15,2,24.796323529411765,Male,Yes,Yes,Yes,Yes,No,No internet service,No internet service,No internet service,No internet service,No internet service,No internet service,Two year,No,Mailed check,49-72
1,0,1,1,0,12,80.45,950.2,2,79.18333333333334,Male,Yes,No,Yes,No,Fiber optic,No,No,No,No,No,Yes,Month-to-month,Yes,Electronic check,0-12
0,0,0,1,0,1,19.4,19.4,1,19.4,Female,No,No,Yes,No,No,No internet service,No internet service,No internet service,No internet service,No internet service,No internet service,Month-to-month,No,Credit card (automatic),0-12
0,0,0,0,0,8,19.5,162.15,1,20.26875,Female,Yes,Yes,Yes,No,No,No internet service,No internet service,No internet service,No internet service,No internet service,No internet service,Two year,No,Mailed check,0-12
0,1,0,1,1,40,74.8,2971.7,2,74.29249999999999,Female,No,No,Yes,No,Fiber optic,No,Yes,No,No,No,No,Month-to-month,No,Credit card (automatic),25-48
1,1,1,0,1,72,102.65,7550.3,6,104.86527777777778,Male,Yes,No,Yes,Yes,Fiber optic,Yes,Yes,Yes,No,No,Yes,Two year,Yes,Credit card (automatic),49-72
0,1,1,1,0,9,72.9,651.4,5,72.37777777777778,Female,No,Yes,Yes,No,DSL,No,No,Yes,Yes,Yes,Yes,Month-to-month,Yes,Mailed check,0-12
0,1,0,1,0,15,58.95,955.15,4,63.67666666666666,Female,No,No,Yes,No,DSL,Yes,No,Yes,Yes,No,No,Month-to-month,No,Electronic check,13-24
0,0,0,1,0,1,19.45,19.45,1,19.45,Male,No,No,Yes,No,No,No internet service,No internet service,No internet service,No internet service,No internet service,No internet service,Month-to-month,No,Electronic check,0-12
0,0,1,1,1,33,83.35,2757.85,3,83.57121212121211,Female,No,No,Yes,Yes,Fiber optic,No,No,No,No,No,Yes,Month-to-month,Yes,Electronic check,25-48
0,0,0,0,1,38,19.95,756.4,1,19.905263157894737,Female,Yes,Yes,Yes,No,No,No internet service,No internet service,No internet service,No internet service,No internet service,No internet service,Two year,Yes,Mailed check,25-48
0,1,1,0,1,55,64.75,3617.1,4,65.76545454545455,Female,No,No,Yes,No,DSL,No,Yes,Yes,No,No,Yes,Two year,Yes,Mailed check,49-72
0,1,1,0,1,65,79.4,5071.9,6,78.02923076923076,Female,Yes,Yes,Yes,Yes,DSL,No,Yes,No,Yes,Yes,Yes,Two year,Yes,Bank transfer (automatic),49-72
0,1,0,1,0,4,54.7,235.05,3,58.7625,Female,Yes,No,Yes,No,DSL,Yes,Yes,No,No,No,No,Month-to-month,No,Mailed check,0-12
0,1,1,0,1,43,106.0,4532.3,6,105.40232558139536,Female,No,Yes,Yes,No,Fiber optic,Yes,Yes,No,Yes,Yes,Yes,One year,Yes,Credit card (automatic),25-48
0,1,0,1,0,18,35.2,607.3,2,33.73888888888889,Female,No,No,No,No phone service,DSL,No,No,Yes,Yes,No,No,Month-to-month,Yes,Electronic check,13-24
1,0,1,1,0,1,93.55,93.55,4,93.55,Male,No,No,Yes,Yes,Fiber optic,No,No,No,No,Yes,Yes,Month-to-month,Yes,Electronic check,0-12
0,0,0,1,0,1,18.9,18.9,1,18.9,Male,No,No,Yes,No,No,No internet service,No internet service,No internet service,No internet service,No internet service,No internet service,Month-to-month,No,Mailed check,0-12
0,0,0,1,0,3,70.3,208.85,1,69.61666666666666,Male,Yes,No,Yes,No,Fiber optic,No,No,No,No,No,No,Month-to-month,Yes,Electronic check,0-12
0,0,0,0,1,41,20.65,875.55,1,21.35487804878049,Female,Yes,No,Yes,No,No,No internet service,No internet service,No internet service,No internet service,No internet service,No internet service,Two year,No,Credit card (automatic),25-48
0,1,1,1,0,16,88.45,1422.1,4,88.88125,Female,No,No,Yes,Yes,Fiber optic,No,No,Yes,No,No,Yes,Month-to-month,Yes,Electronic check,13-24
0,0,1,1,0,5,80.2,384.25,2,76.85,Female,No,No,Yes,No,Fiber optic,No,No,No,No,Yes,No,Month-to-month,No,Electronic check,0-12
0,1,1,1,1,56,105.35,5794.45,6,103.47232142857142,Male,No,No,Yes,Yes,Fiber optic,Yes,No,No,Yes,Yes,Yes,Month-to-month,Yes,Mailed check,49-72
1,0,0,1,1,28,25.7,734.6,2,26.235714285714288,Female,Yes,No,Yes,Yes,No,No internet service,No internet service,No internet service,No internet service,No internet service,No internet service,Month-to-month,No,Mailed check,25-48
0,0,0,0,1,54,20.05,1102.4,1,20.414814814814818,Female,Yes,No,Yes,No,No,No internet service,No internet service,No internet service,No internet service,No internet service,No internet service,Two year,No,Credit card (automatic),49-72
0,0,0,1,0,1,19.5,19.5,1,19.5,Male,No,No,Yes,No,No,No internet service,No internet service,No internet service,No internet service,No internet service,No internet service,Month-to-month,Yes,Mailed check,0-12
0,1,1,0,1,42,108.3,4586.15,6,109.19404761904761,Male,Yes,No,Yes,Yes,Fiber optic,No,No,Yes,Yes,Yes,Yes,One year,Yes,Electronic check,25-48
0,1,1,0,1,66,105.65,6844.5,6,103.70454545454545,Male,No,No,Yes,No,Fiber optic,Yes,No,Yes,Yes,Yes,Yes,Two year,Yes,Bank transfer (automatic),49-72
1,0,1,1,0,8,84.0,613.4,3,76.675,Female,Yes,No,Yes,Yes,Fiber optic,No,No,No,No,No,Yes,Month-to-month,Yes,Electronic check,0-12
0,0,0,1,0,14,25.55,372.45,2,26.603571428571428,Female,Yes,Yes,Yes,Yes,No,No internet service,No internet service,No internet service,No internet service,No internet service,No internet service,Month-to-month,No,Mailed check,13-24
0,1,1,1,1,43,49.05,2076.2,3,48.283720930232555,Female,No,No,No,No phone service,DSL,No,No,Yes,No,Yes,Yes,Month-to-month,Yes,Bank transfer (automatic),25-48
0,1,1,0,1,70,49.85,3370.2,4,48.145714285714284,Female,Yes,No,No,No phone service,DSL,Yes,No,Yes,Yes,No,Yes,Two year,Yes,Bank transfer (automatic),49-72
0,1,0,1,1,31,89.3,2823.0,5,91.06451612903226,Male,Yes,Yes,Yes,Yes,Fiber optic,Yes,No,Yes,Yes,No,No,Month-to-month,No,Electronic check,25-48
0,1,1,0,1,72,111.9,8071.05,7,112.09791666666666,Male,Yes,No,Yes,Yes,Fiber optic,Yes,No,Yes,Yes,Yes,Yes,Two year,Yes,Credit card (automatic),49-72
0,1,1,0,1,34,67.65,2339.3,5,68.8029411764706,Female,No,Yes,Yes,No,DSL,Yes,No,Yes,Yes,Yes,No,Two year,No,Credit card (automatic),25-48
0,0,0,0,0,19,19.8,344.5,1,18.13157894736842,Male,Yes,Yes,Yes,No,No,No internet service,No internet service,No internet service,No internet service,No internet service,No internet service,One year,No,Mailed check,13-24
0,1,1,0,1,53,106.1,5769.75,6,108.86320754716981,Female,Yes,No,Yes,No,Fiber optic,Yes,Yes,Yes,No,Yes,Yes,One year,Yes,Bank transfer (automatic),49-72
0,1,1,1,0,3,40.3,92.5,2,30.833333333333332,Female,Yes,Yes,No,No phone service,DSL,No,Yes,No,No,No,Yes,Month-to-month,No,Mailed check,0-12
0,1,0,1,0,13,79.8,973.45,3,74.88076923076923,Male,No,No,Yes,No,Fiber optic,No,Yes,Yes,No,No,No,Month-to-month,Yes,Electronic check,13-24
0,1,1,0,1,24,74.4,1712.9,5,71.37083333333334,Male,Yes,No,Yes,No,DSL,Yes,No,No,Yes,Yes,Yes,One year,No,Bank transfer (automatic),13-24
1,1,1,1,0,4,88.85,372.45,4,93.1125,Female,No,No,Yes,Yes,Fiber optic,No,No,Yes,No,No,Yes,Month-to-month,Yes,Electronic check,0-12
1,0,1,1,1,32,79.5,2665.0,2,83.28125,Female,No,No,Yes,No,Fiber optic,No,No,No,No,No,Yes,Month-to-month,Yes,Electronic check,25-48
0,1,0,0,1,39,40.3,1630.4,3,41.805128205128206,Female,No,No,No,No phone service,DSL,Yes,Yes,No,Yes,No,No,One year,Yes,Bank transfer (automatic),25-48
0,1,1,0,1,72,109.75,7758.9,7,107.76249999999999,Male,Yes,No,Yes,Yes,Fiber optic,No,Yes,Yes,Yes,Yes,Yes,Two year,Yes,Credit card (automatic),49-72
0,1,1,1,1,60,105.9,6396.45,6,106.6075,Female,No,No,Yes,Yes,Fiber optic,No,Yes,Yes,No,Yes,Yes,Month-to-month,Yes,Electronic check,49-72
0,0,0,1,0,4,25.45,84.2,2,21.05,Female,No,Yes,Yes,Yes,No,No internet service,No internet service,No internet service,No internet service,No internet service,No internet service,Month-to-month,Yes,Mailed check,0-12
0,0,0,0,1,72,24.75,1777.6,2,24.688888888888886,Male,No,No,Yes,Yes,No,No internet service,No internet service,No internet service,No internet service,No internet service,No internet service,Two year,No,Bank transfer (automatic),49-72
0,1,1,1,0,9,48.75,442.2,3,49.13333333333333,Female,Yes,No,No,No phone service,DSL,No,No,Yes,No,Yes,Yes,Month-to-month,Yes,Electronic check,0-12
0,1,0,0,1,29,39.5,1082.75,3,37.33620689655172,Female,No,No,No,No phone service,DSL,Yes,Yes,No,Yes,No,No,One year,No,Credit card (automatic),25-48
0,0,0,0,0,18,23.75,424.5,2,23.583333333333332,Male,No,No,Yes,Yes,No,No internet service,No internet service,No internet service,No internet service,No internet service,No internet service,One year,No,Mailed check,13-24
1,1,1,0,1,72,89.55,6448.85,8,89.56736111111111,Female,Yes,Yes,Yes,Yes,DSL,Yes,Yes,Yes,Yes,Yes,Yes,Two year,Yes,Credit card (automatic),49-72
0,0,0,1,0,2,20.05,42.7,1,21.35,Male,No,No,Yes,No,No,No internet service,No internet service,No internet service,No internet service,No internet service,No internet service,Month-to-month,No,Mailed check,0-12
0,1,1,0,1,71,109.6,7854.15,7,110.6218309859155,Male,Yes,No,Yes,Yes,Fiber optic,Yes,Yes,Yes,No,Yes,Yes,One year,Yes,Electronic check,49-72
0,0,0,1,0,8,19.55,161.15,1,20.14375,Male,Yes,No,Yes,No,No,No internet service,No internet service,No internet service,No internet service,No internet service,No internet service,Month-to-month,Yes,Bank transfer (automatic),0-12
1,1,1,0,1,72,88.05,6425.65,8,89.24513888888889,Female,Yes,Yes,Yes,Yes,DSL,Yes,Yes,Yes,Yes,Yes,Yes,Two year,Yes,Credit card (automatic),49-72
0,1,1,0,1,71,70.85,4973.4,5,70.04788732394366,Male,Yes,Yes,Yes,No,DSL,Yes,No,Yes,Yes,No,Yes,Two year,Yes,Credit card (automatic),49-72
0,1,1,0,1,44,106.05,4510.8,6,102.51818181818182,Male,No,No,Yes,No,Fiber optic,Yes,Yes,Yes,No,Yes,Yes,One year,Yes,Electronic check,25-48
0,0,0,0,1,47,24.55,1160.45,2,24.690425531914894,Male,Yes,Yes,Yes,Yes,No,No internet service,No internet service,No internet service,No internet service,No internet service,No internet service,Two year,No,Mailed check,25-48
1,1,1,0,1,27,110.5,2857.6,7,105.83703703703704,Female,No,No,Yes,Yes,Fiber optic,Yes,Yes,Yes,No,Yes,Yes,One year,Yes,Bank transfer (automatic),25-48
0,1,0,1,0,1,49.75,49.75,2,49.75,Male,No,No,Yes,No,DSL,Yes,No,No,No,No,No,Month-to-month,No,Electronic check,0-12
0,0,0,0,1,46,24.95,1165.9,2,25.345652173913045,Female,Yes,Yes,Yes,Yes,No,No internet service,No internet service,No internet service,No internet service,No internet service,No internet service,One year,No,Mailed check,25-48
0,1,0,1,0,11,34.7,383.55,2,34.86818181818182,Male,No,No,No,No phone service,DSL,No,Yes,Yes,No,No,No,Month-to-month,No,Mailed check,0-12
1,1,1,1,1,41,99.8,4259.3,5,103.88536585365854,Male,Yes,No,Yes,Yes,Fiber optic,No,No,Yes,No,Yes,Yes,Month-to-month,Yes,Electronic check,25-48
0,1,1,0,1,69,61.45,4131.2,3,59.87246376811594,Female,Yes,No,Yes,No,DSL,No,Yes,No,No,No,Yes,Two year,Yes,Credit card (automatic),49-72
0,0,0,0,0,13,19.95,253.8,1,19.523076923076925,Male,No,No,Yes,No,No,No internet service,No internet service,No internet service,No internet service,No internet service,No internet service,One year,Yes,Electronic check,13-24
0,0,0,0,1,45,20.0,886.4,1,19.697777777777777,Female,Yes,Yes,Yes,No,No,No internet service,No internet service,No internet service,No internet service,No internet service,No internet service,Two year,Yes,Bank transfer (automatic),25-48
0,0,0,0,1,24,24.6,592.65,2,24.693749999999998,Male,No,No,Yes,Yes,No,No internet service,No internet service,No internet service,No internet service,No internet service,No internet service,One year,No,Electronic check,13-24
0,0,0,0,1,65,25.75,1654.75,2,25.45769230769231,Male,No,No,Yes,Yes,No,No internet service,No internet service,No internet service,No internet service,No internet service,No internet service,Two year,No,Mailed check,49-72
1,1,0,1,0,1,49.55,49.55,2,49.55,Female,Yes,No,Yes,No,DSL,Yes,No,No,No,No,No,Month-to-month,Yes,Electronic check,0-12
0,1,1,0,1,51,76.4,3966.3,5,77.77058823529413,Male,Yes,Yes,Yes,No,DSL,Yes,No,No,Yes,Yes,Yes,One year,Yes,Bank transfer (automatic),49-72
0,0,0,0,0,11,20.0,211.95,1,19.268181818181816,Female,No,No,Yes,No,No,No internet service,No internet service,No internet service,No internet service,No internet service,No internet service,One year,No,Mailed check,0-12
0,1,1,1,0,5,96.25,512.45,4,102.49000000000001,Female,No,No,Yes,No,Fiber optic,No,Yes,No,No,Yes,Yes,Month-to-month,Yes,Electronic check,0-12
0,0,0,1,0,8,19.7,168.9,1,21.1125,Male,No,No,Yes,No,No,No internet service,No internet service,No internet service,No internet service,No internet service,No internet service,Month-to-month,Yes,Bank transfer (automatic),0-12
0,1,1,0,1,71,80.4,5727.15,7,80.66408450704225,Male,Yes,No,Yes,Yes,DSL,Yes,Yes,Yes,Yes,No,Yes,Two year,No,Credit card (automatic),49-72
0,1,1,1,0,15,94.0,1505.45,4,100.36333333333333,Female,No,No,Yes,No,Fiber optic,No,No,Yes,No,Yes,Yes,Month-to-month,Yes,Credit card (automatic),13-24
0,0,0,1,1,28,20.5,563.05,1,20.10892857142857,Female,Yes,No,Yes,No,No,No internet service,No internet service,No internet service,No internet service,No internet service,No internet service,Month-to-month,No,Mailed check,25-48
0,0,0,1,0,16,74.75,1129.35,2,70.584375,Female,No,No,Yes,Yes,Fiber optic,No,No,No,No,No,No,Month-to-month,Yes,Credit card (automatic),13-24
0,1,0,0,1,53,64.15,3491.55,5,65.87830188679246,Male,Yes,Yes,Yes,Yes,DSL,Yes,Yes,No,Yes,No,No,One year,No,Bank transfer (automatic),49-72
0,1,0,1,0,14,59.45,780.85,4,55.775,Female,Yes,Yes,Yes,No,DSL,Yes,Yes,No,Yes,No,No,Month-to-month,No,Bank transfer (automatic),13-24
0,1,1,0,1,49,100.65,4917.75,5,100.36224489795919,Female,No,No,Yes,No,Fiber optic,No,No,Yes,Yes,Yes,Yes,Two year,No,Credit card (automatic),49-72
0,1,1,0,1,71,47.05,3263.6,3,45.96619718309859,Female,Yes,No,No,No phone service,DSL,No,No,Yes,Yes,No,Yes,Two year,Yes,Electronic check,49-72
0,0,0,0,1,45,20.85,892.15,1,19.825555555555557,Female,Yes,Yes,Yes,No,No,No internet service,No internet service,No internet service,No internet service,No internet service,No internet service,Two year,No,Mailed check,25-48
0,1,1,1,1,53,98.4,5149.5,5,97.16037735849056,Female,Yes,No,Yes,Yes,Fiber optic,No,Yes,No,No,Yes,Yes,Month-to-month,Yes,Credit card (automatic),49-72
0,1,1,1,1,26,44.45,1183.8,3,45.53076923076923,Female,No,No,No,No phone service,DSL,No,No,Yes,Yes,Yes,No,Month-to-month,Yes,Credit card (automatic),25-48
0,1,1,0,1,67,86.15,5883.85,7,87.81865671641792,Female,Yes,No,Yes,Yes,DSL,No,Yes,Yes,Yes,Yes,Yes,Two year,No,Bank transfer (automatic),49-72
0,0,1,1,0,2,84.05,134.05,3,67.025,Female,Yes,No,Yes,Yes,Fiber optic,No,No,No,No,Yes,No,Month-to-month,Yes,Electronic check,0-12
1,1,0,1,0,17,82.65,1470.05,3,86.4735294117647,Female,No,No,Yes,Yes,Fiber optic,No,No,Yes,No,No,No,Month-to-month,Yes,Credit card (automatic),13-24
1,0,1,1,0,13,82.0,1127.2,3,86.70769230769231,Female,No,No,Yes,Yes,Fiber optic,No,No,No,No,No,Yes,Month-to-month,Yes,Electronic check,13-24
0,1,1,0,1,71,106.7,7382.25,6,103.97535211267606,Male,No,Yes,Yes,Yes,Fiber optic,Yes,No,Yes,No,Yes,Yes,Two year,No,Bank transfer (automatic),49-72
0,1,0,0,1,68,58.25,3975.7,4,58.46617647058823,Female,Yes,No,Yes,Yes,DSL,Yes,No,No,Yes,No,No,One year,No,Bank transfer (automatic),49-72
0,0,0,1,0,1,19.7,19.7,1,19.7,Male,Yes,Yes,Yes,No,No,No internet service,No internet service,No internet service,No internet service,No internet service,No internet service,Month-to-month,No,Mailed check,0-12
0,0,0,0,0,10,19.95,219.5,1,21.95,Male,No,Yes,Yes,No,No,No internet service,No internet service,No internet service,No internet service,No internet service,No internet service,One year,Yes,Bank transfer (automatic),0-12
0,1,1,0,1,41,78.45,3126.45,6,76.25487804878048,Female,Yes,Yes,Yes,No,DSL,Yes,Yes,No,Yes,Yes,Yes,Two year,No,Electronic check,25-48
1,1,1,0,1,31,50.4,1580.1,4,50.97096774193548,Female,Yes,No,No,No phone service,DSL,Yes,Yes,Yes,No,No,Yes,One year,Yes,Credit card (automatic),25-48
0,1,1,1,0,11,69.35,712.25,4,64.75,Male,No,No,Yes,No,DSL,No,No,Yes,No,Yes,Yes,Month-to-month,Yes,Electronic check,0-12
0,0,0,1,0,1,25.0,25.0,2,25.0,Male,No,No,Yes,Yes,No,No internet service,No internet service,No internet service,No internet service,No internet service,No internet service,Month-to-month,Yes,Mailed check,0-12
0,0,0,1,0,22,20.15,432.5,1,19.65909090909091,Male,No,Yes,Yes,No,No,No internet service,No internet service,No internet service,No internet service,No internet service,No internet service,Month-to-month,No,Credit card (automatic),13-24
0,1,1,0,1,57,90.45,5229.8,4,91.75087719298246,Male,No,No,Yes,Yes,Fiber optic,No,No,No,Yes,Yes,No,Two year,Yes,Credit card (automatic),49-72
0,1,0,1,0,12,51.25,612.1,2,51.00833333333333,Female,Yes,No,Yes,No,DSL,No,Yes,No,No,No,No,Month-to-month,Yes,Electronic check,0-12
0,0,0,0,1,67,25.6,1790.35,2,26.721641791044775,Female,No,No,Yes,Yes,No,No internet service,No internet service,No internet service,No internet service,No internet service,No internet service,Two year,Yes,Bank transfer (automatic),49-72
0,0,1,1,1,29,33.75,1009.25,1,34.80172413793103,Male,Yes,No,No,No phone service,DSL,No,No,No,No,Yes,No,Month-to-month,No,Mailed check,25-48
0,0,0,1,0,4,20.5,77.6,1,19.4,Male,Yes,Yes,Yes,No,No,No internet service,No internet service,No internet service,No internet service,No internet service,No internet service,Month-to-month,Yes,Mailed check,0-12
0,1,1,1,1,25,48.25,1293.8,3,51.751999999999995,Female,No,No,No,No phone service,DSL,No,No,Yes,No,Yes,Yes,Month-to-month,Yes,Electronic check,25-48
0,1,1,0,1,72,55.65,3880.05,5,53.889583333333334,Female,Yes,Yes,No,No phone service,DSL,Yes,Yes,Yes,Yes,No,Yes,Two year,No,Credit card (automatic),49-72
0,1,1,0,1,72,89.4,6376.55,8,88.56319444444445,Male,Yes,Yes,Yes,Yes,DSL,Yes,Yes,Yes,Yes,Yes,Yes,Two year,Yes,Mailed check,49-72
0,1,1,1,0,9,40.75,359.4,2,39.93333333333333,Female,No,No,No,No phone service,DSL,No,Yes,No,No,No,Yes,Month-to-month,No,Electronic check,0-12
0,1,1,0,1,53,69.7,3686.05,5,69.54811320754717,Male,Yes,Yes,Yes,Yes,DSL,Yes,Yes,No,No,No,Yes,Two year,No,Bank transfer (automatic),49-72
0,1,1,0,1,68,110.8,7553.6,7,111.08235294117648,Female,Yes,No,Yes,Yes,Fiber optic,Yes,Yes,Yes,No,Yes,Yes,Two year,Yes,Bank transfer (automatic),49-72
1,1,0,0,1,57,53.5,3035.8,3,53.25964912280702,Male,No,No,Yes,No,DSL,No,No,Yes,Yes,No,No,One year,Yes,Electronic check,49-72
0,0,0,1,0,15,25.25,394.85,2,26.323333333333334,Female,Yes,Yes,Yes,Yes,No,No internet service,No internet service,No internet service,No internet service,No internet service,No internet service,Month-to-month,Yes,Electronic check,13-24
0,0,0,0,0,23,19.65,451.55,1,19.632608695652173,Female,Yes,Yes,Yes,No,No,No internet service,No internet service,No internet service,No internet service,No internet service,No internet service,Two year,Yes,Mailed check,13-24
0,0,0,0,0,12,24.0,269.65,2,22.47083333333333,Male,Yes,Yes,Yes,Yes,No,No internet service,No internet service,No internet service,No internet service,No internet service,No internet service,Two year,Yes,Bank transfer (automatic),0-12
0,1,1,0,1,35,53.15,1930.9,4,55.16857142857143,Male,Yes,No,No,No phone service,DSL,Yes,No,Yes,No,Yes,Yes,One year,No,Credit card (automatic),25-48
0,1,1,1,0,19,89.65,1761.05,4,92.68684210526315,Female,Yes,No,Yes,Yes,Fiber optic,No,No,Yes,No,No,Yes,Month-to-month,No,Mailed check,13-24
0,0,1,1,0,8,84.5,662.65,3,82.83125,Male,No,No,Yes,Yes,Fiber optic,No,No,No,No,No,Yes,Month-to-month,No,Bank transfer (automatic),0-12
0,0,0,0,1,53,19.65,978.0,1,18.452830188679247,Male,No,No,Yes,No,No,No internet service,No internet service,No internet service,No internet service,No internet service,No internet service,Two year,No,Bank transfer (automatic),49-72
0,0,0,1,0,13,20.4,251.65,1,19.357692307692307,Male,No,No,Yes,No,No,No internet service,No internet service,No internet service,No internet service,No internet service,No internet service,Month-to-month,Yes,Electronic check,13-24
1,1,0,1,0,1,75.3,75.3,2,75.3,Female,No,No,Yes,No,Fiber optic,No,No,Yes,No,No,No,Month-to-month,Yes,Bank transfer (automatic),0-12
0,0,1,1,0,23,85.6,1868.4,3,81.23478260869565,Female,Yes,Yes,Yes,Yes,Fiber optic,No,No,No,No,No,Yes,Month-to-month,No,Electronic check,13-24
1,0,1,1,0,14,46.35,672.7,2,48.050000000000004,Female,No,No,No,No phone service,DSL,No,No,No,No,Yes,Yes,Month-to-month,Yes,Electronic check,13-24
0,1,0,0,1,30,55.65,1653.85,3,55.12833333333333,Male,No,No,Yes,No,DSL,Yes,No,Yes,No,No,No,Two year,Yes,Mailed check,25-48
0,0,0,0,0,8,19.85,146.6,1,18.325,Female,Yes,Yes,Yes,No,No,No internet service,No internet service,No internet service,No internet service,No internet service,No internet service,Two year,Yes,Mailed check,0-12
0,1,1,1,0,16,71.4,1212.1,5,75.75625,Male,No,No,Yes,Yes,DSL,No,Yes,Yes,No,No,Yes,Month-to-month,Yes,Bank transfer (automatic),13-24
1,1,1,1,1,58,98.9,5780.7,5,99.66724137931034,Male,Yes,No,Yes,Yes,Fiber optic,No,Yes,No,No,Yes,Yes,Month-to-month,Yes,Electronic check,49-72
0,1,1,1,0,7,99.8,673.25,5,96.17857142857143,Male,No,No,Yes,Yes,Fiber optic,No,Yes,No,No,Yes,Yes,Month-to-month,Yes,Electronic check,0-12
1,1,1,1,0,6,98.25,560.6,5,93.43333333333334,Female,No,No,Yes,Yes,Fiber optic,No,Yes,No,No,Yes,Yes,Month-to-month,Yes,Electronic check,0-12
0,1,1,0,1,71,81.85,5924.4,6,83.44225352112676,Female,Yes,No,Yes,No,DSL,Yes,No,Yes,Yes,Yes,Yes,Two year,No,Bank transfer (automatic),49-72
0,0,0,1,0,1,44.9,44.9,1,44.9,Male,No,No,Yes,No,DSL,No,No,No,No,No,No,Month-to-month,Yes,Mailed check,0-12
0,1,1,1,1,57,103.05,5925.75,7,103.96052631578948,Male,Yes,No,Yes,Yes,Fiber optic,Yes,Yes,Yes,Yes,Yes,No,Month-to-month,Yes,Electronic check,49-72
0,0,0,1,0,1,19.3,19.3,1,19.3,Female,No,No,Yes,No,No,No internet service,No internet service,No internet service,No internet service,No internet service,No internet service,Month-to-month,No,Electronic check,0-12
0,0,0,1,0,23,20.3,470.6,1,20.460869565217394,Female,No,No,Yes,No,No,No internet service,No internet service,No internet service,No internet service,No internet service,No internet service,Month-to-month,Yes,Bank transfer (automatic),13-24
0,1,1,0,1,39,58.6,2224.5,3,57.03846153846154,Female,No,No,Yes,No,DSL,No,Yes,No,No,Yes,No,One year,Yes,Credit card (automatic),25-48
0,1,1,1,1,47,100.75,4669.2,6,99.34468085106383,Male,No,No,Yes,Yes,Fiber optic,Yes,Yes,No,Yes,Yes,No,Month-to-month,No,Mailed check,25-48
1,0,0,1,0,11,19.95,214.75,1,19.522727272727273,Male,Yes,No,Yes,No,No,No internet service,No internet service,No internet service,No internet service,No internet service,No internet service,Month-to-month,No,Mailed check,0-12
0,1,1,1,1,41,88.5,3645.05,4,88.90365853658537,Female,No,Yes,Yes,Yes,Fiber optic,No,Yes,No,No,Yes,No,Month-to-month,Yes,Bank transfer (automatic),25-48
0,1,1,0,0,3,71.1,213.35,5,71.11666666666666,Female,No,No,Yes,No,DSL,Yes,Yes,No,Yes,No,Yes,Two year,No,Mailed check,0-12
0,1,1,0,1,29,75.35,2243.9,5,77.37586206896552,Male,No,No,Yes,No,DSL,No,No,Yes,Yes,Yes,Yes,One year,Yes,Bank transfer (automatic),25-48
0,1,1,0,1,69,105.1,7234.8,7,104.85217391304349,Female,Yes,Yes,Yes,Yes,Fiber optic,Yes,Yes,Yes,Yes,Yes,No,One year,Yes,Credit card (automatic),49-72
1,1,0,1,1,38,57.15,2250.65,3,59.227631578947374,Female,No,No,Yes,No,DSL,Yes,Yes,No,No,No,No,Month-to-month,Yes,Credit card (automatic),25-48
0,0,0,1,0,16,73.85,1284.2,2,80.2625,Male,Yes,No,Yes,Yes,Fiber optic,No,No,No,No,No,No,Month-to-month,Yes,Bank transfer (automatic),13-24
0,1,1,0,1,43,78.8,3460.3,6,80.47209302325582,Female,Yes,No,Yes,No,DSL,Yes,No,Yes,Yes,Yes,Yes,Two year,Yes,Electronic check,25-48
0,1,1,0,0,6,49.25,255.6,3,42.6,Female,No,No,No,No phone service,DSL,No,No,No,Yes,Yes,Yes,One year,Yes,Mailed check,0-12
0,0,0,0,1,25,26.8,733.55,2,29.342,Female,Yes,No,Yes,Yes,No,No internet service,No internet service,No internet service,No internet service,No internet service,No internet service,One year,Yes,Mailed check,25-48
0,0,0,1,0,1,70.15,70.15,1,70.15,Female,No,No,Yes,No,Fiber optic,No,No,No,No,No,No,Month-to-month,Yes,Mailed check,0-12
1,1,1,1,1,41,94.55,3851.45,4,93.93780487804878,Male,Yes,No,Yes,No,Fiber optic,No,Yes,No,No,Yes,Yes,Month-to-month,Yes,Electronic check,25-48
0,1,1,1,1,45,103.65,4747.85,6,105.50777777777779,Male,No,No,Yes,Yes,Fiber optic,No,No,Yes,Yes,Yes,Yes,Month-to-month,Yes,Bank transfer (automatic),25-48
0,1,1,1,0,5,85.3,420.45,3,84.09,Female,No,No,Yes,No,Fiber optic,No,Yes,No,No,Yes,No,Month-to-month,Yes,Mailed check,0-12
0,1,1,0,1,45,113.3,5032.25,8,111.82777777777778,Female,Yes,No,Yes,Yes,Fiber optic,Yes,Yes,Yes,Yes,Yes,Yes,One year,No,Mailed check,25-48
1,1,1,1,1,44,104.15,4495.65,6,102.17386363636363,Female,Yes,No,Yes,Yes,Fiber optic,No,No,Yes,Yes,Yes,Yes,Month-to-month,No,Electronic check,25-48
0,1,1,0,1,61,73.8,4616.05,5,75.67295081967214,Female,Yes,Yes,Yes,No,DSL,No,No,Yes,Yes,Yes,Yes,Two year,Yes,Bank transfer (automatic),49-72
0,1,1,1,1,52,93.25,4631.7,5,89.07115384615385,Male,Yes,Yes,Yes,Yes,Fiber optic,No,Yes,No,Yes,No,Yes,Month-to-month,Yes,Bank transfer (automatic),49-72
0,1,0,1,0,6,79.05,434.5,3,72.41666666666667,Female,No,No,Yes,Yes,Fiber optic,Yes,No,No,No,No,No,Month-to-month,Yes,Electronic check,0-12
1,0,0,0,1,64,24.4,1548.65,2,24.19765625,Male,Yes,Yes,Yes,Yes,No,No internet service,No internet service,No internet service,No internet service,No internet service,No internet service,Two year,Yes,Bank transfer (automatic),49-72
0,0,0,0,0,19,20.15,387.7,1,20.405263157894737,Female,Yes,Yes,Yes,No,No,No internet service,No internet service,No internet service,No internet service,No internet service,No internet service,Two year,No,Mailed check,13-24
1,1,1,0,1,71,105.75,7382.85,6,103.98380281690142,Male,No,No,Yes,Yes,Fiber optic,No,Yes,No,Yes,Yes,Yes,One year,No,Bank transfer (automatic),49-72
0,1,0,1,1,45,81.4,3775.85,3,83.90777777777778,Male,Yes,No,Yes,Yes,Fiber optic,No,Yes,No,No,No,No,Month-to-month,No,Bank transfer (automatic),25-48
1,1,1,0,1,50,101.9,5265.5,6,105.31,Male,Yes,No,Yes,Yes,Fiber optic,Yes,Yes,Yes,No,Yes,No,One year,Yes,Bank transfer (automatic),49-72
0,1,1,0,1,68,118.6,7990.05,8,117.50073529411765,Female,Yes,No,Yes,Yes,Fiber optic,Yes,Yes,Yes,Yes,Yes,Yes,Two year,No,Mailed check,49-72
1,0,0,1,0,1,69.65,69.65,1,69.65,Male,No,No,Yes,No,Fiber optic,No,No,No,No,No,No,Month-to-month,Yes,Electronic check,0-12
1,1,1,1,0,12,91.3,1094.5,4,91.20833333333333,Female,No,No,Yes,Yes,Fiber optic,No,Yes,No,No,Yes,No,Month-to-month,Yes,Electronic check,0-12
0,1,1,1,1,33,90.65,2989.6,4,90.5939393939394,Female,No,No,Yes,Yes,Fiber optic,Yes,No,No,No,No,Yes,Month-to-month,Yes,Electronic check,25-48
1,1,1,1,1,32,91.35,2896.55,4,90.5171875,Female,Yes,Yes,Yes,Yes,Fiber optic,No,No,Yes,No,Yes,No,Month-to-month,Yes,Mailed check,25-48
0,0,0,0,1,71,19.6,1387.45,1,19.541549295774647,Male,Yes,Yes,Yes,No,No,No internet service,No internet service,No internet service,No internet service,No internet service,No internet service,Two year,Yes,Bank transfer (automatic),49-72
1,0,1,1,0,17,92.55,1614.7,4,94.98235294117647,Female,Yes,No,Yes,Yes,Fiber optic,No,No,No,No,Yes,Yes,Month-to-month,Yes,Electronic check,13-24
0,1,0,0,0,19,48.95,955.6,2,50.294736842105266,Male,Yes,Yes,Yes,No,DSL,Yes,No,No,No,No,No,One year,Yes,Bank transfer (automatic),13-24
1,0,0,1,1,54,74.0,3919.15,2,72.57685185185186,Male,Yes,No,Yes,Yes,Fiber optic,No,No,No,No,No,No,Month-to-month,No,Bank transfer (automatic),49-72
0,1,1,1,1,57,58.75,3437.45,5,60.30614035087719,Female,Yes,No,No,No phone service,DSL,Yes,Yes,Yes,No,Yes,Yes,Month-to-month,Yes,Bank transfer (automatic),49-72
0,1,1,0,1,68,82.85,5776.45,6,84.94779411764705,Male,Yes,Yes,Yes,No,DSL,Yes,Yes,No,Yes,Yes,Yes,Two year,No,Bank transfer (automatic),49-72
0,1,1,1,1,53,48.7,2495.2,4,47.079245283018864,Female,Yes,Yes,No,No phone service,DSL,Yes,Yes,Yes,No,No,Yes,Month-to-month,Yes,Bank transfer (automatic),49-72
0,1,1,1,1,48,107.4,5121.3,6,106.69375000000001,Female,No,No,Yes,Yes,Fiber optic,No,Yes,Yes,No,Yes,Yes,Month-to-month,Yes,Bank transfer (automatic),25-48
0,1,0,0,1,36,53.65,1939.35,3,53.87083333333333,Male,Yes,Yes,Yes,No,DSL,Yes,Yes,No,No,No,No,One year,No,Mailed check,25-48
0,1,0,0,1,35,61.2,2021.2,4,57.74857142857143,Male,No,No,Yes,No,DSL,Yes,Yes,Yes,No,No,No,One year,No,Mailed check,25-48
0,1,0,0,1,67,65.65,4322.85,5,64.52014925373135,Female,Yes,No,Yes,Yes,DSL,Yes,Yes,Yes,No,No,No,Two year,No,Mailed check,49-72
0,1,1,1,1,53,46.3,2546.85,3,48.053773584905656,Male,No,No,No,No phone service,DSL,Yes,Yes,No,No,No,Yes,Month-to-month,Yes,Bank transfer (automatic),49-72
0,0,0,1,0,22,75.8,1615.1,2,73.41363636363636,Female,Yes,Yes,Yes,Yes,Fiber optic,No,No,No,No,No,No,Month-to-month,Yes,Bank transfer (automatic),13-24
1,1,1,1,1,30,74.75,2111.3,5,70.37666666666668,Male,No,No,Yes,No,DSL,Yes,Yes,No,No,Yes,Yes,Month-to-month,Yes,Electronic check,25-48
0,1,1,0,1,50,100.2,5038.45,5,100.76899999999999,Female,No,No,Yes,No,Fiber optic,No,Yes,No,Yes,Yes,Yes,Two year,Yes,Mailed check,49-72
0,0,0,0,1,45,20.35,929.2,1,20.64888888888889,Male,Yes,Yes,Yes,No,No,No internet service,No internet service,No internet service,No internet service,No internet service,No internet service,Two year,No,Mailed check,25-48
0,0,0,1,1,29,25.1,712.85,0,24.58103448275862,Female,No,No,No,No phone service,DSL,No,No,No,No,No,No,Month-to-month,Yes,Credit card (automatic),25-48
0,0,0,1,0,12,45.4,518.9,1,43.24166666666667,Male,No,No,Yes,No,DSL,No,No,No,No,No,No,Month-to-month,Yes,Bank transfer (automatic),0-12
0,1,0,1,0,3,36.85,108.7,2,36.233333333333334,Male,No,No,No,No phone service,DSL,No,Yes,No,Yes,No,No,Month-to-month,Yes,Mailed check,0-12
0,0,1,1,0,1,35.25,35.25,1,35.25,Male,No,No,No,No phone service,DSL,No,No,No,No,No,Yes,Month-to-month,Yes,Bank transfer (automatic),0-12
0,0,1,1,0,2,89.55,185.55,3,92.775,Male,Yes,Yes,Yes,No,Fiber optic,No,No,No,No,Yes,Yes,Month-to-month,Yes,Bank transfer (automatic),0-12
0,1,0,1,1,27,76.1,2093.4,2,77.53333333333333,Female,Yes,No,Yes,No,Fiber optic,No,Yes,No,No,No,No,Month-to-month,Yes,Electronic check,25-48
1,1,0,1,1,55,85.45,4874.7,4,88.63090909090909,Female,Yes,No,Yes,Yes,Fiber optic,No,Yes,Yes,No,No,No,Month-to-month,Yes,Electronic check,49-72
0,0,0,1,0,1,19.9,19.9,1,19.9,Female,Yes,Yes,Yes,No,No,No internet service,No internet service,No internet service,No internet service,No internet service,No internet service,Month-to-month,Yes,Electronic check,0-12
0,1,0,1,0,4,80.8,332.45,3,83.1125,Male,No,Yes,Yes,Yes,Fiber optic,No,No,No,Yes,No,No,Month-to-month,No,Credit card (automatic),0-12
0,0,0,0,1,55,25.65,1388.0,2,25.236363636363638,Female,Yes,Yes,Yes,Yes,No,No internet service,No internet service,No internet service,No internet service,No internet service,No internet service,Two year,Yes,Credit card (automatic),49-72
0,0,1,1,0,8,54.4,475.1,2,59.3875,Male,Yes,Yes,Yes,No,DSL,No,No,No,No,Yes,No,Month-to-month,Yes,Electronic check,0-12
0,1,1,0,1,70,114.95,7711.25,8,110.16071428571429,Male,No,No,Yes,Yes,Fiber optic,Yes,Yes,Yes,Yes,Yes,Yes,Two year,Yes,Bank transfer (automatic),49-72
0,1,1,0,1,64,47.85,3147.5,4,49.1796875,Female,Yes,No,No,No phone service,DSL,Yes,No,Yes,Yes,No,Yes,Two year,No,Electronic check,49-72
0,1,0,1,0,11,75.9,866.4,2,78.76363636363637,Male,No,No,Yes,No,Fiber optic,No,Yes,No,No,No,No,Month-to-month,Yes,Mailed check,0-12
0,1,0,1,0,1,48.55,48.55,2,48.55,Male,No,No,Yes,No,DSL,Yes,No,No,No,No,No,Month-to-month,Yes,Mailed check,0-12
0,0,0,1,0,1,69.75,69.75,1,69.75,Male,No,Yes,Yes,No,Fiber optic,No,No,No,No,No,No,Month-to-month,No,Bank transfer (automatic),0-12
0,0,1,1,0,1,79.95,79.95,2,79.95,Male,No,No,Yes,No,Fiber optic,No,No,No,No,Yes,No,Month-to-month,Yes,Electronic check,0-12
0,0,0,0,1,66,25.7,1714.55,2,25.9780303030303,Male,Yes,Yes,Yes,Yes,No,No internet service,No internet service,No internet service,No internet service,No internet service,No internet service,One year,Yes,Credit card (automatic),49-72
0,1,0,1,0,13,50.55,610.75,2,46.98076923076923,Male,No,No,Yes,No,DSL,No,No,No,Yes,No,No,Month-to-month,Yes,Mailed check,13-24
0,0,0,0,1,72,24.65,1830.05,2,25.41736111111111,Female,Yes,No,Yes,Yes,No,No internet service,No internet service,No internet service,No internet service,No internet service,No internet service,Two year,No,Bank transfer (automatic),49-72
0,1,1,0,1,72,65.6,4566.5,6,63.423611111111114,Male,No,No,No,No phone service,DSL,Yes,Yes,Yes,Yes,Yes,Yes,Two year,Yes,Bank transfer (automatic),49-72
0,1,0,1,1,52,85.8,4433.3,4,85.25576923076923,Female,Yes,Yes,Yes,No,Fiber optic,No,Yes,Yes,Yes,No,No,Month-to-month,No,Bank transfer (automatic),49-72
0,1,1,1,1,26,85.9,2196.45,3,84.47884615384615,Female,Yes,No,Yes,No,Fiber optic,No,No,No,Yes,No,Yes,Month-to-month,No,Credit card (automatic),25-48
0,1,0,0,1,33,34.05,1113.95,2,33.75606060606061,Male,No,Yes,No,No phone service,DSL,Yes,No,No,Yes,No,No,One year,No,Credit card (automatic),25-48
0,0,1,1,0,13,84.6,1115.2,3,85.78461538461539,Female,No,No,Yes,Yes,Fiber optic,No,No,No,No,No,Yes,Month-to-month,Yes,Electronic check,13-24
0,1,0,1,0,13,31.05,347.25,1,26.71153846153846,Female,No,No,No,No phone service,DSL,No,Yes,No,No,No,No,Month-to-month,Yes,Electronic check,13-24
0,0,0,0,1,27,20.3,595.05,1,22.038888888888888,Male,No,No,Yes,No,No,No internet service,No internet service,No internet service,No internet service,No internet service,No internet service,One year,No,Mailed check,25-48
0,1,1,0,1,66,91.7,6075.9,8,92.0590909090909,Male,Yes,No,Yes,Yes,DSL,Yes,Yes,Yes,Yes,Yes,Yes,Two year,No,Bank transfer (automatic),49-72
0,1,1,0,1,71,114.0,8175.9,8,115.15352112676055,Male,Yes,Yes,Yes,Yes,Fiber optic,Yes,Yes,Yes,Yes,Yes,Yes,Two year,Yes,Bank transfer (automatic),49-72
0,0,0,1,0,1,45.3,45.3,1,45.3,Female,No,No,Yes,No,DSL,No,No,No,No,No,No,Month-to-month,No,Mailed check,0-12
0,1,1,0,1,60,44.45,2773.9,3,46.23166666666667,Female,No,No,No,No phone service,DSL,Yes,No,Yes,No,No,Yes,One year,Yes,Electronic check,49-72
0,1,0,1,0,8,74.5,609.9,2,76.2375,Male,Yes,No,Yes,No,Fiber optic,Yes,No,No,No,No,No,Month-to-month,Yes,Electronic check,0-12
0,1,1,1,1,55,94.45,5073.1,5,92.23818181818183,Female,Yes,No,Yes,Yes,Fiber optic,No,Yes,Yes,No,Yes,No,Month-to-month,Yes,Credit card (automatic),49-72
0,1,1,0,1,71,108.6,7690.9,7,108.3225352112676,Male,Yes,No,Yes,Yes,Fiber optic,No,Yes,Yes,Yes,Yes,Yes,Two year,Yes,Credit card (automatic),49-72
0,1,1,1,1,39,59.85,2341.5,3,60.03846153846154,Female,Yes,Yes,Yes,No,DSL,No,No,Yes,No,Yes,No,Month-to-month,Yes,Mailed check,25-48
1,1,1,1,1,26,85.7,2067.0,3,79.5,Female,Yes,No,Yes,No,Fiber optic,No,No,Yes,No,Yes,No,Month-to-month,Yes,Credit card (automatic),25-48
0,1,1,0,1,53,60.45,3184.25,5,60.08018867924528,Male,Yes,No,No,No phone service,DSL,No,Yes,Yes,Yes,Yes,Yes,One year,Yes,Electronic check,49-72
0,1,1,1,0,5,99.15,465.05,5,93.01,Female,Yes,Yes,Yes,No,Fiber optic,No,Yes,No,Yes,Yes,Yes,Month-to-month,Yes,Mailed check,0-12
0,1,1,0,1,72,104.95,7544.3,6,104.78194444444445,Male,No,No,Yes,Yes,Fiber optic,No,Yes,Yes,No,Yes,Yes,One year,Yes,Electronic check,49-72
0,1,0,1,1,27,74.4,1972.35,2,73.05,Female,Yes,Yes,Yes,No,Fiber optic,Yes,No,No,No,No,No,Month-to-month,No,Mailed check,25-48
0,1,1,1,0,11,59.65,683.25,3,62.11363636363637,Male,Yes,Yes,Yes,No,DSL,No,No,Yes,No,Yes,No,Month-to-month,Yes,Bank transfer (automatic),0-12
1,1,1,0,1,72,106.85,7677.4,6,106.63055555555555,Female,Yes,No,Yes,Yes,Fiber optic,Yes,Yes,No,No,Yes,Yes,One year,Yes,Bank transfer (automatic),49-72
0,1,1,0,1,41,104.45,4162.05,6,101.51341463414634,Female,Yes,No,Yes,No,Fiber optic,Yes,Yes,Yes,No,Yes,Yes,One year,Yes,Bank transfer (automatic),25-48
0,1,1,0,1,36,70.7,2511.95,5,69.77638888888889,Female,No,No,Yes,Yes,DSL,No,Yes,No,Yes,No,Yes,One year,Yes,Mailed check,25-48
1,1,1,1,0,11,82.9,880.05,3,80.00454545454545,Female,Yes,No,Yes,No,Fiber optic,No,No,No,Yes,Yes,No,Month-to-month,Yes,Electronic check,0-12
0,0,0,0,1,62,20.0,1250.1,1,20.16290322580645,Male,No,Yes,Yes,No,No,No internet service,No internet service,No internet service,No internet service,No internet service,No internet service,Two year,No,Bank transfer (automatic),49-72
0,0,0,1,0,20,24.9,505.95,0,25.2975,Female,No,No,No,No phone service,DSL,No,No,No,No,No,No,Month-to-month,No,Credit card (automatic),13-24
0,0,0,0,1,55,45.05,2462.6,1,44.77454545454545,Female,No,No,Yes,No,DSL,No,No,No,No,No,No,One year,No,Bank transfer (automatic),49-72
0,1,1,0,1,45,51.0,2264.5,4,50.32222222222222,Female,Yes,Yes,No,No phone service,DSL,No,Yes,Yes,Yes,No,Yes,One year,No,Bank transfer (automatic),25-48
0,1,1,0,1,71,109.0,7661.8,7,107.91267605633803,Female,Yes,Yes,Yes,Yes,Fiber optic,Yes,Yes,Yes,No,Yes,Yes,Two year,Yes,Bank transfer (automatic),49-72
1,0,1,1,0,1,36.45,36.45,1,36.45,Female,No,No,No,No phone service,DSL,No,No,No,No,Yes,No,Month-to-month,Yes,Electronic check,0-12
0,0,0,0,1,29,26.1,692.55,2,23.88103448275862,Female,Yes,Yes,Yes,Yes,No,No internet service,No internet service,No internet service,No internet service,No internet service,No internet service,Two year,No,Mailed check,25-48
0,0,0,1,0,10,46.0,492.1,1,49.21,Male,No,No,Yes,No,DSL,No,No,No,No,No,No,Month-to-month,No,Mailed check,0-12
0,0,0,1,0,11,20.25,208.0,1,18.90909090909091,Male,No,No,Yes,No,No,No internet service,No internet service,No internet service,No internet service,No internet service,No internet service,Month-to-month,No,Mailed check,0-12
0,1,1,1,0,18,88.35,1639.3,4,91.07222222222222,Female,No,No,Yes,Yes,Fiber optic,No,No,No,Yes,Yes,No,Month-to-month,Yes,Electronic check,13-24
1,1,1,0,1,72,108.1,7774.05,7,107.97291666666666,Female,No,No,Yes,Yes,Fiber optic,No,Yes,Yes,Yes,Yes,Yes,Two year,Yes,Bank transfer (automatic),49-72
0,0,0,1,0,1,43.8,43.8,1,43.8,Female,No,No,Yes,No,DSL,No,No,No,No,No,No,Month-to-month,No,Electronic check,0-12
1,1,1,0,1,56,99.9,5706.3,6,101.89821428571429,Female,No,No,Yes,Yes,Fiber optic,No,Yes,Yes,Yes,Yes,No,Two year,Yes,Bank transfer (automatic),49-72
0,1,1,1,0,23,95.3,2192.9,4,95.34347826086957,Male,No,No,Yes,No,Fiber optic,No,Yes,No,No,Yes,Yes,Month-to-month,No,Mailed check,13-24
0,0,1,1,0,18,94.7,1687.95,4,93.775,Male,Yes,No,Yes,Yes,Fiber optic,No,No,No,No,Yes,Yes,Month-to-month,Yes,Electronic check,13-24
1,1,0,1,1,30,91.7,2758.15,5,91.93833333333333,Female,No,No,Yes,Yes,Fiber optic,Yes,Yes,Yes,No,No,No,Month-to-month,No,Credit card (automatic),25-48
0,0,0,0,1,61,20.55,1252.0,1,20.524590163934427,Male,Yes,No,Yes,No,No,No internet service,No internet service,No internet service,No internet service,No internet service,No internet service,One year,Yes,Credit card (automatic),49-72
0,0,0,0,1,42,25.05,949.85,2,22.61547619047619,Male,No,No,Yes,Yes,No,No internet service,No internet service,No internet service,No internet service,No internet service,No internet service,One year,No,Electronic check,25-48
0,0,1,1,1,50,84.4,4116.15,3,82.323,Female,Yes,Yes,Yes,Yes,Fiber optic,No,No,No,No,Yes,No,Month-to-month,Yes,Bank transfer (automatic),49-72
0,1,0,1,1,27,81.3,2272.8,3,84.17777777777779,Male,No,No,Yes,Yes,Fiber optic,No,No,Yes,No,No,No,Month-to-month,Yes,Electronic check,25-48
0,0,0,1,0,1,70.85,70.85,1,70.85,Female,No,No,Yes,No,Fiber optic,No,No,No,No,No,No,Month-to-month,Yes,Electronic check,0-12
1,1,1,1,1,45,70.05,3062.45,5,68.05444444444444,Female,No,No,Yes,Yes,DSL,Yes,No,No,Yes,No,Yes,Month-to-month,Yes,Electronic check,25-48
1,1,1,0,1,70,105.35,7511.9,6,107.31285714285714,Male,Yes,No,Yes,No,Fiber optic,Yes,Yes,Yes,No,Yes,Yes,Two year,No,Credit card (automatic),49-72
0,1,0,1,0,18,33.5,600.0,2,33.333333333333336,Male,No,No,No,No phone service,DSL,No,Yes,Yes,No,No,No,Month-to-month,Yes,Credit card (automatic),13-24
0,1,0,1,0,3,74.75,238.1,2,79.36666666666666,Female,No,No,Yes,No,Fiber optic,No,No,Yes,No,No,No,Month-to-month,Yes,Mailed check,0-12
0,1,0,1,1,39,81.5,3107.3,3,79.67435897435898,Female,Yes,Yes,Yes,No,Fiber optic,No,No,Yes,Yes,No,No,Month-to-month,Yes,Bank transfer (automatic),25-48
0,0,0,0,1,52,19.35,1031.7,1,19.840384615384615,Female,Yes,Yes,Yes,No,No,No internet service,No internet service,No internet service,No internet service,No internet service,No internet service,Two year,No,Mailed check,49-72
0,1,1,1,0,4,94.4,387.2,5,96.8,Female,No,No,Yes,No,Fiber optic,Yes,No,Yes,Yes,No,Yes,Month-to-month,Yes,Bank transfer (automatic),0-12
0,1,1,0,1,68,110.0,7611.85,7,111.93897058823529,Male,Yes,No,Yes,Yes,Fiber optic,No,Yes,Yes,Yes,Yes,Yes,Two year,Yes,Bank transfer (automatic),49-72
0,0,0,0,1,26,19.2,459.6,1,17.676923076923078,Female,Yes,No,Yes,No,No,No internet service,No internet service,No internet service,No internet service,No internet service,No internet service,One year,No,Mailed check,25-48
0,1,0,1,0,1,50.65,50.65,2,50.65,Male,No,No,Yes,No,DSL,No,Yes,No,No,No,No,Month-to-month,No,Mailed check,0-12
0,0,0,0,1,52,20.65,1022.95,1,19.672115384615385,Female,No,No,Yes,No,No,No internet service,No internet service,No internet service,No internet service,No internet service,No internet service,One year,No,Mailed check,49-72
0,0,0,1,0,12,44.55,480.6,1,40.050000000000004,Female,No,Yes,Yes,No,DSL,No,No,No,No,No,No,Month-to-month,Yes,Electronic check,0-12
0,0,1,0,1,29,71.0,2080.1,4,71.72758620689655,Female,No,No,Yes,Yes,DSL,No,No,No,No,Yes,Yes,One year,Yes,Credit card (automatic),25-48
0,0,1,1,0,1,79.7,79.7,2,79.7,Female,No,No,Yes,No,Fiber optic,No,No,No,No,No,Yes,Month-to-month,Yes,Electronic check,0-12
0,1,0,1,1,24,49.55,1210.4,2,50.43333333333334,Male,No,No,Yes,No,DSL,Yes,No,No,No,No,No,Month-to-month,Yes,Bank transfer (automatic),13-24
0,1,1,0,1,65,90.45,5957.9,8,91.66,Female,Yes,Yes,Yes,Yes,DSL,Yes,Yes,Yes,Yes,Yes,Yes,Two year,Yes,Mailed check,49-72
0,1,1,1,0,5,51.0,305.95,3,61.19,Male,No,No,No,No phone service,DSL,No,Yes,No,No,Yes,Yes,Month-to-month,Yes,Mailed check,0-12
0,0,0,0,1,35,19.7,730.4,1,20.86857142857143,Female,Yes,Yes,Yes,No,No,No internet service,No internet service,No internet service,No internet service,No internet service,No internet service,Two year,No,Credit card (automatic),25-48
0,1,1,0,1,37,90.6,3358.65,8,90.77432432432433,Male,No,No,Yes,Yes,DSL,Yes,Yes,Yes,Yes,Yes,Yes,One year,Yes,Bank transfer (automatic),25-48
0,1,1,0,1,36,53.1,1901.25,5,52.8125,Female,No,No,No,No phone service,DSL,Yes,Yes,Yes,Yes,No,Yes,Two year,Yes,Mailed check,25-48
0,0,1,1,0,4,81.0,340.85,2,85.2125,Male,No,No,Yes,No,Fiber optic,No,No,No,No,Yes,No,Month-to-month,Yes,Electronic check,0-12
0,0,0,0,1,70,24.7,1685.9,2,24.084285714285716,Female,Yes,Yes,Yes,Yes,No,No internet service,No internet service,No internet service,No internet service,No internet service,No internet service,Two year,No,Bank transfer (automatic),49-72
0,0,0,1,0,2,18.75,53.15,1,26.575,Female,No,No,Yes,No,No,No internet service,No internet service,No internet service,No internet service,No internet service,No internet service,Month-to-month,No,Bank transfer (automatic),0-12
1,1,0,1,0,4,75.35,273.4,2,68.35,Male,No,No,Yes,No,Fiber optic,Yes,No,No,No,No,No,Month-to-month,No,Electronic check,0-12
0,1,1,1,1,71,93.25,6669.45,5,93.93591549295775,Male,Yes,No,Yes,Yes,Fiber optic,No,Yes,Yes,No,No,Yes,Month-to-month,Yes,Bank transfer (automatic),49-72
1,1,1,0,1,72,89.85,6697.35,8,93.01875000000001,Female,Yes,No,Yes,Yes,DSL,Yes,Yes,Yes,Yes,Yes,Yes,Two year,Yes,Bank transfer (automatic),49-72
1,1,0,1,1,47,67.45,3252.0,5,69.19148936170212,Female,Yes,No,Yes,Yes,DSL,Yes,Yes,Yes,No,No,No,Month-to-month,Yes,Credit card (automatic),25-48
0,1,0,0,1,55,58.6,3068.6,4,55.79272727272727,Male,Yes,No,Yes,No,DSL,Yes,Yes,Yes,No,No,No,Two year,No,Electronic check,49-72
0,0,1,1,1,51,94.65,4812.75,4,94.36764705882354,Male,Yes,No,Yes,Yes,Fiber optic,No,No,No,No,Yes,Yes,Month-to-month,Yes,Electronic check,49-72
0,1,1,0,1,72,118.2,8547.15,8,118.71041666666666,Male,No,No,Yes,Yes,Fiber optic,Yes,Yes,Yes,Yes,Yes,Yes,Two year,Yes,Electronic check,49-72
0,1,1,0,1,72,114.45,8100.55,8,112.50763888888889,Male,Yes,Yes,Yes,Yes,Fiber optic,Yes,Yes,Yes,Yes,Yes,Yes,Two year,No,Bank transfer (automatic),49-72
0,1,1,0,1,38,74.05,2802.3,6,73.74473684210527,Male,Yes,Yes,Yes,No,DSL,Yes,Yes,Yes,Yes,Yes,No,One year,No,Electronic check,25-48
0,1,1,0,0,8,76.15,645.8,6,80.725,Male,Yes,Yes,Yes,Yes,DSL,Yes,Yes,No,Yes,No,Yes,Two year,Yes,Credit card (automatic),0-12
1,1,1,1,1,27,88.3,2467.75,4,91.39814814814815,Female,No,No,Yes,Yes,Fiber optic,No,No,Yes,No,No,Yes,Month-to-month,No,Credit card (automatic),25-48
0,1,1,1,0,6,60.9,414.1,3,69.01666666666667,Male,No,No,Yes,No,DSL,No,No,Yes,No,Yes,No,Month-to-month,No,Mailed check,0-12
0,0,0,0,0,17,19.15,343.45,1,20.20294117647059,Male,No,No,Yes,No,No,No internet service,No internet service,No internet service,No internet service,No internet service,No internet service,Two year,No,Mailed check,13-24
0,0,0,0,1,71,19.8,1396.25,1,19.66549295774648,Male,Yes,Yes,Yes,No,No,No internet service,No internet service,No internet service,No internet service,No internet service,No internet service,Two year,No,Mailed check,49-72
0,1,1,0,1,42,99.0,4135.0,5,98.45238095238095,Female,Yes,No,Yes,No,Fiber optic,No,No,Yes,Yes,Yes,Yes,Two year,Yes,Credit card (automatic),25-48
0,0,0,1,0,1,20.35,20.35,1,20.35,Female,No,No,Yes,No,No,No internet service,No internet service,No internet service,No internet service,No internet service,No internet service,Month-to-month,No,Mailed check,0-12
0,1,1,0,1,70,109.5,7674.55,7,109.63642857142857,Female,Yes,No,Yes,Yes,Fiber optic,No,Yes,Yes,Yes,Yes,Yes,One year,Yes,Electronic check,49-72
0,1,0,1,0,9,75.6,661.55,2,73.50555555555555,Male,No,No,Yes,No,Fiber optic,Yes,No,No,No,No,No,Month-to-month,No,Electronic check,0-12
0,0,0,1,0,1,19.85,19.85,1,19.85,Male,No,Yes,Yes,No,No,No internet service,No internet service,No internet service,No internet service,No internet service,No internet service,Month-to-month,No,Mailed check,0-12
0,1,0,1,0,10,40.7,449.3,3,44.93,Female,No,No,No,No phone service,DSL,Yes,Yes,Yes,No,No,No,Month-to-month,No,Bank transfer (automatic),0-12
0,1,1,0,1,49,94.8,4690.65,4,95.72755102040816,Male,Yes,No,Yes,No,Fiber optic,No,Yes,No,No,Yes,Yes,Two year,Yes,Electronic check,49-72
0,0,1,1,1,46,43.95,2007.85,2,43.64891304347826,Female,Yes,No,No,No phone service,DSL,No,No,No,No,Yes,Yes,Month-to-month,Yes,Electronic check,25-48
0,1,1,0,1,46,103.15,4594.65,6,99.8836956521739,Female,Yes,No,Yes,Yes,Fiber optic,No,Yes,No,Yes,Yes,Yes,One year,Yes,Electronic check,25-48
1,1,1,1,0,4,99.6,347.65,5,86.9125,Female,Yes,No,Yes,Yes,Fiber optic,Yes,No,No,No,Yes,Yes,Month-to-month,Yes,Electronic check,0-12
0,1,1,0,1,71,106.0,7723.7,6,108.78450704225352,Male,Yes,Yes,Yes,Yes,Fiber optic,No,Yes,Yes,No,Yes,Yes,Two year,Yes,Bank transfer (automatic),49-72
0,1,1,0,0,14,61.4,815.55,4,58.253571428571426,Male,Yes,Yes,Yes,No,DSL,Yes,Yes,No,No,No,Yes,Two year,Yes,Bank transfer (automatic),13-24
0,1,0,0,1,67,54.2,3838.2,3,57.286567164179104,Male,Yes,Yes,Yes,No,DSL,Yes,Yes,No,No,No,No,Two year,Yes,Bank transfer (automatic),49-72
0,1,1,1,0,10,60.2,563.5,3,56.35,Male,Yes,Yes,Yes,No,DSL,No,No,Yes,No,Yes,No,Month-to-month,No,Mailed check,0-12
0,0,0,0,1,62,20.05,1201.65,1,19.381451612903227,Male,No,No,Yes,No,No,No internet service,No internet service,No internet service,No internet service,No internet service,No internet service,Two year,Yes,Credit card (automatic),49-72
0,1,0,0,1,65,89.75,5769.6,5,88.76307692307692,Male,Yes,No,Yes,Yes,Fiber optic,Yes,Yes,Yes,No,No,No,One year,No,Electronic check,49-72
1,1,0,0,1,53,60.05,3229.65,4,60.93679245283019,Male,Yes,No,Yes,Yes,DSL,Yes,No,No,Yes,No,No,One year,Yes,Electronic check,49-72
0,0,0,1,0,4,19.4,93.4,1,23.35,Male,No,No,Yes,No,No,No internet service,No internet service,No internet service,No internet service,No internet service,No internet service,Month-to-month,No,Mailed check,0-12
0,1,0,0,1,58,59.9,3505.1,4,60.432758620689654,Female,Yes,No,Yes,Yes,DSL,No,Yes,No,Yes,No,No,Two year,Yes,Credit card (automatic),49-72
0,0,1,1,0,1,79.05,79.05,2,79.05,Male,No,No,Yes,No,Fiber optic,No,No,No,No,Yes,No,Month-to-month,Yes,Electronic check,0-12
0,1,1,0,1,72,107.5,7853.7,6,109.07916666666667,Female,No,No,Yes,Yes,Fiber optic,No,No,Yes,Yes,Yes,Yes,Two year,Yes,Credit card (automatic),49-72
0,1,1,0,1,69,106.4,7251.9,6,105.1,Female,Yes,No,Yes,No,Fiber optic,Yes,Yes,No,Yes,Yes,Yes,One year,Yes,Credit card (automatic),49-72
0,1,0,1,0,2,79.7,165.0,3,82.5,Female,Yes,No,Yes,No,Fiber optic,No,Yes,Yes,No,No,No,Month-to-month,No,Bank transfer (automatic),0-12
0,1,1,0,1,52,85.15,4461.85,7,85.8048076923077,Male,No,Yes,Yes,Yes,DSL,Yes,Yes,No,Yes,Yes,Yes,Two year,Yes,Mailed check,49-72
0,0,1,1,0,8,80.1,679.3,2,84.9125,Female,No,No,Yes,No,Fiber optic,No,No,No,No,Yes,No,Month-to-month,Yes,Bank transfer (automatic),0-12
1,1,1,0,1,72,111.65,7943.45,7,110.32569444444444,Female,No,No,Yes,Yes,Fiber optic,No,Yes,Yes,Yes,Yes,Yes,Two year,No,Electronic check,49-72
0,0,0,1,0,7,44.25,313.45,1,44.778571428571425,Female,Yes,No,Yes,No,DSL,No,No,No,No,No,No,Month-to-month,Yes,Mailed check,0-12
0,1,1,0,1,53,98.6,5311.85,6,100.22358490566039,Female,No,No,Yes,Yes,Fiber optic,Yes,Yes,Yes,No,Yes,No,One year,No,Mailed check,49-72
0,1,1,1,0,11,70.5,829.3,4,75.39090909090909,Female,No,No,Yes,No,DSL,No,No,No,Yes,Yes,Yes,Month-to-month,No,Mailed check,0-12
0,1,0,1,0,18,33.6,550.35,2,30.575000000000003,Male,No,No,No,No phone service,DSL,Yes,No,Yes,No,No,No,Month-to-month,No,Mailed check,13-24
0,0,0,1,0,1,20.0,20.0,1,20.0,Male,No,No,Yes,No,No,No internet service,No internet service,No internet service,No internet service,No internet service,No internet service,Month-to-month,No,Mailed check,0-12
0,0,0,0,1,63,25.25,1573.05,2,24.96904761904762,Male,Yes,Yes,Yes,Yes,No,No internet service,No internet service,No internet service,No internet service,No internet service,No internet service,Two year,No,Mailed check,49-72
0,1,1,1,1,30,85.15,2555.9,3,85.19666666666667,Female,No,No,Yes,No,Fiber optic,No,No,No,Yes,Yes,No,Month-to-month,No,Electronic check,25-48
0,0,0,1,0,1,20.05,20.05,1,20.05,Male,No,No,Yes,No,No,No internet service,No internet service,No internet service,No internet service,No internet service,No internet service,Month-to-month,No,Mailed check,0-12
0,1,1,1,1,40,64.1,2460.35,4,61.50875,Female,No,Yes,Yes,No,DSL,Yes,No,No,Yes,Yes,No,Month-to-month,Yes,Credit card (automatic),25-48
0,0,0,0,1,59,19.5,1147.85,1,19.45508474576271,Male,Yes,Yes,Yes,No,No,No internet service,No internet service,No internet service,No internet service,No internet service,No internet service,Two year,No,Mailed check,49-72
1,1,0,1,0,22,63.55,1381.8,5,62.809090909090905,Female,Yes,No,Yes,Yes,DSL,Yes,Yes,No,Yes,No,No,Month-to-month,Yes,Mailed check,13-24
0,1,1,0,1,72,55.45,4179.2,5,58.044444444444444,Male,Yes,Yes,No,No phone service,DSL,Yes,Yes,Yes,Yes,No,Yes,Two year,Yes,Credit card (automatic),49-72
0,0,1,1,0,14,78.1,1122.4,2,80.17142857142858,Female,Yes,No,Yes,No,Fiber optic,No,No,No,No,No,Yes,Month-to-month,Yes,Electronic check,13-24
0,1,1,0,1,72,110.45,7982.5,7,110.86805555555556,Female,Yes,No,Yes,Yes,Fiber optic,No,Yes,Yes,Yes,Yes,Yes,Two year,Yes,Bank transfer (automatic),49-72
0,1,1,0,1,72,115.05,8405.0,8,116.73611111111111,Female,No,No,Yes,Yes,Fiber optic,Yes,Yes,Yes,Yes,Yes,Yes,Two year,No,Credit card (automatic),49-72
0,0,0,1,1,49,74.6,3720.35,2,75.92551020408163,Male,No,No,Yes,Yes,Fiber optic,No,No,No,No,No,No,Month-to-month,Yes,Bank transfer (automatic),49-72
1,1,1,1,0,18,48.35,810.7,3,45.03888888888889,Female,Yes,No,No,No phone service,DSL,No,No,Yes,No,Yes,Yes,Month-to-month,Yes,Electronic check,13-24
0,0,0,1,0,10,19.9,199.45,1,19.945,Female,No,No,Yes,No,No,No internet service,No internet service,No internet service,No internet service,No internet service,No internet service,Month-to-month,Yes,Mailed check,0-12
0,0,1,1,0,8,85.2,627.4,3,78.425,Female,Yes,No,Yes,Yes,Fiber optic,No,No,No,No,No,Yes,Month-to-month,Yes,Credit card (automatic),0-12
0,1,1,1,0,7,40.1,293.3,2,41.9,Female,No,No,No,No phone service,DSL,No,Yes,No,No,No,Yes,Month-to-month,Yes,Credit card (automatic),0-12
0,1,0,1,0,2,30.25,63.75,1,31.875,Female,Yes,Yes,No,No phone service,DSL,No,Yes,No,No,No,No,Month-to-month,Yes,Mailed check,0-12
0,1,1,1,1,34,84.05,2909.95,3,85.58676470588235,Male,Yes,Yes,Yes,No,Fiber optic,No,No,Yes,No,Yes,No,Month-to-month,Yes,Mailed check,25-48
0,1,0,0,1,70,66.0,4891.5,5,69.87857142857143,Female,No,Yes,Yes,Yes,DSL,Yes,Yes,No,Yes,No,No,Two year,No,Electronic check,49-72
0,0,0,0,1,72,24.55,1750.7,2,24.31527777777778,Female,Yes,No,Yes,Yes,No,No internet service,No internet service,No internet service,No internet service,No internet service,No internet service,Two year,No,Electronic check,49-72
1,1,0,1,0,8,29.4,221.9,1,27.7375,Male,No,No,No,No phone service,DSL,No,No,Yes,No,No,No,Month-to-month,Yes,Electronic check,0-12
0,1,1,1,0,16,93.2,1573.7,4,98.35625,Female,No,No,Yes,No,Fiber optic,No,Yes,Yes,No,No,Yes,Month-to-month,Yes,Credit card (automatic),13-24
0,1,1,0,1,69,99.5,6841.45,5,99.15144927536231,Male,Yes,No,Yes,Yes,Fiber optic,No,No,Yes,No,Yes,Yes,One year,No,Bank transfer (automatic),49-72
1,1,0,0,1,35,81.6,2815.25,3,80.43571428571428,Male,Yes,No,Yes,Yes,Fiber optic,No,No,Yes,No,No,No,One year,Yes,Bank transfer (automatic),25-48
0,0,0,1,1,55,20.0,1087.25,1,19.76818181818182,Female,Yes,Yes,Yes,No,No,No internet service,No internet service,No internet service,No internet service,No internet service,No internet service,Month-to-month,No,Credit card (automatic),49-72
0,0,0,0,1,69,19.1,1268.85,1,18.389130434782608,Male,No,No,Yes,No,No,No internet service,No internet service,No internet service,No internet service,No internet service,No internet service,Two year,Yes,Mailed check,49-72
0,1,0,1,0,2,80.6,155.8,3,77.9,Female,No,No,Yes,Yes,Fiber optic,No,No,Yes,No,No,No,Month-to-month,No,Mailed check,0-12
0,0,0,0,1,72,25.45,1866.45,2,25.922916666666666,Female,No,No,Yes,Yes,No,No internet service,No internet service,No internet service,No internet service,No internet service,No internet service,Two year,No,Credit card (automatic),49-72
0,0,0,1,0,5,19.95,109.6,1,21.919999999999998,Female,No,No,Yes,No,No,No internet service,No internet service,No internet service,No internet service,No internet service,No internet service,Month-to-month,No,Mailed check,0-12
0,0,0,1,0,10,70.15,735.5,1,73.55,Male,No,No,Yes,No,Fiber optic,No,No,No,No,No,No,Month-to-month,No,Mailed check,0-12
0,0,0,0,1,57,18.8,1094.35,1,19.19912280701754,Male,No,No,Yes,No,No,No internet service,No internet service,No internet service,No internet service,No internet service,No internet service,Two year,No,Credit card (automatic),49-72
0,1,1,1,1,25,58.6,1502.65,5,60.106,Female,Yes,Yes,No,No phone service,DSL,Yes,Yes,Yes,No,Yes,Yes,Month-to-month,Yes,Credit card (automatic),25-48
0,1,1,1,1,63,108.75,6871.7,7,109.07460317460317,Female,Yes,No,Yes,Yes,Fiber optic,No,Yes,Yes,Yes,Yes,Yes,Month-to-month,Yes,Electronic check,49-72
0,1,1,0,1,72,80.45,5886.85,6,81.76180555555555,Female,Yes,Yes,Yes,No,DSL,Yes,No,Yes,Yes,Yes,Yes,Two year,Yes,Bank transfer (automatic),49-72
0,1,1,0,1,48,96.9,4473.45,6,93.19687499999999,Male,Yes,No,Yes,Yes,Fiber optic,Yes,Yes,Yes,No,Yes,No,Two year,Yes,Bank transfer (automatic),25-48
0,1,1,1,1,49,90.4,4494.65,4,91.72755102040816,Male,Yes,Yes,Yes,No,Fiber optic,No,Yes,Yes,No,Yes,No,Month-to-month,Yes,Credit card (automatic),49-72
0,0,0,1,0,21,20.75,452.2,1,21.53333333333333,Female,No,Yes,Yes,No,No,No internet service,No internet service,No internet service,No internet service,No internet service,No internet service,Month-to-month,No,Mailed check,13-24
1,0,1,1,1,57,44.85,2572.95,2,45.13947368421052,Male,Yes,No,No,No phone service,DSL,No,No,No,No,Yes,Yes,Month-to-month,Yes,Electronic check,49-72
0,1,1,1,0,21,65.35,1424.4,4,67.82857142857144,Male,No,No,Yes,No,DSL,Yes,No,Yes,No,Yes,No,Month-to-month,No,Bank transfer (automatic),13-24
0,1,1,1,0,8,64.1,504.05,4,63.00625,Female,No,No,Yes,No,DSL,No,No,Yes,Yes,No,Yes,Month-to-month,No,Mailed check,0-12
0,0,1,1,0,9,85.5,791.7,3,87.96666666666667,Male,No,No,Yes,Yes,Fiber optic,No,No,No,No,Yes,No,Month-to-month,Yes,Electronic check,0-12
0,1,1,1,0,2,94.95,178.1,4,89.05,Male,No,No,Yes,No,Fiber optic,No,No,Yes,No,Yes,Yes,Month-to-month,No,Electronic check,0-12
0,1,1,1,0,9,94.85,890.6,5,98.95555555555556,Male,Yes,No,Yes,No,Fiber optic,No,Yes,Yes,Yes,Yes,No,Month-to-month,Yes,Mailed check,0-12
0,1,1,1,0,19,99.95,1931.75,5,101.67105263157895,Male,No,No,Yes,Yes,Fiber optic,No,Yes,No,No,Yes,Yes,Month-to-month,Yes,Electronic check,13-24
0,1,1,1,0,8,84.95,668.4,3,83.55,Female,No,No,Yes,No,Fiber optic,Yes,No,No,No,Yes,No,Month-to-month,No,Electronic check,0-12
0,1,1,1,1,56,105.45,5916.95,6,105.65982142857142,Female,No,No,Yes,Yes,Fiber optic,No,Yes,No,Yes,Yes,Yes,Month-to-month,Yes,Bank transfer (automatic),49-72
0,1,1,0,0,21,55.95,1157.05,4,55.09761904761905,Female,Yes,Yes,No,No phone service,DSL,Yes,No,Yes,No,Yes,Yes,One year,Yes,Electronic check,13-24
0,1,1,0,1,60,80.6,4946.7,6,82.445,Female,Yes,Yes,Yes,No,DSL,No,Yes,Yes,Yes,Yes,Yes,Two year,Yes,Bank transfer (automatic),49-72
0,1,1,0,1,56,52.0,2884.9,4,51.51607142857143,Male,Yes,Yes,No,No phone service,DSL,Yes,Yes,No,Yes,Yes,No,One year,Yes,Mailed check,49-72
0,0,0,0,1,55,20.3,1079.05,1,19.619090909090907,Female,Yes,Yes,Yes,No,No,No internet service,No internet service,No internet service,No internet service,No internet service,No internet service,Two year,No,Mailed check,49-72
0,0,0,0,1,55,19.1,1001.5,1,18.20909090909091,Male,No,Yes,Yes,No,No,No internet service,No internet service,No internet service,No internet service,No internet service,No internet service,One year,No,Bank transfer (automatic),49-72
1,0,0,1,0,14,74.3,1096.25,2,78.30357142857143,Female,No,No,Yes,Yes,Fiber optic,No,No,No,No,No,No,Month-to-month,Yes,Electronic check,13-24
0,1,1,0,1,61,88.65,5321.25,7,87.23360655737704,Female,No,No,Yes,Yes,DSL,No,Yes,Yes,Yes,Yes,Yes,Two year,No,Credit card (automatic),49-72
0,0,0,0,1,66,20.0,1374.2,1,20.82121212121212,Male,Yes,Yes,Yes,No,No,No internet service,No internet service,No internet service,No internet service,No internet service,No internet service,Two year,No,Credit card (automatic),49-72
0,1,0,0,1,57,54.65,3134.7,3,54.99473684210526,Male,No,No,Yes,No,DSL,No,Yes,No,Yes,No,No,One year,Yes,Mailed check,49-72
0,1,1,1,1,59,64.65,3735.45,4,63.31271186440678,Male,No,No,Yes,No,DSL,No,No,Yes,Yes,Yes,No,Month-to-month,Yes,Electronic check,49-72
0,1,1,0,1,49,106.65,5168.1,6,105.47142857142858,Male,No,No,Yes,Yes,Fiber optic,No,Yes,No,Yes,Yes,Yes,One year,Yes,Bank transfer (automatic),49-72
0,1,1,0,1,68,92.2,6392.85,8,94.0125,Male,Yes,Yes,Yes,Yes,DSL,Yes,Yes,Yes,Yes,Yes,Yes,Two year,Yes,Credit card (automatic),49-72
1,0,0,1,1,36,74.9,2659.45,2,73.8736111111111,Female,No,No,Yes,Yes,Fiber optic,No,No,No,No,No,No,Month-to-month,Yes,Bank transfer (automatic),25-48
1,0,0,1,0,1,69.55,69.55,1,69.55,Female,Yes,No,Yes,No,Fiber optic,No,No,No,No,No,No,Month-to-month,Yes,Electronic check,0-12
0,1,1,1,1,30,100.45,3096.9,5,103.23,Female,No,No,Yes,Yes,Fiber optic,No,No,Yes,No,Yes,Yes,Month-to-month,No,Electronic check,25-48
0,0,0,0,1,71,24.4,1725.4,2,24.301408450704226,Female,Yes,No,Yes,Yes,No,No internet service,No internet service,No internet service,No internet service,No internet service,No internet service,Two year,Yes,Credit card (automatic),49-72
0,1,1,1,0,8,101.15,842.9,5,105.3625,Female,Yes,No,Yes,No,Fiber optic,No,Yes,Yes,No,Yes,Yes,Month-to-month,No,Electronic check,0-12
1,0,1,1,0,9,80.85,751.65,2,83.51666666666667,Female,No,No,Yes,No,Fiber optic,No,No,No,No,Yes,No,Month-to-month,Yes,Electronic check,0-12
0,1,1,0,1,69,106.5,7348.8,6,106.50434782608696,Male,No,No,Yes,Yes,Fiber optic,No,No,Yes,Yes,Yes,Yes,Two year,Yes,Bank transfer (automatic),49-72
0,1,1,0,1,67,106.6,7244.7,6,108.12985074626866,Female,No,Yes,Yes,Yes,Fiber optic,No,Yes,No,Yes,Yes,Yes,One year,Yes,Bank transfer (automatic),49-72
0,1,0,1,1,24,54.95,1348.5,3,56.1875,Male,No,No,Yes,No,DSL,Yes,No,No,Yes,No,No,Month-to-month,No,Electronic check,13-24
1,0,0,1,0,16,71.8,1167.8,1,72.9875,Male,Yes,No,Yes,No,Fiber optic,No,No,No,No,No,No,Month-to-month,Yes,Bank transfer (automatic),13-24
0,0,0,1,0,14,70.2,1046.5,1,74.75,Female,Yes,Yes,Yes,No,Fiber optic,No,No,No,No,No,No,Month-to-month,No,Electronic check,13-24
1,1,1,1,1,34,108.9,3625.2,7,106.62352941176471,Male,Yes,Yes,Yes,Yes,Fiber optic,No,Yes,Yes,Yes,Yes,Yes,Month-to-month,Yes,Electronic check,25-48
0,0,0,0,1,53,19.55,1007.9,1,19.016981132075472,Female,Yes,Yes,Yes,No,No,No internet service,No internet service,No internet service,No internet service,No internet service,No internet service,One year,No,Bank transfer (automatic),49-72
0,1,1,1,0,20,105.85,2239.65,6,111.9825,Female,Yes,Yes,Yes,Yes,Fiber optic,No,Yes,Yes,No,Yes,Yes,Month-to-month,Yes,Bank transfer (automatic),13-24
0,1,1,0,1,24,74.8,1821.2,5,75.88333333333334,Male,Yes,Yes,Yes,Yes,DSL,Yes,No,No,No,Yes,Yes,One year,No,Mailed check,13-24
0,1,1,0,1,64,81.3,5129.3,7,80.1453125,Female,Yes,No,Yes,Yes,DSL,Yes,Yes,Yes,Yes,No,Yes,Two year,Yes,Mailed check,49-72
1,0,0,0,1,71,23.95,1756.2,2,24.735211267605635,Male,Yes,No,Yes,Yes,No,No internet service,No internet service,No internet service,No internet service,No internet service,No internet service,Two year,No,Bank transfer (automatic),49-72
0,0,0,0,0,8,19.2,161.95,1,20.24375,Female,No,No,Yes,No,No,No internet service,No internet service,No internet service,No internet service,No internet service,No internet service,One year,Yes,Mailed check,0-12
0,1,1,0,1,65,69.55,4459.15,5,68.60230769230769,Male,Yes,Yes,Yes,Yes,DSL,Yes,Yes,No,No,No,Yes,Two year,Yes,Mailed check,49-72
0,1,0,1,1,29,48.95,1323.7,2,45.6448275862069,Male,No,No,Yes,No,DSL,No,No,Yes,No,No,No,Month-to-month,No,Bank transfer (automatic),25-48
0,1,1,0,1,55,100.9,5448.6,5,99.06545454545456,Female,Yes,Yes,Yes,Yes,Fiber optic,Yes,No,No,No,Yes,Yes,One year,No,Mailed check,49-72
0,1,0,0,1,54,61.0,3283.05,4,60.797222222222224,Male,No,Yes,Yes,No,DSL,No,Yes,Yes,Yes,No,No,One year,Yes,Electronic check,49-72
0,1,1,0,1,66,61.35,4193.4,5,63.53636363636363,Female,No,No,No,No phone service,DSL,Yes,No,Yes,Yes,Yes,Yes,Two year,Yes,Bank transfer (automatic),49-72
0,0,1,1,1,31,59.7,1825.5,3,58.88709677419355,Male,Yes,Yes,Yes,Yes,DSL,No,No,No,No,No,Yes,Month-to-month,No,Bank transfer (automatic),25-48
1,0,1,1,0,5,78.95,378.4,2,75.67999999999999,Female,No,No,Yes,No,Fiber optic,No,No,No,No,No,Yes,Month-to-month,No,Electronic check,0-12
0,1,1,1,0,21,61.65,1393.6,3,66.36190476190475,Male,No,No,Yes,No,DSL,No,No,Yes,No,No,Yes,Month-to-month,No,Mailed check,13-24
0,0,0,1,0,9,24.6,190.1,0,21.12222222222222,Male,No,No,No,No phone service,DSL,No,No,No,No,No,No,Month-to-month,Yes,Mailed check,0-12
1,1,1,1,1,31,90.7,2845.15,4,91.77903225806452,Male,No,No,Yes,Yes,Fiber optic,No,Yes,No,No,Yes,No,Month-to-month,Yes,Electronic check,25-48
0,1,1,0,1,49,99.25,4920.8,5,100.42448979591838,Male,Yes,No,Yes,No,Fiber optic,No,No,Yes,Yes,Yes,Yes,One year,Yes,Credit card (automatic),49-72
0,0,1,1,0,11,94.0,1078.9,4,98.08181818181819,Female,Yes,No,Yes,Yes,Fiber optic,No,No,No,No,Yes,Yes,Month-to-month,Yes,Electronic check,0-12
0,0,1,1,0,6,93.55,536.4,4,89.39999999999999,Female,No,No,Yes,Yes,Fiber optic,No,No,No,No,Yes,Yes,Month-to-month,Yes,Bank transfer (automatic),0-12
0,0,0,0,0,0,20.0,0.0,1,20.0,Female,Yes,Yes,Yes,No,No,No internet service,No internet service,No internet service,No internet service,No internet service,No internet service,Two year,No,Mailed check,0-12
0,0,0,0,1,57,19.9,1115.6,1,19.5719298245614,Female,Yes,No,Yes,No,No,No internet service,No internet service,No internet service,No internet service,No internet service,No internet service,Two year,No,Bank transfer (automatic),49-72
0,1,1,1,0,2,59.0,114.15,3,57.075,Female,No,No,Yes,No,DSL,No,Yes,No,No,Yes,No,Month-to-month,Yes,Electronic check,0-12
0,0,1,1,0,9,85.35,754.65,3,83.85,Female,Yes,Yes,Yes,Yes,Fiber optic,No,No,No,No,Yes,No,Month-to-month,Yes,Bank transfer (automatic),0-12
0,0,0,0,1,38,20.3,743.05,1,19.553947368421053,Female,No,No,Yes,No,No,No internet service,No internet service,No internet service,No internet service,No internet service,No internet service,Two year,No,Mailed check,25-48
0,1,1,0,1,39,54.85,2191.7,4,56.197435897435895,Male,No,Yes,No,No phone service,DSL,No,No,Yes,Yes,Yes,Yes,One year,No,Bank transfer (automatic),25-48
0,0,1,1,0,17,92.55,1515.1,4,89.12352941176471,Male,Yes,Yes,Yes,Yes,Fiber optic,No,No,No,No,Yes,Yes,Month-to-month,Yes,Electronic check,13-24
0,0,0,0,1,71,25.55,1898.1,2,26.733802816901406,Male,No,No,Yes,Yes,No,No internet service,No internet service,No internet service,No internet service,No internet service,No internet service,Two year,No,Bank transfer (automatic),49-72
0,1,1,0,1,45,96.75,4442.75,5,98.72777777777777,Female,No,No,Yes,Yes,Fiber optic,Yes,Yes,No,No,No,Yes,One year,No,Bank transfer (automatic),25-48
0,0,0,0,1,33,20.1,670.35,1,20.313636363636363,Female,Yes,Yes,Yes,No,No,No internet service,No internet service,No internet service,No internet service,No internet service,No internet service,Two year,No,Mailed check,25-48
0,0,0,0,1,72,20.7,1482.3,1,20.5875,Female,Yes,Yes,Yes,No,No,No internet service,No internet service,No internet service,No internet service,No internet service,No internet service,Two year,Yes,Mailed check,49-72
0,1,0,0,1,29,55.25,1620.2,3,55.86896551724138,Female,No,No,Yes,Yes,DSL,No,Yes,No,No,No,No,One year,Yes,Electronic check,25-48
0,1,1,0,1,71,95.75,6849.4,5,96.47042253521126,Female,Yes,Yes,Yes,Yes,Fiber optic,No,Yes,Yes,No,No,Yes,Two year,Yes,Credit card (automatic),49-72
1,1,1,1,0,18,103.6,1806.35,6,100.35277777777777,Female,No,No,Yes,Yes,Fiber optic,No,Yes,No,Yes,Yes,Yes,Month-to-month,Yes,Credit card (automatic),13-24
0,1,0,1,0,16,53.9,834.15,3,52.134375,Female,No,No,Yes,No,DSL,No,Yes,No,Yes,No,No,Month-to-month,Yes,Mailed check,13-24
1,1,1,1,1,27,101.25,2754.45,5,102.01666666666667,Female,Yes,No,Yes,No,Fiber optic,Yes,No,Yes,No,Yes,Yes,Month-to-month,Yes,Electronic check,25-48
0,0,0,1,0,4,19.6,93.45,1,23.3625,Female,Yes,No,Yes,No,No,No internet service,No internet service,No internet service,No internet service,No internet service,No internet service,Month-to-month,No,Mailed check,0-12
0,0,0,0,1,72,26.45,1914.5,2,26.59027777777778,Female,Yes,No,Yes,Yes,No,No internet service,No internet service,No internet service,No internet service,No internet service,No internet service,Two year,No,Credit card (automatic),49-72
1,1,1,1,1,47,95.05,4504.55,5,95.84148936170213,Female,No,No,Yes,Yes,Fiber optic,No,Yes,No,Yes,Yes,No,Month-to-month,Yes,Electronic check,25-48
0,1,0,0,1,39,81.4,3213.75,3,82.40384615384616,Male,No,No,Yes,Yes,Fiber optic,No,Yes,No,No,No,No,One year,No,Credit card (automatic),25-48
0,1,1,0,1,72,105.0,7589.8,6,105.41388888888889,Female,Yes,No,Yes,Yes,Fiber optic,Yes,No,Yes,No,Yes,Yes,Two year,Yes,Credit card (automatic),49-72
1,0,1,1,0,1,89.3,89.3,3,89.3,Female,No,No,Yes,No,Fiber optic,No,No,No,No,Yes,Yes,Month-to-month,Yes,Electronic check,0-12
1,1,1,0,1,72,105.0,7578.05,6,105.25069444444445,Female,Yes,No,Yes,Yes,Fiber optic,No,Yes,Yes,No,Yes,Yes,One year,No,Credit card (automatic),49-72
0,1,0,1,0,18,75.4,1380.4,2,76.6888888888889,Female,No,No,Yes,No,Fiber optic,Yes,No,No,No,No,No,Month-to-month,Yes,Electronic check,13-24
1,1,1,0,1,71,71.0,5012.1,5,70.59295774647887,Male,Yes,No,Yes,No,DSL,Yes,Yes,No,Yes,Yes,No,One year,Yes,Bank transfer (automatic),49-72
0,1,0,1,1,42,66.4,2727.8,5,64.94761904761906,Female,Yes,No,Yes,Yes,DSL,Yes,Yes,No,Yes,No,No,Month-to-month,Yes,Credit card (automatic),25-48
0,1,1,0,1,72,90.25,6369.45,8,88.46458333333334,Male,Yes,No,Yes,Yes,DSL,Yes,Yes,Yes,Yes,Yes,Yes,Two year,Yes,Credit card (automatic),49-72
0,1,1,1,0,15,100.15,1415.0,5,94.33333333333333,Female,No,No,Yes,Yes,Fiber optic,No,Yes,No,No,Yes,Yes,Month-to-month,Yes,Electronic check,13-24
0,1,1,0,1,72,104.9,7559.55,6,104.99375,Male,Yes,Yes,Yes,No,Fiber optic,Yes,No,Yes,Yes,Yes,Yes,Two year,Yes,Credit card (automatic),49-72
0,1,0,0,1,27,56.2,1567.55,3,58.0574074074074,Male,No,Yes,Yes,No,DSL,Yes,Yes,No,No,No,No,One year,No,Mailed check,25-48
0,0,0,1,1,35,70.3,2416.55,1,69.04428571428572,Female,Yes,No,Yes,No,Fiber optic,No,No,No,No,No,No,Month-to-month,Yes,Electronic check,25-48
0,1,1,1,0,9,101.5,906.85,5,100.76111111111112,Male,Yes,Yes,Yes,No,Fiber optic,No,Yes,No,Yes,Yes,Yes,Month-to-month,Yes,Electronic check,0-12
0,0,0,1,0,1,19.55,19.55,1,19.55,Female,No,No,Yes,No,No,No internet service,No internet service,No internet service,No internet service,No internet service,No internet service,Month-to-month,No,Credit card (automatic),0-12
0,0,0,1,0,20,44.35,927.15,1,46.3575,Female,No,No,Yes,No,DSL,No,No,No,No,No,No,Month-to-month,Yes,Electronic check,13-24
0,0,0,0,1,65,19.35,1319.95,1,20.306923076923077,Female,Yes,No,Yes,No,No,No internet service,No internet service,No internet service,No internet service,No internet service,No internet service,Two year,No,Bank transfer (automatic),49-72
0,0,0,1,0,1,20.9,20.9,1,20.9,Female,No,No,Yes,No,No,No internet service,No internet service,No internet service,No internet service,No internet service,No internet service,Month-to-month,No,Mailed check,0-12
0,0,0,1,0,7,20.05,164.85,1,23.55,Female,No,No,Yes,No,No,No internet service,No internet service,No internet service,No internet service,No internet service,No internet service,Month-to-month,No,Mailed check,0-12
0,1,1,0,1,29,75.55,2054.4,5,70.84137931034483,Male,Yes,Yes,Yes,No,DSL,No,No,Yes,Yes,Yes,Yes,Two year,No,Mailed check,25-48
0,1,0,1,1,46,30.3,1380.1,1,30.002173913043475,Male,No,No,No,No phone service,DSL,No,Yes,No,No,No,No,Month-to-month,No,Bank transfer (automatic),25-48
0,1,0,1,0,1,49.5,49.5,2,49.5,Female,No,No,Yes,No,DSL,No,Yes,No,No,No,No,Month-to-month,No,Electronic check,0-12
1,1,0,1,0,3,74.6,239.05,2,79.68333333333334,Female,Yes,No,Yes,No,Fiber optic,No,Yes,No,No,No,No,Month-to-month,Yes,Bank transfer (automatic),0-12
0,0,1,1,0,13,91.1,1135.7,3,87.36153846153846,Male,No,No,Yes,No,Fiber optic,No,No,No,No,Yes,Yes,Month-to-month,Yes,Electronic check,13-24
0,0,0,0,0,7,20.05,96.8,1,13.828571428571427,Female,No,Yes,Yes,No,No,No internet service,No internet service,No internet service,No internet service,No internet service,No internet service,One year,No,Mailed check,0-12
0,0,0,1,0,1,19.85,19.85,1,19.85,Male,No,No,Yes,No,No,No internet service,No internet service,No internet service,No internet service,No internet service,No internet service,Month-to-month,Yes,Electronic check,0-12
0,0,0,1,0,16,20.15,341.35,1,21.334375,Male,Yes,Yes,Yes,No,No,No internet service,No internet service,No internet service,No internet service,No internet service,No internet service,Month-to-month,No,Electronic check,13-24
0,1,1,0,0,8,65.5,564.35,4,70.54375,Female,Yes,No,Yes,No,DSL,Yes,No,No,Yes,No,Yes,Two year,No,Mailed check,0-12
0,1,1,1,0,10,104.4,1081.45,6,108.14500000000001,Male,No,No,Yes,No,Fiber optic,Yes,Yes,Yes,No,Yes,Yes,Month-to-month,Yes,Electronic check,0-12
0,1,1,0,1,29,100.55,2830.45,6,97.60172413793103,Male,No,Yes,Yes,Yes,Fiber optic,No,Yes,Yes,Yes,No,Yes,One year,No,Credit card (automatic),25-48
0,0,1,1,0,19,83.65,1465.75,3,77.14473684210526,Male,Yes,Yes,Yes,Yes,Fiber optic,No,No,No,No,No,Yes,Month-to-month,Yes,Electronic check,13-24
0,1,1,0,1,72,113.1,8248.5,8,114.5625,Female,Yes,Yes,Yes,Yes,Fiber optic,Yes,Yes,Yes,Yes,Yes,Yes,Two year,Yes,Bank transfer (automatic),49-72
0,1,1,1,0,3,99.0,287.4,5,95.8,Female,No,No,Yes,No,Fiber optic,Yes,No,Yes,No,Yes,Yes,Month-to-month,Yes,Credit card (automatic),0-12
0,0,0,0,1,44,24.85,1013.6,2,23.036363636363635,Male,Yes,Yes,Yes,Yes,No,No internet service,No internet service,No internet service,No internet service,No internet service,No internet service,One year,No,Electronic check,25-48
0,1,1,1,1,42,105.2,4400.75,6,104.7797619047619,Female,No,No,Yes,Yes,Fiber optic,Yes,No,Yes,No,Yes,Yes,Month-to-month,Yes,Electronic check,25-48
0,1,0,1,1,30,83.55,2570.2,4,85.67333333333333,Male,Yes,Yes,Yes,Yes,Fiber optic,No,Yes,No,Yes,No,No,Month-to-month,Yes,Bank transfer (automatic),25-48
0,1,0,1,1,51,81.0,4085.75,3,80.11274509803921,Male,No,No,Yes,Yes,Fiber optic,No,Yes,No,No,No,No,Month-to-month,No,Bank transfer (automatic),49-72
0,0,0,1,0,1,19.65,19.65,1,19.65,Female,No,No,Yes,No,No,No internet service,No internet service,No internet service,No internet service,No internet service,No internet service,Month-to-month,No,Mailed check,0-12
0,0,0,0,0,23,20.0,445.3,1,19.360869565217392,Male,Yes,Yes,Yes,No,No,No internet service,No internet service,No internet service,No internet service,No internet service,No internet service,One year,Yes,Credit card (automatic),13-24
0,1,1,0,1,53,110.5,5835.5,7,110.10377358490567,Female,Yes,No,Yes,No,Fiber optic,Yes,Yes,Yes,Yes,Yes,Yes,One year,No,Electronic check,49-72
0,1,1,1,1,24,98.75,2407.3,5,100.30416666666667,Female,No,No,Yes,Yes,Fiber optic,No,No,Yes,No,Yes,Yes,Month-to-month,Yes,Electronic check,13-24
0,0,0,1,0,1,20.15,20.15,1,20.15,Female,No,No,Yes,No,No,No internet service,No internet service,No internet service,No internet service,No internet service,No internet service,Month-to-month,No,Mailed check,0-12
1,1,1,0,1,61,98.3,6066.55,6,99.4516393442623,Male,Yes,No,Yes,Yes,Fiber optic,No,Yes,Yes,Yes,Yes,No,One year,Yes,Mailed check,49-72
0,1,1,1,0,22,93.2,2157.3,4,98.05909090909091,Male,No,No,Yes,No,Fiber optic,No,Yes,No,No,Yes,Yes,Month-to-month,Yes,Mailed check,13-24
1,0,1,1,0,5,91.4,449.75,3,89.95,Male,No,No,Yes,No,Fiber optic,No,No,No,No,Yes,Yes,Month-to-month,Yes,Electronic check,0-12
0,1,0,0,1,39,49.8,1971.15,2,50.542307692307695,Male,No,No,Yes,No,DSL,No,No,No,Yes,No,No,Two year,Yes,Bank transfer (automatic),25-48
0,1,1,1,1,50,39.45,2021.35,2,40.427,Male,Yes,Yes,No,No phone service,DSL,Yes,No,No,No,Yes,No,Month-to-month,Yes,Credit card (automatic),49-72
0,0,0,0,1,57,19.4,1061.6,1,18.62456140350877,Male,Yes,Yes,Yes,No,No,No internet service,No internet service,No internet service,No internet service,No internet service,No internet service,One year,No,Mailed check,49-72
0,0,0,0,1,39,25.45,958.45,2,24.575641025641026,Male,No,Yes,Yes,Yes,No,No internet service,No internet service,No internet service,No internet service,No internet service,No internet service,One year,No,Bank transfer (automatic),25-48
0,1,1,1,0,11,96.2,1222.05,5,111.09545454545454,Female,Yes,No,Yes,Yes,Fiber optic,Yes,No,No,Yes,Yes,No,Month-to-month,Yes,Credit card (automatic),0-12
0,0,0,1,0,1,45.3,45.3,1,45.3,Male,No,No,Yes,No,DSL,No,No,No,No,No,No,Month-to-month,No,Electronic check,0-12
0,1,1,1,1,56,109.6,5953.0,7,106.30357142857143,Female,Yes,Yes,Yes,Yes,Fiber optic,Yes,No,Yes,Yes,Yes,Yes,Month-to-month,Yes,Mailed check,49-72
0,1,0,0,1,34,56.95,1889.5,3,55.5735294117647,Male,No,No,Yes,No,DSL,Yes,No,Yes,No,No,No,One year,No,Mailed check,25-48
1,1,1,0,0,12,79.2,943.85,6,78.65416666666667,Female,Yes,No,Yes,No,DSL,Yes,No,Yes,Yes,Yes,Yes,One year,Yes,Electronic check,0-12
0,0,1,1,0,1,90.75,90.75,3,90.75,Male,Yes,No,Yes,No,Fiber optic,No,No,No,No,Yes,Yes,Month-to-month,Yes,Electronic check,0-12
0,0,0,0,0,19,19.7,386.5,1,20.342105263157894,Male,No,No,Yes,No,No,No internet service,No internet service,No internet service,No internet service,No internet service,No internet service,One year,Yes,Credit card (automatic),13-24
0,0,1,1,0,18,94.75,1691.9,4,93.99444444444445,Male,Yes,No,Yes,Yes,Fiber optic,No,No,No,No,Yes,Yes,Month-to-month,Yes,Electronic check,13-24
1,1,0,0,1,36,54.1,1992.85,3,55.356944444444444,Male,Yes,No,Yes,No,DSL,No,No,Yes,Yes,No,No,One year,No,Credit card (automatic),25-48
1,1,0,1,0,11,60.25,662.95,4,60.26818181818182,Male,No,No,Yes,Yes,DSL,Yes,Yes,No,No,No,No,Month-to-month,No,Bank transfer (automatic),0-12
0,1,0,1,1,56,73.85,4092.85,2,73.08660714285715,Female,No,No,Yes,No,Fiber optic,No,Yes,No,No,No,No,Month-to-month,Yes,Electronic check,49-72
1,1,0,1,1,51,77.5,3807.35,3,74.65392156862745,Female,Yes,No,Yes,Yes,Fiber optic,Yes,No,No,No,No,No,Month-to-month,Yes,Electronic check,49-72
0,1,1,1,1,27,90.15,2423.4,4,89.75555555555556,Female,Yes,No,Yes,Yes,Fiber optic,No,No,Yes,No,No,Yes,Month-to-month,No,Bank transfer (automatic),25-48
0,0,0,1,0,1,70.9,70.9,1,70.9,Female,No,No,Yes,No,Fiber optic,No,No,No,No,No,No,Month-to-month,No,Mailed check,0-12
1,0,0,1,0,4,46.0,181.6,1,45.4,Female,Yes,Yes,Yes,No,DSL,No,No,No,No,No,No,Month-to-month,No,Electronic check,0-12
1,1,1,0,1,72,64.45,4641.1,6,64.45972222222223,Male,Yes,No,No,No phone service,DSL,Yes,Yes,Yes,Yes,Yes,Yes,Two year,Yes,Credit card (automatic),49-72
1,1,1,1,1,52,50.5,2566.3,4,49.35192307692308,Female,No,No,No,No phone service,DSL,No,Yes,Yes,Yes,Yes,No,Month-to-month,Yes,Electronic check,49-72
0,0,0,1,0,15,25.4,399.6,2,26.64,Female,No,No,Yes,Yes,No,No internet service,No internet service,No internet service,No internet service,No internet service,No internet service,Month-to-month,Yes,Credit card (automatic),13-24
0,0,1,1,0,1,55.2,55.2,2,55.2,Female,Yes,No,Yes,No,DSL,No,No,No,No,Yes,No,Month-to-month,No,Mailed check,0-12
0,1,1,0,1,63,79.85,4861.45,7,77.16587301587302,Female,No,No,Yes,Yes,DSL,Yes,Yes,Yes,Yes,Yes,No,Two year,Yes,Credit card (automatic),49-72
0,1,1,1,0,14,90.9,1259.0,4,89.92857142857143,Female,Yes,Yes,Yes,Yes,Fiber optic,No,Yes,No,No,No,Yes,Month-to-month,Yes,Bank transfer (automatic),13-24
1,1,1,1,0,23,88.45,2130.55,4,92.63260869565218,Female,Yes,Yes,Yes,No,Fiber optic,No,Yes,Yes,No,No,Yes,Month-to-month,Yes,Bank transfer (automatic),13-24
1,1,1,1,1,47,99.7,4747.2,5,101.00425531914894,Female,Yes,No,Yes,Yes,Fiber optic,No,No,Yes,No,Yes,Yes,Month-to-month,No,Electronic check,25-48
0,1,1,0,1,72,109.2,7711.45,7,107.10347222222222,Female,Yes,Yes,Yes,Yes,Fiber optic,No,Yes,Yes,Yes,Yes,Yes,Two year,Yes,Bank transfer (automatic),49-72
0,1,1,0,1,48,83.45,3887.85,7,80.996875,Female,No,No,Yes,Yes,DSL,Yes,Yes,Yes,No,Yes,Yes,One year,Yes,Credit card (automatic),25-48
0,0,1,1,0,11,35.8,363.15,1,33.01363636363636,Female,No,No,No,No phone service,DSL,No,No,No,No,Yes,No,Month-to-month,Yes,Mailed check,0-12
0,0,0,0,1,48,20.0,935.9,1,19.497916666666665,Female,Yes,Yes,Yes,No,No,No internet service,No internet service,No internet service,No internet service,No internet service,No internet service,Two year,No,Mailed check,25-48
1,0,0,0,1,61,25.0,1501.75,2,24.618852459016395,Male,Yes,No,Yes,Yes,No,No internet service,No internet service,No internet service,No internet service,No internet service,No internet service,Two year,No,Bank transfer (automatic),49-72
1,0,0,1,1,34,69.15,2275.1,1,66.91470588235293,Male,No,No,Yes,No,Fiber optic,No,No,No,No,No,No,Month-to-month,No,Credit card (automatic),25-48
0,0,0,0,1,24,20.75,487.05,1,20.29375,Male,No,No,Yes,No,No,No internet service,No internet service,No internet service,No internet service,No internet service,No internet service,Two year,No,Mailed check,13-24
0,1,0,0,0,18,61.5,1087.45,4,60.41388888888889,Female,Yes,Yes,Yes,No,DSL,Yes,Yes,No,Yes,No,No,One year,Yes,Mailed check,13-24
0,1,0,1,1,64,86.8,5327.25,4,83.23828125,Female,Yes,Yes,Yes,Yes,Fiber optic,Yes,No,No,Yes,No,No,Month-to-month,Yes,Bank transfer (automatic),49-72
1,1,1,1,1,59,88.75,5348.65,4,90.65508474576271,Female,Yes,Yes,Yes,Yes,Fiber optic,No,No,Yes,No,No,Yes,Month-to-month,Yes,Credit card (automatic),49-72
1,1,0,1,1,24,34.25,828.2,2,34.50833333333333,Male,Yes,No,No,No phone service,DSL,No,No,Yes,Yes,No,No,Month-to-month,No,Mailed check,13-24
0,0,0,0,0,0,25.35,0.0,2,25.35,Male,Yes,Yes,Yes,Yes,No,No internet service,No internet service,No internet service,No internet service,No internet service,No internet service,Two year,No,Mailed check,0-12
0,0,0,0,1,60,25.0,1505.05,2,25.084166666666665,Female,No,No,Yes,Yes,No,No internet service,No internet service,No internet service,No internet service,No internet service,No internet service,Two year,No,Mailed check,49-72
0,1,1,1,1,41,74.65,3090.65,6,75.38170731707318,Female,No,No,Yes,Yes,DSL,Yes,No,Yes,Yes,No,Yes,Month-to-month,Yes,Bank transfer (automatic),25-48
1,1,0,1,0,3,81.35,233.7,3,77.89999999999999,Male,No,No,Yes,Yes,Fiber optic,No,Yes,No,No,No,No,Month-to-month,Yes,Electronic check,0-12
0,1,1,0,1,72,108.4,7719.5,7,107.21527777777777,Male,Yes,No,Yes,Yes,Fiber optic,No,Yes,Yes,Yes,Yes,Yes,Two year,Yes,Electronic check,49-72
0,1,1,0,1,47,110.85,5275.8,7,112.25106382978724,Male,Yes,No,Yes,Yes,Fiber optic,Yes,No,Yes,Yes,Yes,Yes,One year,Yes,Credit card (automatic),25-48
0,0,0,1,0,21,75.3,1570.7,2,74.79523809523809,Male,No,No,Yes,Yes,Fiber optic,No,No,No,No,No,No,Month-to-month,No,Mailed check,13-24
0,1,1,1,1,41,98.05,3990.6,5,97.33170731707317,Female,No,No,Yes,Yes,Fiber optic,No,No,Yes,No,Yes,Yes,Month-to-month,No,Bank transfer (automatic),25-48
0,0,1,1,0,6,82.85,460.25,3,76.70833333333333,Male,Yes,No,Yes,Yes,Fiber optic,No,No,No,No,Yes,No,Month-to-month,Yes,Electronic check,0-12
0,0,0,1,0,17,21.1,385.55,1,22.679411764705883,Male,No,No,Yes,No,No,No internet service,No internet service,No internet service,No internet service,No internet service,No internet service,Month-to-month,No,Credit card (automatic),13-24
0,0,0,0,1,72,20.1,1460.85,1,20.289583333333333,Female,Yes,Yes,Yes,No,No,No internet service,No internet service,No internet service,No internet service,No internet service,No internet service,Two year,No,Bank transfer (automatic),49-72
0,1,0,1,0,13,52.1,670.65,2,51.58846153846154,Male,No,Yes,Yes,No,DSL,Yes,No,No,No,No,No,Month-to-month,Yes,Credit card (automatic),13-24
0,1,0,0,1,72,64.75,4804.75,5,66.73263888888889,Female,Yes,No,Yes,Yes,DSL,Yes,Yes,No,Yes,No,No,Two year,No,Bank transfer (automatic),49-72
0,1,1,1,0,15,103.45,1539.8,6,102.65333333333334,Male,Yes,No,Yes,Yes,Fiber optic,No,No,Yes,Yes,Yes,Yes,Month-to-month,Yes,Electronic check,13-24
0,0,1,1,0,3,34.8,113.95,1,37.983333333333334,Female,No,No,No,No phone service,DSL,No,No,No,No,Yes,No,Month-to-month,Yes,Credit card (automatic),0-12
0,1,0,1,1,46,74.8,3548.3,2,77.13695652173914,Female,No,No,Yes,No,Fiber optic,No,No,Yes,No,No,No,Month-to-month,Yes,Credit card (automatic),25-48
0,0,0,0,1,72,23.55,1723.95,2,23.94375,Male,Yes,No,Yes,Yes,No,No internet service,No internet service,No internet service,No internet service,No internet service,No internet service,Two year,Yes,Bank transfer (automatic),49-72
0,0,1,0,0,15,56.15,931.9,2,62.126666666666665,Female,No,No,Yes,No,DSL,No,No,No,No,Yes,No,One year,No,Mailed check,13-24
0,1,1,1,1,64,111.15,6953.4,7,108.646875,Female,Yes,No,Yes,Yes,Fiber optic,No,Yes,Yes,Yes,Yes,Yes,Month-to-month,Yes,Electronic check,49-72
0,1,0,0,1,67,84.8,5598.3,4,83.55671641791045,Female,Yes,Yes,Yes,No,Fiber optic,Yes,Yes,Yes,No,No,No,One year,No,Bank transfer (automatic),49-72
0,0,0,1,0,1,20.45,20.45,1,20.45,Male,No,No,Yes,No,No,No internet service,No internet service,No internet service,No internet service,No internet service,No internet service,Month-to-month,No,Mailed check,0-12
0,1,1,0,1,51,75.2,3901.25,5,76.49509803921569,Male,Yes,No,Yes,Yes,DSL,No,No,No,Yes,Yes,Yes,Two year,Yes,Bank transfer (automatic),49-72
0,1,1,0,1,51,60.15,3077.0,5,60.333333333333336,Female,No,Yes,No,No phone service,DSL,Yes,No,Yes,Yes,Yes,Yes,One year,No,Bank transfer (automatic),49-72
0,1,0,1,0,5,43.25,219.0,4,43.8,Male,No,No,No,No phone service,DSL,Yes,Yes,Yes,Yes,No,No,Month-to-month,Yes,Mailed check,0-12
0,0,0,0,0,4,25.3,116.95,2,29.2375,Female,No,No,Yes,Yes,No,No internet service,No internet service,No internet service,No internet service,No internet service,No internet service,Two year,Yes,Credit card (automatic),0-12
0,1,0,0,1,35,69.15,2490.15,6,71.14714285714285,Male,Yes,Yes,Yes,Yes,DSL,Yes,Yes,Yes,Yes,No,No,Two year,Yes,Credit card (automatic),25-48
0,0,0,0,1,71,24.25,1732.95,2,24.40774647887324,Female,Yes,No,Yes,Yes,No,No internet service,No internet service,No internet service,No internet service,No internet service,No internet service,Two year,Yes,Credit card (automatic),49-72
0,0,1,1,0,13,81.9,1028.9,2,79.14615384615385,Female,No,No,Yes,No,Fiber optic,No,No,No,No,Yes,No,Month-to-month,Yes,Mailed check,13-24
0,0,0,1,0,3,20.2,65.95,1,21.983333333333334,Female,No,No,Yes,No,No,No internet service,No internet service,No internet service,No internet service,No internet service,No internet service,Month-to-month,No,Electronic check,0-12
0,0,0,0,1,30,19.05,637.55,1,21.251666666666665,Male,Yes,No,Yes,No,No,No internet service,No internet service,No internet service,No internet service,No internet service,No internet service,Two year,No,Mailed check,25-48
1,1,0,1,0,20,73.65,1463.5,2,73.175,Male,Yes,No,Yes,No,Fiber optic,No,Yes,No,No,No,No,Month-to-month,Yes,Electronic check,13-24
0,1,1,0,1,64,86.4,5442.05,8,85.03203125,Female,No,No,Yes,Yes,DSL,Yes,Yes,Yes,Yes,Yes,Yes,Two year,Yes,Credit card (automatic),49-72
0,0,0,0,1,59,18.4,1057.85,1,17.92966101694915,Female,Yes,No,Yes,No,No,No internet service,No internet service,No internet service,No internet service,No internet service,No internet service,Two year,No,Bank transfer (automatic),49-72
1,1,0,1,0,1,55.8,55.8,3,55.8,Female,No,No,Yes,No,DSL,Yes,No,Yes,No,No,No,Month-to-month,Yes,Electronic check,0-12
1,1,1,0,1,57,93.75,5625.55,5,98.69385964912281,Male,No,No,Yes,Yes,Fiber optic,Yes,No,No,Yes,No,Yes,Two year,No,Electronic check,49-72
0,1,1,0,1,66,50.55,3364.55,3,50.97803030303031,Male,Yes,Yes,No,No phone service,DSL,No,No,No,Yes,Yes,Yes,Two year,No,Bank transfer (automatic),49-72
0,1,1,0,1,25,40.65,970.55,2,38.821999999999996,Male,No,Yes,No,No phone service,DSL,Yes,No,No,No,Yes,No,One year,Yes,Credit card (automatic),25-48
0,1,0,1,0,10,29.5,255.25,1,25.525,Male,No,No,No,No phone service,DSL,No,No,Yes,No,No,No,Month-to-month,No,Mailed check,0-12
0,0,0,1,0,4,20.35,77.5,1,19.375,Female,No,No,Yes,No,No,No internet service,No internet service,No internet service,No internet service,No internet service,No internet service,Month-to-month,No,Mailed check,0-12
0,1,1,0,1,72,92.0,6474.4,8,89.92222222222222,Female,Yes,No,Yes,Yes,DSL,Yes,Yes,Yes,Yes,Yes,Yes,Two year,No,Bank transfer (automatic),49-72
1,1,1,0,1,71,115.05,8016.6,8,112.90985915492958,Male,Yes,No,Yes,Yes,Fiber optic,Yes,Yes,Yes,Yes,Yes,Yes,Two year,Yes,Bank transfer (automatic),49-72
0,0,0,0,1,41,19.75,806.95,1,19.681707317073172,Female,No,No,Yes,No,No,No internet service,No internet service,No internet service,No internet service,No internet service,No internet service,One year,Yes,Mailed check,25-48
0,0,0,0,0,9,19.6,197.4,1,21.933333333333334,Male,Yes,Yes,Yes,No,No,No internet service,No internet service,No internet service,No internet service,No internet service,No internet service,Two year,No,Mailed check,0-12
0,1,0,1,0,1,50.9,50.9,2,50.9,Male,No,No,Yes,No,DSL,No,No,Yes,No,No,No,Month-to-month,No,Mailed check,0-12
0,1,0,1,0,1,73.6,73.6,2,73.6,Female,No,Yes,Yes,No,Fiber optic,Yes,No,No,No,No,No,Month-to-month,Yes,Mailed check,0-12
0,1,1,0,1,65,109.3,7337.55,7,112.88538461538462,Female,Yes,Yes,Yes,Yes,Fiber optic,Yes,No,Yes,Yes,Yes,Yes,Two year,No,Electronic check,49-72
0,0,0,1,0,4,75.35,338.1,2,84.525,Female,No,No,Yes,Yes,Fiber optic,No,No,No,No,No,No,Month-to-month,No,Electronic check,0-12
0,1,0,1,0,1,74.35,74.35,2,74.35,Female,No,No,Yes,No,Fiber optic,No,Yes,No,No,No,No,Month-to-month,No,Electronic check,0-12
0,0,0,1,0,1,42.9,42.9,1,42.9,Male,No,No,Yes,No,DSL,No,No,No,No,No,No,Month-to-month,Yes,Electronic check,0-12
0,0,0,1,0,7,20.65,155.9,1,22.271428571428572,Female,No,No,Yes,No,No,No internet service,No internet service,No internet service,No internet service,No internet service,No internet service,Month-to-month,No,Mailed check,0-12
0,0,0,1,0,5,20.35,92.75,1,18.55,Male,No,No,Yes,No,No,No internet service,No internet service,No internet service,No internet service,No internet service,No internet service,Month-to-month,No,Mailed check,0-12
0,0,1,0,0,12,53.65,696.35,2,58.02916666666667,Male,Yes,Yes,Yes,No,DSL,No,No,No,No,No,Yes,One year,No,Credit card (automatic),0-12
1,1,1,0,1,55,100.0,5509.3,5,100.16909090909091,Female,No,No,Yes,Yes,Fiber optic,No,No,Yes,No,Yes,Yes,One year,Yes,Electronic check,49-72
0,1,1,0,1,54,45.2,2460.55,3,45.56574074074074,Male,No,No,No,No phone service,DSL,Yes,No,No,Yes,Yes,No,Two year,No,Credit card (automatic),49-72
1,0,0,1,0,2,69.3,153.8,1,76.9,Female,Yes,No,Yes,No,Fiber optic,No,No,No,No,No,No,Month-to-month,Yes,Electronic check,0-12
0,0,0,0,0,23,19.6,426.65,1,18.55,Male,Yes,Yes,Yes,No,No,No internet service,No internet service,No internet service,No internet service,No internet service,No internet service,Two year,No,Credit card (automatic),13-24
0,1,1,1,0,15,95.7,1451.1,5,96.74,Male,No,No,Yes,Yes,Fiber optic,No,Yes,No,Yes,No,Yes,Month-to-month,No,Electronic check,13-24
0,1,0,1,0,2,49.6,114.7,2,57.35,Female,No,No,Yes,No,DSL,No,Yes,No,No,No,No,Month-to-month,Yes,Mailed check,0-12
0,1,1,1,1,56,98.6,5581.05,5,99.66160714285715,Male,No,No,Yes,Yes,Fiber optic,No,Yes,No,No,Yes,Yes,Month-to-month,No,Electronic check,49-72
0,1,1,1,1,65,105.05,6914.95,6,106.38384615384615,Female,Yes,No,Yes,Yes,Fiber optic,Yes,No,Yes,No,Yes,Yes,Month-to-month,Yes,Electronic check,49-72
0,1,1,0,1,28,92.9,2768.35,5,98.86964285714285,Male,Yes,Yes,Yes,No,Fiber optic,No,Yes,Yes,Yes,Yes,No,One year,No,Bank transfer (automatic),25-48
0,0,0,1,0,1,25.2,25.2,0,25.2,Female,No,No,No,No phone service,DSL,No,No,No,No,No,No,Month-to-month,No,Mailed check,0-12
0,1,1,1,0,8,38.5,330.8,2,41.35,Female,No,Yes,No,No phone service,DSL,Yes,No,No,No,No,Yes,Month-to-month,Yes,Electronic check,0-12
0,1,1,0,0,23,68.75,1689.45,5,73.45434782608696,Female,Yes,No,Yes,No,DSL,Yes,No,Yes,Yes,No,Yes,One year,Yes,Bank transfer (automatic),13-24
0,1,1,1,0,17,65.75,1111.2,4,65.36470588235295,Male,No,No,Yes,Yes,DSL,Yes,No,No,No,No,Yes,Month-to-month,No,Bank transfer (automatic),13-24
0,1,1,0,1,30,70.4,2044.75,5,68.15833333333333,Male,No,No,Yes,No,DSL,Yes,Yes,No,Yes,Yes,No,One year,No,Electronic check,25-48
1,1,1,0,1,67,105.6,7112.15,6,106.15149253731343,Female,Yes,No,Yes,Yes,Fiber optic,Yes,Yes,No,No,Yes,Yes,One year,Yes,Electronic check,49-72
0,0,1,1,0,1,81.05,81.05,2,81.05,Male,Yes,Yes,Yes,No,Fiber optic,No,No,No,No,No,Yes,Month-to-month,Yes,Electronic check,0-12
0,1,1,1,0,16,49.95,810.2,3,50.6375,Female,Yes,No,No,No phone service,DSL,No,No,No,Yes,Yes,Yes,Month-to-month,Yes,Electronic check,13-24
0,0,0,1,0,1,19.85,19.85,1,19.85,Female,No,No,Yes,No,No,No internet service,No internet service,No internet service,No internet service,No internet service,No internet service,Month-to-month,No,Mailed check,0-12
0,1,1,0,1,59,107.0,6152.3,7,104.27627118644068,Female,Yes,No,Yes,Yes,Fiber optic,Yes,Yes,Yes,Yes,No,Yes,One year,Yes,Credit card (automatic),49-72
1,1,1,1,0,20,90.8,1951.0,4,97.55,Female,Yes,No,Yes,Yes,Fiber optic,No,No,Yes,No,Yes,No,Month-to-month,No,Electronic check,13-24
0,1,1,1,0,13,71.95,923.85,4,71.06538461538462,Female,No,No,Yes,No,DSL,Yes,No,No,No,Yes,Yes,Month-to-month,Yes,Electronic check,13-24
0,1,1,1,1,28,89.95,2625.55,4,93.76964285714287,Female,No,No,Yes,Yes,Fiber optic,No,Yes,No,No,No,Yes,Month-to-month,Yes,Electronic check,25-48
0,1,1,0,1,53,91.15,4862.5,4,91.74528301886792,Female,Yes,No,Yes,Yes,Fiber optic,No,No,No,Yes,No,Yes,One year,Yes,Electronic check,49-72
0,0,0,1,0,7,20.0,137.6,1,19.657142857142855,Female,No,No,Yes,No,No,No internet service,No internet service,No internet service,No internet service,No internet service,No internet service,Month-to-month,No,Bank transfer (automatic),0-12
0,0,0,0,1,40,24.8,1024.7,2,25.6175,Female,Yes,Yes,Yes,Yes,No,No internet service,No internet service,No internet service,No internet service,No internet service,No internet service,Two year,Yes,Mailed check,25-48
0,0,0,0,1,68,24.15,1498.85,2,22.04191176470588,Male,No,No,Yes,Yes,No,No internet service,No internet service,No internet service,No internet service,No internet service,No internet service,Two year,Yes,Bank transfer (automatic),49-72
0,0,0,1,0,1,70.65,70.65,1,70.65,Male,Yes,Yes,Yes,No,Fiber optic,No,No,No,No,No,No,Month-to-month,Yes,Mailed check,0-12
0,1,1,0,1,62,106.05,6703.5,6,108.12096774193549,Female,Yes,Yes,Yes,Yes,Fiber optic,No,Yes,No,Yes,Yes,Yes,One year,Yes,Credit card (automatic),49-72
0,1,1,0,1,28,91.25,2483.65,4,88.70178571428572,Male,No,No,Yes,No,Fiber optic,No,Yes,No,Yes,Yes,No,One year,Yes,Bank transfer (automatic),25-48
1,1,0,1,1,62,89.1,5618.3,5,90.61774193548388,Male,Yes,No,Yes,Yes,Fiber optic,Yes,Yes,Yes,No,No,No,Month-to-month,Yes,Electronic check,49-72
0,0,0,1,0,21,45.65,985.05,1,46.90714285714286,Male,No,Yes,Yes,No,DSL,No,No,No,No,No,No,Month-to-month,No,Mailed check,13-24
1,1,1,0,1,41,101.1,4016.2,5,97.9560975609756,Female,No,No,Yes,No,Fiber optic,No,No,Yes,Yes,Yes,Yes,One year,Yes,Bank transfer (automatic),25-48
0,0,0,1,0,6,69.8,377.85,1,62.975,Male,Yes,Yes,Yes,No,Fiber optic,No,No,No,No,No,No,Month-to-month,Yes,Electronic check,0-12
1,1,1,1,1,49,90.05,4547.25,4,92.80102040816327,Male,Yes,No,Yes,Yes,Fiber optic,No,Yes,No,No,No,Yes,Month-to-month,No,Credit card (automatic),49-72
0,1,1,0,1,67,109.4,7281.6,7,108.68059701492538,Female,Yes,Yes,Yes,Yes,Fiber optic,Yes,No,Yes,Yes,Yes,Yes,One year,Yes,Electronic check,49-72
0,1,1,0,1,45,100.3,4483.95,5,99.64333333333333,Female,No,No,Yes,No,Fiber optic,Yes,Yes,No,No,Yes,Yes,One year,Yes,Electronic check,25-48
0,0,0,0,1,59,19.3,1192.7,1,20.215254237288136,Male,Yes,Yes,Yes,No,No,No internet service,No internet service,No internet service,No internet service,No internet service,No internet service,Two year,No,Credit card (automatic),49-72
0,1,1,1,0,1,91.7,91.7,4,91.7,Female,No,No,Yes,No,Fiber optic,No,Yes,No,Yes,Yes,No,Month-to-month,No,Electronic check,0-12
0,1,1,0,1,72,104.9,7537.5,7,104.6875,Male,Yes,Yes,Yes,Yes,Fiber optic,Yes,Yes,Yes,Yes,No,Yes,One year,Yes,Credit card (automatic),49-72
0,0,0,0,1,67,20.8,1411.9,1,21.07313432835821,Male,Yes,Yes,Yes,No,No,No internet service,No internet service,No internet service,No internet service,No internet service,No internet service,Two year,Yes,Mailed check,49-72
0,0,0,1,1,44,19.6,780.25,1,17.732954545454547,Female,Yes,Yes,Yes,No,No,No internet service,No internet service,No internet service,No internet service,No internet service,No internet service,Month-to-month,No,Mailed check,25-48
0,0,0,1,0,1,44.0,44.0,1,44.0,Female,No,No,Yes,No,DSL,No,No,No,No,No,No,Month-to-month,Yes,Mailed check,0-12
1,1,1,0,1,71,105.9,7521.95,6,105.94295774647887,Female,No,No,Yes,Yes,Fiber optic,No,Yes,Yes,No,Yes,Yes,One year,Yes,Electronic check,49-72
1,0,0,1,0,5,71.45,371.6,1,74.32000000000001,Male,No,No,Yes,No,Fiber optic,No,No,No,No,No,No,Month-to-month,Yes,Mailed check,0-12
1,1,1,0,1,66,110.6,7210.85,7,109.25530303030304,Female,Yes,Yes,Yes,Yes,Fiber optic,Yes,Yes,No,Yes,Yes,Yes,One year,Yes,Credit card (automatic),49-72
1,1,1,1,1,32,93.5,2970.8,5,92.8375,Male,Yes,No,Yes,Yes,Fiber optic,No,Yes,Yes,No,No,Yes,Month-to-month,Yes,Electronic check,25-48
0,1,1,0,1,52,63.25,3342.45,4,64.27788461538461,Male,No,No,Yes,No,DSL,Yes,Yes,No,No,Yes,No,Two year,Yes,Credit card (automatic),49-72
0,0,0,1,0,1,44.4,44.4,1,44.4,Male,No,No,Yes,No,DSL,No,No,No,No,No,No,Month-to-month,No,Mailed check,0-12
0,0,0,1,0,18,20.05,358.5,1,19.916666666666668,Male,No,No,Yes,No,No,No internet service,No internet service,No internet service,No internet service,No internet service,No internet service,Month-to-month,No,Mailed check,13-24
0,1,0,0,1,66,54.8,3465.7,3,52.51060606060606,Male,No,No,Yes,No,DSL,Yes,Yes,No,No,No,No,One year,Yes,Mailed check,49-72
0,1,0,1,1,38,79.45,3013.05,3,79.29078947368421,Male,Yes,No,Yes,No,Fiber optic,Yes,Yes,No,No,No,No,Month-to-month,Yes,Electronic check,25-48
0,1,1,0,0,15,101.9,1667.25,5,111.15,Male,Yes,Yes,Yes,No,Fiber optic,Yes,No,No,Yes,Yes,Yes,One year,No,Electronic check,13-24
0,1,1,0,1,46,99.65,4630.2,6,100.65652173913043,Female,Yes,Yes,Yes,Yes,Fiber optic,Yes,No,Yes,Yes,No,Yes,Two year,No,Mailed check,25-48
0,1,1,0,1,65,100.15,6643.5,6,102.20769230769231,Female,Yes,No,Yes,Yes,Fiber optic,Yes,Yes,No,Yes,Yes,No,One year,Yes,Bank transfer (automatic),49-72
0,0,0,0,1,68,25.8,1911.5,2,28.110294117647058,Female,Yes,No,Yes,Yes,No,No internet service,No internet service,No internet service,No internet service,No internet service,No internet service,Two year,No,Credit card (automatic),49-72
0,1,1,1,0,13,97.0,1334.45,4,102.65,Male,Yes,Yes,Yes,No,Fiber optic,No,No,Yes,No,Yes,Yes,Month-to-month,No,Electronic check,13-24
0,1,1,1,0,10,98.5,1058.25,5,105.825,Female,No,No,Yes,Yes,Fiber optic,No,No,No,Yes,Yes,Yes,Month-to-month,Yes,Electronic check,0-12
0,0,0,0,1,25,19.5,516.3,1,20.651999999999997,Male,No,No,Yes,No,No,No internet service,No internet service,No internet service,No internet service,No internet service,No internet service,One year,Yes,Bank transfer (automatic),25-48
0,0,0,0,0,10,25.7,251.6,2,25.16,Male,No,No,Yes,Yes,No,No internet service,No internet service,No internet service,No internet service,No internet service,No internet service,Two year,No,Bank transfer (automatic),0-12
0,0,0,0,1,72,25.85,1872.2,2,26.00277777777778,Male,Yes,No,Yes,Yes,No,No internet service,No internet service,No internet service,No internet service,No internet service,No internet service,Two year,No,Credit card (automatic),49-72
0,1,0,1,0,3,50.25,152.3,2,50.76666666666667,Male,No,No,Yes,No,DSL,No,No,No,Yes,No,No,Month-to-month,Yes,Mailed check,0-12
0,1,0,1,0,2,54.4,114.1,3,57.05,Male,No,No,Yes,Yes,DSL,No,Yes,No,No,No,No,Month-to-month,Yes,Mailed check,0-12
0,1,1,0,1,38,81.0,3084.9,6,81.18157894736842,Male,Yes,Yes,Yes,No,DSL,Yes,No,Yes,Yes,Yes,Yes,Two year,No,Credit card (automatic),25-48
0,1,1,0,1,62,107.6,6912.7,6,111.49516129032257,Male,Yes,No,Yes,Yes,Fiber optic,No,No,Yes,Yes,Yes,Yes,Two year,Yes,Bank transfer (automatic),49-72
1,0,0,1,0,11,75.2,775.3,2,70.48181818181818,Male,Yes,Yes,Yes,Yes,Fiber optic,No,No,No,No,No,No,Month-to-month,Yes,Credit card (automatic),0-12
0,1,0,1,0,3,80.1,217.55,3,72.51666666666667,Female,No,No,Yes,No,Fiber optic,No,No,Yes,Yes,No,No,Month-to-month,No,Credit card (automatic),0-12
0,1,1,0,1,49,51.8,2541.25,3,51.86224489795919,Male,Yes,Yes,No,No phone service,DSL,No,Yes,No,No,Yes,Yes,One year,Yes,Bank transfer (automatic),49-72
0,0,0,0,0,17,19.45,369.05,1,21.708823529411767,Male,No,No,Yes,No,No,No internet service,No internet service,No internet service,No internet service,No internet service,No internet service,Two year,No,Credit card (automatic),13-24
0,0,0,1,0,8,20.7,137.6,1,17.2,Female,No,No,Yes,No,No,No internet service,No internet service,No internet service,No internet service,No internet service,No internet service,Month-to-month,Yes,Mailed check,0-12
0,1,0,1,0,2,50.2,109.25,2,54.625,Male,No,No,Yes,No,DSL,No,No,No,Yes,No,No,Month-to-month,Yes,Credit card (automatic),0-12
0,1,1,1,0,3,88.35,262.05,4,87.35000000000001,Male,No,No,Yes,No,Fiber optic,No,No,Yes,Yes,Yes,No,Month-to-month,Yes,Mailed check,0-12
1,0,1,1,0,9,84.45,762.5,3,84.72222222222223,Female,No,No,Yes,Yes,Fiber optic,No,No,No,No,No,Yes,Month-to-month,Yes,Electronic check,0-12
0,0,0,0,1,70,24.25,1724.15,2,24.630714285714287,Male,Yes,No,Yes,Yes,No,No internet service,No internet service,No internet service,No internet service,No internet service,No internet service,Two year,No,Bank transfer (automatic),49-72
0,1,1,0,1,32,94.8,3131.55,5,97.8609375,Male,Yes,Yes,Yes,No,Fiber optic,Yes,Yes,Yes,No,No,Yes,One year,No,Mailed check,25-48
0,1,0,1,0,22,75.0,1573.95,2,71.54318181818182,Male,Yes,Yes,Yes,No,Fiber optic,Yes,No,No,No,No,No,Month-to-month,No,Bank transfer (automatic),13-24
0,0,0,0,0,14,19.5,272.0,1,19.428571428571427,Female,Yes,Yes,Yes,No,No,No internet service,No internet service,No internet service,No internet service,No internet service,No internet service,One year,Yes,Mailed check,13-24
0,1,1,1,0,2,90.0,190.05,4,95.025,Male,Yes,Yes,Yes,No,Fiber optic,No,No,Yes,Yes,No,Yes,Month-to-month,No,Credit card (automatic),0-12
0,0,0,0,1,68,25.25,1728.2,2,25.41470588235294,Male,Yes,No,Yes,Yes,No,No internet service,No internet service,No internet service,No internet service,No internet service,No internet service,Two year,No,Bank transfer (automatic),49-72
0,0,0,0,0,14,20.4,275.7,1,19.692857142857143,Male,No,No,Yes,No,No,No internet service,No internet service,No internet service,No internet service,No internet service,No internet service,One year,No,Bank transfer (automatic),13-24
0,1,1,1,0,2,91.15,168.5,4,84.25,Female,No,No,Yes,No,Fiber optic,Yes,Yes,No,No,Yes,No,Month-to-month,Yes,Electronic check,0-12
0,0,1,1,0,2,79.75,164.5,2,82.25,Female,No,No,Yes,No,Fiber optic,No,No,No,No,Yes,No,Month-to-month,Yes,Electronic check,0-12
0,1,1,0,1,48,97.05,4692.95,5,97.76979166666666,Female,Yes,No,Yes,No,Fiber optic,No,Yes,Yes,No,Yes,Yes,One year,Yes,Electronic check,25-48
0,1,0,1,0,6,49.15,270.8,2,45.13333333333333,Female,Yes,No,Yes,No,DSL,No,No,No,Yes,No,No,Month-to-month,Yes,Electronic check,0-12
1,1,1,1,1,43,103.0,4414.3,6,102.65813953488373,Male,Yes,No,Yes,Yes,Fiber optic,No,Yes,Yes,No,Yes,Yes,Month-to-month,Yes,Electronic check,25-48
0,1,1,0,1,36,75.55,2680.15,6,74.44861111111112,Female,No,No,Yes,No,DSL,Yes,Yes,Yes,Yes,No,Yes,One year,Yes,Mailed check,25-48
0,1,1,1,1,66,99.5,6710.5,5,101.67424242424242,Male,No,No,Yes,No,Fiber optic,No,Yes,Yes,No,Yes,Yes,Month-to-month,No,Electronic check,49-72
0,1,1,1,1,58,92.85,5305.05,4,91.46637931034483,Male,Yes,Yes,Yes,No,Fiber optic,No,Yes,No,No,Yes,Yes,Month-to-month,Yes,Electronic check,49-72
0,1,1,1,0,23,90.05,2169.8,4,94.33913043478262,Female,No,No,Yes,Yes,Fiber optic,Yes,No,No,No,Yes,No,Month-to-month,Yes,Bank transfer (automatic),13-24
0,1,1,1,0,1,101.45,101.45,5,101.45,Male,No,No,Yes,Yes,Fiber optic,No,No,Yes,No,Yes,Yes,Month-to-month,Yes,Electronic check,0-12
0,0,0,0,0,15,20.1,302.45,1,20.163333333333334,Female,No,No,Yes,No,No,No internet service,No internet service,No internet service,No internet service,No internet service,No internet service,One year,No,Credit card (automatic),13-24
0,1,1,0,1,71,100.2,7209.0,6,101.53521126760563,Male,Yes,Yes,Yes,No,Fiber optic,Yes,Yes,Yes,Yes,Yes,No,Two year,No,Credit card (automatic),49-72
0,1,1,1,0,12,89.15,1057.55,4,88.12916666666666,Female,No,No,Yes,Yes,Fiber optic,No,Yes,No,No,No,Yes,Month-to-month,Yes,Electronic check,0-12
0,0,0,1,0,1,45.05,45.05,1,45.05,Male,No,No,Yes,No,DSL,No,No,No,No,No,No,Month-to-month,No,Mailed check,0-12
1,1,0,1,0,9,49.2,447.9,2,49.766666666666666,Male,No,No,Yes,No,DSL,No,No,No,Yes,No,No,Month-to-month,No,Mailed check,0-12
0,0,0,0,1,30,21.25,711.9,1,23.73,Male,Yes,Yes,Yes,No,No,No internet service,No internet service,No internet service,No internet service,No internet service,No internet service,Two year,No,Mailed check,25-48
1,1,1,1,1,35,101.4,3496.3,5,99.89428571428572,Male,No,No,Yes,Yes,Fiber optic,No,No,Yes,No,Yes,Yes,Month-to-month,Yes,Electronic check,25-48
0,0,0,1,1,49,52.15,2583.75,2,52.72959183673469,Female,Yes,No,Yes,Yes,DSL,No,No,No,No,No,No,Month-to-month,Yes,Credit card (automatic),49-72
0,1,1,0,1,61,61.45,3751.15,5,61.49426229508197,Female,Yes,Yes,No,No phone service,DSL,No,Yes,Yes,Yes,Yes,Yes,Two year,Yes,Bank transfer (automatic),49-72
0,1,1,0,1,70,64.55,4504.9,6,64.35571428571428,Female,Yes,No,No,No phone service,DSL,Yes,Yes,Yes,Yes,Yes,Yes,Two year,No,Bank transfer (automatic),49-72
0,1,1,1,0,10,100.6,1060.2,5,106.02000000000001,Female,No,No,Yes,Yes,Fiber optic,No,No,Yes,No,Yes,Yes,Month-to-month,Yes,Electronic check,0-12
0,0,0,0,1,72,26.1,1851.45,2,25.714583333333334,Male,Yes,Yes,Yes,Yes,No,No internet service,No internet service,No internet service,No internet service,No internet service,No internet service,Two year,No,Mailed check,49-72
0,1,0,0,1,62,54.75,3425.35,3,55.247580645161285,Female,Yes,Yes,Yes,No,DSL,Yes,No,Yes,No,No,No,One year,No,Credit card (automatic),49-72
0,0,0,1,0,8,45.45,411.75,1,51.46875,Female,Yes,Yes,Yes,No,DSL,No,No,No,No,No,No,Month-to-month,Yes,Electronic check,0-12
0,0,1,1,0,2,79.95,174.45,2,87.225,Male,No,No,Yes,No,Fiber optic,No,No,No,No,Yes,No,Month-to-month,Yes,Electronic check,0-12
0,1,1,1,1,49,103.7,5036.3,6,102.78163265306122,Male,No,No,Yes,Yes,Fiber optic,No,Yes,Yes,No,Yes,Yes,Month-to-month,Yes,Bank transfer (automatic),49-72
0,0,0,1,0,1,19.45,19.45,1,19.45,Male,No,No,Yes,No,No,No internet service,No internet service,No internet service,No internet service,No internet service,No internet service,Month-to-month,No,Mailed check,0-12
0,1,1,1,1,25,95.7,2338.35,4,93.53399999999999,Male,Yes,No,Yes,No,Fiber optic,No,No,No,Yes,Yes,Yes,Month-to-month,Yes,Credit card (automatic),25-48
0,1,1,0,1,72,75.1,5336.35,6,74.11597222222223,Male,No,No,Yes,No,DSL,Yes,Yes,Yes,Yes,Yes,No,Two year,Yes,Bank transfer (automatic),49-72
0,1,1,1,1,39,50.65,1905.4,3,48.85641025641026,Female,No,No,No,No phone service,DSL,No,No,Yes,No,Yes,Yes,Month-to-month,Yes,Credit card (automatic),25-48
0,1,1,1,0,3,69.15,235.0,5,78.33333333333333,Female,Yes,Yes,Yes,Yes,DSL,No,Yes,Yes,No,Yes,No,Month-to-month,Yes,Bank transfer (automatic),0-12
0,1,1,1,1,69,103.95,7446.9,6,107.92608695652173,Female,Yes,Yes,Yes,Yes,Fiber optic,No,Yes,Yes,No,Yes,Yes,Month-to-month,Yes,Electronic check,49-72
0,0,0,1,0,16,19.75,294.9,1,18.43125,Male,No,No,Yes,No,No,No internet service,No internet service,No internet service,No internet service,No internet service,No internet service,Month-to-month,No,Credit card (automatic),13-24
0,1,0,0,0,12,33.6,435.45,2,36.2875,Female,No,No,No,No phone service,DSL,Yes,No,No,Yes,No,No,One year,Yes,Mailed check,0-12
0,1,0,0,1,71,66.85,4748.7,5,66.8830985915493,Male,Yes,Yes,Yes,Yes,DSL,Yes,Yes,No,Yes,No,No,One year,Yes,Credit card (automatic),49-72
0,0,0,1,0,12,19.4,198.1,1,16.508333333333333,Female,Yes,Yes,Yes,No,No,No internet service,No internet service,No internet service,No internet service,No internet service,No internet service,Month-to-month,No,Bank transfer (automatic),0-12
1,1,1,0,1,71,106.8,7623.2,6,107.36901408450704,Male,No,No,Yes,Yes,Fiber optic,No,Yes,No,Yes,Yes,Yes,Two year,Yes,Electronic check,49-72
0,1,0,0,1,46,56.9,2560.1,4,55.654347826086955,Male,Yes,Yes,Yes,No,DSL,Yes,No,Yes,Yes,No,No,One year,No,Mailed check,25-48
0,1,1,0,1,72,92.65,6733.0,8,93.51388888888889,Female,Yes,Yes,Yes,Yes,DSL,Yes,Yes,Yes,Yes,Yes,Yes,Two year,No,Bank transfer (automatic),49-72
0,0,0,0,0,22,76.0,1783.6,2,81.07272727272726,Female,No,No,Yes,Yes,Fiber optic,No,No,No,No,No,No,One year,Yes,Credit card (automatic),13-24
0,1,0,1,0,1,55.7,55.7,3,55.7,Male,Yes,No,Yes,No,DSL,Yes,No,Yes,No,No,No,Month-to-month,No,Mailed check,0-12
0,1,1,0,1,72,116.4,8543.25,8,118.65625,Female,Yes,Yes,Yes,Yes,Fiber optic,Yes,Yes,Yes,Yes,Yes,Yes,Two year,Yes,Credit card (automatic),49-72
0,0,0,1,1,41,25.25,996.45,2,24.303658536585367,Male,No,No,Yes,Yes,No,No internet service,No internet service,No internet service,No internet service,No internet service,No internet service,Month-to-month,Yes,Bank transfer (automatic),25-48
0,1,1,0,1,53,94.85,5000.2,4,94.3433962264151,Female,Yes,No,Yes,No,Fiber optic,No,No,Yes,No,Yes,Yes,One year,Yes,Bank transfer (automatic),49-72
0,1,1,0,1,62,101.15,6638.35,5,107.07016129032259,Female,Yes,Yes,Yes,Yes,Fiber optic,Yes,No,No,No,Yes,Yes,Two year,Yes,Bank transfer (automatic),49-72
0,0,1,1,0,2,96.0,174.8,4,87.4,Female,No,No,Yes,Yes,Fiber optic,No,No,No,No,Yes,Yes,Month-to-month,Yes,Electronic check,0-12
0,1,1,0,1,69,93.3,6398.05,5,92.72536231884058,Female,Yes,Yes,Yes,Yes,Fiber optic,No,Yes,No,Yes,No,Yes,Two year,Yes,Bank transfer (automatic),49-72
0,0,0,1,0,4,45.3,196.95,1,49.2375,Female,No,No,Yes,No,DSL,No,No,No,No,No,No,Month-to-month,Yes,Mailed check,0-12
0,1,1,1,0,9,59.5,530.05,3,58.89444444444444,Female,No,No,Yes,No,DSL,No,No,No,Yes,Yes,No,Month-to-month,Yes,Bank transfer (automatic),0-12
0,1,0,0,1,63,71.5,4576.3,6,72.63968253968254,Male,No,No,Yes,Yes,DSL,Yes,Yes,Yes,Yes,No,No,One year,No,Electronic check,49-72
0,0,0,1,0,5,47.15,223.15,2,44.63,Male,No,No,Yes,Yes,DSL,No,No,No,No,No,No,Month-to-month,No,Electronic check,0-12
0,0,0,0,1,41,20.65,835.15,1,20.36951219512195,Female,No,No,Yes,No,No,No internet service,No internet service,No internet service,No internet service,No internet service,No internet service,Two year,No,Mailed check,25-48
0,0,1,1,0,5,93.9,486.85,4,97.37,Female,No,No,Yes,Yes,Fiber optic,No,No,No,No,Yes,Yes,Month-to-month,Yes,Mailed check,0-12
1,1,1,1,0,2,95.5,181.65,4,90.825,Male,Yes,No,Yes,No,Fiber optic,No,No,Yes,No,Yes,Yes,Month-to-month,Yes,Credit card (automatic),0-12
0,1,0,0,1,33,61.05,2018.4,4,61.163636363636364,Male,Yes,No,Yes,No,DSL,Yes,Yes,No,Yes,No,No,Two year,Yes,Mailed check,25-48
0,0,0,1,0,1,19.2,19.2,1,19.2,Male,No,No,Yes,No,No,No internet service,No internet service,No internet service,No internet service,No internet service,No internet service,Month-to-month,No,Mailed check,0-12
0,0,0,0,1,51,25.5,1281.25,2,25.122549019607842,Female,Yes,No,Yes,Yes,No,No internet service,No internet service,No internet service,No internet service,No internet service,No internet service,Two year,No,Mailed check,49-72
1,1,1,1,0,8,101.35,780.5,5,97.5625,Female,No,No,Yes,Yes,Fiber optic,No,No,Yes,No,Yes,Yes,Month-to-month,No,Electronic check,0-12
1,0,0,1,0,7,73.75,545.15,2,77.87857142857142,Male,No,No,Yes,Yes,Fiber optic,No,No,No,No,No,No,Month-to-month,No,Mailed check,0-12
0,1,1,1,0,5,104.1,541.9,6,108.38,Male,No,No,Yes,Yes,Fiber optic,No,Yes,Yes,No,Yes,Yes,Month-to-month,No,Mailed check,0-12
0,0,1,1,0,1,80.15,80.15,2,80.15,Female,No,No,Yes,No,Fiber optic,No,No,No,No,No,Yes,Month-to-month,No,Credit card (automatic),0-12
0,0,1,0,0,19,44.85,893.55,2,47.02894736842105,Female,No,No,No,No phone service,DSL,No,No,No,No,Yes,Yes,One year,Yes,Credit card (automatic),13-24
0,1,1,1,1,36,99.15,3615.6,5,100.43333333333334,Female,No,No,Yes,Yes,Fiber optic,No,Yes,No,No,Yes,Yes,Month-to-month,Yes,Electronic check,25-48
0,1,0,0,1,68,54.45,3674.95,3,54.04338235294117,Female,No,No,Yes,No,DSL,Yes,No,Yes,No,No,No,One year,Yes,Credit card (automatic),49-72
1,1,1,1,1,39,99.75,4036.0,5,103.48717948717949,Female,No,No,Yes,Yes,Fiber optic,No,No,Yes,No,Yes,Yes,Month-to-month,Yes,Electronic check,25-48
1,1,0,1,0,15,80.2,1217.25,3,81.15,Male,No,No,Yes,Yes,Fiber optic,No,Yes,No,No,No,No,Month-to-month,Yes,Electronic check,13-24
0,0,0,0,1,72,21.0,1493.75,1,20.74652777777778,Male,Yes,Yes,Yes,No,No,No internet service,No internet service,No internet service,No internet service,No internet service,No internet service,Two year,No,Bank transfer (automatic),49-72
0,1,0,1,0,7,34.2,256.6,2,36.65714285714286,Male,Yes,No,No,No phone service,DSL,Yes,Yes,No,No,No,No,Month-to-month,No,Mailed check,0-12
0,0,0,0,1,71,24.45,1730.65,2,24.375352112676058,Male,Yes,No,Yes,Yes,No,No internet service,No internet service,No internet service,No internet service,No internet service,No internet service,Two year,No,Bank transfer (automatic),49-72
0,1,1,1,0,14,65.45,937.6,4,66.97142857142858,Male,Yes,Yes,Yes,No,DSL,Yes,Yes,No,No,Yes,No,Month-to-month,Yes,Electronic check,13-24
0,0,0,1,0,22,20.45,471.55,1,21.43409090909091,Male,Yes,No,Yes,No,No,No internet service,No internet service,No internet service,No internet service,No internet service,No internet service,Month-to-month,Yes,Bank transfer (automatic),13-24
1,1,1,0,1,72,117.35,8436.25,8,117.17013888888889,Female,No,No,Yes,Yes,Fiber optic,Yes,Yes,Yes,Yes,Yes,Yes,Two year,Yes,Credit card (automatic),49-72
0,1,0,0,1,52,91.6,4627.8,5,88.99615384615385,Male,Yes,No,Yes,Yes,Fiber optic,Yes,No,Yes,Yes,No,No,Two year,Yes,Credit card (automatic),49-72
0,1,1,1,1,35,62.1,2096.1,3,59.888571428571424,Female,No,No,Yes,No,DSL,No,No,Yes,No,No,Yes,Month-to-month,Yes,Electronic check,25-48
0,0,0,0,1,50,20.15,930.9,1,18.618,Female,Yes,Yes,Yes,No,No,No internet service,No internet service,No internet service,No internet service,No internet service,No internet service,Two year,No,Bank transfer (automatic),49-72
0,1,1,1,1,57,99.65,5497.05,5,96.43947368421053,Female,Yes,No,Yes,Yes,Fiber optic,Yes,No,No,No,Yes,Yes,Month-to-month,Yes,Electronic check,49-72
0,1,1,0,1,67,112.35,7388.45,7,110.27537313432836,Female,Yes,Yes,Yes,Yes,Fiber optic,No,Yes,Yes,Yes,Yes,Yes,One year,Yes,Credit card (automatic),49-72
0,1,0,1,0,11,79.5,795.65,3,72.33181818181818,Male,No,No,Yes,No,Fiber optic,Yes,No,Yes,No,No,No,Month-to-month,Yes,Bank transfer (automatic),0-12
0,1,1,0,1,35,69.0,2441.7,5,69.76285714285714,Male,Yes,No,Yes,Yes,DSL,No,Yes,No,Yes,Yes,No,One year,Yes,Electronic check,25-48
1,0,0,1,0,1,73.55,73.55,2,73.55,Male,Yes,No,Yes,Yes,Fiber optic,No,No,No,No,No,No,Month-to-month,Yes,Electronic check,0-12
0,0,0,1,1,29,74.2,1993.25,2,68.73275862068965,Female,No,No,Yes,Yes,Fiber optic,No,No,No,No,No,No,Month-to-month,Yes,Electronic check,25-48
0,0,0,0,1,32,20.55,654.55,1,20.4546875,Female,No,No,Yes,No,No,No internet service,No internet service,No internet service,No internet service,No internet service,No internet service,One year,No,Bank transfer (automatic),25-48
0,1,0,1,0,20,51.8,1023.85,2,51.1925,Male,No,No,Yes,No,DSL,No,Yes,No,No,No,No,Month-to-month,Yes,Mailed check,13-24
0,0,0,1,0,22,19.05,454.05,1,20.638636363636365,Female,Yes,Yes,Yes,No,No,No internet service,No internet service,No internet service,No internet service,No internet service,No internet service,Month-to-month,No,Bank transfer (automatic),13-24
0,0,0,1,1,26,74.95,1834.95,2,70.575,Female,No,No,Yes,Yes,Fiber optic,No,No,No,No,No,No,Month-to-month,Yes,Bank transfer (automatic),25-48
0,1,1,0,0,22,56.75,1304.85,4,59.31136363636363,Male,No,No,No,No phone service,DSL,No,No,Yes,Yes,Yes,Yes,Two year,No,Bank transfer (automatic),13-24
0,0,0,0,1,70,25.15,1940.85,2,27.72642857142857,Male,Yes,No,Yes,Yes,No,No internet service,No internet service,No internet service,No internet service,No internet service,No internet service,Two year,No,Bank transfer (automatic),49-72
0,1,1,0,1,68,85.3,5560.0,7,81.76470588235294,Female,Yes,Yes,Yes,Yes,DSL,No,Yes,Yes,Yes,Yes,Yes,Two year,No,Bank transfer (automatic),49-72
0,1,1,1,0,17,90.95,1612.2,4,94.83529411764707,Male,No,No,Yes,No,Fiber optic,No,Yes,Yes,No,No,Yes,Month-to-month,Yes,Credit card (automatic),13-24
0,1,0,1,0,2,30.9,59.05,1,29.525,Female,No,No,No,No phone service,DSL,No,No,No,Yes,No,No,Month-to-month,Yes,Electronic check,0-12
0,0,0,0,1,55,19.7,1140.05,1,20.728181818181817,Female,Yes,No,Yes,No,No,No internet service,No internet service,No internet service,No internet service,No internet service,No internet service,One year,No,Electronic check,49-72
0,1,1,0,1,38,104.85,3887.25,6,102.29605263157895,Male,No,No,Yes,Yes,Fiber optic,Yes,Yes,No,No,Yes,Yes,One year,Yes,Electronic check,25-48
0,1,0,1,0,7,34.65,246.6,2,35.22857142857143,Female,Yes,Yes,No,No phone service,DSL,Yes,No,No,Yes,No,No,Month-to-month,No,Mailed check,0-12
0,1,1,1,0,5,85.75,470.95,3,94.19,Female,Yes,Yes,Yes,No,Fiber optic,No,No,No,Yes,Yes,No,Month-to-month,Yes,Electronic check,0-12
0,1,1,0,1,41,98.8,3959.15,5,96.56463414634146,Female,No,No,Yes,No,Fiber optic,No,Yes,No,Yes,Yes,Yes,Two year,Yes,Bank transfer (automatic),25-48
0,0,1,1,0,11,64.9,716.1,3,65.10000000000001,Female,No,No,Yes,No,DSL,No,No,No,No,Yes,Yes,Month-to-month,Yes,Electronic check,0-12
0,1,1,0,1,71,83.3,5894.5,7,83.02112676056338,Female,Yes,No,Yes,Yes,DSL,No,Yes,Yes,Yes,Yes,Yes,Two year,Yes,Credit card (automatic),49-72
1,1,0,1,1,31,73.55,2094.65,2,67.56935483870969,Female,No,No,Yes,No,Fiber optic,Yes,No,No,No,No,No,Month-to-month,Yes,Credit card (automatic),25-48
0,1,1,0,1,68,90.8,6302.85,8,92.68897058823529,Male,Yes,No,Yes,Yes,DSL,Yes,Yes,Yes,Yes,Yes,Yes,Two year,Yes,Credit card (automatic),49-72
0,1,1,0,1,72,98.2,7015.9,6,97.44305555555555,Female,Yes,No,Yes,Yes,Fiber optic,Yes,No,Yes,Yes,Yes,No,Two year,Yes,Bank transfer (automatic),49-72
0,1,0,0,1,24,64.35,1558.65,5,64.94375000000001,Female,Yes,Yes,Yes,Yes,DSL,Yes,Yes,Yes,No,No,No,Two year,No,Electronic check,13-24
0,1,1,1,0,11,100.75,1129.75,5,102.70454545454545,Female,No,No,Yes,Yes,Fiber optic,No,No,Yes,No,Yes,Yes,Month-to-month,Yes,Electronic check,0-12
0,1,1,1,0,2,62.15,113.1,3,56.55,Female,Yes,No,Yes,No,DSL,Yes,No,No,No,No,Yes,Month-to-month,Yes,Mailed check,0-12
0,1,1,0,1,72,108.4,7767.25,7,107.87847222222223,Male,Yes,Yes,Yes,Yes,Fiber optic,Yes,Yes,Yes,No,Yes,Yes,Two year,Yes,Credit card (automatic),49-72
0,0,0,1,0,12,19.7,220.35,1,18.3625,Female,No,No,Yes,No,No,No internet service,No internet service,No internet service,No internet service,No internet service,No internet service,Month-to-month,No,Mailed check,0-12
0,1,1,0,1,32,83.7,2633.3,7,82.290625,Male,No,Yes,Yes,Yes,DSL,No,Yes,Yes,Yes,Yes,Yes,One year,No,Credit card (automatic),25-48
1,1,0,1,0,1,73.0,73.0,2,73.0,Female,No,No,Yes,No,Fiber optic,No,Yes,No,No,No,No,Month-to-month,Yes,Electronic check,0-12
0,0,0,1,0,12,21.15,306.05,1,25.504166666666666,Male,Yes,Yes,Yes,No,No,No internet service,No internet service,No internet service,No internet service,No internet service,No internet service,Month-to-month,Yes,Electronic check,0-12
0,1,1,1,1,43,101.4,4528.0,5,105.30232558139535,Male,No,No,Yes,Yes,Fiber optic,No,Yes,No,No,Yes,Yes,Month-to-month,Yes,Electronic check,25-48
0,0,0,0,0,12,21.05,262.05,1,21.837500000000002,Male,Yes,Yes,Yes,No,No,No internet service,No internet service,No internet service,No internet service,No internet service,No internet service,Two year,No,Bank transfer (automatic),0-12
0,1,1,0,1,26,54.55,1362.85,4,52.41730769230769,Male,No,No,No,No phone service,DSL,Yes,No,No,Yes,Yes,Yes,One year,No,Credit card (automatic),25-48
0,0,0,1,0,1,70.25,70.25,1,70.25,Female,No,No,Yes,No,Fiber optic,No,No,No,No,No,No,Month-to-month,Yes,Electronic check,0-12
0,0,0,1,0,11,23.15,245.2,2,22.29090909090909,Male,No,No,Yes,Yes,No,No internet service,No internet service,No internet service,No internet service,No internet service,No internet service,Month-to-month,No,Credit card (automatic),0-12
0,1,0,1,1,28,30.1,810.85,1,28.958928571428572,Male,No,No,No,No phone service,DSL,No,No,No,Yes,No,No,Month-to-month,Yes,Credit card (automatic),25-48
1,1,1,0,1,66,80.55,5265.1,6,79.77424242424243,Female,Yes,No,Yes,Yes,DSL,No,Yes,Yes,No,Yes,Yes,Two year,Yes,Bank transfer (automatic),49-72
0,1,1,1,0,20,96.8,1826.7,5,91.33500000000001,Male,Yes,Yes,Yes,Yes,Fiber optic,No,Yes,No,Yes,Yes,No,Month-to-month,No,Mailed check,13-24
0,1,1,0,1,62,104.3,6613.65,6,106.67177419354839,Female,Yes,No,Yes,No,Fiber optic,Yes,No,Yes,Yes,Yes,Yes,One year,Yes,Electronic check,49-72
1,0,0,1,0,1,74.2,74.2,2,74.2,Female,No,No,Yes,Yes,Fiber optic,No,No,No,No,No,No,Month-to-month,Yes,Electronic check,0-12
0,1,0,1,0,21,80.35,1747.2,3,83.2,Male,No,Yes,Yes,Yes,Fiber optic,Yes,No,No,No,No,No,Month-to-month,No,Electronic check,13-24
0,0,0,1,0,1,24.45,24.45,0,24.45,Male,No,No,No,No phone service,DSL,No,No,No,No,No,No,Month-to-month,Yes,Mailed check,0-12
0,1,1,0,1,38,94.9,3616.25,5,95.16447368421052,Male,Yes,Yes,Yes,Yes,Fiber optic,No,No,Yes,Yes,Yes,No,Two year,Yes,Bank transfer (automatic),25-48
0,1,1,1,0,18,83.25,1611.15,6,89.50833333333334,Male,Yes,Yes,Yes,No,DSL,Yes,No,Yes,Yes,Yes,Yes,Month-to-month,No,Electronic check,13-24
0,0,0,0,1,60,20.5,1198.8,1,19.98,Male,Yes,No,Yes,No,No,No internet service,No internet service,No internet service,No internet service,No internet service,No internet service,Two year,Yes,Bank transfer (automatic),49-72
0,1,0,0,1,70,90.25,6385.95,5,91.22785714285715,Female,No,No,Yes,Yes,Fiber optic,No,Yes,Yes,Yes,No,No,One year,Yes,Bank transfer (automatic),49-72
0,1,1,0,1,67,69.9,4615.9,5,68.89402985074626,Female,Yes,Yes,Yes,Yes,DSL,No,No,Yes,Yes,No,Yes,Two year,Yes,Bank transfer (automatic),49-72
0,0,0,1,0,5,25.9,135.0,2,27.0,Male,Yes,Yes,Yes,Yes,No,No internet service,No internet service,No internet service,No internet service,No internet service,No internet service,Month-to-month,Yes,Bank transfer (automatic),0-12
0,1,1,0,1,66,115.8,7942.15,8,120.33560606060605,Male,Yes,No,Yes,Yes,Fiber optic,Yes,Yes,Yes,Yes,Yes,Yes,One year,No,Bank transfer (automatic),49-72
0,0,0,0,1,72,25.4,1797.1,2,24.959722222222222,Male,Yes,No,Yes,Yes,No,No internet service,No internet service,No internet service,No internet service,No internet service,No internet service,Two year,No,Mailed check,49-72
1,1,1,0,1,72,84.1,6129.65,7,85.13402777777777,Female,Yes,No,Yes,Yes,DSL,Yes,Yes,Yes,No,Yes,Yes,Two year,Yes,Credit card (automatic),49-72
0,0,0,1,0,3,20.05,75.45,1,25.150000000000002,Male,No,Yes,Yes,No,No,No internet service,No internet service,No internet service,No internet service,No internet service,No internet service,Month-to-month,Yes,Mailed check,0-12
0,0,0,0,1,48,20.05,1036.0,1,21.583333333333332,Male,Yes,No,Yes,No,No,No internet service,No internet service,No internet service,No internet service,No internet service,No internet service,Two year,Yes,Mailed check,25-48
0,0,0,1,0,7,74.9,541.15,2,77.30714285714285,Female,No,No,Yes,Yes,Fiber optic,No,No,No,No,No,No,Month-to-month,Yes,Electronic check,0-12
0,1,1,1,0,2,90.35,190.5,4,95.25,Female,Yes,No,Yes,No,Fiber optic,Yes,Yes,No,No,Yes,No,Month-to-month,No,Electronic check,0-12
0,1,1,1,1,52,103.05,5364.8,6,103.16923076923078,Male,No,No,Yes,Yes,Fiber optic,No,Yes,Yes,No,Yes,Yes,Month-to-month,Yes,Electronic check,49-72
0,0,0,0,1,38,20.2,746.05,1,19.632894736842104,Female,Yes,Yes,Yes,No,No,No internet service,No internet service,No internet service,No internet service,No internet service,No internet service,Two year,Yes,Mailed check,25-48
0,0,0,0,1,72,20.35,1354.4,1,18.811111111111114,Male,Yes,Yes,Yes,No,No,No internet service,No internet service,No internet service,No internet service,No internet service,No internet service,Two year,No,Electronic check,49-72
1,0,0,1,0,9,74.55,622.9,2,69.21111111111111,Female,No,No,Yes,Yes,Fiber optic,No,No,No,No,No,No,Month-to-month,Yes,Electronic check,0-12
0,0,0,0,1,57,19.5,1167.6,1,20.48421052631579,Female,Yes,Yes,Yes,No,No,No internet service,No internet service,No internet service,No internet service,No internet service,No internet service,Two year,No,Bank transfer (automatic),49-72
0,0,0,1,0,13,44.0,659.35,1,50.71923076923077,Male,No,Yes,Yes,No,DSL,No,No,No,No,No,No,Month-to-month,No,Mailed check,13-24
0,1,1,0,1,40,106.0,4178.65,6,104.46624999999999,Male,Yes,No,Yes,Yes,Fiber optic,No,Yes,Yes,No,Yes,Yes,One year,Yes,Bank transfer (automatic),25-48
0,0,0,0,1,39,19.85,854.8,1,21.91794871794872,Female,Yes,Yes,Yes,No,No,No internet service,No internet service,No internet service,No internet service,No internet service,No internet service,Two year,Yes,Bank transfer (automatic),25-48
1,1,1,1,1,33,110.45,3655.45,7,110.77121212121212,Female,No,No,Yes,Yes,Fiber optic,No,Yes,Yes,Yes,Yes,Yes,Month-to-month,Yes,Electronic check,25-48
0,0,0,0,1,48,24.0,1183.05,2,24.646874999999998,Female,No,No,Yes,Yes,No,No internet service,No internet service,No internet service,No internet service,No internet service,No internet service,Two year,No,Credit card (automatic),25-48
1,1,0,1,0,10,29.65,291.4,1,29.139999999999997,Female,No,No,No,No phone service,DSL,No,No,No,Yes,No,No,Month-to-month,Yes,Electronic check,0-12
0,1,0,1,0,11,76.4,838.7,2,76.24545454545455,Female,No,No,Yes,No,Fiber optic,Yes,No,No,No,No,No,Month-to-month,No,Electronic check,0-12
0,0,0,0,1,47,26.9,1250.85,2,26.613829787234042,Female,Yes,No,Yes,Yes,No,No internet service,No internet service,No internet service,No internet service,No internet service,No internet service,One year,No,Electronic check,25-48
0,0,1,1,0,1,78.95,78.95,2,78.95,Male,No,No,Yes,No,Fiber optic,No,No,No,No,Yes,No,Month-to-month,Yes,Electronic check,0-12
0,1,1,0,1,52,89.25,4652.4,8,89.46923076923076,Male,No,No,Yes,Yes,DSL,Yes,Yes,Yes,Yes,Yes,Yes,Two year,Yes,Mailed check,49-72
0,1,1,0,1,66,85.25,5538.35,7,83.91439393939395,Male,Yes,No,Yes,Yes,DSL,Yes,Yes,No,Yes,Yes,Yes,Two year,No,Electronic check,49-72
1,1,0,1,0,11,78.1,864.85,3,78.62272727272727,Female,Yes,Yes,Yes,Yes,Fiber optic,No,No,Yes,No,No,No,Month-to-month,Yes,Credit card (automatic),0-12
0,1,0,1,1,46,80.0,3769.7,3,81.95,Male,Yes,Yes,Yes,Yes,Fiber optic,No,Yes,No,No,No,No,Month-to-month,Yes,Bank transfer (automatic),25-48
0,0,1,1,1,44,96.1,4364.1,4,99.18409090909091,Female,Yes,No,Yes,Yes,Fiber optic,No,No,No,No,Yes,Yes,Month-to-month,Yes,Electronic check,25-48
1,1,1,1,1,71,105.1,7548.1,6,106.3112676056338,Male,Yes,Yes,Yes,Yes,Fiber optic,Yes,Yes,No,No,Yes,Yes,Month-to-month,Yes,Credit card (automatic),49-72
0,1,0,1,0,22,55.15,1206.05,3,54.820454545454545,Female,Yes,Yes,Yes,No,DSL,No,Yes,No,Yes,No,No,Month-to-month,No,Electronic check,13-24
0,1,1,0,0,23,77.15,1759.4,6,76.49565217391304,Female,Yes,Yes,Yes,Yes,DSL,Yes,No,Yes,Yes,Yes,No,Two year,Yes,Bank transfer (automatic),13-24
1,1,1,1,1,52,104.2,5568.35,6,107.08365384615385,Male,Yes,No,Yes,Yes,Fiber optic,Yes,No,Yes,No,Yes,Yes,Month-to-month,Yes,Electronic check,49-72
0,0,0,0,1,72,19.4,1363.25,1,18.93402777777778,Male,Yes,Yes,Yes,No,No,No internet service,No internet service,No internet service,No internet service,No internet service,No internet service,Two year,No,Credit card (automatic),49-72
0,1,0,1,1,40,84.85,3303.05,4,82.57625,Female,Yes,Yes,Yes,Yes,Fiber optic,No,No,Yes,Yes,No,No,Month-to-month,Yes,Electronic check,25-48
0,1,1,0,1,69,95.65,6744.2,4,97.74202898550725,Female,Yes,No,Yes,No,Fiber optic,No,Yes,No,No,Yes,Yes,One year,Yes,Credit card (automatic),49-72
1,1,1,1,1,29,98.65,2862.75,5,98.71551724137932,Female,No,No,Yes,Yes,Fiber optic,No,No,No,Yes,Yes,Yes,Month-to-month,No,Electronic check,25-48
1,1,1,0,1,72,113.8,7845.8,8,108.96944444444445,Male,No,No,Yes,Yes,Fiber optic,Yes,Yes,Yes,Yes,Yes,Yes,Two year,No,Bank transfer (automatic),49-72
1,1,1,1,1,43,94.5,4156.8,5,96.66976744186047,Female,Yes,No,Yes,Yes,Fiber optic,Yes,Yes,No,No,Yes,No,Month-to-month,Yes,Electronic check,25-48
0,0,0,0,1,67,26.3,1688.9,2,25.207462686567165,Male,Yes,Yes,Yes,Yes,No,No internet service,No internet service,No internet service,No internet service,No internet service,No internet service,Two year,No,Mailed check,49-72
0,0,0,0,1,55,21.0,1210.3,1,22.005454545454544,Female,Yes,Yes,Yes,No,No,No internet service,No internet service,No internet service,No internet service,No internet service,No internet service,Two year,No,Mailed check,49-72
0,0,0,0,1,71,24.5,1816.2,2,25.580281690140847,Male,Yes,No,Yes,Yes,No,No internet service,No internet service,No internet service,No internet service,No internet service,No internet service,Two year,Yes,Electronic check,49-72
0,0,0,1,1,25,20.05,471.7,1,18.868,Female,No,Yes,Yes,No,No,No internet service,No internet service,No internet service,No internet service,No internet service,No internet service,Month-to-month,No,Credit card (automatic),25-48
0,0,0,1,0,1,20.95,20.95,1,20.95,Female,No,No,Yes,No,No,No internet service,No internet service,No internet service,No internet service,No internet service,No internet service,Month-to-month,No,Mailed check,0-12
0,1,1,0,1,72,109.2,7878.3,7,109.42083333333333,Male,No,No,Yes,Yes,Fiber optic,No,Yes,Yes,Yes,Yes,Yes,Two year,No,Bank transfer (automatic),49-72
0,1,1,0,1,52,75.4,3865.45,5,74.33557692307691,Male,Yes,No,Yes,No,DSL,Yes,Yes,No,No,Yes,Yes,One year,Yes,Mailed check,49-72
0,0,0,0,0,22,19.25,412.55,1,18.75227272727273,Female,No,No,Yes,No,No,No internet service,No internet service,No internet service,No internet service,No internet service,No internet service,One year,Yes,Mailed check,13-24
0,1,1,0,1,68,76.75,5233.25,6,76.9595588235294,Male,No,No,Yes,Yes,DSL,Yes,Yes,Yes,No,No,Yes,One year,No,Credit card (automatic),49-72
0,0,0,1,0,10,70.1,659.65,1,65.965,Male,Yes,No,Yes,No,Fiber optic,No,No,No,No,No,No,Month-to-month,Yes,Electronic check,0-12
0,1,1,1,0,10,100.25,1064.65,5,106.465,Female,Yes,Yes,Yes,Yes,Fiber optic,Yes,No,No,No,Yes,Yes,Month-to-month,Yes,Electronic check,0-12
0,1,1,0,1,55,103.7,5656.75,6,102.85,Female,Yes,Yes,Yes,No,Fiber optic,No,Yes,Yes,Yes,Yes,Yes,One year,Yes,Bank transfer (automatic),49-72
0,0,0,0,1,56,24.9,1334.0,2,23.821428571428573,Male,No,No,Yes,Yes,No,No internet service,No internet service,No internet service,No internet service,No internet service,No internet service,One year,No,Electronic check,49-72
1,1,1,1,1,46,110.2,4972.1,7,108.08913043478262,Female,Yes,Yes,Yes,Yes,Fiber optic,Yes,Yes,No,Yes,Yes,Yes,Month-to-month,Yes,Electronic check,25-48
0,1,1,1,0,1,84.6,84.6,3,84.6,Male,No,No,Yes,No,Fiber optic,Yes,No,No,No,No,Yes,Month-to-month,Yes,Mailed check,0-12
0,0,0,1,1,43,75.35,3161.4,2,73.52093023255814,Male,No,No,Yes,Yes,Fiber optic,No,No,No,No,No,No,Month-to-month,Yes,Credit card (automatic),25-48
1,1,1,1,1,39,105.65,4284.8,6,109.86666666666667,Male,Yes,No,Yes,Yes,Fiber optic,No,Yes,Yes,No,Yes,Yes,Month-to-month,Yes,Electronic check,25-48
0,1,1,0,1,50,44.45,2188.45,3,43.769,Male,Yes,No,No,No phone service,DSL,Yes,No,No,Yes,Yes,No,One year,Yes,Bank transfer (automatic),49-72
0,0,0,1,0,6,19.7,129.55,1,21.59166666666667,Female,No,No,Yes,No,No,No internet service,No internet service,No internet service,No internet service,No internet service,No internet service,Month-to-month,No,Credit card (automatic),0-12
0,0,0,0,1,45,24.45,1088.25,2,24.183333333333334,Male,Yes,Yes,Yes,Yes,No,No internet service,No internet service,No internet service,No internet service,No internet service,No internet service,Two year,No,Mailed check,25-48
0,1,1,1,0,22,50.6,1073.3,3,48.78636363636363,Female,No,No,No,No phone service,DSL,No,No,Yes,No,Yes,Yes,Month-to-month,Yes,Electronic check,13-24
0,0,0,0,1,72,25.1,1857.85,2,25.803472222222222,Female,Yes,Yes,Yes,Yes,No,No internet service,No internet service,No internet service,No internet service,No internet service,No internet service,Two year,No,Bank transfer (automatic),49-72
0,1,1,1,0,7,100.4,715.0,5,102.14285714285714,Female,No,No,Yes,No,Fiber optic,No,No,Yes,Yes,Yes,Yes,Month-to-month,Yes,Electronic check,0-12
0,0,0,1,0,1,19.75,19.75,1,19.75,Male,No,No,Yes,No,No,No internet service,No internet service,No internet service,No internet service,No internet service,No internet service,Month-to-month,Yes,Mailed check,0-12
0,1,1,0,1,72,116.45,8013.55,8,111.29930555555556,Female,No,No,Yes,Yes,Fiber optic,Yes,Yes,Yes,Yes,Yes,Yes,Two year,Yes,Bank transfer (automatic),49-72
1,1,1,1,0,10,92.5,934.1,5,93.41,Male,Yes,No,Yes,No,Fiber optic,No,Yes,Yes,Yes,Yes,No,Month-to-month,Yes,Mailed check,0-12
1,1,1,1,0,1,40.2,40.2,2,40.2,Male,Yes,No,No,No phone service,DSL,No,Yes,No,No,Yes,No,Month-to-month,No,Electronic check,0-12
0,1,1,0,1,48,69.55,3435.6,5,71.575,Female,Yes,No,Yes,Yes,DSL,No,No,Yes,Yes,No,Yes,One year,Yes,Mailed check,25-48
0,0,0,0,1,26,19.6,471.85,1,18.148076923076925,Male,No,No,Yes,No,No,No internet service,No internet service,No internet service,No internet service,No internet service,No internet service,One year,Yes,Bank transfer (automatic),25-48
0,1,0,0,1,68,90.2,6297.65,5,92.6125,Female,Yes,No,Yes,Yes,Fiber optic,No,Yes,Yes,Yes,No,No,Two year,No,Credit card (automatic),49-72
0,1,1,0,1,50,75.7,3876.2,5,77.524,Female,Yes,No,Yes,Yes,DSL,No,No,Yes,No,Yes,Yes,One year,No,Bank transfer (automatic),49-72
0,1,1,0,1,72,115.55,8312.4,8,115.44999999999999,Female,Yes,No,Yes,Yes,Fiber optic,Yes,Yes,Yes,Yes,Yes,Yes,Two year,Yes,Credit card (automatic),49-72
1,0,0,0,0,17,20.65,330.6,1,19.447058823529414,Female,No,No,Yes,No,No,No internet service,No internet service,No internet service,No internet service,No internet service,No internet service,One year,No,Mailed check,13-24
1,1,1,0,1,66,107.35,7051.95,7,106.84772727272727,Male,Yes,No,Yes,Yes,Fiber optic,No,Yes,Yes,Yes,Yes,Yes,One year,Yes,Bank transfer (automatic),49-72
0,1,0,1,0,17,90.2,1454.15,5,85.53823529411765,Male,Yes,No,Yes,Yes,Fiber optic,Yes,Yes,Yes,No,No,No,Month-to-month,No,Credit card (automatic),13-24
0,1,1,0,0,20,64.15,1274.45,4,63.722500000000004,Male,Yes,No,Yes,No,DSL,Yes,No,No,Yes,No,Yes,One year,Yes,Mailed check,13-24
1,1,1,1,1,28,103.3,2890.65,6,103.2375,Female,No,No,Yes,Yes,Fiber optic,No,No,Yes,Yes,Yes,Yes,Month-to-month,Yes,Electronic check,25-48
0,1,0,1,1,45,50.9,2298.55,2,51.07888888888889,Male,No,No,Yes,No,DSL,Yes,No,No,No,No,No,Month-to-month,Yes,Bank transfer (automatic),25-48
0,1,0,1,1,42,54.5,2301.15,3,54.78928571428572,Male,Yes,Yes,Yes,No,DSL,Yes,Yes,No,No,No,No,Month-to-month,No,Mailed check,25-48
0,0,0,1,0,1,45.3,45.3,1,45.3,Female,No,No,Yes,No,DSL,No,No,No,No,No,No,Month-to-month,Yes,Electronic check,0-12
0,0,0,1,1,24,75.4,1747.85,2,72.82708333333333,Female,Yes,No,Yes,Yes,Fiber optic,No,No,No,No,No,No,Month-to-month,Yes,Credit card (automatic),13-24
0,0,0,0,0,8,43.45,345.5,1,43.1875,Male,Yes,Yes,Yes,No,DSL,No,No,No,No,No,No,One year,Yes,Mailed check,0-12
0,1,0,0,0,12,33.15,444.75,2,37.0625,Female,Yes,Yes,No,No phone service,DSL,Yes,No,No,Yes,No,No,One year,No,Credit card (automatic),0-12
0,0,0,1,0,9,19.7,180.7,1,20.077777777777776,Male,No,No,Yes,No,No,No internet service,No internet service,No internet service,No internet service,No internet service,No internet service,Month-to-month,No,Credit card (automatic),0-12
0,1,0,1,1,43,80.45,3398.9,3,79.04418604651163,Female,Yes,No,Yes,Yes,Fiber optic,No,Yes,No,No,No,No,Month-to-month,No,Electronic check,25-48
0,0,0,0,1,52,20.4,1090.65,1,20.974038461538463,Female,Yes,Yes,Yes,No,No,No internet service,No internet service,No internet service,No internet service,No internet service,No internet service,One year,Yes,Electronic check,49-72
0,1,0,1,1,32,75.5,2324.7,2,72.646875,Female,Yes,No,Yes,No,Fiber optic,Yes,No,No,No,No,No,Month-to-month,Yes,Bank transfer (automatic),25-48
1,0,0,1,0,1,69.1,69.1,1,69.1,Male,No,No,Yes,No,Fiber optic,No,No,No,No,No,No,Month-to-month,No,Electronic check,0-12
0,1,1,0,1,72,117.6,8308.9,8,115.40138888888889,Female,Yes,Yes,Yes,Yes,Fiber optic,Yes,Yes,Yes,Yes,Yes,Yes,Two year,Yes,Bank transfer (automatic),49-72
0,1,1,1,0,6,85.35,489.45,3,81.575,Male,No,No,Yes,No,Fiber optic,No,Yes,No,No,Yes,No,Month-to-month,Yes,Electronic check,0-12
0,1,1,0,1,62,48.7,3008.55,4,48.525000000000006,Female,Yes,Yes,No,No phone service,DSL,Yes,Yes,No,Yes,Yes,No,Two year,No,Bank transfer (automatic),49-72
0,0,0,0,0,20,19.35,433.75,1,21.6875,Female,No,No,Yes,No,No,No internet service,No internet service,No internet service,No internet service,No internet service,No internet service,One year,Yes,Credit card (automatic),13-24
0,1,1,1,1,34,90.05,3097.0,4,91.08823529411765,Male,Yes,Yes,Yes,Yes,Fiber optic,No,No,Yes,No,No,Yes,Month-to-month,Yes,Credit card (automatic),25-48
0,0,0,1,0,20,70.45,1470.95,1,73.5475,Male,Yes,Yes,Yes,No,Fiber optic,No,No,No,No,No,No,Month-to-month,Yes,Electronic check,13-24
0,1,1,1,1,51,49.65,2553.35,3,50.0656862745098,Female,Yes,No,No,No phone service,DSL,No,Yes,No,No,Yes,Yes,Month-to-month,Yes,Electronic check,49-72
0,0,0,0,1,72,20.25,1566.9,1,21.762500000000003,Female,No,No,Yes,No,No,No internet service,No internet service,No internet service,No internet service,No internet service,No internet service,Two year,No,Credit card (automatic),49-72
0,1,0,1,0,7,78.55,522.95,3,74.70714285714287,Female,No,No,Yes,Yes,Fiber optic,No,Yes,No,No,No,No,Month-to-month,Yes,Bank transfer (automatic),0-12
0,0,0,1,0,1,20.2,20.2,1,20.2,Male,No,No,Yes,No,No,No internet service,No internet service,No internet service,No internet service,No internet service,No internet service,Month-to-month,No,Mailed check,0-12
0,1,0,1,0,8,54.65,482.25,3,60.28125,Female,Yes,Yes,Yes,No,DSL,Yes,Yes,No,No,No,No,Month-to-month,No,Mailed check,0-12
0,1,0,1,0,3,49.15,169.05,2,56.35,Male,No,No,Yes,No,DSL,No,No,Yes,No,No,No,Month-to-month,Yes,Electronic check,0-12
0,1,0,1,1,31,80.45,2429.1,3,78.35806451612903,Male,No,No,Yes,Yes,Fiber optic,No,Yes,No,No,No,No,Month-to-month,Yes,Electronic check,25-48
0,0,0,1,0,9,74.75,706.6,2,78.51111111111112,Female,No,No,Yes,Yes,Fiber optic,No,No,No,No,No,No,Month-to-month,Yes,Electronic check,0-12
1,1,1,1,0,18,84.95,1443.65,3,80.20277777777778,Female,No,No,Yes,No,Fiber optic,No,No,Yes,No,No,Yes,Month-to-month,Yes,Electronic check,13-24
0,1,1,1,1,52,85.35,4338.6,3,83.4346153846154,Male,No,No,Yes,No,Fiber optic,No,Yes,No,No,No,Yes,Month-to-month,Yes,Electronic check,49-72
1,0,0,0,0,9,19.85,183.15,1,20.35,Male,Yes,No,Yes,No,No,No internet service,No internet service,No internet service,No internet service,No internet service,No internet service,One year,No,Credit card (automatic),0-12
0,0,0,0,1,69,19.3,1447.9,1,20.984057971014494,Male,No,No,Yes,No,No,No internet service,No internet service,No internet service,No internet service,No internet service,No internet service,Two year,Yes,Bank transfer (automatic),49-72
0,1,0,1,0,1,50.15,50.15,2,50.15,Female,No,No,Yes,No,DSL,Yes,No,No,No,No,No,Month-to-month,No,Electronic check,0-12
0,0,0,0,1,33,24.5,740.3,2,22.433333333333334,Female,Yes,Yes,Yes,Yes,No,No internet service,No internet service,No internet service,No internet service,No internet service,No internet service,Two year,Yes,Mailed check,25-48
0,0,0,1,0,16,20.6,330.25,1,20.640625,Male,No,No,Yes,No,No,No internet service,No internet service,No internet service,No internet service,No internet service,No internet service,Month-to-month,Yes,Credit card (automatic),13-24
0,1,0,1,1,65,55.15,3673.15,3,56.51,Female,Yes,No,Yes,No,DSL,Yes,No,Yes,No,No,No,Month-to-month,Yes,Mailed check,49-72
0,0,0,0,0,2,20.2,34.75,1,17.375,Male,Yes,Yes,Yes,No,No,No internet service,No internet service,No internet service,No internet service,No internet service,No internet service,One year,No,Mailed check,0-12
1,1,1,1,0,13,96.85,1235.55,4,95.04230769230769,Female,No,No,Yes,No,Fiber optic,No,No,Yes,No,Yes,Yes,Month-to-month,Yes,Electronic check,13-24
0,1,1,0,1,69,105.35,7240.65,6,104.93695652173912,Female,Yes,No,Yes,Yes,Fiber optic,No,No,Yes,Yes,Yes,Yes,Two year,No,Bank transfer (automatic),49-72
0,1,0,1,0,9,79.9,741.7,3,82.41111111111111,Male,Yes,No,Yes,No,Fiber optic,No,Yes,Yes,No,No,No,Month-to-month,Yes,Electronic check,0-12
0,1,1,0,1,37,72.1,2658.4,5,71.84864864864865,Female,Yes,No,Yes,Yes,DSL,No,Yes,No,Yes,No,Yes,One year,No,Mailed check,25-48
0,1,0,1,1,37,55.05,2030.75,3,54.88513513513514,Male,Yes,No,Yes,Yes,DSL,Yes,No,No,No,No,No,Month-to-month,Yes,Mailed check,25-48
0,1,0,0,1,54,79.95,4362.05,3,80.77870370370371,Male,Yes,Yes,Yes,No,Fiber optic,No,Yes,No,Yes,No,No,Two year,Yes,Bank transfer (automatic),49-72
0,0,0,1,1,35,50.15,1655.35,2,47.29571428571428,Female,No,Yes,Yes,Yes,DSL,No,No,No,No,No,No,Month-to-month,No,Mailed check,25-48
0,0,0,1,0,8,19.65,169.75,1,21.21875,Male,Yes,Yes,Yes,No,No,No internet service,No internet service,No internet service,No internet service,No internet service,No internet service,Month-to-month,No,Credit card (automatic),0-12
0,0,0,0,1,54,20.5,1035.7,1,19.17962962962963,Female,No,No,Yes,No,No,No internet service,No internet service,No internet service,No internet service,No internet service,No internet service,Two year,Yes,Mailed check,49-72
1,0,0,1,0,16,74.45,1261.35,2,78.834375,Male,No,No,Yes,Yes,Fiber optic,No,No,No,No,No,No,Month-to-month,Yes,Bank transfer (automatic),13-24
0,1,1,0,0,11,64.9,697.25,4,63.38636363636363,Female,No,No,Yes,No,DSL,No,No,Yes,Yes,No,Yes,One year,No,Credit card (automatic),0-12
0,1,0,0,1,34,30.4,938.65,1,27.60735294117647,Male,Yes,Yes,No,No phone service,DSL,Yes,No,No,No,No,No,One year,No,Bank transfer (automatic),25-48
0,0,0,1,0,9,44.95,431.0,1,47.888888888888886,Male,No,No,Yes,No,DSL,No,No,No,No,No,No,Month-to-month,No,Mailed check,0-12
0,0,0,0,1,72,25.0,1849.2,2,25.683333333333334,Female,Yes,No,Yes,Yes,No,No internet service,No internet service,No internet service,No internet service,No internet service,No internet service,Two year,No,Credit card (automatic),49-72
0,1,0,1,0,17,51.5,900.5,2,52.970588235294116,Male,No,No,Yes,No,DSL,No,No,No,Yes,No,No,Month-to-month,No,Mailed check,13-24
0,0,0,1,0,2,44.9,111.05,1,55.525,Male,No,No,Yes,No,DSL,No,No,No,No,No,No,Month-to-month,No,Bank transfer (automatic),0-12
0,1,1,1,1,41,89.2,3645.75,4,88.92073170731707,Male,No,No,Yes,Yes,Fiber optic,No,Yes,No,No,Yes,No,Month-to-month,Yes,Electronic check,25-48
0,0,1,1,1,37,64.75,2345.2,3,63.38378378378378,Female,No,No,Yes,No,DSL,No,No,No,No,Yes,Yes,Month-to-month,Yes,Electronic check,25-48
1,1,1,0,1,49,89.85,4287.2,4,87.4938775510204,Female,No,No,Yes,No,Fiber optic,No,Yes,Yes,No,No,Yes,One year,Yes,Bank transfer (automatic),49-72
0,1,1,0,1,53,74.1,3833.95,6,72.33867924528302,Female,Yes,No,Yes,Yes,DSL,Yes,Yes,Yes,No,No,Yes,One year,No,Bank transfer (automatic),49-72
0,1,0,1,0,2,29.05,44.75,1,22.375,Female,Yes,Yes,No,No phone service,DSL,No,No,No,Yes,No,No,Month-to-month,No,Bank transfer (automatic),0-12
1,1,0,1,1,54,79.5,4370.25,3,80.93055555555556,Female,No,No,Yes,Yes,Fiber optic,No,Yes,No,No,No,No,Month-to-month,Yes,Electronic check,49-72
0,1,0,1,0,1,49.9,49.9,2,49.9,Female,No,Yes,Yes,No,DSL,Yes,No,No,No,No,No,Month-to-month,No,Mailed check,0-12
0,0,0,0,1,27,20.05,552.9,1,20.477777777777778,Male,No,Yes,Yes,No,No,No internet service,No internet service,No internet service,No internet service,No internet service,No internet service,One year,No,Credit card (automatic),25-48
0,0,0,1,0,12,20.4,266.6,1,22.21666666666667,Female,No,No,Yes,No,No,No internet service,No internet service,No internet service,No internet service,No internet service,No internet service,Month-to-month,No,Mailed check,0-12
1,0,0,1,0,11,70.2,834.7,1,75.88181818181819,Male,Yes,No,Yes,No,Fiber optic,No,No,No,No,No,No,Month-to-month,Yes,Electronic check,0-12
0,1,0,0,1,25,35.05,844.45,2,33.778,Female,No,Yes,No,No phone service,DSL,Yes,No,No,Yes,No,No,Two year,No,Bank transfer (automatic),25-48
0,0,0,0,0,3,19.45,69.25,1,23.083333333333332,Male,No,No,Yes,No,No,No internet service,No internet service,No internet service,No internet service,No internet service,No internet service,One year,Yes,Mailed check,0-12
0,0,1,1,0,2,80.2,181.1,2,90.55,Male,No,No,Yes,No,Fiber optic,No,No,No,No,No,Yes,Month-to-month,Yes,Electronic check,0-12
0,0,0,0,0,13,19.55,265.3,1,20.407692307692308,Female,Yes,Yes,Yes,No,No,No internet service,No internet service,No internet service,No internet service,No internet service,No internet service,Two year,No,Mailed check,13-24
1,1,1,1,1,25,98.5,2514.5,5,100.58,Female,Yes,No,Yes,No,Fiber optic,No,Yes,Yes,No,Yes,Yes,Month-to-month,Yes,Electronic check,25-48
0,1,0,1,0,10,80.7,788.8,3,78.88,Male,No,No,Yes,Yes,Fiber optic,No,Yes,No,No,No,No,Month-to-month,Yes,Bank transfer (automatic),0-12
0,1,1,0,1,67,109.9,7332.4,7,109.43880597014925,Male,Yes,No,Yes,Yes,Fiber optic,Yes,Yes,Yes,No,Yes,Yes,One year,No,Credit card (automatic),49-72
0,1,1,0,1,72,90.95,6652.45,8,92.39513888888888,Female,Yes,Yes,Yes,Yes,DSL,Yes,Yes,Yes,Yes,Yes,Yes,Two year,No,Credit card (automatic),49-72
0,0,0,1,0,9,20.15,238.15,1,26.461111111111112,Female,No,No,Yes,No,No,No internet service,No internet service,No internet service,No internet service,No internet service,No internet service,Month-to-month,No,Bank transfer (automatic),0-12
1,1,1,1,1,50,70.35,3454.6,5,69.092,Male,No,No,Yes,Yes,DSL,Yes,Yes,No,No,Yes,No,Month-to-month,Yes,Bank transfer (automatic),49-72
0,1,1,1,0,16,100.0,1534.75,5,95.921875,Female,Yes,No,Yes,Yes,Fiber optic,No,Yes,No,No,Yes,Yes,Month-to-month,Yes,Electronic check,13-24
0,1,1,0,0,12,85.15,979.05,3,81.58749999999999,Female,No,No,Yes,No,Fiber optic,Yes,No,No,No,Yes,No,One year,Yes,Credit card (automatic),0-12
0,0,0,1,0,9,75.2,633.85,2,70.42777777777778,Female,No,No,Yes,Yes,Fiber optic,No,No,No,No,No,No,Month-to-month,Yes,Credit card (automatic),0-12
0,0,0,0,1,35,19.25,677.9,1,19.36857142857143,Male,No,No,Yes,No,No,No internet service,No internet service,No internet service,No internet service,No internet service,No internet service,Two year,No,Mailed check,25-48
0,1,1,0,0,20,76.0,1588.75,5,79.4375,Female,Yes,Yes,Yes,Yes,DSL,Yes,No,No,No,Yes,Yes,One year,No,Bank transfer (automatic),13-24
0,1,1,1,0,13,54.45,706.85,4,54.37307692307692,Male,Yes,No,No,No phone service,DSL,Yes,No,No,Yes,Yes,Yes,Month-to-month,Yes,Electronic check,13-24
0,1,1,1,0,9,103.1,970.45,5,107.82777777777778,Male,Yes,Yes,Yes,No,Fiber optic,No,No,Yes,Yes,Yes,Yes,Month-to-month,No,Electronic check,0-12
0,0,0,0,1,65,19.9,1292.6,1,19.886153846153846,Male,Yes,Yes,Yes,No,No,No internet service,No internet service,No internet service,No internet service,No internet service,No internet service,Two year,No,Mailed check,49-72
0,0,0,0,1,41,24.85,962.25,2,23.46951219512195,Female,No,No,Yes,Yes,No,No internet service,No internet service,No internet service,No internet service,No internet service,No internet service,One year,Yes,Mailed check,25-48
0,1,1,1,1,58,102.1,5885.4,6,101.47241379310344,Female,Yes,No,Yes,Yes,Fiber optic,No,No,Yes,Yes,Yes,Yes,Month-to-month,Yes,Credit card (automatic),49-72
0,1,1,1,0,12,74.75,827.05,5,68.92083333333333,Male,No,No,Yes,Yes,DSL,No,No,Yes,No,Yes,Yes,Month-to-month,No,Bank transfer (automatic),0-12
0,0,0,1,0,21,44.95,926.25,1,44.107142857142854,Female,Yes,Yes,Yes,No,DSL,No,No,No,No,No,No,Month-to-month,Yes,Electronic check,13-24
0,1,0,1,0,1,80.2,80.2,3,80.2,Female,No,No,Yes,Yes,Fiber optic,No,Yes,No,No,No,No,Month-to-month,Yes,Mailed check,0-12
0,0,0,1,0,1,20.05,20.05,1,20.05,Male,No,No,Yes,No,No,No internet service,No internet service,No internet service,No internet service,No internet service,No internet service,Month-to-month,Yes,Mailed check,0-12
0,0,0,0,0,13,20.0,268.45,1,20.65,Male,No,No,Yes,No,No,No internet service,No internet service,No internet service,No internet service,No internet service,No internet service,Two year,No,Credit card (automatic),13-24
0,0,0,1,0,1,44.05,44.05,1,44.05,Male,No,No,Yes,No,DSL,No,No,No,No,No,No,Month-to-month,Yes,Bank transfer (automatic),0-12
0,1,1,1,0,11,65.15,723.35,4,65.75909090909092,Male,Yes,Yes,Yes,Yes,DSL,Yes,No,No,No,Yes,No,Month-to-month,Yes,Bank transfer (automatic),0-12
0,1,1,0,1,66,103.15,7031.3,6,106.53484848484848,Male,Yes,Yes,Yes,No,Fiber optic,Yes,Yes,Yes,No,Yes,Yes,One year,Yes,Bank transfer (automatic),49-72
0,1,1,0,1,58,110.65,6526.65,7,112.52844827586206,Female,Yes,No,Yes,Yes,Fiber optic,Yes,Yes,Yes,No,Yes,Yes,One year,Yes,Credit card (automatic),49-72
0,0,1,1,0,1,90.85,90.85,3,90.85,Male,No,Yes,Yes,No,Fiber optic,No,No,No,No,Yes,Yes,Month-to-month,Yes,Electronic check,0-12
0,0,0,0,1,31,21.0,697.7,1,22.506451612903227,Female,Yes,Yes,Yes,No,No,No internet service,No internet service,No internet service,No internet service,No internet service,No internet service,Two year,No,Mailed check,25-48
0,0,0,1,0,1,19.9,19.9,1,19.9,Female,No,No,Yes,No,No,No internet service,No internet service,No internet service,No internet service,No internet service,No internet service,Month-to-month,No,Mailed check,0-12
0,0,0,1,0,15,20.05,284.3,1,18.953333333333333,Female,Yes,Yes,Yes,No,No,No internet service,No internet service,No internet service,No internet service,No internet service,No internet service,Month-to-month,No,Mailed check,13-24
0,1,0,1,0,6,48.8,297.35,2,49.55833333333334,Female,Yes,Yes,Yes,No,DSL,No,No,No,Yes,No,No,Month-to-month,Yes,Mailed check,0-12
0,0,0,0,1,63,25.25,1559.3,2,24.75079365079365,Male,No,No,Yes,Yes,No,No internet service,No internet service,No internet service,No internet service,No internet service,No internet service,Two year,No,Mailed check,49-72
1,1,1,0,1,71,69.2,4982.5,5,70.17605633802818,Female,Yes,Yes,Yes,Yes,DSL,Yes,Yes,No,No,Yes,No,One year,No,Electronic check,49-72
0,0,0,1,0,1,45.05,45.05,1,45.05,Male,No,No,Yes,No,DSL,No,No,No,No,No,No,Month-to-month,Yes,Mailed check,0-12
0,0,0,1,0,17,70.4,1214.05,1,71.41470588235293,Male,Yes,No,Yes,No,Fiber optic,No,No,No,No,No,No,Month-to-month,Yes,Bank transfer (automatic),13-24
0,0,0,1,0,3,45.45,141.7,1,47.23333333333333,Male,No,No,Yes,No,DSL,No,No,No,No,No,No,Month-to-month,No,Mailed check,0-12
0,0,0,1,0,1,20.25,20.25,1,20.25,Male,No,No,Yes,No,No,No internet service,No internet service,No internet service,No internet service,No internet service,No internet service,Month-to-month,Yes,Mailed check,0-12
0,0,0,0,1,62,24.4,1413.0,2,22.79032258064516,Male,No,Yes,Yes,Yes,No,No internet service,No internet service,No internet service,No internet service,No internet service,No internet service,Two year,Yes,Mailed check,49-72
0,1,1,0,1,53,99.5,5424.25,6,102.34433962264151,Female,No,No,Yes,No,Fiber optic,Yes,Yes,Yes,Yes,No,Yes,Two year,No,Mailed check,49-72
0,1,0,1,0,16,73.25,1195.75,2,74.734375,Female,Yes,Yes,Yes,No,Fiber optic,No,Yes,No,No,No,No,Month-to-month,No,Bank transfer (automatic),13-24
1,1,1,0,1,72,64.95,4546.0,6,63.138888888888886,Male,Yes,No,No,No phone service,DSL,Yes,Yes,Yes,Yes,Yes,Yes,Two year,Yes,Credit card (automatic),49-72
0,1,0,1,0,10,36.25,374.0,2,37.4,Female,No,No,No,No phone service,DSL,No,Yes,No,Yes,No,No,Month-to-month,No,Electronic check,0-12
0,0,0,0,0,19,20.2,387.4,1,20.389473684210525,Male,Yes,Yes,Yes,No,No,No internet service,No internet service,No internet service,No internet service,No internet service,No internet service,Two year,No,Mailed check,13-24
0,0,0,0,1,35,19.85,739.35,1,21.124285714285715,Female,Yes,Yes,Yes,No,No,No internet service,No internet service,No internet service,No internet service,No internet service,No internet service,Two year,Yes,Mailed check,25-48
1,0,1,1,0,13,95.05,1290.0,4,99.23076923076923,Female,No,No,Yes,Yes,Fiber optic,No,No,No,No,Yes,Yes,Month-to-month,Yes,Electronic check,13-24
1,0,0,1,0,2,24.35,41.85,0,20.925,Female,No,No,No,No phone service,DSL,No,No,No,No,No,No,Month-to-month,No,Electronic check,0-12
1,1,1,1,0,15,89.0,1288.3,4,85.88666666666667,Female,No,No,Yes,Yes,Fiber optic,No,Yes,No,No,Yes,No,Month-to-month,No,Credit card (automatic),13-24
0,0,0,1,0,10,20.55,252.75,1,25.275,Female,Yes,No,Yes,No,No,No internet service,No internet service,No internet service,No internet service,No internet service,No internet service,Month-to-month,Yes,Mailed check,0-12
0,0,0,1,0,12,45.9,505.95,1,42.1625,Female,Yes,No,Yes,No,DSL,No,No,No,No,No,No,Month-to-month,No,Bank transfer (automatic),0-12
1,1,1,0,1,31,90.7,2835.5,4,91.46774193548387,Female,Yes,No,Yes,Yes,Fiber optic,No,No,Yes,No,Yes,No,One year,Yes,Electronic check,25-48
1,1,1,0,1,44,88.4,3912.9,4,88.92954545454546,Male,Yes,No,Yes,Yes,Fiber optic,No,Yes,No,No,No,Yes,One year,No,Mailed check,25-48
0,0,1,1,0,18,85.2,1553.9,3,86.32777777777778,Female,No,No,Yes,Yes,Fiber optic,No,No,No,No,Yes,No,Month-to-month,Yes,Electronic check,13-24
0,1,1,0,1,43,75.2,3254.35,5,75.68255813953488,Female,Yes,Yes,Yes,No,DSL,Yes,No,Yes,No,Yes,Yes,Two year,No,Bank transfer (automatic),25-48
0,1,1,1,0,15,101.25,1457.25,5,97.15,Female,No,No,Yes,No,Fiber optic,No,Yes,Yes,No,Yes,Yes,Month-to-month,Yes,Electronic check,13-24
0,1,0,1,0,15,75.35,1114.55,2,74.30333333333333,Female,Yes,No,Yes,No,Fiber optic,No,Yes,No,No,No,No,Month-to-month,No,Bank transfer (automatic),13-24
1,0,0,1,0,1,24.8,24.8,0,24.8,Female,Yes,No,No,No phone service,DSL,No,No,No,No,No,No,Month-to-month,Yes,Electronic check,0-12
0,0,0,0,1,45,25.9,1216.6,2,27.035555555555554,Female,Yes,Yes,Yes,Yes,No,No internet service,No internet service,No internet service,No internet service,No internet service,No internet service,One year,Yes,Credit card (automatic),25-48
0,0,0,0,1,47,19.65,973.1,1,20.70425531914894,Male,Yes,No,Yes,No,No,No internet service,No internet service,No internet service,No internet service,No internet service,No internet service,Two year,No,Mailed check,25-48
0,1,0,0,1,29,58.75,1696.2,4,58.4896551724138,Male,No,No,Yes,No,DSL,Yes,Yes,No,Yes,No,No,One year,Yes,Electronic check,25-48
0,1,1,0,1,48,79.65,3870.3,6,80.63125000000001,Female,Yes,Yes,Yes,Yes,DSL,No,Yes,No,Yes,Yes,Yes,Two year,No,Electronic check,25-48
0,0,0,0,0,8,20.0,141.6,1,17.7,Female,No,No,Yes,No,No,No internet service,No internet service,No internet service,No internet service,No internet service,No internet service,Two year,No,Mailed check,0-12
0,1,1,1,1,62,105.5,6487.2,6,104.63225806451612,Male,Yes,Yes,Yes,Yes,Fiber optic,Yes,Yes,No,No,Yes,Yes,Month-to-month,Yes,Electronic check,49-72
0,0,0,0,1,66,25.3,1673.8,2,25.36060606060606,Male,No,Yes,Yes,Yes,No,No internet service,No internet service,No internet service,No internet service,No internet service,No internet service,Two year,Yes,Credit card (automatic),49-72
0,0,0,1,0,3,20.0,63.6,1,21.2,Female,No,No,Yes,No,No,No internet service,No internet service,No internet service,No internet service,No internet service,No internet service,Month-to-month,No,Mailed check,0-12
0,1,1,0,1,32,109.55,3608.0,7,112.75,Female,No,No,Yes,Yes,Fiber optic,Yes,No,Yes,Yes,Yes,Yes,One year,Yes,Bank transfer (automatic),25-48
1,1,1,1,0,16,39.0,679.85,2,42.490625,Male,No,No,No,No phone service,DSL,No,Yes,No,No,Yes,No,Month-to-month,Yes,Mailed check,13-24
0,1,1,0,1,40,105.95,4335.2,6,108.38,Female,No,No,Yes,Yes,Fiber optic,No,No,Yes,Yes,Yes,Yes,One year,Yes,Credit card (automatic),25-48
0,0,0,0,0,8,20.25,174.65,1,21.83125,Female,No,No,Yes,No,No,No internet service,No internet service,No internet service,No internet service,No internet service,No internet service,Two year,No,Mailed check,0-12
0,1,0,1,0,4,58.5,224.85,4,56.2125,Female,Yes,Yes,Yes,Yes,DSL,No,Yes,No,Yes,No,No,Month-to-month,Yes,Mailed check,0-12
0,1,1,0,1,70,79.25,5731.85,7,81.88357142857143,Male,Yes,Yes,Yes,Yes,DSL,Yes,Yes,Yes,Yes,Yes,No,Two year,Yes,Bank transfer (automatic),49-72
0,0,0,1,0,1,25.3,25.3,0,25.3,Male,No,Yes,No,No phone service,DSL,No,No,No,No,No,No,Month-to-month,Yes,Electronic check,0-12
0,1,1,1,1,68,107.7,7320.9,7,107.66029411764706,Male,Yes,No,Yes,Yes,Fiber optic,Yes,Yes,No,Yes,Yes,Yes,Month-to-month,Yes,Electronic check,49-72
0,1,1,0,1,44,54.3,2317.1,4,52.66136363636363,Male,Yes,Yes,No,No phone service,DSL,No,No,Yes,Yes,Yes,Yes,One year,Yes,Electronic check,25-48
0,1,1,1,0,7,62.8,418.3,4,59.75714285714286,Female,No,No,Yes,No,DSL,No,No,Yes,Yes,No,Yes,Month-to-month,No,Bank transfer (automatic),0-12
1,1,1,0,1,71,89.85,6293.45,8,88.64014084507042,Female,No,No,Yes,Yes,DSL,Yes,Yes,Yes,Yes,Yes,Yes,Two year,No,Mailed check,49-72
0,1,0,1,1,43,77.85,3365.85,3,78.27558139534884,Male,No,No,Yes,Yes,Fiber optic,No,Yes,No,No,No,No,Month-to-month,Yes,Electronic check,25-48
0,1,1,0,0,13,104.15,1299.1,6,99.93076923076923,Female,No,Yes,Yes,Yes,Fiber optic,No,Yes,Yes,No,Yes,Yes,One year,Yes,Credit card (automatic),13-24
0,0,0,0,1,67,24.65,1620.45,2,24.18582089552239,Male,Yes,Yes,Yes,Yes,No,No internet service,No internet service,No internet service,No internet service,No internet service,No internet service,Two year,No,Bank transfer (automatic),49-72
0,0,0,1,0,1,19.75,19.75,1,19.75,Male,No,Yes,Yes,No,No,No internet service,No internet service,No internet service,No internet service,No internet service,No internet service,Month-to-month,No,Mailed check,0-12
0,0,0,0,1,46,20.2,845.6,1,18.382608695652173,Male,Yes,Yes,Yes,No,No,No internet service,No internet service,No internet service,No internet service,No internet service,No internet service,One year,Yes,Bank transfer (automatic),25-48
0,1,1,0,1,66,102.45,6615.15,6,100.22954545454544,Female,Yes,Yes,Yes,Yes,Fiber optic,No,Yes,Yes,No,Yes,Yes,One year,Yes,Credit card (automatic),49-72
0,1,1,1,1,40,74.55,3015.75,5,75.39375,Male,Yes,Yes,Yes,Yes,DSL,No,No,Yes,No,Yes,Yes,Month-to-month,Yes,Electronic check,25-48
0,1,1,0,1,67,94.35,6341.45,5,94.64850746268657,Female,Yes,Yes,Yes,Yes,Fiber optic,Yes,No,No,Yes,No,Yes,One year,Yes,Credit card (automatic),49-72
0,0,0,1,1,35,25.75,882.55,2,25.215714285714284,Female,Yes,Yes,Yes,Yes,No,No internet service,No internet service,No internet service,No internet service,No internet service,No internet service,Month-to-month,Yes,Electronic check,25-48
0,1,1,0,1,39,80.0,3182.95,6,81.61410256410257,Male,Yes,Yes,Yes,No,DSL,Yes,No,Yes,Yes,Yes,Yes,One year,No,Credit card (automatic),25-48
0,0,0,1,0,1,70.4,70.4,1,70.4,Male,No,No,Yes,No,Fiber optic,No,No,No,No,No,No,Month-to-month,No,Electronic check,0-12
0,0,0,0,1,63,19.15,1177.05,1,18.683333333333334,Male,Yes,Yes,Yes,No,No,No internet service,No internet service,No internet service,No internet service,No internet service,No internet service,Two year,Yes,Mailed check,49-72
0,1,0,1,0,1,48.95,48.95,2,48.95,Male,No,Yes,Yes,No,DSL,No,No,Yes,No,No,No,Month-to-month,No,Electronic check,0-12
0,0,1,1,0,1,85.0,85.0,3,85.0,Female,No,No,Yes,Yes,Fiber optic,No,No,No,No,No,Yes,Month-to-month,Yes,Electronic check,0-12
0,0,0,1,0,10,20.0,185.4,1,18.54,Male,No,No,Yes,No,No,No internet service,No internet service,No internet service,No internet service,No internet service,No internet service,Month-to-month,No,Electronic check,0-12
0,0,0,1,0,1,74.95,74.95,2,74.95,Male,No,No,Yes,Yes,Fiber optic,No,No,No,No,No,No,Month-to-month,Yes,Electronic check,0-12
0,1,1,0,1,64,92.85,5980.75,5,93.44921875,Female,Yes,Yes,Yes,Yes,Fiber optic,No,Yes,Yes,No,No,Yes,One year,Yes,Electronic check,49-72
0,0,0,0,0,16,20.1,318.6,1,19.9125,Female,No,No,Yes,No,No,No internet service,No internet service,No internet service,No internet service,No internet service,No internet service,One year,No,Bank transfer (automatic),13-24
0,1,1,0,1,71,80.45,5662.25,6,79.75,Female,Yes,No,Yes,Yes,DSL,No,No,Yes,Yes,Yes,Yes,Two year,Yes,Bank transfer (automatic),49-72
0,0,1,1,0,10,95.2,930.4,4,93.03999999999999,Male,No,Yes,Yes,Yes,Fiber optic,No,No,No,No,Yes,Yes,Month-to-month,No,Electronic check,0-12
1,1,1,1,0,23,104.45,2184.85,6,94.99347826086957,Male,Yes,No,Yes,Yes,Fiber optic,No,Yes,Yes,No,Yes,Yes,Month-to-month,Yes,Electronic check,13-24
0,0,1,1,0,1,85.45,85.45,3,85.45,Female,No,No,Yes,Yes,Fiber optic,No,No,No,No,No,Yes,Month-to-month,Yes,Mailed check,0-12
0,0,0,0,1,26,51.55,1295.4,2,49.823076923076925,Male,No,No,Yes,Yes,DSL,No,No,No,No,No,No,One year,Yes,Credit card (automatic),25-48
0,1,0,0,1,54,84.4,4484.05,4,83.03796296296296,Male,No,No,Yes,No,Fiber optic,Yes,No,Yes,Yes,No,No,One year,No,Electronic check,49-72
0,1,0,1,0,7,79.65,604.7,3,86.38571428571429,Female,No,No,Yes,Yes,Fiber optic,Yes,No,No,No,No,No,Month-to-month,Yes,Mailed check,0-12
0,0,0,1,0,5,19.25,86.05,1,17.21,Male,No,No,Yes,No,No,No internet service,No internet service,No internet service,No internet service,No internet service,No internet service,Month-to-month,Yes,Mailed check,0-12
0,1,1,1,1,36,97.35,3457.9,5,96.05277777777778,Female,Yes,Yes,Yes,Yes,Fiber optic,No,Yes,Yes,No,Yes,No,Month-to-month,Yes,Bank transfer (automatic),25-48
0,0,1,1,0,10,86.45,830.85,3,83.08500000000001,Female,No,No,Yes,Yes,Fiber optic,No,No,No,No,No,Yes,Month-to-month,No,Electronic check,0-12
0,0,0,1,0,3,23.6,89.05,2,29.683333333333334,Male,Yes,No,Yes,Yes,No,No internet service,No internet service,No internet service,No internet service,No internet service,No internet service,Month-to-month,Yes,Mailed check,0-12
0,1,1,1,0,5,67.95,350.3,5,70.06,Female,Yes,No,Yes,Yes,DSL,No,No,Yes,Yes,Yes,No,Month-to-month,No,Bank transfer (automatic),0-12
1,1,1,1,1,51,93.8,4750.95,5,93.15588235294118,Male,Yes,No,Yes,Yes,Fiber optic,Yes,No,Yes,No,Yes,No,Month-to-month,Yes,Bank transfer (automatic),49-72
0,0,0,1,0,12,19.45,246.25,1,20.520833333333332,Female,No,No,Yes,No,No,No internet service,No internet service,No internet service,No internet service,No internet service,No internet service,Month-to-month,No,Mailed check,0-12
0,1,0,0,1,33,79.95,2684.85,3,81.35909090909091,Female,No,No,Yes,No,Fiber optic,No,Yes,No,Yes,No,No,One year,Yes,Bank transfer (automatic),25-48
0,1,0,1,1,30,48.8,1536.75,2,51.225,Female,No,No,Yes,No,DSL,Yes,No,No,No,No,No,Month-to-month,Yes,Mailed check,25-48
0,1,1,0,1,71,115.15,8078.1,8,113.77605633802817,Female,Yes,No,Yes,Yes,Fiber optic,Yes,Yes,Yes,Yes,Yes,Yes,Two year,Yes,Credit card (automatic),49-72
1,0,0,1,0,1,69.25,69.25,1,69.25,Female,No,No,Yes,No,Fiber optic,No,No,No,No,No,No,Month-to-month,Yes,Electronic check,0-12
0,0,0,1,0,2,70.4,147.15,1,73.575,Female,Yes,Yes,Yes,No,Fiber optic,No,No,No,No,No,No,Month-to-month,No,Electronic check,0-12
0,0,0,0,0,13,19.95,243.65,1,18.742307692307694,Male,No,No,Yes,No,No,No internet service,No internet service,No internet service,No internet service,No internet service,No internet service,Two year,No,Mailed check,13-24
0,1,1,1,0,18,85.6,1601.5,3,88.97222222222223,Male,Yes,Yes,Yes,No,Fiber optic,No,No,No,Yes,No,Yes,Month-to-month,Yes,Electronic check,13-24
1,1,1,0,1,66,45.55,3027.25,3,45.86742424242424,Female,Yes,No,No,No phone service,DSL,No,Yes,Yes,No,Yes,No,One year,No,Bank transfer (automatic),49-72
0,0,0,0,1,67,25.25,1733.15,2,25.867910447761194,Female,Yes,No,Yes,Yes,No,No internet service,No internet service,No internet service,No internet service,No internet service,No internet service,Two year,Yes,Credit card (automatic),49-72
0,0,0,1,0,8,25.25,186.3,0,23.2875,Male,No,No,No,No phone service,DSL,No,No,No,No,No,No,Month-to-month,Yes,Credit card (automatic),0-12
0,0,1,1,0,3,80.3,250.05,2,83.35000000000001,Female,Yes,Yes,Yes,No,Fiber optic,No,No,No,No,No,Yes,Month-to-month,Yes,Electronic check,0-12
0,0,0,0,1,37,24.1,861.85,2,23.293243243243243,Female,Yes,Yes,Yes,Yes,No,No internet service,No internet service,No internet service,No internet service,No internet service,No internet service,Two year,Yes,Bank transfer (automatic),25-48
1,1,1,0,1,69,109.95,7634.25,7,110.6413043478261,Male,Yes,No,Yes,Yes,Fiber optic,No,Yes,Yes,Yes,Yes,Yes,Two year,Yes,Electronic check,49-72
0,0,0,0,1,51,23.95,1216.35,2,23.849999999999998,Male,Yes,Yes,Yes,Yes,No,No internet service,No internet service,No internet service,No internet service,No internet service,No internet service,One year,Yes,Mailed check,49-72
0,0,0,1,0,6,18.95,110.15,1,18.358333333333334,Male,No,No,Yes,No,No,No internet service,No internet service,No internet service,No internet service,No internet service,No internet service,Month-to-month,No,Mailed check,0-12
0,0,0,0,1,30,20.7,587.1,1,19.57,Male,Yes,No,Yes,No,No,No internet service,No internet service,No internet service,No internet service,No internet service,No internet service,One year,No,Credit card (automatic),25-48
0,0,0,0,1,70,24.05,1764.75,2,25.210714285714285,Female,Yes,Yes,Yes,Yes,No,No internet service,No internet service,No internet service,No internet service,No internet service,No internet service,Two year,No,Mailed check,49-72
0,1,1,0,1,59,86.75,5186.0,7,87.89830508474576,Male,Yes,Yes,Yes,No,DSL,Yes,Yes,Yes,Yes,Yes,Yes,Two year,Yes,Electronic check,49-72
1,1,0,1,1,42,79.35,3344.1,3,79.62142857142857,Male,No,No,Yes,Yes,Fiber optic,No,Yes,No,No,No,No,Month-to-month,Yes,Bank transfer (automatic),25-48
0,0,0,1,0,1,19.65,19.65,1,19.65,Female,No,No,Yes,No,No,No internet service,No internet service,No internet service,No internet service,No internet service,No internet service,Month-to-month,No,Mailed check,0-12
0,0,0,1,0,3,18.8,56.0,1,18.666666666666668,Female,No,No,Yes,No,No,No internet service,No internet service,No internet service,No internet service,No internet service,No internet service,Month-to-month,No,Mailed check,0-12
0,1,1,1,0,2,95.65,167.3,4,83.65,Male,No,No,Yes,No,Fiber optic,No,Yes,No,No,Yes,Yes,Month-to-month,No,Electronic check,0-12
0,0,0,0,0,13,19.75,246.7,1,18.976923076923075,Female,Yes,Yes,Yes,No,No,No internet service,No internet service,No internet service,No internet service,No internet service,No internet service,Two year,Yes,Bank transfer (automatic),13-24
0,1,0,1,0,22,49.8,1049.05,2,47.684090909090905,Female,No,No,Yes,No,DSL,Yes,No,No,No,No,No,Month-to-month,Yes,Electronic check,13-24
0,1,1,0,1,53,111.8,5809.75,7,109.61792452830188,Female,Yes,No,Yes,Yes,Fiber optic,No,Yes,Yes,Yes,Yes,Yes,One year,Yes,Bank transfer (automatic),49-72
0,1,1,0,1,44,94.4,4295.35,5,97.62159090909091,Female,Yes,Yes,Yes,Yes,Fiber optic,No,Yes,Yes,No,No,Yes,One year,No,Electronic check,25-48
0,1,1,0,1,72,115.8,8424.9,8,117.01249999999999,Male,Yes,No,Yes,Yes,Fiber optic,Yes,Yes,Yes,Yes,Yes,Yes,Two year,Yes,Bank transfer (automatic),49-72
0,1,1,0,1,70,114.3,8244.3,8,117.77571428571427,Male,Yes,No,Yes,Yes,Fiber optic,Yes,Yes,Yes,Yes,Yes,Yes,Two year,No,Credit card (automatic),49-72
0,0,0,1,0,1,19.75,19.75,1,19.75,Male,No,No,Yes,No,No,No internet service,No internet service,No internet service,No internet service,No internet service,No internet service,Month-to-month,No,Bank transfer (automatic),0-12
0,1,0,1,0,7,61.4,438.9,4,62.699999999999996,Female,No,No,Yes,No,DSL,Yes,Yes,Yes,No,No,No,Month-to-month,No,Electronic check,0-12
1,1,1,0,1,72,112.4,8046.85,7,111.76180555555555,Female,Yes,No,Yes,Yes,Fiber optic,Yes,Yes,Yes,No,Yes,Yes,Two year,Yes,Electronic check,49-72
0,0,1,1,0,4,78.9,299.75,2,74.9375,Female,Yes,Yes,Yes,No,Fiber optic,No,No,No,No,Yes,No,Month-to-month,Yes,Mailed check,0-12
1,1,1,1,0,11,99.55,1131.2,5,102.83636363636364,Female,Yes,No,Yes,Yes,Fiber optic,No,No,Yes,No,Yes,Yes,Month-to-month,Yes,Electronic check,0-12
0,1,1,1,0,22,83.3,1845.9,3,83.90454545454546,Female,Yes,Yes,Yes,No,Fiber optic,No,Yes,No,No,No,Yes,Month-to-month,No,Electronic check,13-24
1,1,1,0,1,60,100.5,6029.0,5,100.48333333333333,Female,Yes,No,Yes,Yes,Fiber optic,No,No,Yes,No,Yes,Yes,One year,Yes,Credit card (automatic),49-72
0,1,0,0,1,26,87.15,2274.1,4,87.46538461538461,Female,No,No,Yes,No,Fiber optic,Yes,No,Yes,Yes,No,No,One year,Yes,Credit card (automatic),25-48
0,1,1,1,1,37,98.8,3475.55,5,93.9337837837838,Male,No,No,Yes,Yes,Fiber optic,No,No,No,Yes,Yes,Yes,Month-to-month,No,Bank transfer (automatic),25-48
0,1,1,1,0,6,109.9,669.45,7,111.575,Female,No,No,Yes,Yes,Fiber optic,No,Yes,Yes,Yes,Yes,Yes,Month-to-month,Yes,Credit card (automatic),0-12
0,0,1,1,1,36,84.75,3050.15,3,84.72638888888889,Male,No,No,Yes,Yes,Fiber optic,No,No,No,No,No,Yes,Month-to-month,Yes,Electronic check,25-48
0,1,0,0,1,72,69.65,4908.25,6,68.17013888888889,Male,No,No,Yes,Yes,DSL,Yes,Yes,Yes,Yes,No,No,Two year,No,Bank transfer (automatic),49-72
0,1,1,0,1,63,110.1,6705.7,7,106.43968253968254,Male,Yes,No,Yes,No,Fiber optic,Yes,Yes,Yes,Yes,Yes,Yes,Two year,Yes,Credit card (automatic),49-72
0,0,0,0,1,27,19.7,509.3,1,18.862962962962964,Male,No,Yes,Yes,No,No,No internet service,No internet service,No internet service,No internet service,No internet service,No internet service,Two year,No,Credit card (automatic),25-48
0,1,0,1,0,2,55.05,102.75,3,51.375,Female,No,No,Yes,No,DSL,No,Yes,No,Yes,No,No,Month-to-month,Yes,Credit card (automatic),0-12
0,1,0,1,1,35,33.45,1175.85,2,33.59571428571428,Female,No,No,No,No phone service,DSL,No,No,Yes,Yes,No,No,Month-to-month,Yes,Mailed check,25-48
0,0,0,0,0,15,19.65,270.6,1,18.040000000000003,Female,No,Yes,Yes,No,No,No internet service,No internet service,No internet service,No internet service,No internet service,No internet service,One year,No,Mailed check,13-24
1,1,0,1,0,13,74.3,940.35,2,72.33461538461539,Female,No,No,Yes,No,Fiber optic,No,No,Yes,No,No,No,Month-to-month,Yes,Electronic check,13-24
1,1,1,1,1,65,94.4,6126.15,5,94.24846153846153,Female,Yes,No,Yes,No,Fiber optic,Yes,Yes,Yes,No,No,Yes,Month-to-month,No,Electronic check,49-72
0,1,1,1,0,9,74.65,703.55,5,78.17222222222222,Female,No,No,Yes,No,DSL,Yes,Yes,No,No,Yes,Yes,Month-to-month,Yes,Electronic check,0-12
0,1,1,1,0,2,100.2,198.5,5,99.25,Male,No,No,Yes,No,Fiber optic,Yes,Yes,No,No,Yes,Yes,Month-to-month,No,Electronic check,0-12
0,1,0,1,0,10,81.0,818.05,3,81.80499999999999,Female,No,No,Yes,Yes,Fiber optic,No,Yes,No,No,No,No,Month-to-month,Yes,Credit card (automatic),0-12
0,0,0,0,0,11,19.65,225.75,1,20.522727272727273,Male,Yes,Yes,Yes,No,No,No internet service,No internet service,No internet service,No internet service,No internet service,No internet service,Two year,No,Mailed check,0-12
0,0,0,0,1,36,19.25,679.8,1,18.883333333333333,Female,No,No,Yes,No,No,No internet service,No internet service,No internet service,No internet service,No internet service,No internet service,One year,Yes,Bank transfer (automatic),25-48
1,1,1,1,1,27,83.85,2310.2,7,85.56296296296296,Female,Yes,No,Yes,Yes,DSL,No,Yes,Yes,Yes,Yes,Yes,Month-to-month,No,Electronic check,25-48
0,1,1,0,1,72,83.6,5959.3,7,82.76805555555556,Female,Yes,Yes,Yes,Yes,DSL,Yes,Yes,Yes,No,Yes,Yes,Two year,Yes,Credit card (automatic),49-72
0,1,1,0,1,61,69.9,4226.7,5,69.29016393442623,Male,Yes,No,Yes,Yes,DSL,Yes,No,Yes,No,No,Yes,Two year,Yes,Mailed check,49-72
1,1,1,0,1,58,105.5,6205.5,6,106.99137931034483,Female,Yes,No,Yes,No,Fiber optic,Yes,Yes,No,Yes,Yes,Yes,One year,Yes,Credit card (automatic),49-72
0,1,1,1,0,22,87.0,1850.65,3,84.12045454545455,Male,Yes,No,Yes,No,Fiber optic,No,No,Yes,No,Yes,No,Month-to-month,Yes,Bank transfer (automatic),13-24
0,1,1,1,0,5,90.8,455.5,4,91.1,Female,No,No,Yes,Yes,Fiber optic,No,Yes,No,No,Yes,No,Month-to-month,Yes,Electronic check,0-12
1,1,1,1,1,26,95.0,2497.2,5,96.04615384615384,Female,No,No,Yes,Yes,Fiber optic,Yes,Yes,No,No,No,Yes,Month-to-month,Yes,Electronic check,25-48
1,1,1,0,1,61,99.0,5969.3,5,97.85737704918033,Male,Yes,Yes,Yes,Yes,Fiber optic,No,Yes,No,No,Yes,Yes,One year,No,Electronic check,49-72
1,1,1,1,1,40,101.85,4086.3,5,102.1575,Male,Yes,No,Yes,Yes,Fiber optic,Yes,No,No,No,Yes,Yes,Month-to-month,No,Electronic check,25-48
1,1,1,1,1,65,99.1,6496.15,5,99.94076923076922,Male,No,No,Yes,No,Fiber optic,No,Yes,Yes,No,Yes,Yes,Month-to-month,Yes,Bank transfer (automatic),49-72
0,1,1,1,0,3,107.95,318.6,6,106.2,Male,No,No,Yes,No,Fiber optic,No,Yes,Yes,Yes,Yes,Yes,Month-to-month,Yes,Electronic check,0-12
0,1,0,0,1,27,48.7,1421.75,2,52.657407407407405,Male,Yes,No,Yes,No,DSL,Yes,No,No,No,No,No,One year,No,Credit card (automatic),25-48
0,1,1,0,1,69,79.45,5502.55,7,79.74710144927536,Male,No,Yes,Yes,Yes,DSL,Yes,Yes,Yes,Yes,Yes,No,Two year,Yes,Credit card (automatic),49-72
0,1,0,0,1,54,59.8,3246.45,4,60.11944444444444,Female,Yes,Yes,Yes,Yes,DSL,No,Yes,Yes,No,No,No,Two year,Yes,Bank transfer (automatic),49-72
0,1,0,1,1,29,67.45,1801.1,5,62.106896551724134,Female,No,No,Yes,Yes,DSL,Yes,Yes,No,Yes,No,No,Month-to-month,No,Mailed check,25-48
1,0,1,1,0,6,89.35,567.8,3,94.63333333333333,Female,No,No,Yes,No,Fiber optic,No,No,No,No,Yes,Yes,Month-to-month,Yes,Electronic check,0-12
0,0,0,1,0,18,19.25,331.35,1,18.408333333333335,Male,No,No,Yes,No,No,No internet service,No internet service,No internet service,No internet service,No internet service,No internet service,Month-to-month,No,Mailed check,13-24
0,0,0,1,0,2,69.8,134.7,1,67.35,Male,No,No,Yes,No,Fiber optic,No,No,No,No,No,No,Month-to-month,Yes,Credit card (automatic),0-12
0,0,0,1,0,22,20.05,470.2,1,21.37272727272727,Female,No,No,Yes,No,No,No internet service,No internet service,No internet service,No internet service,No internet service,No internet service,Month-to-month,Yes,Mailed check,13-24
0,0,0,0,1,26,19.65,494.9,1,19.034615384615385,Female,Yes,Yes,Yes,No,No,No internet service,No internet service,No internet service,No internet service,No internet service,No internet service,Two year,No,Credit card (automatic),25-48
0,0,1,1,0,11,86.2,893.2,3,81.2,Male,No,Yes,Yes,Yes,Fiber optic,No,No,No,No,No,Yes,Month-to-month,No,Electronic check,0-12
0,0,0,1,1,57,74.3,4018.35,2,70.49736842105263,Male,Yes,Yes,Yes,Yes,Fiber optic,No,No,No,No,No,No,Month-to-month,Yes,Electronic check,49-72
0,0,0,1,0,4,19.65,67.55,1,16.8875,Male,No,No,Yes,No,No,No internet service,No internet service,No internet service,No internet service,No internet service,No internet service,Month-to-month,Yes,Mailed check,0-12
0,0,1,1,1,36,84.9,3067.2,3,85.19999999999999,Male,No,No,Yes,Yes,Fiber optic,No,No,No,No,No,Yes,Month-to-month,Yes,Electronic check,25-48
0,0,0,0,1,67,19.45,1195.95,1,17.85,Male,No,No,Yes,No,No,No internet service,No internet service,No internet service,No internet service,No internet service,No internet service,One year,Yes,Mailed check,49-72
0,1,0,1,1,55,50.55,2832.75,2,51.50454545454546,Female,No,No,Yes,No,DSL,Yes,No,No,No,No,No,Month-to-month,Yes,Credit card (automatic),49-72
0,0,1,1,1,27,95.0,2462.55,4,91.20555555555556,Female,Yes,No,Yes,Yes,Fiber optic,No,No,No,No,Yes,Yes,Month-to-month,No,Credit card (automatic),25-48
0,0,0,1,0,1,45.7,45.7,1,45.7,Male,No,No,Yes,No,DSL,No,No,No,No,No,No,Month-to-month,Yes,Mailed check,0-12
0,0,0,0,1,50,20.15,970.85,1,19.417,Female,No,Yes,Yes,No,No,No internet service,No internet service,No internet service,No internet service,No internet service,No internet service,Two year,No,Credit card (automatic),49-72
0,1,1,0,1,72,93.25,6688.95,8,92.90208333333334,Female,Yes,Yes,Yes,Yes,DSL,Yes,Yes,Yes,Yes,Yes,Yes,Two year,Yes,Bank transfer (automatic),49-72
0,0,1,1,0,3,55.3,196.15,2,65.38333333333334,Female,No,No,Yes,No,DSL,No,No,No,No,No,Yes,Month-to-month,Yes,Electronic check,0-12
0,1,1,0,1,70,58.35,4214.25,5,60.20357142857143,Female,No,No,No,No phone service,DSL,Yes,No,Yes,Yes,Yes,Yes,Two year,Yes,Bank transfer (automatic),49-72
0,1,1,0,1,71,111.25,7984.15,7,112.45281690140844,Female,No,No,Yes,Yes,Fiber optic,No,Yes,Yes,Yes,Yes,Yes,Two year,Yes,Electronic check,49-72
0,0,0,1,0,4,20.35,76.35,1,19.0875,Female,Yes,Yes,Yes,No,No,No internet service,No internet service,No internet service,No internet service,No internet service,No internet service,Month-to-month,No,Mailed check,0-12
0,0,0,1,0,8,74.6,548.9,2,68.6125,Female,No,No,Yes,Yes,Fiber optic,No,No,No,No,No,No,Month-to-month,Yes,Credit card (automatic),0-12
0,0,0,1,1,32,19.9,601.55,1,18.7984375,Female,No,No,Yes,No,No,No internet service,No internet service,No internet service,No internet service,No internet service,No internet service,Month-to-month,No,Bank transfer (automatic),25-48
0,1,1,0,0,12,75.85,854.45,5,71.20416666666667,Female,No,No,Yes,Yes,DSL,No,No,No,Yes,Yes,Yes,One year,Yes,Mailed check,0-12
0,0,1,1,0,10,85.95,858.6,3,85.86,Female,Yes,Yes,Yes,Yes,Fiber optic,No,No,No,No,No,Yes,Month-to-month,No,Electronic check,0-12
0,0,1,0,1,48,82.05,4029.95,3,83.95729166666666,Female,Yes,Yes,Yes,Yes,Fiber optic,No,No,No,No,No,Yes,One year,Yes,Mailed check,25-48
0,1,1,0,1,57,95.25,5464.65,4,95.87105263157895,Female,No,No,Yes,No,Fiber optic,No,No,Yes,No,Yes,Yes,Two year,Yes,Electronic check,49-72
0,1,0,1,0,9,80.55,653.9,3,72.65555555555555,Female,No,No,Yes,No,Fiber optic,No,Yes,Yes,No,No,No,Month-to-month,No,Electronic check,0-12
1,1,0,1,0,12,83.8,1029.75,4,85.8125,Male,No,No,Yes,No,Fiber optic,No,Yes,Yes,Yes,No,No,Month-to-month,Yes,Mailed check,0-12
0,0,0,1,0,1,45.85,45.85,1,45.85,Male,Yes,Yes,Yes,No,DSL,No,No,No,No,No,No,Month-to-month,Yes,Mailed check,0-12
0,1,0,1,0,23,83.2,2032.3,4,88.36086956521739,Female,No,No,Yes,No,Fiber optic,No,Yes,Yes,Yes,No,No,Month-to-month,No,Bank transfer (automatic),13-24
0,1,1,0,1,72,84.7,5893.9,7,81.85972222222222,Female,Yes,Yes,Yes,Yes,DSL,Yes,No,Yes,Yes,Yes,Yes,Two year,No,Credit card (automatic),49-72
0,0,0,1,0,1,45.65,45.65,1,45.65,Female,No,No,Yes,No,DSL,No,No,No,No,No,No,Month-to-month,Yes,Electronic check,0-12
0,0,0,1,0,8,20.35,178.7,1,22.3375,Male,No,Yes,Yes,No,No,No internet service,No internet service,No internet service,No internet service,No internet service,No internet service,Month-to-month,No,Mailed check,0-12
0,0,0,1,0,3,19.85,57.2,1,19.066666666666666,Female,No,No,Yes,No,No,No internet service,No internet service,No internet service,No internet service,No internet service,No internet service,Month-to-month,No,Mailed check,0-12
0,0,0,0,0,18,19.65,411.25,1,22.84722222222222,Male,No,No,Yes,No,No,No internet service,No internet service,No internet service,No internet service,No internet service,No internet service,One year,No,Mailed check,13-24
0,1,1,1,0,22,100.75,2095.0,5,95.22727272727273,Male,No,No,Yes,Yes,Fiber optic,Yes,No,No,No,Yes,Yes,Month-to-month,Yes,Electronic check,13-24
0,0,0,0,1,27,19.9,550.1,1,20.374074074074073,Female,Yes,Yes,Yes,No,No,No internet service,No internet service,No internet service,No internet service,No internet service,No internet service,Two year,No,Mailed check,25-48
1,1,1,1,1,38,99.55,3734.25,5,98.26973684210526,Female,No,No,Yes,Yes,Fiber optic,No,No,No,Yes,Yes,Yes,Month-to-month,Yes,Electronic check,25-48
0,1,1,0,1,72,110.3,7966.9,7,110.65138888888889,Male,Yes,Yes,Yes,Yes,Fiber optic,Yes,Yes,Yes,No,Yes,Yes,Two year,Yes,Bank transfer (automatic),49-72
0,1,0,0,1,69,59.75,4069.9,4,58.984057971014494,Male,Yes,Yes,Yes,No,DSL,Yes,Yes,Yes,No,No,No,Two year,Yes,Bank transfer (automatic),49-72
0,1,0,1,0,11,79.0,929.3,3,84.48181818181818,Female,No,No,Yes,Yes,Fiber optic,Yes,No,No,No,No,No,Month-to-month,Yes,Bank transfer (automatic),0-12
0,0,0,1,0,14,19.95,268.4,1,19.17142857142857,Male,No,Yes,Yes,No,No,No internet service,No internet service,No internet service,No internet service,No internet service,No internet service,Month-to-month,No,Mailed check,13-24
0,1,1,0,1,57,84.5,4845.4,7,85.00701754385965,Female,Yes,Yes,Yes,Yes,DSL,Yes,No,Yes,Yes,Yes,Yes,Two year,Yes,Electronic check,49-72
0,0,0,0,1,35,20.1,644.5,1,18.414285714285715,Female,No,Yes,Yes,No,No,No internet service,No internet service,No internet service,No internet service,No internet service,No internet service,One year,Yes,Credit card (automatic),25-48
0,1,0,1,0,2,60.95,134.6,4,67.3,Male,No,Yes,Yes,Yes,DSL,Yes,Yes,No,No,No,No,Month-to-month,No,Bank transfer (automatic),0-12
1,1,1,1,0,23,106.4,2483.5,6,107.97826086956522,Male,No,No,Yes,Yes,Fiber optic,No,Yes,Yes,No,Yes,Yes,Month-to-month,Yes,Electronic check,13-24
0,0,0,0,1,46,20.05,902.0,1,19.608695652173914,Male,No,No,Yes,No,No,No internet service,No internet service,No internet service,No internet service,No internet service,No internet service,Two year,No,Bank transfer (automatic),25-48
0,0,0,1,0,12,19.45,227.45,1,18.954166666666666,Female,No,No,Yes,No,No,No internet service,No internet service,No internet service,No internet service,No internet service,No internet service,Month-to-month,No,Bank transfer (automatic),0-12
1,1,0,1,0,7,51.3,419.35,2,59.90714285714286,Female,No,No,Yes,No,DSL,No,Yes,No,No,No,No,Month-to-month,Yes,Mailed check,0-12
0,0,0,0,0,6,25.4,153.3,2,25.55,Male,Yes,Yes,Yes,Yes,No,No internet service,No internet service,No internet service,No internet service,No internet service,No internet service,Two year,No,Mailed check,0-12
0,0,0,1,0,1,75.05,75.05,2,75.05,Female,No,No,Yes,Yes,Fiber optic,No,No,No,No,No,No,Month-to-month,Yes,Mailed check,0-12
0,1,1,0,1,63,109.25,6841.4,7,108.59365079365078,Female,Yes,No,Yes,Yes,Fiber optic,No,Yes,Yes,Yes,Yes,Yes,Two year,Yes,Bank transfer (automatic),49-72
0,1,0,1,1,61,59.8,3641.5,4,59.69672131147541,Female,Yes,Yes,Yes,Yes,DSL,Yes,Yes,No,No,No,No,Month-to-month,No,Electronic check,49-72
0,1,0,1,1,31,87.6,2724.25,4,87.87903225806451,Female,No,No,Yes,No,Fiber optic,Yes,No,Yes,Yes,No,No,Month-to-month,No,Electronic check,25-48
0,1,0,1,1,26,80.5,2088.8,3,80.33846153846154,Male,No,No,Yes,Yes,Fiber optic,No,No,No,Yes,No,No,Month-to-month,Yes,Electronic check,25-48
0,1,0,1,1,33,54.65,1665.2,3,50.46060606060606,Male,No,No,Yes,Yes,DSL,No,Yes,No,No,No,No,Month-to-month,Yes,Bank transfer (automatic),25-48
0,1,1,0,1,72,65.65,4664.5,6,64.78472222222223,Male,Yes,Yes,No,No phone service,DSL,Yes,Yes,Yes,Yes,Yes,Yes,Two year,Yes,Bank transfer (automatic),49-72
0,1,1,0,1,41,74.7,3187.65,5,77.74756097560976,Female,Yes,Yes,Yes,No,DSL,Yes,No,No,Yes,Yes,Yes,One year,Yes,Credit card (automatic),25-48
0,1,1,0,1,61,84.9,5264.5,7,86.30327868852459,Male,Yes,Yes,Yes,No,DSL,Yes,Yes,Yes,Yes,Yes,Yes,One year,No,Bank transfer (automatic),49-72
0,0,0,0,0,15,18.8,294.95,1,19.663333333333334,Male,Yes,No,Yes,No,No,No internet service,No internet service,No internet service,No internet service,No internet service,No internet service,One year,No,Mailed check,13-24
1,1,1,0,1,55,50.05,2743.45,3,49.880909090909086,Male,No,No,No,No phone service,DSL,No,No,Yes,No,Yes,Yes,One year,Yes,Bank transfer (automatic),49-72
0,1,1,1,1,47,107.35,5118.95,6,108.91382978723404,Male,Yes,Yes,Yes,Yes,Fiber optic,No,No,Yes,Yes,Yes,Yes,Month-to-month,Yes,Bank transfer (automatic),25-48
1,1,1,0,1,54,101.5,5373.1,5,99.50185185185185,Female,Yes,No,Yes,Yes,Fiber optic,No,Yes,No,No,Yes,Yes,One year,Yes,Credit card (automatic),49-72
0,0,0,1,0,1,20.3,20.3,1,20.3,Male,No,No,Yes,No,No,No internet service,No internet service,No internet service,No internet service,No internet service,No internet service,Month-to-month,No,Mailed check,0-12
0,1,1,1,1,47,106.35,4849.1,6,103.17234042553193,Female,No,No,Yes,Yes,Fiber optic,No,Yes,Yes,No,Yes,Yes,Month-to-month,Yes,Electronic check,25-48
0,1,1,0,1,62,115.05,7133.45,8,115.05564516129031,Female,No,No,Yes,Yes,Fiber optic,Yes,Yes,Yes,Yes,Yes,Yes,One year,Yes,Credit card (automatic),49-72
0,0,0,0,1,67,20.85,1327.4,1,19.811940298507466,Female,Yes,No,Yes,No,No,No internet service,No internet service,No internet service,No internet service,No internet service,No internet service,One year,Yes,Bank transfer (automatic),49-72
0,1,0,0,1,37,65.6,2313.8,5,62.53513513513514,Male,No,No,Yes,No,DSL,Yes,Yes,Yes,Yes,No,No,Two year,No,Bank transfer (automatic),25-48
1,1,0,1,1,53,73.8,4003.85,2,75.5443396226415,Female,No,No,Yes,No,Fiber optic,No,Yes,No,No,No,No,Month-to-month,Yes,Credit card (automatic),49-72
0,1,1,0,1,62,81.0,4985.9,6,80.41774193548386,Female,Yes,No,Yes,No,DSL,Yes,No,Yes,Yes,Yes,Yes,Two year,No,Mailed check,49-72
0,0,0,1,0,14,20.05,299.3,1,21.37857142857143,Male,No,No,Yes,No,No,No internet service,No internet service,No internet service,No internet service,No internet service,No internet service,Month-to-month,Yes,Electronic check,13-24
0,0,0,1,0,6,19.7,111.65,1,18.608333333333334,Male,No,Yes,Yes,No,No,No internet service,No internet service,No internet service,No internet service,No internet service,No internet service,Month-to-month,No,Mailed check,0-12
0,1,1,0,1,27,101.9,2681.15,5,99.30185185185185,Female,Yes,No,Yes,No,Fiber optic,Yes,No,No,Yes,Yes,Yes,One year,Yes,Credit card (automatic),25-48
0,0,0,0,1,58,20.3,1131.5,1,19.50862068965517,Male,No,No,Yes,No,No,No internet service,No internet service,No internet service,No internet service,No internet service,No internet service,Two year,No,Credit card (automatic),49-72
0,1,1,1,1,49,99.05,4853.75,5,99.0561224489796,Male,Yes,No,Yes,Yes,Fiber optic,No,Yes,No,No,Yes,Yes,Month-to-month,Yes,Bank transfer (automatic),49-72
0,1,1,0,1,69,73.7,4885.85,6,70.80942028985508,Female,Yes,Yes,Yes,Yes,DSL,Yes,Yes,No,Yes,Yes,No,One year,No,Credit card (automatic),49-72
0,1,1,0,1,70,80.4,5717.85,6,81.68357142857144,Female,Yes,Yes,Yes,No,DSL,No,Yes,Yes,Yes,Yes,Yes,Two year,Yes,Bank transfer (automatic),49-72
0,0,0,1,0,1,20.9,20.9,1,20.9,Female,No,No,Yes,No,No,No internet service,No internet service,No internet service,No internet service,No internet service,No internet service,Month-to-month,No,Mailed check,0-12
0,1,0,0,0,13,55.15,742.9,3,57.146153846153844,Female,No,No,Yes,No,DSL,Yes,No,No,Yes,No,No,One year,No,Mailed check,13-24
0,0,0,1,0,1,24.9,24.9,0,24.9,Female,No,No,No,No phone service,DSL,No,No,No,No,No,No,Month-to-month,Yes,Mailed check,0-12
1,1,0,1,0,9,75.5,637.4,2,70.82222222222222,Female,No,No,Yes,No,Fiber optic,No,No,Yes,No,No,No,Month-to-month,No,Credit card (automatic),0-12
0,1,0,0,1,64,84.3,5289.05,4,82.64140625,Male,No,No,Yes,Yes,Fiber optic,Yes,Yes,No,No,No,No,One year,Yes,Credit card (automatic),49-72
0,1,1,1,0,3,65.25,209.9,4,69.96666666666667,Male,No,No,Yes,Yes,DSL,No,No,No,Yes,Yes,No,Month-to-month,Yes,Mailed check,0-12
1,1,0,1,0,11,54.55,601.25,3,54.65909090909091,Male,No,Yes,Yes,No,DSL,No,Yes,No,Yes,No,No,Month-to-month,Yes,Electronic check,0-12
0,1,1,1,1,51,44.45,2181.55,3,42.77549019607844,Male,No,No,No,No phone service,DSL,Yes,No,No,Yes,No,Yes,Month-to-month,Yes,Credit card (automatic),49-72
0,1,1,0,1,64,66.15,4392.5,4,68.6328125,Male,Yes,No,Yes,Yes,DSL,Yes,No,No,No,Yes,No,One year,Yes,Credit card (automatic),49-72
0,0,0,1,0,13,20.3,275.4,1,21.184615384615384,Female,No,No,Yes,No,No,No internet service,No internet service,No internet service,No internet service,No internet service,No internet service,Month-to-month,Yes,Mailed check,13-24
0,0,0,1,0,17,70.0,1144.5,1,67.32352941176471,Female,No,No,Yes,No,Fiber optic,No,No,No,No,No,No,Month-to-month,Yes,Electronic check,13-24
0,1,1,0,0,17,70.35,1201.65,5,70.68529411764706,Male,Yes,Yes,Yes,Yes,DSL,Yes,No,Yes,No,Yes,No,One year,Yes,Bank transfer (automatic),13-24
0,1,0,0,1,32,30.15,927.65,1,28.9890625,Female,No,No,No,No phone service,DSL,Yes,No,No,No,No,No,One year,No,Mailed check,25-48
0,1,1,0,1,70,67.95,4664.15,5,66.63071428571428,Male,Yes,No,Yes,No,DSL,Yes,Yes,No,Yes,No,Yes,Two year,No,Mailed check,49-72
0,0,1,1,0,1,79.55,79.55,2,79.55,Male,No,No,Yes,No,Fiber optic,No,No,No,No,Yes,No,Month-to-month,Yes,Electronic check,0-12
0,1,1,0,1,45,95.0,4368.85,5,97.08555555555556,Male,Yes,Yes,Yes,Yes,Fiber optic,No,Yes,Yes,No,No,Yes,One year,Yes,Credit card (automatic),25-48
0,1,0,1,1,44,84.8,3862.55,4,87.78522727272728,Female,No,No,Yes,Yes,Fiber optic,No,Yes,Yes,No,No,No,Month-to-month,Yes,Bank transfer (automatic),25-48
0,0,0,0,0,12,25.25,274.7,2,22.891666666666666,Female,Yes,Yes,Yes,Yes,No,No internet service,No internet service,No internet service,No internet service,No internet service,No internet service,Two year,No,Credit card (automatic),0-12
0,0,0,0,1,71,19.85,1379.6,1,19.430985915492958,Female,Yes,No,Yes,No,No,No internet service,No internet service,No internet service,No internet service,No internet service,No internet service,Two year,No,Credit card (automatic),49-72
0,1,0,1,0,2,76.4,151.8,2,75.9,Male,Yes,No,Yes,No,Fiber optic,No,No,Yes,No,No,No,Month-to-month,No,Electronic check,0-12
0,1,0,1,0,9,65.0,663.05,5,73.67222222222222,Female,Yes,Yes,Yes,No,DSL,Yes,Yes,Yes,Yes,No,No,Month-to-month,No,Mailed check,0-12
0,0,0,1,0,7,25.05,189.95,0,27.135714285714283,Female,No,No,No,No phone service,DSL,No,No,No,No,No,No,Month-to-month,No,Bank transfer (automatic),0-12
0,1,0,1,0,18,75.9,1373.05,2,76.28055555555555,Male,No,No,Yes,No,Fiber optic,No,No,No,Yes,No,No,Month-to-month,Yes,Bank transfer (automatic),13-24
0,0,0,1,0,4,72.2,305.55,2,76.3875,Male,No,No,Yes,Yes,Fiber optic,No,No,No,No,No,No,Month-to-month,Yes,Bank transfer (automatic),0-12
0,0,0,1,0,15,19.6,299.4,1,19.959999999999997,Female,No,No,Yes,No,No,No internet service,No internet service,No internet service,No internet service,No internet service,No internet service,Month-to-month,No,Mailed check,13-24
0,1,1,0,1,69,99.15,6875.35,5,99.64275362318841,Female,Yes,No,Yes,Yes,Fiber optic,Yes,No,No,No,Yes,Yes,Two year,No,Bank transfer (automatic),49-72
0,0,0,1,0,1,44.45,44.45,1,44.45,Female,No,No,Yes,No,DSL,No,No,No,No,No,No,Month-to-month,Yes,Mailed check,0-12
0,0,1,1,0,1,84.65,84.65,3,84.65,Male,No,No,Yes,Yes,Fiber optic,No,No,No,No,Yes,No,Month-to-month,Yes,Mailed check,0-12
0,0,0,0,0,7,24.35,150.85,0,21.55,Male,No,No,No,No phone service,DSL,No,No,No,No,No,No,One year,Yes,Credit card (automatic),0-12
0,1,1,0,1,58,59.75,3624.35,5,62.48879310344827,Female,Yes,Yes,No,No phone service,DSL,Yes,No,Yes,Yes,Yes,Yes,Two year,No,Mailed check,49-72
0,1,1,1,1,45,115.65,5125.5,8,113.9,Female,No,No,Yes,Yes,Fiber optic,Yes,Yes,Yes,Yes,Yes,Yes,Month-to-month,Yes,Electronic check,25-48
0,1,1,0,1,36,76.35,2606.35,6,72.39861111111111,Female,No,No,Yes,No,DSL,Yes,Yes,Yes,Yes,Yes,No,One year,Yes,Mailed check,25-48
1,1,1,1,1,27,84.8,2309.55,7,85.53888888888889,Male,Yes,No,Yes,Yes,DSL,No,Yes,Yes,Yes,Yes,Yes,Month-to-month,Yes,Bank transfer (automatic),25-48
1,1,1,1,1,65,104.35,6578.55,6,101.20846153846153,Male,Yes,No,Yes,Yes,Fiber optic,No,Yes,Yes,No,Yes,Yes,Month-to-month,Yes,Electronic check,49-72
1,1,1,0,1,72,116.05,8404.9,8,116.73472222222222,Male,Yes,No,Yes,Yes,Fiber optic,Yes,Yes,Yes,Yes,Yes,Yes,Two year,Yes,Bank transfer (automatic),49-72
0,0,0,0,0,15,25.2,387.9,2,25.86,Female,Yes,No,Yes,Yes,No,No internet service,No internet service,No internet service,No internet service,No internet service,No internet service,Two year,No,Mailed check,13-24
0,1,1,1,0,2,70.3,132.4,4,66.2,Male,No,No,Yes,No,DSL,No,No,No,Yes,Yes,Yes,Month-to-month,No,Electronic check,0-12
0,1,1,0,1,64,100.05,6254.2,5,97.721875,Female,No,No,Yes,Yes,Fiber optic,No,No,Yes,No,Yes,Yes,One year,Yes,Credit card (automatic),49-72
0,1,1,1,0,13,100.35,1358.85,5,104.52692307692307,Female,No,No,Yes,Yes,Fiber optic,Yes,No,No,No,Yes,Yes,Month-to-month,Yes,Electronic check,13-24
0,1,1,0,1,70,80.15,5600.15,6,80.00214285714286,Male,Yes,Yes,Yes,No,DSL,Yes,Yes,Yes,No,Yes,Yes,Two year,Yes,Credit card (automatic),49-72
0,1,0,1,0,1,54.35,54.35,3,54.35,Male,No,No,Yes,Yes,DSL,No,No,Yes,No,No,No,Month-to-month,No,Electronic check,0-12
0,1,1,1,0,20,90.7,1781.35,4,89.0675,Male,No,No,Yes,Yes,Fiber optic,No,No,Yes,No,Yes,No,Month-to-month,Yes,Credit card (automatic),13-24
0,0,0,0,1,59,24.45,1493.1,2,25.306779661016947,Female,No,No,Yes,Yes,No,No internet service,No internet service,No internet service,No internet service,No internet service,No internet service,Two year,No,Electronic check,49-72
1,1,1,1,1,31,89.45,2807.65,4,90.56935483870969,Male,Yes,No,Yes,Yes,Fiber optic,Yes,No,No,No,Yes,No,Month-to-month,No,Electronic check,25-48
0,1,1,0,1,36,65.4,2498.4,4,69.4,Male,No,No,Yes,No,DSL,No,Yes,No,Yes,No,Yes,One year,Yes,Mailed check,25-48
0,0,1,1,0,1,89.1,89.1,3,89.1,Male,No,No,Yes,No,Fiber optic,No,No,No,No,Yes,Yes,Month-to-month,Yes,Electronic check,0-12
0,0,0,1,0,1,20.1,20.1,1,20.1,Male,No,No,Yes,No,No,No internet service,No internet service,No internet service,No internet service,No internet service,No internet service,Month-to-month,No,Mailed check,0-12
0,0,0,1,0,9,19.05,157.65,1,17.516666666666666,Female,No,No,Yes,No,No,No internet service,No internet service,No internet service,No internet service,No internet service,No internet service,Month-to-month,No,Mailed check,0-12
0,0,0,0,1,54,24.75,1342.15,2,24.85462962962963,Female,Yes,Yes,Yes,Yes,No,No internet service,No internet service,No internet service,No internet service,No internet service,No internet service,One year,Yes,Bank transfer (automatic),49-72
0,0,0,1,1,61,19.4,1182.55,1,19.38606557377049,Female,Yes,Yes,Yes,No,No,No internet service,No internet service,No internet service,No internet service,No internet service,No internet service,Month-to-month,Yes,Mailed check,49-72
0,0,0,1,0,5,75.9,357.75,2,71.55,Male,No,No,Yes,Yes,Fiber optic,No,No,No,No,No,No,Month-to-month,Yes,Bank transfer (automatic),0-12
0,1,1,1,1,41,74.55,3023.55,6,73.74512195121952,Male,Yes,Yes,Yes,Yes,DSL,Yes,Yes,Yes,No,Yes,No,Month-to-month,Yes,Credit card (automatic),25-48
0,1,1,0,1,72,84.45,6033.1,7,83.79305555555555,Male,Yes,No,Yes,No,DSL,Yes,Yes,Yes,Yes,Yes,Yes,Two year,No,Mailed check,49-72
0,0,0,1,1,27,69.05,1793.25,1,66.41666666666667,Male,No,No,Yes,No,Fiber optic,No,No,No,No,No,No,Month-to-month,Yes,Mailed check,25-48
0,0,1,1,1,35,55.0,2010.55,2,57.44428571428571,Male,No,No,Yes,No,DSL,No,No,No,No,Yes,No,Month-to-month,No,Mailed check,25-48
1,0,1,1,0,16,96.15,1529.2,4,95.575,Female,No,No,Yes,Yes,Fiber optic,No,No,No,No,Yes,Yes,Month-to-month,Yes,Electronic check,13-24
0,0,0,0,0,17,19.95,310.6,1,18.27058823529412,Male,No,No,Yes,No,No,No internet service,No internet service,No internet service,No internet service,No internet service,No internet service,One year,No,Mailed check,13-24
0,0,0,0,1,62,24.8,1476.25,2,23.81048387096774,Male,Yes,Yes,Yes,Yes,No,No internet service,No internet service,No internet service,No internet service,No internet service,No internet service,One year,No,Bank transfer (automatic),49-72
1,0,0,1,0,1,72.1,72.1,2,72.1,Female,No,No,Yes,Yes,Fiber optic,No,No,No,No,No,No,Month-to-month,Yes,Electronic check,0-12
0,1,0,0,0,13,74.65,966.25,2,74.32692307692308,Female,No,No,Yes,No,Fiber optic,No,Yes,No,No,No,No,One year,Yes,Mailed check,13-24
0,0,0,1,0,10,74.75,799.65,2,79.965,Female,No,No,Yes,Yes,Fiber optic,No,No,No,No,No,No,Month-to-month,Yes,Electronic check,0-12
0,0,0,1,0,4,50.85,239.55,2,59.8875,Female,Yes,Yes,Yes,Yes,DSL,No,No,No,No,No,No,Month-to-month,No,Mailed check,0-12
0,0,0,0,0,10,20.35,176.3,1,17.630000000000003,Male,No,No,Yes,No,No,No internet service,No internet service,No internet service,No internet service,No internet service,No internet service,One year,No,Mailed check,0-12
0,0,1,1,1,42,94.2,4186.3,4,99.67380952380952,Female,Yes,Yes,Yes,Yes,Fiber optic,No,No,No,No,Yes,Yes,Month-to-month,Yes,Electronic check,25-48
0,0,0,1,0,1,19.95,19.95,1,19.95,Female,No,No,Yes,No,No,No internet service,No internet service,No internet service,No internet service,No internet service,No internet service,Month-to-month,No,Credit card (automatic),0-12
0,1,0,0,1,67,87.4,5918.8,4,88.34029850746269,Male,Yes,Yes,Yes,Yes,Fiber optic,No,Yes,Yes,No,No,No,One year,No,Electronic check,49-72
0,0,0,0,1,62,20.05,1263.9,1,20.385483870967743,Male,Yes,Yes,Yes,No,No,No internet service,No internet service,No internet service,No internet service,No internet service,No internet service,Two year,No,Credit card (automatic),49-72
1,1,1,1,0,18,93.9,1743.9,5,96.88333333333334,Male,No,No,Yes,Yes,Fiber optic,No,No,Yes,Yes,Yes,No,Month-to-month,No,Bank transfer (automatic),13-24
0,1,1,1,0,12,84.6,1017.35,3,84.77916666666667,Female,No,No,Yes,No,Fiber optic,No,Yes,No,No,No,Yes,Month-to-month,Yes,Electronic check,0-12
0,1,0,1,0,9,50.1,484.05,2,53.78333333333333,Male,No,Yes,Yes,No,DSL,No,Yes,No,No,No,No,Month-to-month,Yes,Electronic check,0-12
0,0,0,0,1,72,25.75,1864.2,2,25.891666666666666,Male,Yes,No,Yes,Yes,No,No internet service,No internet service,No internet service,No internet service,No internet service,No internet service,Two year,No,Credit card (automatic),49-72
0,0,0,0,1,59,20.2,1192.3,1,20.208474576271186,Male,No,No,Yes,No,No,No internet service,No internet service,No internet service,No internet service,No internet service,No internet service,Two year,Yes,Bank transfer (automatic),49-72
0,1,1,0,1,30,79.3,2427.1,6,80.90333333333334,Female,No,No,Yes,Yes,DSL,Yes,No,Yes,No,Yes,Yes,One year,Yes,Credit card (automatic),25-48
0,1,1,0,1,70,98.9,6838.6,5,97.69428571428573,Female,No,No,Yes,Yes,Fiber optic,No,Yes,No,No,Yes,Yes,One year,No,Electronic check,49-72
0,0,0,0,1,69,20.15,1337.5,1,19.384057971014492,Female,Yes,Yes,Yes,No,No,No internet service,No internet service,No internet service,No internet service,No internet service,No internet service,Two year,No,Bank transfer (automatic),49-72
0,0,0,0,1,47,20.05,1016.7,1,21.631914893617022,Female,Yes,Yes,Yes,No,No,No internet service,No internet service,No internet service,No internet service,No internet service,No internet service,Two year,No,Credit card (automatic),25-48
0,1,1,0,0,12,59.8,727.8,3,60.65,Male,No,No,Yes,No,DSL,No,No,No,Yes,Yes,No,One year,Yes,Electronic check,0-12
0,1,0,1,1,42,84.3,3588.4,4,85.43809523809524,Female,Yes,No,Yes,Yes,Fiber optic,No,No,Yes,Yes,No,No,Month-to-month,Yes,Electronic check,25-48
0,1,1,0,1,59,99.5,5961.1,5,101.035593220339,Male,Yes,No,Yes,Yes,Fiber optic,No,No,Yes,No,Yes,Yes,One year,Yes,Bank transfer (automatic),49-72
1,1,1,0,1,45,102.15,4735.35,5,105.23,Female,No,No,Yes,Yes,Fiber optic,No,No,Yes,No,Yes,Yes,One year,Yes,Bank transfer (automatic),25-48
0,0,0,1,0,10,70.3,738.2,1,73.82000000000001,Male,Yes,No,Yes,No,Fiber optic,No,No,No,No,No,No,Month-to-month,Yes,Electronic check,0-12
0,1,1,0,1,49,78.0,3824.2,5,78.04489795918367,Female,Yes,Yes,Yes,No,DSL,No,Yes,Yes,No,Yes,Yes,One year,No,Credit card (automatic),49-72
0,0,0,0,1,58,25.15,1509.9,2,26.032758620689656,Female,Yes,Yes,Yes,Yes,No,No internet service,No internet service,No internet service,No internet service,No internet service,No internet service,Two year,No,Credit card (automatic),49-72
1,1,1,1,0,21,60.05,1236.15,3,58.86428571428572,Male,No,No,Yes,No,DSL,No,No,Yes,No,Yes,No,Month-to-month,Yes,Bank transfer (automatic),13-24
0,0,0,1,0,7,75.35,564.65,2,80.66428571428571,Female,No,No,Yes,Yes,Fiber optic,No,No,No,No,No,No,Month-to-month,Yes,Electronic check,0-12
0,1,0,0,1,28,54.4,1516.6,3,54.16428571428571,Male,No,Yes,Yes,No,DSL,No,Yes,No,Yes,No,No,One year,Yes,Credit card (automatic),25-48
1,1,1,1,1,32,104.9,3351.55,6,104.7359375,Male,Yes,No,Yes,Yes,Fiber optic,No,No,Yes,Yes,Yes,Yes,Month-to-month,Yes,Electronic check,25-48
0,1,1,0,1,46,101.1,4674.4,5,101.61739130434782,Female,No,No,Yes,Yes,Fiber optic,No,No,Yes,No,Yes,Yes,One year,Yes,Electronic check,25-48
0,0,1,1,0,12,96.05,1148.1,4,95.675,Male,No,No,Yes,Yes,Fiber optic,No,No,No,No,Yes,Yes,Month-to-month,Yes,Electronic check,0-12
0,0,1,1,0,9,89.45,853.1,3,94.78888888888889,Female,Yes,No,Yes,No,Fiber optic,No,No,No,No,Yes,Yes,Month-to-month,No,Electronic check,0-12
0,1,0,1,0,11,73.85,926.25,2,84.20454545454545,Male,No,No,Yes,No,Fiber optic,No,No,No,Yes,No,No,Month-to-month,Yes,Electronic check,0-12
0,0,0,1,0,2,20.35,33.2,1,16.6,Male,No,No,Yes,No,No,No internet service,No internet service,No internet service,No internet service,No internet service,No internet service,Month-to-month,No,Mailed check,0-12
0,1,1,1,0,2,85.85,167.3,3,83.65,Male,No,No,Yes,No,Fiber optic,No,No,Yes,No,No,Yes,Month-to-month,Yes,Electronic check,0-12
0,1,1,0,1,54,110.35,5893.15,7,109.1324074074074,Female,Yes,No,Yes,Yes,Fiber optic,No,Yes,Yes,Yes,Yes,Yes,One year,No,Electronic check,49-72
0,1,1,1,1,24,94.6,2283.15,4,95.13125000000001,Female,No,No,Yes,No,Fiber optic,Yes,No,No,No,Yes,Yes,Month-to-month,Yes,Electronic check,13-24
0,0,0,1,0,3,69.85,199.85,1,66.61666666666666,Female,No,No,Yes,No,Fiber optic,No,No,No,No,No,No,Month-to-month,Yes,Electronic check,0-12
0,0,0,1,0,1,45.75,45.75,1,45.75,Male,No,No,Yes,No,DSL,No,No,No,No,No,No,Month-to-month,No,Electronic check,0-12
0,1,1,0,1,41,68.5,2839.95,5,69.2670731707317,Male,Yes,Yes,Yes,Yes,DSL,No,Yes,Yes,No,Yes,No,One year,No,Bank transfer (automatic),25-48
0,1,1,1,1,39,55.9,2184.35,4,56.008974358974356,Female,Yes,No,No,No phone service,DSL,Yes,No,Yes,No,Yes,Yes,Month-to-month,No,Electronic check,25-48
0,0,0,0,0,6,19.45,113.5,1,18.916666666666668,Male,Yes,Yes,Yes,No,No,No internet service,No internet service,No internet service,No internet service,No internet service,No internet service,One year,No,Mailed check,0-12
0,0,0,0,1,42,22.95,1014.25,2,24.148809523809526,Female,Yes,Yes,Yes,Yes,No,No internet service,No internet service,No internet service,No internet service,No internet service,No internet service,Two year,No,Electronic check,25-48
1,1,1,1,1,32,100.4,3217.65,5,100.5515625,Female,Yes,Yes,Yes,Yes,Fiber optic,No,Yes,No,No,Yes,Yes,Month-to-month,Yes,Electronic check,25-48
0,1,0,1,0,2,51.55,106.2,2,53.1,Female,No,Yes,Yes,No,DSL,No,Yes,No,No,No,No,Month-to-month,No,Mailed check,0-12
1,1,1,0,1,59,64.05,3886.85,5,65.87881355932203,Male,Yes,No,No,No phone service,DSL,Yes,No,Yes,Yes,Yes,Yes,Two year,Yes,Credit card (automatic),49-72
0,0,1,1,0,1,80.8,80.8,2,80.8,Male,No,No,Yes,No,Fiber optic,No,No,No,No,No,Yes,Month-to-month,Yes,Electronic check,0-12
0,0,0,1,0,15,19.8,272.95,1,18.196666666666665,Female,Yes,Yes,Yes,No,No,No internet service,No internet service,No internet service,No internet service,No internet service,No internet service,Month-to-month,No,Mailed check,13-24
0,0,0,1,0,10,21.2,222.65,1,22.265,Female,No,No,Yes,No,No,No internet service,No internet service,No internet service,No internet service,No internet service,No internet service,Month-to-month,Yes,Electronic check,0-12
0,0,0,1,0,7,69.85,515.45,1,73.63571428571429,Female,No,No,Yes,No,Fiber optic,No,No,No,No,No,No,Month-to-month,Yes,Bank transfer (automatic),0-12
1,1,0,1,0,23,79.35,1835.3,3,79.79565217391304,Female,No,No,Yes,Yes,Fiber optic,No,No,Yes,No,No,No,Month-to-month,Yes,Mailed check,13-24
0,0,0,0,1,69,19.95,1399.35,1,20.280434782608694,Male,No,No,Yes,No,No,No internet service,No internet service,No internet service,No internet service,No internet service,No internet service,Two year,No,Credit card (automatic),49-72
1,1,0,1,0,23,75.4,1643.55,2,71.45869565217392,Female,No,No,Yes,No,Fiber optic,Yes,No,No,No,No,No,Month-to-month,Yes,Bank transfer (automatic),13-24
0,1,1,0,1,40,80.75,3208.65,6,80.21625,Female,No,No,Yes,Yes,DSL,No,No,Yes,Yes,Yes,Yes,One year,Yes,Mailed check,25-48
0,1,1,0,0,6,80.25,493.4,6,82.23333333333333,Male,No,No,Yes,No,DSL,Yes,No,Yes,Yes,Yes,Yes,Two year,Yes,Mailed check,0-12
0,1,1,1,1,46,93.7,4154.8,5,90.32173913043479,Male,No,No,Yes,Yes,Fiber optic,Yes,Yes,No,No,No,Yes,Month-to-month,Yes,Electronic check,25-48
0,0,0,0,1,68,19.35,1292.65,1,19.009558823529414,Female,Yes,Yes,Yes,No,No,No internet service,No internet service,No internet service,No internet service,No internet service,No internet service,Two year,Yes,Bank transfer (automatic),49-72
0,1,1,0,1,41,109.1,4454.25,7,108.64024390243902,Female,Yes,Yes,Yes,Yes,Fiber optic,No,Yes,Yes,Yes,Yes,Yes,One year,Yes,Bank transfer (automatic),25-48
0,1,0,0,1,39,41.15,1700.9,3,43.61282051282051,Female,No,No,No,No phone service,DSL,Yes,Yes,No,Yes,No,No,One year,No,Bank transfer (automatic),25-48
0,0,1,1,0,21,54.6,1125.2,2,53.58095238095238,Male,Yes,No,Yes,No,DSL,No,No,No,No,Yes,No,Month-to-month,No,Bank transfer (automatic),13-24
0,0,0,1,1,37,70.35,2552.9,1,68.9972972972973,Male,No,No,Yes,No,Fiber optic,No,No,No,No,No,No,Month-to-month,Yes,Mailed check,25-48
0,1,1,0,1,60,99.65,5941.05,5,99.0175,Female,No,No,Yes,No,Fiber optic,No,Yes,Yes,No,Yes,Yes,Two year,Yes,Electronic check,49-72
0,1,1,0,1,36,92.9,3379.25,8,93.86805555555556,Female,Yes,Yes,Yes,Yes,DSL,Yes,Yes,Yes,Yes,Yes,Yes,Two year,Yes,Credit card (automatic),25-48
0,1,1,1,1,35,106.9,3756.45,6,107.32714285714285,Female,Yes,Yes,Yes,No,Fiber optic,Yes,No,Yes,Yes,Yes,Yes,Month-to-month,Yes,Electronic check,25-48
0,1,1,0,1,72,99.9,7251.7,6,100.71805555555555,Female,Yes,Yes,Yes,Yes,Fiber optic,Yes,Yes,No,Yes,Yes,No,Two year,No,Bank transfer (automatic),49-72
0,1,1,0,1,72,89.05,6254.45,8,86.86736111111111,Male,Yes,No,Yes,Yes,DSL,Yes,Yes,Yes,Yes,Yes,Yes,Two year,Yes,Bank transfer (automatic),49-72
0,0,0,1,0,7,69.35,451.1,1,64.44285714285715,Male,Yes,No,Yes,No,Fiber optic,No,No,No,No,No,No,Month-to-month,Yes,Electronic check,0-12
1,0,0,1,0,1,70.6,70.6,1,70.6,Female,No,No,Yes,No,Fiber optic,No,No,No,No,No,No,Month-to-month,Yes,Mailed check,0-12
0,0,0,0,1,66,19.7,1253.8,1,18.996969696969696,Male,No,No,Yes,No,No,No internet service,No internet service,No internet service,No internet service,No internet service,No internet service,Two year,No,Bank transfer (automatic),49-72
0,1,1,0,1,31,99.45,3109.9,5,100.31935483870969,Male,No,No,Yes,No,Fiber optic,No,No,Yes,Yes,Yes,Yes,Two year,No,Bank transfer (automatic),25-48
0,0,1,1,0,7,93.85,635.6,4,90.8,Male,No,No,Yes,Yes,Fiber optic,No,No,No,No,Yes,Yes,Month-to-month,Yes,Electronic check,0-12
1,0,0,1,0,2,70.2,115.95,1,57.975,Female,No,No,Yes,No,Fiber optic,No,No,No,No,No,No,Month-to-month,Yes,Bank transfer (automatic),0-12
0,1,1,0,1,54,94.75,5121.75,5,94.84722222222223,Female,No,No,Yes,Yes,Fiber optic,No,Yes,Yes,No,Yes,No,One year,Yes,Bank transfer (automatic),49-72
0,0,0,1,0,1,24.05,24.05,2,24.05,Male,No,No,Yes,Yes,No,No internet service,No internet service,No internet service,No internet service,No internet service,No internet service,Month-to-month,Yes,Mailed check,0-12
0,1,1,0,1,71,73.35,5154.5,5,72.59859154929578,Male,Yes,Yes,Yes,No,DSL,No,Yes,No,Yes,Yes,Yes,Two year,Yes,Credit card (automatic),49-72
0,0,0,1,0,4,20.7,73.05,1,18.2625,Male,No,No,Yes,No,No,No internet service,No internet service,No internet service,No internet service,No internet service,No internet service,Month-to-month,No,Mailed check,0-12
0,0,1,1,0,3,79.4,244.65,2,81.55,Female,No,No,Yes,No,Fiber optic,No,No,No,No,Yes,No,Month-to-month,Yes,Electronic check,0-12
0,0,1,1,0,17,64.7,1093.1,3,64.3,Female,No,Yes,Yes,No,DSL,No,No,No,No,Yes,Yes,Month-to-month,Yes,Mailed check,13-24
0,1,1,0,1,52,79.75,4217.8,6,81.11153846153846,Male,No,No,Yes,Yes,DSL,Yes,No,No,Yes,Yes,Yes,Two year,Yes,Credit card (automatic),49-72
0,0,0,0,0,2,20.3,31.9,1,15.95,Female,Yes,Yes,Yes,No,No,No internet service,No internet service,No internet service,No internet service,No internet service,No internet service,One year,No,Mailed check,0-12
0,1,1,0,0,14,105.95,1348.9,6,96.35000000000001,Female,Yes,No,Yes,No,Fiber optic,Yes,Yes,No,Yes,Yes,Yes,One year,No,Mailed check,13-24
0,1,1,0,0,10,70.3,676.15,5,67.615,Female,Yes,Yes,Yes,Yes,DSL,Yes,Yes,No,No,Yes,No,One year,No,Electronic check,0-12
0,0,0,1,0,2,20.25,36.8,1,18.4,Male,No,No,Yes,No,No,No internet service,No internet service,No internet service,No internet service,No internet service,No internet service,Month-to-month,No,Mailed check,0-12
0,1,0,0,1,57,59.6,3509.4,4,61.56842105263158,Male,Yes,Yes,Yes,No,DSL,Yes,Yes,No,Yes,No,No,One year,No,Mailed check,49-72
1,0,0,1,0,13,70.45,849.1,1,65.31538461538462,Male,Yes,No,Yes,No,Fiber optic,No,No,No,No,No,No,Month-to-month,No,Bank transfer (automatic),13-24
1,1,1,0,1,64,102.1,6688.1,6,104.5015625,Male,No,No,Yes,Yes,Fiber optic,No,No,Yes,Yes,Yes,Yes,One year,No,Electronic check,49-72
0,1,0,0,1,57,41.1,2258.25,3,39.61842105263158,Female,No,No,No,No phone service,DSL,Yes,No,Yes,Yes,No,No,One year,Yes,Credit card (automatic),49-72
0,1,0,0,1,71,76.05,5436.45,2,76.56971830985916,Female,Yes,Yes,Yes,No,Fiber optic,No,No,Yes,No,No,No,Two year,No,Electronic check,49-72
0,0,0,1,0,1,70.6,70.6,1,70.6,Male,No,No,Yes,No,Fiber optic,No,No,No,No,No,No,Month-to-month,Yes,Mailed check,0-12
0,0,0,1,0,1,75.1,75.1,2,75.1,Female,No,No,Yes,Yes,Fiber optic,No,No,No,No,No,No,Month-to-month,Yes,Electronic check,0-12
0,0,0,1,0,1,44.6,44.6,1,44.6,Male,No,No,Yes,No,DSL,No,No,No,No,No,No,Month-to-month,No,Mailed check,0-12
1,0,1,0,1,53,95.85,5016.25,4,94.64622641509433,Female,Yes,No,Yes,Yes,Fiber optic,No,No,No,No,Yes,Yes,One year,Yes,Credit card (automatic),49-72
0,0,1,1,0,1,60.15,60.15,3,60.15,Female,No,No,Yes,Yes,DSL,No,No,No,No,No,Yes,Month-to-month,Yes,Electronic check,0-12
1,1,1,0,1,60,97.95,5867.0,5,97.78333333333333,Male,Yes,No,Yes,No,Fiber optic,No,Yes,Yes,No,Yes,Yes,One year,Yes,Electronic check,49-72
0,0,0,1,0,1,45.0,45.0,1,45.0,Female,Yes,No,Yes,No,DSL,No,No,No,No,No,No,Month-to-month,Yes,Electronic check,0-12
0,0,1,1,0,16,81.0,1312.15,2,82.009375,Female,No,Yes,Yes,No,Fiber optic,No,No,No,No,Yes,No,Month-to-month,Yes,Electronic check,13-24
0,0,0,0,1,70,19.7,1341.5,1,19.164285714285715,Female,No,No,Yes,No,No,No internet service,No internet service,No internet service,No internet service,No internet service,No internet service,One year,No,Bank transfer (automatic),49-72
0,1,0,0,1,66,89.0,5898.6,5,89.37272727272727,Female,Yes,No,Yes,Yes,Fiber optic,Yes,Yes,No,Yes,No,No,One year,No,Electronic check,49-72
0,1,0,1,1,25,79.85,2015.35,3,80.61399999999999,Female,No,No,Yes,No,Fiber optic,Yes,Yes,No,No,No,No,Month-to-month,Yes,Bank transfer (automatic),25-48
0,0,0,1,0,1,19.15,19.15,1,19.15,Female,No,No,Yes,No,No,No internet service,No internet service,No internet service,No internet service,No internet service,No internet service,Month-to-month,No,Mailed check,0-12
0,1,0,0,1,37,67.45,2443.3,6,66.03513513513514,Male,No,No,Yes,Yes,DSL,Yes,Yes,Yes,Yes,No,No,One year,No,Electronic check,25-48
0,0,0,1,0,1,19.45,19.45,1,19.45,Male,No,Yes,Yes,No,No,No internet service,No internet service,No internet service,No internet service,No internet service,No internet service,Month-to-month,Yes,Mailed check,0-12
0,0,1,1,0,4,79.15,317.25,2,79.3125,Female,No,No,Yes,No,Fiber optic,No,No,No,No,No,Yes,Month-to-month,Yes,Electronic check,0-12
0,0,0,1,0,3,44.6,122.7,1,40.9,Female,No,No,Yes,No,DSL,No,No,No,No,No,No,Month-to-month,No,Electronic check,0-12
0,1,1,1,1,29,66.1,1912.15,4,65.93620689655172,Female,No,No,Yes,Yes,DSL,Yes,No,No,No,No,Yes,Month-to-month,Yes,Electronic check,25-48
0,1,1,0,1,61,75.35,4729.3,6,77.52950819672131,Male,Yes,No,Yes,Yes,DSL,Yes,No,Yes,Yes,No,Yes,Two year,No,Credit card (automatic),49-72
1,1,1,0,1,72,116.75,8277.05,8,114.95902777777776,Female,Yes,No,Yes,Yes,Fiber optic,Yes,Yes,Yes,Yes,Yes,Yes,Two year,Yes,Credit card (automatic),49-72
0,1,1,0,1,68,103.25,7074.4,6,104.03529411764706,Male,Yes,Yes,Yes,No,Fiber optic,Yes,Yes,Yes,No,Yes,Yes,Two year,Yes,Credit card (automatic),49-72
0,0,0,1,0,1,20.15,20.15,1,20.15,Male,No,No,Yes,No,No,No internet service,No internet service,No internet service,No internet service,No internet service,No internet service,Month-to-month,No,Mailed check,0-12
0,0,0,0,1,51,19.55,1086.75,1,21.308823529411764,Male,Yes,Yes,Yes,No,No,No internet service,No internet service,No internet service,No internet service,No internet service,No internet service,Two year,No,Credit card (automatic),49-72
0,1,1,1,0,8,103.35,847.3,6,105.9125,Female,No,No,Yes,Yes,Fiber optic,Yes,No,No,Yes,Yes,Yes,Month-to-month,Yes,Bank transfer (automatic),0-12
0,1,1,0,1,69,110.05,7430.75,7,107.69202898550725,Male,No,No,Yes,Yes,Fiber optic,Yes,Yes,Yes,No,Yes,Yes,Two year,Yes,Credit card (automatic),49-72
0,0,0,0,0,14,19.35,324.8,1,23.2,Male,No,No,Yes,No,No,No internet service,No internet service,No internet service,No internet service,No internet service,No internet service,One year,No,Mailed check,13-24
0,1,1,1,1,62,101.35,6164.7,5,99.43064516129031,Female,Yes,No,Yes,Yes,Fiber optic,No,No,Yes,No,Yes,Yes,Month-to-month,Yes,Electronic check,49-72
1,1,0,1,1,50,83.4,4113.7,4,82.274,Female,No,No,Yes,Yes,Fiber optic,Yes,Yes,No,No,No,No,Month-to-month,Yes,Electronic check,49-72
0,1,1,0,1,71,84.8,6046.1,7,85.15633802816902,Female,Yes,No,Yes,No,DSL,Yes,Yes,Yes,Yes,Yes,Yes,One year,Yes,Bank transfer (automatic),49-72
0,1,1,0,1,38,62.3,2354.8,4,61.968421052631584,Male,No,No,Yes,No,DSL,No,No,Yes,Yes,No,Yes,One year,Yes,Mailed check,25-48
1,1,1,1,1,58,98.7,5812.6,5,100.21724137931035,Male,Yes,No,Yes,Yes,Fiber optic,No,No,Yes,No,Yes,Yes,Month-to-month,Yes,Electronic check,49-72
0,0,0,0,1,48,24.35,1133.7,2,23.618750000000002,Female,No,No,Yes,Yes,No,No internet service,No internet service,No internet service,No internet service,No internet service,No internet service,One year,No,Bank transfer (automatic),25-48
0,1,0,1,0,2,40.4,77.15,3,38.575,Male,No,No,No,No phone service,DSL,No,Yes,Yes,Yes,No,No,Month-to-month,Yes,Credit card (automatic),0-12
0,1,1,1,1,29,60.2,1834.15,3,63.24655172413794,Male,Yes,Yes,Yes,No,DSL,Yes,No,No,No,No,Yes,Month-to-month,Yes,Mailed check,25-48
0,1,0,0,1,66,58.2,3810.8,4,57.73939393939394,Female,Yes,Yes,Yes,No,DSL,Yes,Yes,No,Yes,No,No,Two year,Yes,Credit card (automatic),49-72
0,1,1,0,1,66,104.05,6890.0,6,104.39393939393939,Male,Yes,No,Yes,Yes,Fiber optic,No,Yes,No,Yes,Yes,Yes,One year,Yes,Electronic check,49-72
0,1,1,0,1,54,46.0,2424.05,3,44.88981481481482,Male,Yes,Yes,No,No phone service,DSL,No,No,Yes,Yes,No,Yes,Two year,No,Credit card (automatic),49-72
0,1,1,0,1,66,59.75,3996.8,3,60.55757575757576,Female,Yes,Yes,Yes,No,DSL,Yes,No,No,No,Yes,No,Two year,Yes,Electronic check,49-72
0,0,0,0,0,18,20.1,401.85,1,22.325000000000003,Male,No,No,Yes,No,No,No internet service,No internet service,No internet service,No internet service,No internet service,No internet service,One year,No,Mailed check,13-24
0,0,1,1,0,2,34.7,62.25,1,31.125,Female,No,No,No,No phone service,DSL,No,No,No,No,No,Yes,Month-to-month,Yes,Electronic check,0-12
0,0,0,0,0,3,19.6,61.35,1,20.45,Male,No,No,Yes,No,No,No internet service,No internet service,No internet service,No internet service,No internet service,No internet service,One year,No,Mailed check,0-12
1,0,0,1,0,1,25.1,25.1,0,25.1,Male,No,No,No,No phone service,DSL,No,No,No,No,No,No,Month-to-month,Yes,Electronic check,0-12
0,0,0,1,0,1,19.0,19.0,1,19.0,Female,Yes,Yes,Yes,No,No,No internet service,No internet service,No internet service,No internet service,No internet service,No internet service,Month-to-month,Yes,Mailed check,0-12
0,1,1,1,1,49,85.3,4297.95,3,87.71326530612245,Male,Yes,No,Yes,No,Fiber optic,No,Yes,No,No,Yes,No,Month-to-month,Yes,Credit card (automatic),49-72
0,1,1,0,1,72,85.9,6110.75,7,84.87152777777777,Female,Yes,Yes,Yes,Yes,DSL,Yes,No,Yes,Yes,Yes,Yes,Two year,Yes,Credit card (automatic),49-72
0,0,0,1,0,2,44.5,90.05,1,45.025,Male,Yes,Yes,Yes,No,DSL,No,No,No,No,No,No,Month-to-month,Yes,Electronic check,0-12
0,0,0,0,0,11,20.55,184.95,1,16.813636363636363,Male,Yes,No,Yes,No,No,No internet service,No internet service,No internet service,No internet service,No internet service,No internet service,One year,Yes,Mailed check,0-12
0,0,0,1,0,3,19.3,54.7,1,18.233333333333334,Female,Yes,Yes,Yes,No,No,No internet service,No internet service,No internet service,No internet service,No internet service,No internet service,Month-to-month,No,Mailed check,0-12
0,1,0,1,1,33,88.6,2888.7,5,87.53636363636363,Female,Yes,Yes,Yes,Yes,Fiber optic,No,Yes,Yes,Yes,No,No,Month-to-month,No,Credit card (automatic),25-48
0,0,0,1,0,8,25.5,215.2,0,26.9,Male,No,Yes,No,No phone service,DSL,No,No,No,No,No,No,Month-to-month,No,Mailed check,0-12
0,1,1,0,1,63,98.0,6218.45,6,98.70555555555555,Female,No,No,Yes,Yes,Fiber optic,Yes,Yes,Yes,No,Yes,No,Two year,No,Credit card (automatic),49-72
0,0,0,1,0,11,20.1,221.35,1,20.12272727272727,Female,No,Yes,Yes,No,No,No internet service,No internet service,No internet service,No internet service,No internet service,No internet service,Month-to-month,No,Credit card (automatic),0-12
0,1,0,0,1,36,40.65,1547.35,3,42.981944444444444,Female,Yes,Yes,No,No phone service,DSL,Yes,No,Yes,Yes,No,No,Two year,No,Credit card (automatic),25-48
0,1,1,1,0,8,94.75,759.55,4,94.94375,Male,Yes,Yes,Yes,No,Fiber optic,No,No,Yes,No,Yes,Yes,Month-to-month,Yes,Electronic check,0-12
1,0,1,1,0,10,34.7,329.8,1,32.980000000000004,Female,No,No,No,No phone service,DSL,No,No,No,No,No,Yes,Month-to-month,Yes,Electronic check,0-12
0,0,0,1,0,3,75.1,270.7,2,90.23333333333333,Female,No,No,Yes,Yes,Fiber optic,No,No,No,No,No,No,Month-to-month,Yes,Credit card (automatic),0-12
0,1,1,1,1,29,68.85,1970.5,5,67.94827586206897,Female,No,No,Yes,No,DSL,Yes,Yes,Yes,No,No,Yes,Month-to-month,Yes,Bank transfer (automatic),25-48
0,1,0,0,1,64,53.85,3399.85,3,53.12265625,Female,Yes,Yes,Yes,Yes,DSL,No,Yes,No,No,No,No,One year,Yes,Bank transfer (automatic),49-72
0,1,1,0,1,50,108.25,5431.4,7,108.62799999999999,Male,Yes,Yes,Yes,Yes,Fiber optic,Yes,Yes,Yes,No,Yes,Yes,One year,Yes,Electronic check,49-72
1,0,0,1,0,1,69.75,69.75,1,69.75,Male,No,No,Yes,No,Fiber optic,No,No,No,No,No,No,Month-to-month,Yes,Electronic check,0-12
0,1,0,1,0,7,75.15,496.9,2,70.98571428571428,Female,Yes,No,Yes,No,Fiber optic,No,No,Yes,No,No,No,Month-to-month,Yes,Bank transfer (automatic),0-12
0,1,0,0,0,14,51.45,727.85,2,51.989285714285714,Female,No,No,Yes,No,DSL,No,Yes,No,No,No,No,One year,No,Credit card (automatic),13-24
0,0,0,1,0,1,70.6,70.6,1,70.6,Male,No,No,Yes,No,Fiber optic,No,No,No,No,No,No,Month-to-month,No,Mailed check,0-12
1,0,0,1,0,3,70.3,235.5,1,78.5,Female,No,No,Yes,No,Fiber optic,No,No,No,No,No,No,Month-to-month,Yes,Electronic check,0-12
0,1,1,1,0,3,64.6,174.2,4,58.06666666666666,Female,No,No,Yes,Yes,DSL,No,No,No,Yes,Yes,No,Month-to-month,No,Electronic check,0-12
0,0,0,1,0,2,75.9,143.35,2,71.675,Female,No,No,Yes,Yes,Fiber optic,No,No,No,No,No,No,Month-to-month,Yes,Electronic check,0-12
0,1,0,0,1,36,35.35,1317.95,2,36.609722222222224,Male,Yes,No,No,No phone service,DSL,Yes,No,Yes,No,No,No,One year,No,Mailed check,25-48
0,1,1,0,1,68,103.75,7039.45,6,103.52132352941176,Female,Yes,Yes,Yes,Yes,Fiber optic,No,Yes,No,Yes,Yes,Yes,Two year,Yes,Credit card (automatic),49-72
1,1,0,1,1,33,83.85,2716.3,4,82.31212121212121,Male,No,No,Yes,Yes,Fiber optic,No,Yes,Yes,No,No,No,Month-to-month,Yes,Credit card (automatic),25-48
0,1,1,1,0,9,98.3,923.5,5,102.61111111111111,Female,No,No,Yes,Yes,Fiber optic,No,No,Yes,No,Yes,Yes,Month-to-month,No,Credit card (automatic),0-12
1,0,1,1,1,32,85.0,2642.05,3,82.5640625,Male,Yes,No,Yes,Yes,Fiber optic,No,No,No,No,No,Yes,Month-to-month,Yes,Electronic check,25-48
0,1,0,1,0,22,54.2,1152.7,3,52.39545454545455,Male,Yes,No,Yes,No,DSL,Yes,No,No,Yes,No,No,Month-to-month,Yes,Electronic check,13-24
0,1,1,1,0,19,89.1,1620.8,4,85.30526315789473,Female,Yes,No,Yes,Yes,Fiber optic,No,Yes,No,No,No,Yes,Month-to-month,Yes,Electronic check,13-24
0,1,0,0,1,67,60.4,3953.7,4,59.01044776119403,Male,Yes,Yes,Yes,No,DSL,Yes,No,Yes,Yes,No,No,Two year,Yes,Bank transfer (automatic),49-72
0,0,0,0,1,41,19.7,804.25,1,19.615853658536587,Female,Yes,Yes,Yes,No,No,No internet service,No internet service,No internet service,No internet service,No internet service,No internet service,Two year,No,Bank transfer (automatic),25-48
0,1,1,1,0,3,85.8,272.2,3,90.73333333333333,Female,No,No,Yes,No,Fiber optic,No,No,No,Yes,No,Yes,Month-to-month,No,Electronic check,0-12
0,0,0,0,1,52,19.65,1025.05,1,19.7125,Male,No,No,Yes,No,No,No internet service,No internet service,No internet service,No internet service,No internet service,No internet service,Two year,No,Mailed check,49-72
0,0,1,1,0,1,81.95,81.95,2,81.95,Female,No,No,Yes,No,Fiber optic,No,No,No,No,No,Yes,Month-to-month,Yes,Electronic check,0-12
0,0,1,1,0,2,65.7,134.35,3,67.175,Female,Yes,Yes,Yes,No,DSL,No,No,No,No,Yes,Yes,Month-to-month,No,Mailed check,0-12
0,1,1,1,0,2,87.15,183.75,3,91.875,Female,No,No,Yes,No,Fiber optic,No,Yes,No,No,Yes,No,Month-to-month,Yes,Bank transfer (automatic),0-12
0,0,0,1,0,8,19.35,152.6,1,19.075,Male,Yes,Yes,Yes,No,No,No internet service,No internet service,No internet service,No internet service,No internet service,No internet service,Month-to-month,Yes,Mailed check,0-12
1,1,1,1,1,42,95.55,3930.6,5,93.58571428571429,Female,Yes,No,Yes,Yes,Fiber optic,No,Yes,Yes,No,Yes,No,Month-to-month,Yes,Electronic check,25-48
1,0,0,1,0,13,70.15,916.75,1,70.51923076923077,Female,Yes,No,Yes,No,Fiber optic,No,No,No,No,No,No,Month-to-month,Yes,Electronic check,13-24
0,1,1,1,0,8,71.15,563.65,5,70.45625,Female,No,No,Yes,Yes,DSL,Yes,No,No,Yes,No,Yes,Month-to-month,No,Electronic check,0-12
0,0,0,0,1,53,19.05,990.45,1,18.687735849056605,Female,Yes,No,Yes,No,No,No internet service,No internet service,No internet service,No internet service,No internet service,No internet service,One year,No,Credit card (automatic),49-72
0,1,1,1,0,15,83.2,1130.0,3,75.33333333333333,Female,No,No,Yes,No,Fiber optic,No,Yes,No,No,Yes,No,Month-to-month,Yes,Bank transfer (automatic),13-24
0,1,1,1,1,39,50.75,2011.4,3,51.57435897435898,Female,No,No,No,No phone service,DSL,No,No,Yes,No,Yes,Yes,Month-to-month,Yes,Electronic check,25-48
1,0,1,1,1,27,36.5,1032.0,1,38.22222222222222,Male,Yes,No,No,No phone service,DSL,No,No,No,No,No,Yes,Month-to-month,No,Bank transfer (automatic),25-48
0,1,1,1,0,1,100.25,100.25,5,100.25,Female,No,No,Yes,Yes,Fiber optic,No,Yes,No,No,Yes,Yes,Month-to-month,Yes,Credit card (automatic),0-12
0,0,0,0,1,46,21.1,937.1,1,20.371739130434783,Female,No,No,Yes,No,No,No internet service,No internet service,No internet service,No internet service,No internet service,No internet service,Two year,Yes,Electronic check,25-48
0,1,0,1,0,17,80.5,1336.9,3,78.64117647058823,Male,Yes,No,Yes,Yes,Fiber optic,No,Yes,No,No,No,No,Month-to-month,Yes,Bank transfer (automatic),13-24
0,0,0,0,1,51,19.4,997.75,1,19.563725490196077,Male,Yes,Yes,Yes,No,No,No internet service,No internet service,No internet service,No internet service,No internet service,No internet service,One year,No,Mailed check,49-72
0,1,1,1,0,9,85.3,781.4,3,86.82222222222222,Female,No,No,Yes,No,Fiber optic,No,No,Yes,No,No,Yes,Month-to-month,Yes,Credit card (automatic),0-12
1,1,1,0,1,45,100.15,4459.8,5,99.10666666666667,Female,No,No,Yes,Yes,Fiber optic,No,No,Yes,No,Yes,Yes,One year,Yes,Bank transfer (automatic),25-48
0,1,1,0,1,69,105.0,7297.75,6,105.76449275362319,Male,Yes,Yes,Yes,Yes,Fiber optic,No,Yes,Yes,No,Yes,Yes,Two year,Yes,Electronic check,49-72
0,0,0,0,1,57,19.75,1272.05,1,22.316666666666666,Female,Yes,Yes,Yes,No,No,No internet service,No internet service,No internet service,No internet service,No internet service,No internet service,Two year,No,Bank transfer (automatic),49-72
0,1,1,0,0,22,49.45,1031.4,3,46.88181818181818,Female,No,Yes,No,No phone service,DSL,No,No,Yes,No,Yes,Yes,One year,Yes,Credit card (automatic),13-24
0,0,1,1,0,1,80.55,80.55,2,80.55,Male,No,No,Yes,No,Fiber optic,No,No,No,No,Yes,No,Month-to-month,Yes,Electronic check,0-12
0,1,0,1,0,10,51.65,524.5,2,52.45,Male,No,No,Yes,No,DSL,Yes,No,No,No,No,No,Month-to-month,Yes,Mailed check,0-12
0,0,0,0,1,32,20.05,614.45,1,19.2015625,Male,No,No,Yes,No,No,No internet service,No internet service,No internet service,No internet service,No internet service,No internet service,Two year,Yes,Bank transfer (automatic),25-48
0,1,0,1,0,16,79.95,1267.95,3,79.246875,Female,Yes,Yes,Yes,Yes,Fiber optic,No,Yes,No,No,No,No,Month-to-month,Yes,Credit card (automatic),13-24
0,1,1,0,1,57,95.0,5535.8,4,97.11929824561403,Female,Yes,Yes,Yes,No,Fiber optic,No,Yes,No,No,Yes,Yes,One year,Yes,Electronic check,49-72
0,0,0,1,0,18,19.65,391.7,1,21.76111111111111,Female,No,No,Yes,No,No,No internet service,No internet service,No internet service,No internet service,No internet service,No internet service,Month-to-month,No,Mailed check,13-24
0,1,1,0,1,41,66.5,2728.6,4,66.55121951219512,Female,Yes,Yes,Yes,No,DSL,No,Yes,No,Yes,No,Yes,One year,Yes,Bank transfer (automatic),25-48
0,1,0,1,0,14,76.45,1117.55,2,79.825,Male,No,No,Yes,No,Fiber optic,No,No,Yes,No,No,No,Month-to-month,No,Electronic check,13-24
0,0,1,1,0,9,94.75,889.9,4,98.87777777777778,Female,No,No,Yes,Yes,Fiber optic,No,No,No,No,Yes,Yes,Month-to-month,Yes,Electronic check,0-12
1,1,1,1,0,13,100.8,1308.1,5,100.62307692307692,Female,No,No,Yes,Yes,Fiber optic,Yes,No,No,No,Yes,Yes,Month-to-month,Yes,Electronic check,13-24
0,0,0,1,0,1,75.1,75.1,2,75.1,Male,No,No,Yes,Yes,Fiber optic,No,No,No,No,No,No,Month-to-month,Yes,Electronic check,0-12
0,1,1,0,1,68,100.3,6754.35,5,99.32867647058823,Male,Yes,No,Yes,No,Fiber optic,No,Yes,No,Yes,Yes,Yes,One year,Yes,Electronic check,49-72
0,0,0,0,1,48,20.2,1027.25,1,21.401041666666668,Female,Yes,Yes,Yes,No,No,No internet service,No internet service,No internet service,No internet service,No internet service,No internet service,Two year,No,Bank transfer (automatic),25-48
1,1,1,1,0,13,106.9,1364.3,6,104.94615384615385,Male,No,No,Yes,Yes,Fiber optic,No,Yes,Yes,No,Yes,Yes,Month-to-month,Yes,Electronic check,13-24
0,1,0,1,0,2,55.1,113.35,3,56.675,Male,No,No,Yes,No,DSL,Yes,No,Yes,No,No,No,Month-to-month,Yes,Mailed check,0-12
0,1,1,0,1,32,74.75,2282.95,5,71.3421875,Female,No,No,Yes,Yes,DSL,Yes,No,No,No,Yes,Yes,One year,No,Mailed check,25-48
0,1,0,0,1,51,60.5,3145.15,4,61.66960784313726,Female,Yes,No,Yes,No,DSL,Yes,Yes,No,Yes,No,No,One year,Yes,Bank transfer (automatic),49-72
0,0,0,1,0,1,69.55,69.55,1,69.55,Female,No,No,Yes,No,Fiber optic,No,No,No,No,No,No,Month-to-month,No,Mailed check,0-12
0,0,0,0,1,25,19.9,527.5,1,21.1,Female,No,No,Yes,No,No,No internet service,No internet service,No internet service,No internet service,No internet service,No internet service,One year,No,Credit card (automatic),25-48
0,0,0,0,0,14,18.8,255.55,1,18.25357142857143,Female,Yes,Yes,Yes,No,No,No internet service,No internet service,No internet service,No internet service,No internet service,No internet service,Two year,No,Mailed check,13-24
0,1,1,0,1,30,70.25,2198.9,5,73.29666666666667,Female,Yes,No,Yes,No,DSL,No,Yes,Yes,Yes,No,Yes,One year,No,Bank transfer (automatic),25-48
0,1,1,0,1,72,117.5,8670.1,8,120.41805555555555,Female,Yes,Yes,Yes,Yes,Fiber optic,Yes,Yes,Yes,Yes,Yes,Yes,Two year,No,Credit card (automatic),49-72
0,0,1,1,1,56,85.6,4902.8,3,87.55,Female,Yes,No,Yes,Yes,Fiber optic,No,No,No,No,Yes,No,Month-to-month,Yes,Bank transfer (automatic),49-72
0,1,1,0,1,72,97.95,7114.25,6,98.80902777777777,Male,Yes,No,Yes,Yes,Fiber optic,Yes,Yes,Yes,No,Yes,No,Two year,Yes,Credit card (automatic),49-72
0,0,0,0,1,53,19.4,1110.35,1,20.95,Male,Yes,Yes,Yes,No,No,No internet service,No internet service,No internet service,No internet service,No internet service,No internet service,Two year,Yes,Mailed check,49-72
0,1,0,1,0,3,55.9,157.55,3,52.51666666666667,Male,No,Yes,Yes,No,DSL,Yes,No,Yes,No,No,No,Month-to-month,No,Mailed check,0-12
0,0,0,1,1,39,75.25,3017.65,2,77.37564102564103,Male,No,No,Yes,Yes,Fiber optic,No,No,No,No,No,No,Month-to-month,No,Electronic check,25-48
0,1,1,1,1,40,101.3,4113.1,5,102.82750000000001,Male,Yes,No,Yes,Yes,Fiber optic,No,Yes,No,No,Yes,Yes,Month-to-month,Yes,Electronic check,25-48
0,0,0,0,1,60,19.95,1189.9,1,19.831666666666667,Male,No,Yes,Yes,No,No,No internet service,No internet service,No internet service,No internet service,No internet service,No internet service,Two year,No,Mailed check,49-72
0,1,1,0,1,68,80.65,5330.2,6,78.38529411764705,Female,No,No,Yes,Yes,DSL,No,Yes,Yes,No,Yes,Yes,Two year,Yes,Electronic check,49-72
0,1,1,0,1,52,79.2,4016.3,6,77.23653846153846,Male,Yes,Yes,Yes,No,DSL,Yes,Yes,Yes,No,Yes,Yes,Two year,No,Electronic check,49-72
0,1,0,0,0,23,40.65,947.4,3,41.19130434782608,Male,No,Yes,No,No phone service,DSL,Yes,Yes,No,Yes,No,No,One year,No,Bank transfer (automatic),13-24
0,1,1,0,1,61,81.05,4747.65,6,77.83032786885245,Male,Yes,No,Yes,No,DSL,Yes,Yes,No,Yes,Yes,Yes,Two year,Yes,Mailed check,49-72
0,0,0,0,1,67,19.25,1372.9,1,20.491044776119406,Female,Yes,Yes,Yes,No,No,No internet service,No internet service,No internet service,No internet service,No internet service,No internet service,Two year,Yes,Bank transfer (automatic),49-72
0,1,1,0,1,66,85.9,5595.3,7,84.77727272727273,Male,Yes,No,Yes,No,DSL,Yes,Yes,Yes,Yes,Yes,Yes,Two year,Yes,Bank transfer (automatic),49-72
0,0,0,0,0,8,24.4,203.95,2,25.49375,Male,Yes,Yes,Yes,Yes,No,No internet service,No internet service,No internet service,No internet service,No internet service,No internet service,One year,No,Mailed check,0-12
0,1,0,1,1,35,59.45,2136.9,4,61.05428571428572,Female,Yes,Yes,Yes,Yes,DSL,Yes,Yes,No,No,No,No,Month-to-month,Yes,Credit card (automatic),25-48
0,1,0,0,1,62,38.6,2345.55,3,37.83145161290323,Male,Yes,No,No,No phone service,DSL,Yes,Yes,No,Yes,No,No,Two year,Yes,Credit card (automatic),49-72
0,1,0,1,0,1,83.4,83.4,4,83.4,Female,No,No,Yes,No,Fiber optic,Yes,Yes,No,Yes,No,No,Month-to-month,Yes,Mailed check,0-12
0,0,0,1,0,1,20.45,20.45,1,20.45,Male,No,No,Yes,No,No,No internet service,No internet service,No internet service,No internet service,No internet service,No internet service,Month-to-month,Yes,Mailed check,0-12
0,0,0,0,1,41,19.3,772.4,1,18.839024390243903,Female,Yes,Yes,Yes,No,No,No internet service,No internet service,No internet service,No internet service,No internet service,No internet service,Two year,No,Bank transfer (automatic),25-48
1,1,1,0,1,72,98.35,6929.4,5,96.24166666666666,Male,Yes,No,Yes,Yes,Fiber optic,No,Yes,No,No,Yes,Yes,Two year,No,Bank transfer (automatic),49-72
0,1,1,1,0,5,92.5,452.7,4,90.53999999999999,Male,No,No,Yes,Yes,Fiber optic,No,No,Yes,No,Yes,No,Month-to-month,Yes,Electronic check,0-12
0,1,1,0,1,71,114.6,8100.25,8,114.08802816901408,Female,Yes,Yes,Yes,Yes,Fiber optic,Yes,Yes,Yes,Yes,Yes,Yes,Two year,No,Bank transfer (automatic),49-72
1,0,0,1,0,1,73.65,73.65,2,73.65,Male,No,No,Yes,Yes,Fiber optic,No,No,No,No,No,No,Month-to-month,Yes,Electronic check,0-12
0,0,0,1,0,1,43.85,43.85,1,43.85,Male,No,No,Yes,No,DSL,No,No,No,No,No,No,Month-to-month,Yes,Bank transfer (automatic),0-12
0,0,0,0,1,62,26.0,1638.7,2,26.43064516129032,Female,No,Yes,Yes,Yes,No,No internet service,No internet service,No internet service,No internet service,No internet service,No internet service,Two year,No,Bank transfer (automatic),49-72
0,0,0,0,1,47,21.3,1041.8,1,22.16595744680851,Female,Yes,Yes,Yes,No,No,No internet service,No internet service,No internet service,No internet service,No internet service,No internet service,Two year,Yes,Bank transfer (automatic),25-48
1,1,1,1,0,16,94.45,1511.2,4,94.45,Female,No,No,Yes,No,Fiber optic,No,No,No,Yes,Yes,Yes,Month-to-month,Yes,Electronic check,13-24
0,1,1,0,1,61,101.15,6383.9,5,104.65409836065574,Female,Yes,No,Yes,Yes,Fiber optic,No,No,No,Yes,Yes,Yes,One year,No,Bank transfer (automatic),49-72
0,0,0,0,0,23,19.3,486.2,1,21.139130434782608,Male,Yes,No,Yes,No,No,No internet service,No internet service,No internet service,No internet service,No internet service,No internet service,One year,No,Credit card (automatic),13-24
0,1,1,1,0,12,89.4,1095.65,4,91.30416666666667,Female,No,No,Yes,No,Fiber optic,No,No,Yes,Yes,No,Yes,Month-to-month,Yes,Electronic check,0-12
0,1,1,0,1,27,80.85,2204.35,6,81.64259259259259,Male,Yes,No,Yes,Yes,DSL,Yes,No,No,Yes,Yes,Yes,One year,No,Mailed check,25-48
0,0,0,0,1,38,20.25,814.75,1,21.44078947368421,Female,Yes,No,Yes,No,No,No internet service,No internet service,No internet service,No internet service,No internet service,No internet service,One year,Yes,Credit card (automatic),25-48
0,0,0,0,1,29,20.0,599.3,1,20.66551724137931,Female,No,No,Yes,No,No,No internet service,No internet service,No internet service,No internet service,No internet service,No internet service,One year,No,Mailed check,25-48
0,0,0,0,1,64,25.55,1714.95,2,26.79609375,Female,Yes,No,Yes,Yes,No,No internet service,No internet service,No internet service,No internet service,No internet service,No internet service,Two year,No,Mailed check,49-72
0,0,0,0,1,51,20.65,1020.75,1,20.014705882352942,Female,No,No,Yes,No,No,No internet service,No internet service,No internet service,No internet service,No internet service,No internet service,Two year,No,Bank transfer (automatic),49-72
0,1,0,0,1,51,59.9,3043.6,4,59.67843137254902,Male,No,No,Yes,Yes,DSL,Yes,No,No,Yes,No,No,One year,No,Credit card (automatic),49-72
0,0,0,1,1,27,49.0,1291.35,2,47.827777777777776,Male,No,No,Yes,Yes,DSL,No,No,No,No,No,No,Month-to-month,No,Mailed check,25-48
0,1,1,1,0,5,63.95,318.1,4,63.620000000000005,Male,No,No,Yes,No,DSL,No,No,Yes,Yes,Yes,No,Month-to-month,Yes,Credit card (automatic),0-12
0,1,1,0,1,72,95.1,6843.15,5,95.04374999999999,Female,Yes,Yes,Yes,Yes,Fiber optic,Yes,Yes,No,No,Yes,No,Two year,Yes,Electronic check,49-72
0,1,1,0,1,51,78.65,3950.85,6,77.46764705882353,Female,Yes,No,Yes,Yes,DSL,No,Yes,No,Yes,Yes,Yes,One year,Yes,Credit card (automatic),49-72
0,0,1,1,0,14,89.8,1129.1,3,80.64999999999999,Female,No,No,Yes,No,Fiber optic,No,No,No,No,Yes,Yes,Month-to-month,Yes,Mailed check,13-24
0,1,0,1,0,22,55.1,1253.15,3,56.96136363636364,Male,No,No,Yes,No,DSL,Yes,No,No,Yes,No,No,Month-to-month,No,Mailed check,13-24
0,1,1,0,1,41,102.6,4213.35,6,102.76463414634148,Male,Yes,Yes,Yes,Yes,Fiber optic,No,No,Yes,Yes,Yes,Yes,One year,Yes,Electronic check,25-48
0,0,0,0,1,42,20.75,844.45,1,20.10595238095238,Female,No,No,Yes,No,No,No internet service,No internet service,No internet service,No internet service,No internet service,No internet service,Two year,Yes,Bank transfer (automatic),25-48
0,0,0,1,0,4,70.15,268.35,1,67.0875,Female,No,No,Yes,No,Fiber optic,No,No,No,No,No,No,Month-to-month,Yes,Electronic check,0-12
0,1,0,0,1,72,90.35,6563.4,5,91.15833333333333,Female,Yes,Yes,Yes,Yes,Fiber optic,Yes,Yes,No,Yes,No,No,Two year,Yes,Bank transfer (automatic),49-72
0,0,0,1,0,4,20.05,85.5,1,21.375,Female,No,Yes,Yes,No,No,No internet service,No internet service,No internet service,No internet service,No internet service,No internet service,Month-to-month,Yes,Bank transfer (automatic),0-12
1,1,1,1,0,20,60.0,1259.35,3,62.967499999999994,Female,Yes,No,Yes,No,DSL,No,Yes,No,No,No,Yes,Month-to-month,Yes,Electronic check,13-24
0,1,1,0,0,22,65.25,1441.8,4,65.53636363636363,Female,No,No,Yes,No,DSL,No,Yes,Yes,No,Yes,No,One year,No,Bank transfer (automatic),13-24
0,1,1,0,1,37,104.5,3778.0,6,102.10810810810811,Male,No,No,Yes,Yes,Fiber optic,No,Yes,No,Yes,Yes,Yes,One year,Yes,Credit card (automatic),25-48
0,1,0,1,0,1,49.55,49.55,2,49.55,Female,No,No,Yes,No,DSL,Yes,No,No,No,No,No,Month-to-month,No,Bank transfer (automatic),0-12
1,1,1,1,0,20,98.55,1842.8,5,92.14,Male,No,No,Yes,Yes,Fiber optic,No,No,Yes,No,Yes,Yes,Month-to-month,Yes,Electronic check,13-24
0,1,0,1,1,25,74.6,1797.75,2,71.91,Female,Yes,No,Yes,No,Fiber optic,No,No,Yes,No,No,No,Month-to-month,Yes,Electronic check,25-48
0,1,0,1,0,4,78.45,330.05,3,82.5125,Male,No,No,Yes,Yes,Fiber optic,No,Yes,No,No,No,No,Month-to-month,No,Electronic check,0-12
0,0,0,0,1,72,25.55,1867.7,2,25.94027777777778,Male,Yes,Yes,Yes,Yes,No,No internet service,No internet service,No internet service,No internet service,No internet service,No internet service,Two year,No,Credit card (automatic),49-72
0,0,0,1,1,32,19.4,641.15,1,20.0359375,Female,Yes,No,Yes,No,No,No internet service,No internet service,No internet service,No internet service,No internet service,No internet service,Month-to-month,No,Bank transfer (automatic),25-48
0,0,0,0,1,59,19.5,1222.65,1,20.722881355932206,Female,Yes,Yes,Yes,No,No,No internet service,No internet service,No internet service,No internet service,No internet service,No internet service,Two year,No,Credit card (automatic),49-72
0,0,0,1,1,35,19.25,617.65,1,17.647142857142857,Female,No,No,Yes,No,No,No internet service,No internet service,No internet service,No internet service,No internet service,No internet service,Month-to-month,No,Bank transfer (automatic),25-48
0,1,0,0,1,53,62.85,3419.5,4,64.51886792452831,Male,No,Yes,Yes,No,DSL,Yes,Yes,No,Yes,No,No,One year,No,Credit card (automatic),49-72
0,1,0,0,1,71,79.05,5552.5,3,78.20422535211267,Male,No,No,Yes,Yes,Fiber optic,No,Yes,No,No,No,No,One year,Yes,Credit card (automatic),49-72
0,1,1,1,0,11,97.85,1105.4,5,100.4909090909091,Female,No,No,Yes,Yes,Fiber optic,No,No,Yes,No,Yes,Yes,Month-to-month,Yes,Bank transfer (automatic),0-12
0,0,0,0,1,52,19.85,1070.5,1,20.58653846153846,Female,Yes,Yes,Yes,No,No,No internet service,No internet service,No internet service,No internet service,No internet service,No internet service,Two year,No,Mailed check,49-72
0,1,0,0,1,43,35.2,1463.7,2,34.03953488372093,Male,No,No,No,No phone service,DSL,Yes,No,Yes,No,No,No,One year,Yes,Credit card (automatic),25-48
0,0,0,0,0,23,25.6,514.75,2,22.380434782608695,Female,Yes,Yes,Yes,Yes,No,No internet service,No internet service,No internet service,No internet service,No internet service,No internet service,Two year,Yes,Credit card (automatic),13-24
0,1,1,1,0,11,50.55,565.35,3,51.39545454545455,Female,Yes,Yes,No,No phone service,DSL,Yes,No,No,No,Yes,Yes,Month-to-month,No,Electronic check,0-12
0,1,1,1,1,28,105.7,2979.5,6,106.41071428571429,Male,No,No,Yes,Yes,Fiber optic,No,Yes,Yes,No,Yes,Yes,Month-to-month,Yes,Electronic check,25-48
0,1,1,0,1,63,99.65,6311.2,5,100.17777777777778,Female,Yes,Yes,Yes,Yes,Fiber optic,Yes,No,No,No,Yes,Yes,One year,Yes,Credit card (automatic),49-72
1,1,1,1,0,13,59.9,788.35,3,60.642307692307696,Male,No,No,Yes,No,DSL,No,Yes,No,No,Yes,No,Month-to-month,Yes,Electronic check,13-24
0,1,1,1,0,17,94.4,1617.5,5,95.1470588235294,Female,No,No,Yes,Yes,Fiber optic,Yes,Yes,No,No,Yes,No,Month-to-month,Yes,Electronic check,13-24
0,1,1,1,0,3,86.05,244.85,3,81.61666666666666,Male,No,No,Yes,No,Fiber optic,Yes,No,No,No,No,Yes,Month-to-month,Yes,Mailed check,0-12
0,0,0,1,0,4,45.65,191.05,1,47.7625,Female,No,No,Yes,No,DSL,No,No,No,No,No,No,Month-to-month,No,Mailed check,0-12
0,1,1,1,1,47,87.2,4017.45,4,85.47765957446808,Male,Yes,Yes,Yes,Yes,Fiber optic,No,Yes,No,No,Yes,No,Month-to-month,No,Electronic check,25-48
0,1,0,0,1,69,59.1,4134.7,4,59.9231884057971,Female,Yes,Yes,Yes,No,DSL,No,Yes,Yes,Yes,No,No,One year,No,Bank transfer (automatic),49-72
0,1,0,1,0,3,79.1,246.5,3,82.16666666666667,Female,No,No,Yes,No,Fiber optic,Yes,Yes,No,No,No,No,Month-to-month,Yes,Electronic check,0-12
0,0,0,0,0,11,25.0,300.7,2,27.336363636363636,Female,Yes,Yes,Yes,Yes,No,No internet service,No internet service,No internet service,No internet service,No internet service,No internet service,Two year,No,Mailed check,0-12
1,1,1,1,0,8,94.45,742.95,4,92.86875,Female,No,No,Yes,No,Fiber optic,No,No,Yes,No,Yes,Yes,Month-to-month,Yes,Credit card (automatic),0-12
0,0,0,1,0,4,19.0,78.9,1,19.725,Male,No,No,Yes,No,No,No internet service,No internet service,No internet service,No internet service,No internet service,No internet service,Month-to-month,No,Mailed check,0-12
0,1,1,0,1,53,53.6,2879.2,5,54.32452830188679,Female,No,No,No,No phone service,DSL,Yes,Yes,Yes,Yes,Yes,No,One year,Yes,Electronic check,49-72
0,0,0,1,0,20,20.0,417.65,1,20.8825,Female,Yes,Yes,Yes,No,No,No internet service,No internet service,No internet service,No internet service,No internet service,No internet service,Month-to-month,No,Electronic check,13-24
1,1,1,1,0,5,45.4,214.75,3,42.95,Male,No,No,No,No phone service,DSL,No,No,Yes,Yes,Yes,No,Month-to-month,No,Credit card (automatic),0-12
0,0,0,1,0,4,70.05,266.9,1,66.725,Female,No,No,Yes,No,Fiber optic,No,No,No,No,No,No,Month-to-month,Yes,Credit card (automatic),0-12
0,1,1,0,1,62,65.1,3846.75,4,62.04435483870968,Female,No,No,Yes,No,DSL,Yes,No,No,Yes,No,Yes,Two year,Yes,Mailed check,49-72
1,1,1,0,1,44,89.15,3990.75,4,90.69886363636364,Female,No,No,Yes,No,Fiber optic,No,Yes,Yes,No,No,Yes,One year,No,Credit card (automatic),25-48
0,0,0,1,0,3,19.8,58.15,1,19.383333333333333,Male,No,No,Yes,No,No,No internet service,No internet service,No internet service,No internet service,No internet service,No internet service,Month-to-month,Yes,Mailed check,0-12
0,1,1,0,1,72,84.2,5986.55,7,83.14652777777778,Female,Yes,Yes,Yes,Yes,DSL,Yes,No,Yes,Yes,Yes,Yes,Two year,Yes,Bank transfer (automatic),49-72
0,0,0,0,0,12,19.7,258.35,1,21.52916666666667,Male,Yes,Yes,Yes,No,No,No internet service,No internet service,No internet service,No internet service,No internet service,No internet service,Two year,No,Mailed check,0-12
0,1,1,1,0,2,97.1,184.15,4,92.075,Male,Yes,Yes,Yes,No,Fiber optic,Yes,No,No,No,Yes,Yes,Month-to-month,No,Electronic check,0-12
0,0,0,0,1,48,19.25,855.1,1,17.814583333333335,Male,Yes,No,Yes,No,No,No internet service,No internet service,No internet service,No internet service,No internet service,No internet service,Two year,No,Mailed check,25-48
0,0,1,1,0,4,56.4,234.85,2,58.7125,Male,No,No,Yes,No,DSL,No,No,No,No,Yes,No,Month-to-month,Yes,Electronic check,0-12
0,0,1,1,1,34,85.35,2896.6,3,85.19411764705882,Female,No,No,Yes,Yes,Fiber optic,No,No,No,No,Yes,No,Month-to-month,No,Electronic check,25-48
0,1,1,0,1,62,74.3,4698.05,5,75.775,Male,No,No,Yes,No,DSL,Yes,Yes,No,No,Yes,Yes,One year,Yes,Credit card (automatic),49-72
0,0,1,1,0,1,80.85,80.85,2,80.85,Male,No,No,Yes,No,Fiber optic,No,No,No,No,No,Yes,Month-to-month,Yes,Mailed check,0-12
0,1,1,0,1,53,77.4,4155.95,6,78.41415094339622,Male,Yes,No,Yes,Yes,DSL,Yes,No,Yes,Yes,Yes,No,One year,No,Bank transfer (automatic),49-72
1,0,1,1,0,22,89.75,1938.9,3,88.13181818181819,Male,Yes,No,Yes,No,Fiber optic,No,No,No,No,Yes,Yes,Month-to-month,Yes,Bank transfer (automatic),13-24
0,1,1,0,1,72,73.0,5265.2,6,73.12777777777778,Female,No,No,Yes,No,DSL,Yes,Yes,Yes,Yes,No,Yes,Two year,Yes,Credit card (automatic),49-72
0,1,1,1,0,3,95.4,293.15,4,97.71666666666665,Female,No,No,Yes,No,Fiber optic,No,Yes,No,No,Yes,Yes,Month-to-month,No,Electronic check,0-12
0,0,0,0,0,1,19.85,19.85,1,19.85,Male,Yes,Yes,Yes,No,No,No internet service,No internet service,No internet service,No internet service,No internet service,No internet service,One year,No,Credit card (automatic),0-12
0,1,1,0,1,67,104.0,7039.05,6,105.06044776119403,Female,No,Yes,Yes,Yes,Fiber optic,No,Yes,No,Yes,Yes,Yes,Two year,Yes,Electronic check,49-72
0,1,1,1,0,4,64.4,253.0,4,63.25,Female,No,No,Yes,Yes,DSL,No,No,No,Yes,Yes,No,Month-to-month,Yes,Mailed check,0-12
0,0,0,0,1,26,20.05,505.9,1,19.457692307692305,Male,Yes,Yes,Yes,No,No,No internet service,No internet service,No internet service,No internet service,No internet service,No internet service,One year,Yes,Bank transfer (automatic),25-48
0,0,1,1,0,2,86.0,165.45,3,82.725,Male,No,No,Yes,Yes,Fiber optic,No,No,No,No,No,Yes,Month-to-month,Yes,Electronic check,0-12
0,0,0,1,0,2,19.95,38.15,1,19.075,Female,No,No,Yes,No,No,No internet service,No internet service,No internet service,No internet service,No internet service,No internet service,Month-to-month,No,Mailed check,0-12
1,1,1,0,1,27,104.65,2964.0,6,109.77777777777777,Male,No,No,Yes,Yes,Fiber optic,No,Yes,No,Yes,Yes,Yes,One year,Yes,Bank transfer (automatic),25-48
0,1,1,0,1,64,54.6,3423.5,4,53.4921875,Female,Yes,Yes,No,No phone service,DSL,No,Yes,No,Yes,Yes,Yes,Two year,Yes,Electronic check,49-72
0,1,1,1,0,18,39.05,669.85,2,37.21388888888889,Female,Yes,No,No,No phone service,DSL,No,No,Yes,No,Yes,No,Month-to-month,Yes,Electronic check,13-24
0,1,1,0,1,67,79.7,5293.4,6,79.00597014925373,Male,Yes,Yes,Yes,Yes,DSL,Yes,No,Yes,No,Yes,Yes,Two year,Yes,Electronic check,49-72
0,1,1,0,1,50,75.5,4025.6,5,80.512,Male,Yes,Yes,Yes,No,DSL,Yes,No,No,Yes,Yes,Yes,One year,No,Electronic check,49-72
0,1,1,0,1,39,104.7,4134.85,6,106.02179487179488,Female,Yes,No,Yes,No,Fiber optic,Yes,No,Yes,Yes,Yes,Yes,One year,Yes,Credit card (automatic),25-48
0,0,1,1,0,4,88.45,370.65,3,92.6625,Male,No,No,Yes,No,Fiber optic,No,No,No,No,Yes,Yes,Month-to-month,Yes,Electronic check,0-12
1,1,1,1,0,11,104.05,1133.65,6,103.05909090909091,Female,Yes,No,Yes,Yes,Fiber optic,No,No,Yes,Yes,Yes,Yes,Month-to-month,Yes,Bank transfer (automatic),0-12
1,0,1,1,0,2,81.5,162.55,2,81.275,Female,No,No,Yes,No,Fiber optic,No,No,No,No,Yes,No,Month-to-month,No,Mailed check,0-12
0,0,0,0,0,16,19.3,360.35,1,22.521875,Female,No,Yes,Yes,No,No,No internet service,No internet service,No internet service,No internet service,No internet service,No internet service,One year,Yes,Bank transfer (automatic),13-24
0,1,0,1,1,38,84.25,3264.5,4,85.90789473684211,Female,No,No,Yes,No,Fiber optic,No,Yes,Yes,Yes,No,No,Month-to-month,Yes,Credit card (automatic),25-48
0,1,1,0,1,72,94.45,6921.7,5,96.13472222222222,Female,Yes,No,Yes,Yes,Fiber optic,Yes,Yes,No,No,No,Yes,Two year,Yes,Credit card (automatic),49-72
0,1,1,1,0,19,39.7,710.05,2,37.37105263157895,Female,No,No,No,No phone service,DSL,No,Yes,No,No,No,Yes,Month-to-month,Yes,Electronic check,13-24
0,0,0,1,0,1,20.05,20.05,1,20.05,Male,No,No,Yes,No,No,No internet service,No internet service,No internet service,No internet service,No internet service,No internet service,Month-to-month,No,Mailed check,0-12
0,1,1,0,1,42,73.15,3088.25,5,73.5297619047619,Male,Yes,Yes,Yes,No,DSL,No,No,Yes,Yes,Yes,Yes,One year,No,Electronic check,25-48
0,1,1,0,0,8,44.55,343.45,3,42.93125,Male,No,Yes,No,No phone service,DSL,Yes,No,No,Yes,No,Yes,Two year,Yes,Mailed check,0-12
0,0,0,0,1,56,19.8,1119.9,1,19.998214285714287,Female,Yes,Yes,Yes,No,No,No internet service,No internet service,No internet service,No internet service,No internet service,No internet service,Two year,Yes,Credit card (automatic),49-72
0,1,1,0,1,62,71.4,4487.3,5,72.3758064516129,Male,Yes,Yes,Yes,No,DSL,Yes,No,Yes,Yes,No,Yes,One year,No,Credit card (automatic),49-72
0,1,0,1,0,2,53.45,119.5,3,59.75,Male,No,No,Yes,No,DSL,Yes,No,Yes,No,No,No,Month-to-month,No,Electronic check,0-12
0,0,0,1,1,35,75.2,2576.2,2,73.60571428571428,Male,Yes,No,Yes,Yes,Fiber optic,No,No,No,No,No,No,Month-to-month,Yes,Electronic check,25-48
0,0,0,0,1,30,19.8,576.65,1,19.221666666666668,Male,Yes,No,Yes,No,No,No internet service,No internet service,No internet service,No internet service,No internet service,No internet service,One year,No,Credit card (automatic),25-48
0,1,1,0,1,59,90.3,5194.05,8,88.03474576271186,Female,Yes,Yes,Yes,Yes,DSL,Yes,Yes,Yes,Yes,Yes,Yes,Two year,No,Credit card (automatic),49-72
0,1,1,0,1,65,108.05,7118.9,7,109.52153846153846,Female,Yes,No,Yes,Yes,Fiber optic,No,Yes,Yes,Yes,Yes,Yes,One year,Yes,Credit card (automatic),49-72
0,1,1,0,1,62,100.15,6413.65,5,103.44596774193548,Female,No,Yes,Yes,Yes,Fiber optic,No,No,Yes,No,Yes,Yes,One year,Yes,Electronic check,49-72
0,1,0,1,1,40,61.9,2647.1,4,66.1775,Male,No,No,Yes,No,DSL,Yes,Yes,No,Yes,No,No,Month-to-month,Yes,Mailed check,25-48
0,1,1,1,1,24,99.65,2404.85,5,100.20208333333333,Male,No,No,Yes,Yes,Fiber optic,No,Yes,No,No,Yes,Yes,Month-to-month,Yes,Bank transfer (automatic),13-24
0,0,1,1,0,15,88.15,1390.6,3,92.70666666666666,Female,Yes,No,Yes,No,Fiber optic,No,No,No,No,Yes,Yes,Month-to-month,No,Electronic check,13-24
0,1,0,1,1,35,61.0,2130.45,4,60.87,Male,Yes,No,Yes,No,DSL,Yes,Yes,Yes,No,No,No,Month-to-month,No,Mailed check,25-48
0,1,1,0,1,51,85.5,4421.95,7,86.70490196078431,Female,Yes,Yes,Yes,No,DSL,Yes,Yes,Yes,Yes,Yes,Yes,Two year,No,Credit card (automatic),49-72
0,1,0,1,0,21,36.0,780.15,2,37.15,Male,No,No,No,No phone service,DSL,No,Yes,No,Yes,No,No,Month-to-month,Yes,Mailed check,13-24
0,1,1,0,1,66,90.05,5965.95,8,90.39318181818182,Female,No,No,Yes,Yes,DSL,Yes,Yes,Yes,Yes,Yes,Yes,Two year,Yes,Credit card (automatic),49-72
0,1,1,0,1,71,82.0,5999.85,6,84.5049295774648,Female,Yes,Yes,Yes,No,DSL,Yes,No,Yes,Yes,Yes,Yes,Two year,Yes,Credit card (automatic),49-72
0,1,1,1,1,57,100.6,5611.7,5,98.45087719298245,Female,Yes,Yes,Yes,Yes,Fiber optic,No,Yes,No,No,Yes,Yes,Month-to-month,Yes,Electronic check,49-72
1,1,0,1,0,2,49.25,91.1,2,45.55,Male,No,No,Yes,No,DSL,Yes,No,No,No,No,No,Month-to-month,Yes,Electronic check,0-12
1,1,0,1,0,6,80.8,457.1,3,76.18333333333334,Male,Yes,No,Yes,Yes,Fiber optic,No,No,Yes,No,No,No,Month-to-month,Yes,Electronic check,0-12
0,0,0,0,1,46,19.4,967.85,1,21.04021739130435,Female,Yes,Yes,Yes,No,No,No internet service,No internet service,No internet service,No internet service,No internet service,No internet service,Two year,No,Mailed check,25-48
0,1,0,1,1,25,75.5,1901.05,2,76.042,Male,Yes,Yes,Yes,No,Fiber optic,No,Yes,No,No,No,No,Month-to-month,Yes,Electronic check,25-48
0,0,0,1,0,2,20.05,33.7,1,16.85,Male,No,No,Yes,No,No,No internet service,No internet service,No internet service,No internet service,No internet service,No internet service,Month-to-month,No,Mailed check,0-12
0,1,1,1,1,25,89.1,2368.4,4,94.736,Female,Yes,Yes,Yes,Yes,Fiber optic,No,No,Yes,No,No,Yes,Month-to-month,Yes,Electronic check,25-48
0,1,0,1,1,37,28.6,973.55,1,26.31216216216216,Female,No,No,No,No phone service,DSL,No,No,No,Yes,No,No,Month-to-month,No,Credit card (automatic),25-48
0,1,1,1,1,33,104.4,3409.6,6,103.32121212121211,Female,Yes,No,Yes,Yes,Fiber optic,No,Yes,Yes,No,Yes,Yes,Month-to-month,Yes,Electronic check,25-48
0,0,0,0,0,16,19.75,284.35,1,17.771875,Male,No,No,Yes,No,No,No internet service,No internet service,No internet service,No internet service,No internet service,No internet service,Two year,No,Mailed check,13-24
0,1,1,1,0,9,95.9,827.45,4,91.9388888888889,Male,No,No,Yes,No,Fiber optic,No,No,No,Yes,Yes,Yes,Month-to-month,Yes,Bank transfer (automatic),0-12
0,0,0,1,0,1,45.3,45.3,1,45.3,Male,No,No,Yes,No,DSL,No,No,No,No,No,No,Month-to-month,No,Electronic check,0-12
0,0,0,1,0,4,20.4,94.5,1,23.625,Female,No,Yes,Yes,No,No,No internet service,No internet service,No internet service,No internet service,No internet service,No internet service,Month-to-month,No,Credit card (automatic),0-12
0,1,1,1,1,35,91.5,3236.35,4,92.46714285714286,Male,Yes,No,Yes,Yes,Fiber optic,No,No,No,Yes,Yes,No,Month-to-month,Yes,Credit card (automatic),25-48
0,0,0,0,1,37,19.8,695.05,1,18.785135135135135,Female,No,No,Yes,No,No,No internet service,No internet service,No internet service,No internet service,No internet service,No internet service,One year,Yes,Electronic check,25-48
1,1,1,0,1,56,110.5,6139.5,7,109.63392857142857,Female,No,No,Yes,Yes,Fiber optic,Yes,Yes,Yes,No,Yes,Yes,One year,No,Electronic check,49-72
0,0,0,1,1,27,19.4,460.25,1,17.046296296296298,Male,No,No,Yes,No,No,No internet service,No internet service,No internet service,No internet service,No internet service,No internet service,Month-to-month,Yes,Credit card (automatic),25-48
0,0,0,0,1,38,20.4,743.5,1,19.56578947368421,Male,Yes,No,Yes,No,No,No internet service,No internet service,No internet service,No internet service,No internet service,No internet service,Two year,No,Bank transfer (automatic),25-48
0,0,1,1,0,16,35.5,552.7,1,34.54375,Female,Yes,Yes,No,No phone service,DSL,No,No,No,No,No,Yes,Month-to-month,Yes,Credit card (automatic),13-24
0,1,1,1,1,65,105.5,6985.65,6,107.47153846153846,Female,Yes,Yes,Yes,Yes,Fiber optic,No,Yes,Yes,No,Yes,Yes,Month-to-month,Yes,Electronic check,49-72
0,1,1,0,0,14,59.1,772.85,3,55.20357142857143,Female,No,No,Yes,No,DSL,No,No,No,Yes,No,Yes,One year,No,Credit card (automatic),13-24
1,0,1,1,0,5,89.5,477.7,3,95.53999999999999,Male,No,No,Yes,No,Fiber optic,No,No,No,No,Yes,Yes,Month-to-month,Yes,Electronic check,0-12
0,1,1,0,1,72,106.3,7565.35,6,105.07430555555555,Male,Yes,No,Yes,Yes,Fiber optic,No,Yes,Yes,No,Yes,Yes,Two year,Yes,Bank transfer (automatic),49-72
0,0,0,1,0,4,50.7,214.55,2,53.6375,Female,No,No,Yes,Yes,DSL,No,No,No,No,No,No,Month-to-month,No,Electronic check,0-12
1,1,0,0,0,20,54.0,1055.9,3,52.795,Male,No,No,Yes,No,DSL,Yes,No,No,Yes,No,No,One year,No,Mailed check,13-24
0,0,0,0,1,57,20.1,1087.7,1,19.082456140350878,Female,Yes,Yes,Yes,No,No,No internet service,No internet service,No internet service,No internet service,No internet service,No internet service,Two year,Yes,Bank transfer (automatic),49-72
0,1,0,0,1,65,94.55,6078.75,6,93.51923076923077,Male,Yes,Yes,Yes,Yes,Fiber optic,Yes,Yes,Yes,Yes,No,No,Two year,No,Credit card (automatic),49-72
0,0,1,1,0,4,85.65,321.65,3,80.4125,Female,No,No,Yes,Yes,Fiber optic,No,No,No,No,Yes,No,Month-to-month,Yes,Electronic check,0-12
0,0,0,0,1,32,19.75,624.15,1,19.5046875,Female,No,No,Yes,No,No,No internet service,No internet service,No internet service,No internet service,No internet service,No internet service,One year,No,Bank transfer (automatic),25-48
0,0,0,0,1,45,19.2,903.7,1,20.082222222222224,Male,Yes,Yes,Yes,No,No,No internet service,No internet service,No internet service,No internet service,No internet service,No internet service,Two year,No,Electronic check,25-48
0,0,1,1,0,22,83.05,1799.3,3,81.78636363636363,Male,No,No,Yes,Yes,Fiber optic,No,No,No,No,No,Yes,Month-to-month,No,Electronic check,13-24
0,1,1,1,1,34,88.85,3000.25,4,88.24264705882354,Male,Yes,No,Yes,Yes,Fiber optic,No,Yes,No,No,No,Yes,Month-to-month,No,Mailed check,25-48
0,1,1,0,1,47,86.95,4138.9,7,88.06170212765957,Male,No,No,Yes,No,DSL,Yes,Yes,Yes,Yes,Yes,Yes,One year,Yes,Bank transfer (automatic),25-48
0,0,0,0,0,18,20.05,388.6,1,21.58888888888889,Male,No,No,Yes,No,No,No internet service,No internet service,No internet service,No internet service,No internet service,No internet service,Two year,No,Credit card (automatic),13-24
0,0,1,1,0,1,79.6,79.6,2,79.6,Female,No,Yes,Yes,No,Fiber optic,No,No,No,No,No,Yes,Month-to-month,Yes,Electronic check,0-12
1,0,0,1,0,6,44.7,276.5,1,46.083333333333336,Male,No,No,Yes,No,DSL,No,No,No,No,No,No,Month-to-month,No,Credit card (automatic),0-12
0,1,0,1,1,36,34.85,1267.2,2,35.2,Female,No,No,No,No phone service,DSL,No,Yes,No,Yes,No,No,Month-to-month,Yes,Bank transfer (automatic),25-48
0,1,1,0,1,35,73.45,2661.1,5,76.03142857142856,Male,Yes,Yes,Yes,Yes,DSL,No,No,No,Yes,Yes,Yes,One year,Yes,Bank transfer (automatic),25-48
1,1,1,1,1,25,88.95,2291.2,4,91.648,Male,No,No,Yes,Yes,Fiber optic,No,Yes,No,No,Yes,No,Month-to-month,Yes,Electronic check,25-48
0,1,0,1,0,5,51.35,262.3,2,52.46,Male,No,No,Yes,No,DSL,No,Yes,No,No,No,No,Month-to-month,Yes,Electronic check,0-12
0,1,1,1,0,4,48.25,202.25,4,50.5625,Female,No,No,No,No phone service,DSL,Yes,No,Yes,Yes,No,Yes,Month-to-month,No,Mailed check,0-12
0,1,0,0,1,47,58.9,2813.05,4,59.85212765957447,Female,No,No,Yes,No,DSL,Yes,Yes,No,Yes,No,No,One year,Yes,Mailed check,25-48
0,1,1,1,1,52,39.9,2020.9,2,38.86346153846154,Male,Yes,No,No,No phone service,DSL,Yes,No,No,No,No,Yes,Month-to-month,Yes,Electronic check,49-72
0,0,0,1,0,4,20.85,62.9,1,15.725,Female,Yes,Yes,Yes,No,No,No internet service,No internet service,No internet service,No internet service,No internet service,No internet service,Month-to-month,No,Mailed check,0-12
1,1,1,0,1,68,53.0,3656.25,4,53.768382352941174,Female,Yes,Yes,No,No phone service,DSL,No,Yes,Yes,No,Yes,Yes,Two year,Yes,Electronic check,49-72
1,0,0,0,0,21,20.5,429.55,1,20.454761904761906,Male,No,No,Yes,No,No,No internet service,No internet service,No internet service,No internet service,No internet service,No internet service,One year,No,Bank transfer (automatic),13-24
0,1,1,0,1,64,104.4,6721.6,6,105.025,Female,Yes,Yes,Yes,Yes,Fiber optic,Yes,No,No,Yes,Yes,Yes,One year,Yes,Bank transfer (automatic),49-72
0,0,1,1,0,1,80.25,80.25,2,80.25,Female,No,No,Yes,No,Fiber optic,No,No,No,No,Yes,No,Month-to-month,Yes,Electronic check,0-12
1,1,1,1,0,2,66.4,94.55,4,47.275,Male,No,No,Yes,No,DSL,Yes,No,Yes,No,Yes,No,Month-to-month,No,Bank transfer (automatic),0-12
0,1,0,1,1,55,85.1,4600.95,4,83.65363636363637,Female,Yes,Yes,Yes,Yes,Fiber optic,Yes,Yes,No,No,No,No,Month-to-month,Yes,Electronic check,49-72
0,1,1,0,1,72,105.25,7609.75,6,105.69097222222223,Male,Yes,Yes,Yes,Yes,Fiber optic,Yes,No,Yes,No,Yes,Yes,Two year,No,Bank transfer (automatic),49-72
0,0,0,1,0,1,24.4,24.4,0,24.4,Female,No,No,No,No phone service,DSL,No,No,No,No,No,No,Month-to-month,No,Mailed check,0-12
0,1,1,1,0,12,100.15,1164.3,5,97.02499999999999,Female,No,No,Yes,Yes,Fiber optic,No,No,Yes,No,Yes,Yes,Month-to-month,Yes,Bank transfer (automatic),0-12
0,1,1,1,1,59,101.1,6039.9,5,102.37118644067796,Female,Yes,No,Yes,Yes,Fiber optic,No,Yes,No,No,Yes,Yes,Month-to-month,No,Electronic check,49-72
0,1,1,1,1,63,103.4,6603.0,6,104.80952380952381,Male,Yes,No,Yes,Yes,Fiber optic,No,Yes,Yes,No,Yes,Yes,Month-to-month,Yes,Electronic check,49-72
0,0,0,1,0,10,24.4,253.9,2,25.39,Male,Yes,Yes,Yes,Yes,No,No internet service,No internet service,No internet service,No internet service,No internet service,No internet service,Month-to-month,Yes,Mailed check,0-12
0,0,0,0,1,24,24.7,571.75,2,23.822916666666668,Female,Yes,Yes,Yes,Yes,No,No internet service,No internet service,No internet service,No internet service,No internet service,No internet service,Two year,No,Mailed check,13-24
0,1,1,0,1,65,104.1,6700.05,6,103.07769230769232,Male,Yes,Yes,Yes,Yes,Fiber optic,No,No,Yes,Yes,Yes,Yes,Two year,Yes,Bank transfer (automatic),49-72
0,1,1,1,0,20,68.9,1370.35,5,68.5175,Female,No,No,Yes,Yes,DSL,No,Yes,No,Yes,No,Yes,Month-to-month,Yes,Credit card (automatic),13-24
0,1,0,0,1,48,60.6,2985.25,4,62.192708333333336,Female,Yes,No,Yes,Yes,DSL,Yes,No,No,Yes,No,No,One year,Yes,Bank transfer (automatic),25-48
0,1,1,1,1,62,80.4,4981.15,6,80.34112903225805,Male,No,No,Yes,No,DSL,No,Yes,Yes,Yes,Yes,Yes,Month-to-month,Yes,Bank transfer (automatic),49-72
1,0,0,1,0,6,19.5,106.8,1,17.8,Female,No,No,Yes,No,No,No internet service,No internet service,No internet service,No internet service,No internet service,No internet service,Month-to-month,No,Bank transfer (automatic),0-12
1,1,0,1,1,24,54.8,1291.3,3,53.80416666666667,Male,No,No,Yes,Yes,DSL,No,Yes,No,No,No,No,Month-to-month,No,Credit card (automatic),13-24
0,1,0,1,1,34,60.85,2003.6,4,58.92941176470588,Female,Yes,No,Yes,Yes,DSL,Yes,No,No,Yes,No,No,Month-to-month,Yes,Bank transfer (automatic),25-48
0,1,0,0,1,46,33.7,1537.85,2,33.43152173913043,Male,No,No,No,No phone service,DSL,No,No,Yes,Yes,No,No,One year,No,Credit card (automatic),25-48
0,0,0,1,1,26,45.45,1233.15,1,47.42884615384616,Male,No,No,Yes,No,DSL,No,No,No,No,No,No,Month-to-month,No,Electronic check,25-48
0,0,0,1,0,19,24.85,434.8,0,22.88421052631579,Female,Yes,Yes,No,No phone service,DSL,No,No,No,No,No,No,Month-to-month,Yes,Mailed check,13-24
0,1,0,0,1,24,54.6,1242.25,3,51.760416666666664,Male,No,No,Yes,Yes,DSL,No,No,No,Yes,No,No,One year,No,Bank transfer (automatic),13-24
1,1,1,0,1,57,101.3,5779.6,6,101.39649122807018,Female,No,No,Yes,Yes,Fiber optic,Yes,No,Yes,Yes,No,Yes,Two year,No,Credit card (automatic),49-72
0,0,0,0,1,68,19.6,1441.65,1,21.20073529411765,Female,No,No,Yes,No,No,No internet service,No internet service,No internet service,No internet service,No internet service,No internet service,Two year,No,Credit card (automatic),49-72
0,1,1,1,0,12,74.15,741.4,5,61.78333333333333,Male,Yes,No,Yes,No,DSL,No,No,Yes,Yes,Yes,Yes,Month-to-month,Yes,Electronic check,0-12
0,0,0,1,0,12,76.6,893.0,2,74.41666666666667,Female,No,Yes,Yes,Yes,Fiber optic,No,No,No,No,No,No,Month-to-month,Yes,Electronic check,0-12
0,1,1,1,1,40,50.85,2036.55,3,50.91375,Female,Yes,Yes,No,No phone service,DSL,No,Yes,No,No,Yes,Yes,Month-to-month,Yes,Electronic check,25-48
1,0,1,1,0,23,86.8,1975.85,3,85.90652173913043,Male,Yes,No,Yes,Yes,Fiber optic,No,No,No,No,No,Yes,Month-to-month,No,Electronic check,13-24
0,0,0,1,0,4,70.4,281.0,1,70.25,Female,No,No,Yes,No,Fiber optic,No,No,No,No,No,No,Month-to-month,No,Electronic check,0-12
0,1,0,0,1,67,50.55,3431.75,2,51.22014925373134,Female,Yes,Yes,Yes,No,DSL,No,Yes,No,No,No,No,One year,No,Credit card (automatic),49-72
0,1,1,0,1,35,62.15,2215.45,3,63.29857142857142,Female,Yes,No,Yes,No,DSL,Yes,No,No,No,Yes,No,One year,Yes,Bank transfer (automatic),25-48
1,0,1,1,0,10,86.65,856.65,3,85.66499999999999,Male,Yes,No,Yes,Yes,Fiber optic,No,No,No,No,No,Yes,Month-to-month,Yes,Electronic check,0-12
0,0,0,0,0,6,20.4,107.6,1,17.933333333333334,Male,Yes,Yes,Yes,No,No,No internet service,No internet service,No internet service,No internet service,No internet service,No internet service,Two year,Yes,Credit card (automatic),0-12
0,0,1,1,0,10,85.25,855.3,3,85.53,Male,Yes,No,Yes,Yes,Fiber optic,No,No,No,No,No,Yes,Month-to-month,Yes,Electronic check,0-12
0,1,1,1,0,17,95.65,1640.0,5,96.47058823529412,Male,No,No,Yes,Yes,Fiber optic,No,No,Yes,Yes,No,Yes,Month-to-month,Yes,Bank transfer (automatic),13-24
0,1,1,0,1,65,93.55,6069.25,5,93.37307692307692,Male,No,No,Yes,Yes,Fiber optic,Yes,No,No,Yes,No,Yes,One year,No,Electronic check,49-72
1,1,1,1,0,2,89.5,161.5,4,80.75,Female,No,No,Yes,Yes,Fiber optic,No,Yes,No,No,No,Yes,Month-to-month,No,Electronic check,0-12
1,0,1,1,1,49,96.2,4718.25,4,96.29081632653062,Male,No,No,Yes,Yes,Fiber optic,No,No,No,No,Yes,Yes,Month-to-month,Yes,Electronic check,49-72
0,1,1,0,1,51,107.45,5680.9,7,111.39019607843136,Female,No,No,Yes,Yes,Fiber optic,Yes,Yes,Yes,No,Yes,Yes,One year,No,Bank transfer (automatic),49-72
0,1,1,0,1,72,112.25,8041.65,7,111.68958333333333,Male,Yes,Yes,Yes,Yes,Fiber optic,No,Yes,Yes,Yes,Yes,Yes,Two year,Yes,Bank transfer (automatic),49-72
0,0,0,1,1,44,68.85,2958.95,1,67.24886363636364,Male,No,No,Yes,No,Fiber optic,No,No,No,No,No,No,Month-to-month,No,Credit card (automatic),25-48
0,1,1,0,1,42,66.5,2762.75,4,65.7797619047619,Female,No,No,Yes,No,DSL,No,No,Yes,Yes,No,Yes,Two year,No,Credit card (automatic),25-48
0,0,0,1,0,2,24.5,46.4,0,23.2,Female,No,No,No,No phone service,DSL,No,No,No,No,No,No,Month-to-month,No,Electronic check,0-12
0,1,1,1,1,28,92.35,2602.9,4,92.96071428571429,Female,Yes,No,Yes,No,Fiber optic,Yes,No,No,No,Yes,Yes,Month-to-month,Yes,Mailed check,25-48
0,1,1,0,1,34,61.25,1993.2,5,58.62352941176471,Female,Yes,Yes,No,No phone service,DSL,Yes,No,Yes,Yes,Yes,Yes,One year,No,Mailed check,25-48
0,1,1,0,1,31,79.3,2484.0,6,80.12903225806451,Male,Yes,No,Yes,Yes,DSL,No,No,Yes,Yes,Yes,Yes,One year,Yes,Mailed check,25-48
0,0,0,1,0,1,19.5,19.5,1,19.5,Female,No,No,Yes,No,No,No internet service,No internet service,No internet service,No internet service,No internet service,No internet service,Month-to-month,No,Mailed check,0-12
0,0,0,1,0,22,69.25,1554.0,1,70.63636363636364,Female,Yes,No,Yes,No,Fiber optic,No,No,No,No,No,No,Month-to-month,Yes,Electronic check,13-24
0,0,0,1,0,2,76.5,162.45,2,81.225,Male,No,No,Yes,Yes,Fiber optic,No,No,No,No,No,No,Month-to-month,Yes,Electronic check,0-12
0,1,1,0,1,72,110.6,7962.2,7,110.58611111111111,Male,Yes,No,Yes,Yes,Fiber optic,No,Yes,Yes,Yes,Yes,Yes,Two year,Yes,Credit card (automatic),49-72
0,1,0,1,0,8,51.05,415.05,2,51.88125,Male,Yes,Yes,Yes,No,DSL,No,No,Yes,No,No,No,Month-to-month,Yes,Electronic check,0-12
0,1,1,0,1,72,64.45,4528.0,6,62.888888888888886,Female,Yes,Yes,No,No phone service,DSL,Yes,Yes,Yes,Yes,Yes,Yes,Two year,No,Bank transfer (automatic),49-72
0,1,0,1,0,17,50.3,846.8,2,49.811764705882354,Male,No,Yes,Yes,No,DSL,Yes,No,No,No,No,No,Month-to-month,Yes,Mailed check,13-24
0,1,0,0,1,72,97.0,7104.2,6,98.66944444444444,Female,Yes,No,Yes,Yes,Fiber optic,Yes,Yes,Yes,Yes,No,No,Two year,Yes,Bank transfer (automatic),49-72
0,1,0,0,1,66,47.4,3177.25,4,48.140151515151516,Female,No,No,No,No phone service,DSL,Yes,Yes,Yes,Yes,No,No,Two year,Yes,Mailed check,49-72
0,0,0,1,1,35,75.35,2636.05,2,75.3157142857143,Male,No,No,Yes,Yes,Fiber optic,No,No,No,No,No,No,Month-to-month,No,Credit card (automatic),25-48
0,1,0,1,0,4,56.75,245.15,3,61.2875,Male,No,No,Yes,No,DSL,Yes,No,Yes,No,No,No,Month-to-month,No,Electronic check,0-12
0,0,0,0,1,72,19.7,1379.8,1,19.163888888888888,Female,Yes,Yes,Yes,No,No,No internet service,No internet service,No internet service,No internet service,No internet service,No internet service,Two year,No,Credit card (automatic),49-72
0,1,1,0,1,65,84.85,5459.2,7,83.9876923076923,Female,No,No,Yes,No,DSL,Yes,Yes,Yes,Yes,Yes,Yes,Two year,Yes,Bank transfer (automatic),49-72
0,0,0,0,1,69,20.2,1412.65,1,20.473188405797103,Female,Yes,Yes,Yes,No,No,No internet service,No internet service,No internet service,No internet service,No internet service,No internet service,Two year,No,Bank transfer (automatic),49-72
0,1,1,0,1,65,71.0,4386.2,5,67.48,Female,Yes,No,Yes,No,DSL,Yes,Yes,Yes,No,No,Yes,Two year,No,Bank transfer (automatic),49-72
0,1,1,0,1,38,80.3,3058.65,6,80.49078947368422,Female,Yes,Yes,Yes,No,DSL,Yes,Yes,No,Yes,Yes,Yes,One year,No,Credit card (automatic),25-48
0,0,1,1,1,24,93.0,2248.05,4,93.66875,Male,Yes,No,Yes,Yes,Fiber optic,No,No,No,No,Yes,Yes,Month-to-month,Yes,Electronic check,13-24
0,1,1,1,0,5,105.3,550.6,6,110.12,Male,No,No,Yes,Yes,Fiber optic,No,Yes,Yes,No,Yes,Yes,Month-to-month,No,Electronic check,0-12
0,1,0,1,1,24,54.75,1338.15,3,55.75625,Male,Yes,Yes,Yes,Yes,DSL,Yes,No,No,No,No,No,Month-to-month,No,Electronic check,13-24
0,0,0,1,0,1,25.25,25.25,0,25.25,Female,No,No,No,No phone service,DSL,No,No,No,No,No,No,Month-to-month,No,Electronic check,0-12
0,1,1,0,1,61,107.75,6521.9,7,106.91639344262295,Male,No,No,Yes,Yes,Fiber optic,Yes,Yes,Yes,No,Yes,Yes,One year,Yes,Electronic check,49-72
0,1,1,0,1,70,85.95,5931.75,7,84.73928571428571,Male,Yes,Yes,Yes,Yes,DSL,No,Yes,Yes,Yes,Yes,Yes,Two year,Yes,Credit card (automatic),49-72
0,0,0,1,0,1,25.1,25.1,0,25.1,Female,No,No,No,No phone service,DSL,No,No,No,No,No,No,Month-to-month,Yes,Mailed check,0-12
1,0,0,1,0,7,45.75,344.2,1,49.17142857142857,Male,No,Yes,Yes,No,DSL,No,No,No,No,No,No,Month-to-month,Yes,Mailed check,0-12
0,0,0,1,0,1,19.95,19.95,1,19.95,Male,Yes,Yes,Yes,No,No,No internet service,No internet service,No internet service,No internet service,No internet service,No internet service,Month-to-month,No,Bank transfer (automatic),0-12
0,1,1,1,1,45,81.3,3541.1,7,78.69111111111111,Female,Yes,Yes,Yes,Yes,DSL,Yes,Yes,Yes,Yes,Yes,No,Month-to-month,No,Mailed check,25-48
0,1,1,1,0,10,60.95,629.55,3,62.955,Female,No,No,Yes,No,DSL,No,No,No,Yes,No,Yes,Month-to-month,Yes,Mailed check,0-12
0,0,0,1,1,29,70.75,1974.8,1,68.09655172413792,Male,Yes,Yes,Yes,No,Fiber optic,No,No,No,No,No,No,Month-to-month,Yes,Electronic check,25-48
0,1,0,0,1,58,64.9,3795.45,5,65.43879310344828,Female,No,No,Yes,No,DSL,Yes,Yes,Yes,Yes,No,No,Two year,Yes,Credit card (automatic),49-72
1,0,0,0,1,67,20.05,1263.05,1,18.851492537313433,Female,Yes,No,Yes,No,No,No internet service,No internet service,No internet service,No internet service,No internet service,No internet service,Two year,Yes,Bank transfer (automatic),49-72
0,1,0,1,0,14,86.0,1164.05,4,83.14642857142857,Female,No,Yes,Yes,Yes,Fiber optic,Yes,No,No,Yes,No,No,Month-to-month,Yes,Mailed check,13-24
0,0,0,0,1,45,25.5,1121.05,2,24.912222222222223,Female,Yes,No,Yes,Yes,No,No internet service,No internet service,No internet service,No internet service,No internet service,No internet service,Two year,No,Mailed check,25-48
1,1,0,0,1,67,60.95,4119.4,4,61.483582089552236,Male,Yes,No,Yes,No,DSL,Yes,Yes,No,Yes,No,No,One year,Yes,Bank transfer (automatic),49-72
1,1,1,1,1,31,98.9,2911.3,5,93.91290322580646,Female,Yes,Yes,Yes,No,Fiber optic,No,No,Yes,Yes,Yes,Yes,Month-to-month,Yes,Electronic check,25-48
1,0,1,1,0,2,94.0,181.7,4,90.85,Male,No,No,Yes,Yes,Fiber optic,No,No,No,No,Yes,Yes,Month-to-month,Yes,Electronic check,0-12
0,0,0,0,1,37,19.85,717.5,1,19.39189189189189,Female,Yes,No,Yes,No,No,No internet service,No internet service,No internet service,No internet service,No internet service,No internet service,One year,Yes,Bank transfer (automatic),25-48
0,1,1,0,1,65,74.2,4805.65,6,73.93307692307691,Male,No,No,Yes,Yes,DSL,No,Yes,Yes,Yes,No,Yes,Two year,Yes,Credit card (automatic),49-72
0,0,1,1,0,2,95.15,196.9,4,98.45,Female,No,No,Yes,Yes,Fiber optic,No,No,No,No,Yes,Yes,Month-to-month,Yes,Electronic check,0-12
0,1,0,1,0,3,29.65,90.05,1,30.016666666666666,Female,No,Yes,No,No phone service,DSL,No,Yes,No,No,No,No,Month-to-month,No,Mailed check,0-12
0,1,1,0,1,72,80.85,5727.45,7,79.54791666666667,Male,Yes,Yes,Yes,Yes,DSL,Yes,Yes,Yes,Yes,Yes,No,Two year,Yes,Bank transfer (automatic),49-72
0,0,0,0,1,36,20.85,720.05,1,20.001388888888886,Male,Yes,No,Yes,No,No,No internet service,No internet service,No internet service,No internet service,No internet service,No internet service,One year,No,Bank transfer (automatic),25-48
0,1,1,0,1,72,86.4,6058.95,7,84.15208333333334,Female,Yes,No,Yes,Yes,DSL,Yes,Yes,No,Yes,Yes,Yes,Two year,Yes,Bank transfer (automatic),49-72
0,1,1,1,0,19,39.65,733.35,2,38.597368421052636,Male,No,No,No,No phone service,DSL,No,No,Yes,No,Yes,No,Month-to-month,Yes,Electronic check,13-24
1,1,1,1,1,25,105.95,2655.25,6,106.21,Male,No,No,Yes,Yes,Fiber optic,No,Yes,Yes,No,Yes,Yes,Month-to-month,No,Mailed check,25-48
0,0,0,1,0,6,20.7,112.75,1,18.791666666666668,Female,No,No,Yes,No,No,No internet service,No internet service,No internet service,No internet service,No internet service,No internet service,Month-to-month,No,Mailed check,0-12
0,0,0,1,0,1,19.65,19.65,1,19.65,Male,No,No,Yes,No,No,No internet service,No internet service,No internet service,No internet service,No internet service,No internet service,Month-to-month,No,Mailed check,0-12
0,1,1,0,1,59,72.1,4194.85,5,71.09915254237289,Female,Yes,Yes,Yes,Yes,DSL,No,No,Yes,Yes,Yes,No,Two year,Yes,Bank transfer (automatic),49-72
1,1,0,1,0,3,79.4,205.05,3,68.35000000000001,Female,No,No,Yes,Yes,Fiber optic,No,Yes,No,No,No,No,Month-to-month,Yes,Electronic check,0-12
0,0,0,1,0,10,75.75,777.3,2,77.72999999999999,Female,No,No,Yes,Yes,Fiber optic,No,No,No,No,No,No,Month-to-month,Yes,Mailed check,0-12
1,0,1,1,0,13,90.5,1201.15,3,92.39615384615385,Male,No,No,Yes,No,Fiber optic,No,No,No,No,Yes,Yes,Month-to-month,Yes,Electronic check,13-24
0,1,0,1,0,22,59.0,1254.7,4,57.03181818181818,Male,No,No,Yes,Yes,DSL,Yes,Yes,No,No,No,No,Month-to-month,No,Electronic check,13-24
0,1,1,0,1,72,108.95,7875.0,7,109.375,Male,Yes,No,Yes,Yes,Fiber optic,Yes,Yes,No,Yes,Yes,Yes,Two year,Yes,Credit card (automatic),49-72
0,1,1,0,1,66,62.5,4136.4,6,62.672727272727265,Female,No,No,No,No phone service,DSL,Yes,Yes,Yes,Yes,Yes,Yes,Two year,Yes,Bank transfer (automatic),49-72
0,1,1,1,0,5,94.45,498.1,4,99.62,Male,Yes,No,Yes,No,Fiber optic,No,No,Yes,No,Yes,Yes,Month-to-month,Yes,Electronic check,0-12
0,1,1,0,1,72,114.05,8289.2,8,115.1277777777778,Male,Yes,Yes,Yes,Yes,Fiber optic,Yes,Yes,Yes,Yes,Yes,Yes,Two year,Yes,Credit card (automatic),49-72
0,1,0,1,0,7,48.7,340.25,2,48.607142857142854,Male,Yes,Yes,Yes,No,DSL,No,No,Yes,No,No,No,Month-to-month,No,Electronic check,0-12
1,1,1,0,1,67,102.9,6989.7,6,104.32388059701492,Male,Yes,No,Yes,Yes,Fiber optic,No,Yes,No,Yes,Yes,Yes,Two year,No,Bank transfer (automatic),49-72
0,0,0,1,0,1,69.7,69.7,1,69.7,Female,No,No,Yes,No,Fiber optic,No,No,No,No,No,No,Month-to-month,No,Bank transfer (automatic),0-12
0,1,1,0,1,44,49.05,2265.0,3,51.47727272727273,Female,No,No,No,No phone service,DSL,No,No,Yes,No,Yes,Yes,One year,Yes,Electronic check,25-48
0,0,0,0,1,72,19.7,1421.9,1,19.748611111111114,Male,Yes,No,Yes,No,No,No internet service,No internet service,No internet service,No internet service,No internet service,No internet service,Two year,No,Credit card (automatic),49-72
1,1,1,1,1,57,95.3,5567.45,5,97.67456140350878,Female,Yes,Yes,Yes,No,Fiber optic,No,Yes,Yes,Yes,Yes,No,Month-to-month,Yes,Credit card (automatic),49-72
0,0,0,1,0,5,44.8,220.45,1,44.089999999999996,Female,Yes,Yes,Yes,No,DSL,No,No,No,No,No,No,Month-to-month,No,Mailed check,0-12
0,0,0,1,0,4,20.15,91.4,1,22.85,Female,Yes,No,Yes,No,No,No internet service,No internet service,No internet service,No internet service,No internet service,No internet service,Month-to-month,No,Electronic check,0-12
0,1,1,0,1,65,105.05,6744.25,6,103.75769230769231,Female,No,No,Yes,Yes,Fiber optic,No,Yes,No,Yes,Yes,Yes,One year,Yes,Bank transfer (automatic),49-72
1,1,1,1,0,19,95.9,1777.9,4,93.57368421052632,Male,No,No,Yes,No,Fiber optic,No,No,Yes,No,Yes,Yes,Month-to-month,Yes,Credit card (automatic),13-24
0,0,0,1,0,7,44.75,333.65,1,47.66428571428571,Male,Yes,Yes,Yes,No,DSL,No,No,No,No,No,No,Month-to-month,No,Electronic check,0-12
0,0,0,0,1,48,19.85,916.0,1,19.083333333333332,Male,No,No,Yes,No,No,No internet service,No internet service,No internet service,No internet service,No internet service,No internet service,Two year,No,Credit card (automatic),25-48
0,1,0,1,0,19,73.2,1441.1,2,75.84736842105262,Female,Yes,No,Yes,No,Fiber optic,Yes,No,No,No,No,No,Month-to-month,Yes,Electronic check,13-24
1,1,0,1,0,1,50.15,50.15,2,50.15,Male,No,Yes,Yes,No,DSL,No,No,Yes,No,No,No,Month-to-month,Yes,Mailed check,0-12
0,0,0,1,0,19,50.1,910.45,2,47.91842105263158,Male,Yes,Yes,Yes,Yes,DSL,No,No,No,No,No,No,Month-to-month,No,Credit card (automatic),13-24
0,1,1,1,1,51,99.0,5038.15,5,98.78725490196078,Male,No,No,Yes,No,Fiber optic,No,Yes,Yes,No,Yes,Yes,Month-to-month,Yes,Electronic check,49-72
0,1,1,1,0,12,89.75,1052.4,4,87.7,Female,No,No,Yes,Yes,Fiber optic,No,Yes,No,No,Yes,No,Month-to-month,Yes,Bank transfer (automatic),0-12
0,0,0,0,1,41,20.15,802.35,1,19.569512195121952,Male,No,No,Yes,No,No,No internet service,No internet service,No internet service,No internet service,No internet service,No internet service,Two year,No,Mailed check,25-48
0,1,1,0,1,53,93.45,4872.2,4,91.92830188679245,Female,Yes,No,Yes,No,Fiber optic,No,No,No,Yes,Yes,Yes,One year,Yes,Electronic check,49-72
0,0,0,1,0,1,44.9,44.9,1,44.9,Female,No,No,Yes,No,DSL,No,No,No,No,No,No,Month-to-month,Yes,Bank transfer (automatic),0-12
1,0,0,1,0,14,75.1,1013.35,2,72.38214285714285,Male,Yes,No,Yes,Yes,Fiber optic,No,No,No,No,No,No,Month-to-month,Yes,Electronic check,13-24
1,1,1,0,1,70,88.55,6306.5,8,90.09285714285714,Male,Yes,No,Yes,Yes,DSL,Yes,Yes,Yes,Yes,Yes,Yes,Two year,Yes,Credit card (automatic),49-72
0,1,1,0,1,31,79.45,2587.7,6,83.47419354838709,Male,No,Yes,Yes,Yes,DSL,No,Yes,No,Yes,Yes,Yes,One year,Yes,Mailed check,25-48
0,1,1,0,1,68,117.2,8035.95,8,118.17573529411764,Male,No,No,Yes,Yes,Fiber optic,Yes,Yes,Yes,Yes,Yes,Yes,One year,Yes,Credit card (automatic),49-72
0,0,1,1,1,49,84.5,4254.85,3,86.83367346938776,Male,Yes,Yes,Yes,Yes,Fiber optic,No,No,No,No,Yes,No,Month-to-month,No,Electronic check,49-72
0,0,0,0,1,46,19.95,927.1,1,20.15434782608696,Female,Yes,Yes,Yes,No,No,No internet service,No internet service,No internet service,No internet service,No internet service,No internet service,Two year,Yes,Mailed check,25-48
0,1,0,0,0,21,79.2,1742.45,3,82.97380952380952,Female,Yes,No,Yes,No,Fiber optic,No,No,Yes,Yes,No,No,One year,No,Electronic check,13-24
1,1,1,0,1,72,78.45,5682.25,7,78.92013888888889,Female,Yes,No,Yes,Yes,DSL,Yes,Yes,Yes,Yes,No,Yes,Two year,No,Bank transfer (automatic),49-72
1,0,1,1,1,45,93.9,4200.25,4,93.33888888888889,Male,No,No,Yes,Yes,Fiber optic,No,No,No,No,Yes,Yes,Month-to-month,Yes,Bank transfer (automatic),25-48
1,1,1,1,1,68,105.3,7299.65,6,107.34779411764706,Male,Yes,No,Yes,Yes,Fiber optic,No,Yes,Yes,No,Yes,Yes,Month-to-month,Yes,Electronic check,49-72
0,1,0,0,1,70,65.3,4759.75,5,67.99642857142857,Female,Yes,No,Yes,Yes,DSL,Yes,No,Yes,Yes,No,No,Two year,No,Credit card (automatic),49-72
0,1,1,0,0,23,99.95,2292.75,5,99.68478260869566,Male,No,No,Yes,No,Fiber optic,Yes,No,Yes,No,Yes,Yes,One year,Yes,Credit card (automatic),13-24
0,1,0,1,0,4,87.1,341.45,4,85.3625,Female,No,Yes,Yes,Yes,Fiber optic,No,No,Yes,Yes,No,No,Month-to-month,Yes,Mailed check,0-12
1,0,0,1,0,1,70.2,70.2,1,70.2,Female,No,No,Yes,No,Fiber optic,No,No,No,No,No,No,Month-to-month,Yes,Electronic check,0-12
0,0,1,1,1,37,95.25,3314.15,4,89.57162162162163,Female,Yes,Yes,Yes,Yes,Fiber optic,No,No,No,No,Yes,Yes,Month-to-month,Yes,Electronic check,25-48
0,1,1,1,1,37,101.9,3545.35,6,95.82027027027027,Female,No,No,Yes,Yes,Fiber optic,No,Yes,Yes,No,Yes,Yes,Month-to-month,Yes,Bank transfer (automatic),25-48
0,1,1,0,1,72,88.55,6362.35,8,88.36597222222223,Male,No,No,Yes,Yes,DSL,Yes,Yes,Yes,Yes,Yes,Yes,Two year,No,Credit card (automatic),49-72
0,1,1,0,1,44,54.0,2440.25,4,55.46022727272727,Male,No,No,No,No phone service,DSL,Yes,No,Yes,No,Yes,Yes,One year,Yes,Electronic check,25-48
0,1,1,0,1,30,64.5,1929.95,4,64.33166666666666,Male,No,Yes,Yes,No,DSL,No,Yes,Yes,No,Yes,No,One year,No,Credit card (automatic),25-48
0,1,1,0,1,54,105.2,5637.85,6,104.40462962962964,Male,Yes,Yes,Yes,Yes,Fiber optic,No,Yes,No,Yes,Yes,Yes,One year,Yes,Electronic check,49-72
0,0,0,1,0,4,70.2,237.95,1,59.4875,Male,No,No,Yes,No,Fiber optic,No,No,No,No,No,No,Month-to-month,Yes,Electronic check,0-12
0,1,0,1,0,5,80.15,385.0,3,77.0,Male,Yes,Yes,Yes,Yes,Fiber optic,No,Yes,No,No,No,No,Month-to-month,Yes,Electronic check,0-12
0,0,0,0,1,35,20.2,684.4,1,19.554285714285715,Male,No,No,Yes,No,No,No internet service,No internet service,No internet service,No internet service,No internet service,No internet service,Two year,Yes,Mailed check,25-48
0,1,0,1,1,52,61.35,3169.55,4,60.95288461538462,Male,Yes,No,Yes,Yes,DSL,No,Yes,No,Yes,No,No,Month-to-month,No,Bank transfer (automatic),49-72
0,1,1,0,1,72,109.9,7624.2,7,105.89166666666667,Female,No,No,Yes,No,Fiber optic,Yes,Yes,Yes,Yes,Yes,Yes,Two year,Yes,Electronic check,49-72
0,1,1,1,1,50,109.65,5405.8,7,108.116,Female,Yes,No,Yes,Yes,Fiber optic,Yes,Yes,No,Yes,Yes,Yes,Month-to-month,Yes,Bank transfer (automatic),49-72
0,0,0,0,0,16,19.35,295.55,1,18.471875,Female,No,No,Yes,No,No,No internet service,No internet service,No internet service,No internet service,No internet service,No internet service,One year,No,Credit card (automatic),13-24
1,0,1,1,1,35,95.45,3474.05,4,99.25857142857143,Male,No,No,Yes,Yes,Fiber optic,No,No,No,No,Yes,Yes,Month-to-month,Yes,Electronic check,25-48
0,1,0,0,1,71,86.4,6172.0,4,86.92957746478874,Male,No,No,Yes,Yes,Fiber optic,No,No,Yes,Yes,No,No,Two year,Yes,Credit card (automatic),49-72
0,1,1,0,1,59,110.15,6448.05,7,109.28898305084746,Male,Yes,No,Yes,Yes,Fiber optic,Yes,Yes,Yes,No,Yes,Yes,One year,Yes,Electronic check,49-72
1,1,1,0,1,70,104.45,7349.35,6,104.99071428571429,Female,Yes,No,Yes,Yes,Fiber optic,No,Yes,No,Yes,Yes,Yes,Two year,Yes,Bank transfer (automatic),49-72
0,1,0,1,0,1,74.3,74.3,2,74.3,Male,No,No,Yes,No,Fiber optic,No,No,No,Yes,No,No,Month-to-month,Yes,Mailed check,0-12
1,0,0,1,1,55,51.65,2838.55,2,51.61000000000001,Female,Yes,No,Yes,Yes,DSL,No,No,No,No,No,No,Month-to-month,No,Bank transfer (automatic),49-72
0,1,1,0,1,70,114.2,7723.9,8,110.34142857142857,Female,Yes,Yes,Yes,Yes,Fiber optic,Yes,Yes,Yes,Yes,Yes,Yes,Two year,Yes,Bank transfer (automatic),49-72
0,0,0,1,0,7,69.15,488.65,1,69.80714285714285,Male,No,No,Yes,No,Fiber optic,No,No,No,No,No,No,Month-to-month,No,Bank transfer (automatic),0-12
1,1,1,0,1,50,100.65,5189.75,5,103.795,Female,Yes,No,Yes,Yes,Fiber optic,No,No,No,Yes,Yes,Yes,One year,Yes,Electronic check,49-72
0,0,0,0,1,64,20.2,1277.75,1,19.96484375,Female,Yes,Yes,Yes,No,No,No internet service,No internet service,No internet service,No internet service,No internet service,No internet service,Two year,No,Mailed check,49-72
1,0,0,1,0,8,69.95,562.7,1,70.3375,Male,No,No,Yes,No,Fiber optic,No,No,No,No,No,No,Month-to-month,Yes,Credit card (automatic),0-12
1,1,0,1,1,61,82.15,4904.85,3,80.40737704918034,Male,Yes,No,Yes,Yes,Fiber optic,No,Yes,No,No,No,No,Month-to-month,Yes,Electronic check,49-72
0,0,0,1,0,1,69.65,69.65,1,69.65,Female,No,Yes,Yes,No,Fiber optic,No,No,No,No,No,No,Month-to-month,Yes,Electronic check,0-12
0,1,0,0,0,23,49.45,1119.35,2,48.667391304347824,Female,No,Yes,Yes,No,DSL,No,No,No,Yes,No,No,One year,Yes,Electronic check,13-24
0,1,1,1,0,11,66.35,740.8,4,67.34545454545454,Female,Yes,Yes,Yes,Yes,DSL,No,No,No,Yes,No,Yes,Month-to-month,Yes,Electronic check,0-12
1,1,0,1,1,24,79.85,1857.75,3,77.40625,Male,Yes,Yes,Yes,Yes,Fiber optic,Yes,No,No,No,No,No,Month-to-month,Yes,Electronic check,13-24
0,0,0,0,1,33,20.6,690.25,1,20.916666666666668,Male,Yes,Yes,Yes,No,No,No internet service,No internet service,No internet service,No internet service,No internet service,No internet service,One year,No,Mailed check,25-48
1,0,0,0,1,53,25.1,1275.6,2,24.067924528301884,Female,Yes,No,Yes,Yes,No,No internet service,No internet service,No internet service,No internet service,No internet service,No internet service,Two year,No,Credit card (automatic),49-72
0,0,0,0,0,23,20.9,454.0,1,19.73913043478261,Male,Yes,Yes,Yes,No,No,No internet service,No internet service,No internet service,No internet service,No internet service,No internet service,Two year,No,Mailed check,13-24
0,1,1,1,0,14,86.3,1180.95,3,84.35357142857143,Female,No,No,Yes,No,Fiber optic,No,Yes,No,No,No,Yes,Month-to-month,Yes,Electronic check,13-24
0,1,0,0,1,70,84.6,5706.2,4,81.51714285714286,Male,Yes,No,Yes,No,Fiber optic,Yes,Yes,No,Yes,No,No,Two year,No,Bank transfer (automatic),49-72
0,1,1,1,0,22,79.2,1742.75,6,79.2159090909091,Female,Yes,No,Yes,Yes,DSL,Yes,No,No,Yes,Yes,Yes,Month-to-month,Yes,Electronic check,13-24
0,0,0,1,0,15,19.75,311.6,1,20.773333333333333,Male,No,No,Yes,No,No,No internet service,No internet service,No internet service,No internet service,No internet service,No internet service,Month-to-month,No,Mailed check,13-24
0,1,1,0,1,65,107.65,7082.85,7,108.96692307692308,Female,Yes,No,Yes,Yes,Fiber optic,No,Yes,Yes,Yes,Yes,Yes,Two year,Yes,Bank transfer (automatic),49-72
0,1,1,0,1,72,85.45,6227.5,7,86.49305555555556,Male,Yes,No,Yes,Yes,DSL,No,Yes,Yes,Yes,Yes,Yes,Two year,Yes,Credit card (automatic),49-72
0,1,1,0,1,63,107.5,6873.75,6,109.10714285714286,Female,Yes,No,Yes,Yes,Fiber optic,No,Yes,Yes,No,Yes,Yes,One year,Yes,Electronic check,49-72
1,0,0,1,0,5,69.05,318.5,1,63.7,Female,No,No,Yes,No,Fiber optic,No,No,No,No,No,No,Month-to-month,Yes,Mailed check,0-12
0,1,1,0,1,35,113.2,3914.05,8,111.83,Female,No,No,Yes,Yes,Fiber optic,Yes,Yes,Yes,Yes,Yes,Yes,Two year,Yes,Mailed check,25-48
0,0,0,1,0,11,74.95,825.7,2,75.06363636363636,Male,Yes,No,Yes,Yes,Fiber optic,No,No,No,No,No,No,Month-to-month,Yes,Electronic check,0-12
1,0,1,1,0,5,45.7,198.0,2,39.6,Female,No,No,No,No phone service,DSL,No,No,No,No,Yes,Yes,Month-to-month,No,Electronic check,0-12
0,1,1,0,1,31,79.2,2497.2,6,80.55483870967741,Female,No,No,Yes,No,DSL,No,Yes,Yes,Yes,Yes,Yes,Two year,No,Mailed check,25-48
0,1,0,1,0,1,51.25,51.25,2,51.25,Male,No,No,Yes,No,DSL,No,No,No,Yes,No,No,Month-to-month,No,Mailed check,0-12
0,1,1,0,1,32,73.6,2316.85,6,72.4015625,Female,Yes,Yes,Yes,No,DSL,Yes,Yes,Yes,Yes,No,Yes,Two year,No,Mailed check,25-48
0,1,1,0,0,11,61.25,729.95,3,66.35909090909091,Male,No,No,Yes,No,DSL,No,Yes,No,No,Yes,No,One year,Yes,Electronic check,0-12
1,1,1,1,1,49,90.85,4515.85,4,92.16020408163266,Female,No,No,Yes,Yes,Fiber optic,No,No,Yes,No,No,Yes,Month-to-month,Yes,Credit card (automatic),49-72
0,1,1,0,1,67,88.4,5798.3,4,86.54179104477612,Male,Yes,No,Yes,Yes,Fiber optic,No,Yes,No,No,Yes,No,One year,Yes,Bank transfer (automatic),49-72
0,1,0,0,1,70,93.9,6579.05,6,93.98642857142858,Female,Yes,Yes,Yes,Yes,Fiber optic,Yes,Yes,Yes,Yes,No,No,Two year,No,Bank transfer (automatic),49-72
0,0,0,1,0,1,19.6,19.6,1,19.6,Female,No,No,Yes,No,No,No internet service,No internet service,No internet service,No internet service,No internet service,No internet service,Month-to-month,Yes,Mailed check,0-12
1,0,0,1,0,9,21.25,204.55,1,22.727777777777778,Male,Yes,No,Yes,No,No,No internet service,No internet service,No internet service,No internet service,No internet service,No internet service,Month-to-month,Yes,Mailed check,0-12
0,0,0,1,0,21,20.5,402.85,1,19.183333333333334,Male,No,No,Yes,No,No,No internet service,No internet service,No internet service,No internet service,No internet service,No internet service,Month-to-month,No,Credit card (automatic),13-24
0,0,0,1,1,28,20.25,535.35,1,19.119642857142857,Female,No,Yes,Yes,No,No,No internet service,No internet service,No internet service,No internet service,No internet service,No internet service,Month-to-month,No,Mailed check,25-48
0,1,1,0,1,67,105.4,6989.45,6,104.32014925373134,Male,Yes,Yes,Yes,Yes,Fiber optic,No,Yes,Yes,No,Yes,Yes,One year,Yes,Electronic check,49-72
0,1,1,1,0,15,87.75,1242.2,4,82.81333333333333,Male,No,No,Yes,Yes,Fiber optic,Yes,No,No,No,Yes,No,Month-to-month,Yes,Bank transfer (automatic),13-24
0,1,1,1,0,5,83.6,404.2,3,80.84,Female,Yes,Yes,Yes,No,Fiber optic,No,Yes,No,No,No,Yes,Month-to-month,Yes,Electronic check,0-12
0,1,1,1,1,25,78.35,1837.9,7,73.516,Female,No,No,Yes,Yes,DSL,Yes,Yes,Yes,Yes,Yes,No,Month-to-month,Yes,Bank transfer (automatic),25-48
0,0,0,1,0,4,20.45,82.85,1,20.7125,Female,No,No,Yes,No,No,No internet service,No internet service,No internet service,No internet service,No internet service,No internet service,Month-to-month,No,Credit card (automatic),0-12
0,1,1,1,0,7,70.75,450.8,4,64.4,Female,No,No,Yes,No,DSL,No,No,No,Yes,Yes,Yes,Month-to-month,Yes,Credit card (automatic),0-12
0,0,0,1,0,1,45.8,45.8,1,45.8,Female,No,No,Yes,No,DSL,No,No,No,No,No,No,Month-to-month,No,Electronic check,0-12
0,0,0,0,1,58,19.85,1158.85,1,19.980172413793102,Female,Yes,Yes,Yes,No,No,No internet service,No internet service,No internet service,No internet service,No internet service,No internet service,Two year,Yes,Mailed check,49-72
0,0,0,1,0,18,69.8,1221.65,1,67.86944444444445,Female,No,No,Yes,No,Fiber optic,No,No,No,No,No,No,Month-to-month,Yes,Electronic check,13-24
1,1,1,1,1,60,89.45,5294.6,4,88.24333333333334,Female,Yes,No,Yes,Yes,Fiber optic,No,Yes,No,No,No,Yes,Month-to-month,No,Electronic check,49-72
0,0,0,0,0,14,20.4,292.4,1,20.885714285714283,Female,Yes,No,Yes,No,No,No internet service,No internet service,No internet service,No internet service,No internet service,No internet service,Two year,No,Mailed check,13-24
0,1,0,1,1,42,49.55,2077.95,2,49.474999999999994,Female,No,No,Yes,No,DSL,No,Yes,No,No,No,No,Month-to-month,Yes,Electronic check,25-48
0,0,1,1,0,1,35.9,35.9,1,35.9,Male,No,No,No,No phone service,DSL,No,No,No,No,No,Yes,Month-to-month,No,Electronic check,0-12
0,1,1,0,1,64,49.85,3210.35,4,50.16171875,Female,Yes,Yes,No,No phone service,DSL,No,Yes,Yes,Yes,No,Yes,Two year,No,Electronic check,49-72
0,1,1,0,1,53,105.55,5682.25,6,107.2122641509434,Female,No,No,Yes,Yes,Fiber optic,No,Yes,Yes,No,Yes,Yes,Two year,No,Electronic check,49-72
1,0,0,1,0,1,69.6,69.6,1,69.6,Female,No,No,Yes,No,Fiber optic,No,No,No,No,No,No,Month-to-month,Yes,Electronic check,0-12
0,1,1,1,1,45,105.15,4730.9,6,105.1311111111111,Female,Yes,Yes,Yes,Yes,Fiber optic,Yes,Yes,No,No,Yes,Yes,Month-to-month,Yes,Electronic check,25-48
1,1,1,1,1,30,105.7,3181.8,7,106.06,Male,Yes,No,Yes,Yes,Fiber optic,Yes,Yes,Yes,Yes,Yes,No,Month-to-month,Yes,Bank transfer (automatic),25-48
0,0,0,1,0,17,70.5,1165.6,1,68.56470588235294,Female,No,No,Yes,No,Fiber optic,No,No,No,No,No,No,Month-to-month,No,Bank transfer (automatic),13-24
1,0,0,1,1,31,73.9,2217.15,2,71.5209677419355,Female,No,No,Yes,Yes,Fiber optic,No,No,No,No,No,No,Month-to-month,Yes,Electronic check,25-48
0,0,0,1,1,39,73.15,2730.85,2,70.02179487179487,Male,No,No,Yes,Yes,Fiber optic,No,No,No,No,No,No,Month-to-month,Yes,Credit card (automatic),25-48
0,1,1,1,1,59,96.65,5580.8,5,94.58983050847458,Female,Yes,Yes,Yes,Yes,Fiber optic,No,Yes,No,Yes,No,Yes,Month-to-month,Yes,Bank transfer (automatic),49-72
0,1,1,1,0,10,94.85,953.45,5,95.345,Female,No,No,Yes,Yes,Fiber optic,No,Yes,Yes,No,No,Yes,Month-to-month,Yes,Electronic check,0-12
0,0,1,1,0,3,80.35,253.8,2,84.60000000000001,Male,No,No,Yes,No,Fiber optic,No,No,No,No,No,Yes,Month-to-month,Yes,Electronic check,0-12
1,1,1,1,1,43,90.25,3838.75,4,89.27325581395348,Female,No,No,Yes,Yes,Fiber optic,No,Yes,No,No,Yes,No,Month-to-month,Yes,Electronic check,25-48
0,1,1,1,0,3,84.3,235.05,3,78.35000000000001,Male,No,No,Yes,No,Fiber optic,No,Yes,No,No,No,Yes,Month-to-month,No,Electronic check,0-12
0,1,1,1,0,21,104.4,2157.95,6,102.7595238095238,Male,Yes,Yes,Yes,Yes,Fiber optic,No,Yes,Yes,No,Yes,Yes,Month-to-month,No,Electronic check,13-24
1,1,1,1,1,33,50.0,1750.85,4,53.056060606060605,Male,Yes,No,No,No phone service,DSL,No,Yes,Yes,Yes,Yes,No,Month-to-month,Yes,Electronic check,25-48
0,0,0,0,0,9,24.1,259.8,0,28.866666666666667,Male,Yes,No,No,No phone service,DSL,No,No,No,No,No,No,One year,No,Bank transfer (automatic),0-12
0,1,1,1,0,2,60.85,111.4,3,55.7,Female,No,No,Yes,No,DSL,No,No,Yes,No,No,Yes,Month-to-month,No,Electronic check,0-12
0,1,0,0,0,7,35.5,249.55,2,35.65,Male,No,No,No,No phone service,DSL,No,No,Yes,Yes,No,No,One year,Yes,Credit card (automatic),0-12
0,0,0,1,0,5,25.05,125.5,0,25.1,Female,Yes,Yes,No,No phone service,DSL,No,No,No,No,No,No,Month-to-month,No,Mailed check,0-12
0,0,0,1,0,2,69.95,143.9,1,71.95,Male,Yes,Yes,Yes,No,Fiber optic,No,No,No,No,No,No,Month-to-month,No,Mailed check,0-12
0,0,0,1,0,17,70.8,1207.0,1,71.0,Male,No,No,Yes,No,Fiber optic,No,No,No,No,No,No,Month-to-month,Yes,Electronic check,13-24
1,1,1,0,1,60,101.4,6176.6,5,102.94333333333334,Female,No,No,Yes,Yes,Fiber optic,Yes,No,No,No,Yes,Yes,One year,Yes,Bank transfer (automatic),49-72
0,0,0,0,1,44,19.9,868.1,1,19.729545454545455,Female,No,Yes,Yes,No,No,No internet service,No internet service,No internet service,No internet service,No internet service,No internet service,Two year,No,Mailed check,25-48
0,1,1,0,1,72,86.05,6309.65,7,87.63402777777777,Male,No,No,Yes,Yes,DSL,Yes,Yes,No,Yes,Yes,Yes,Two year,No,Credit card (automatic),49-72
0,1,1,0,1,69,92.45,6460.55,5,93.63115942028986,Male,Yes,No,Yes,Yes,Fiber optic,No,Yes,No,Yes,Yes,No,Two year,Yes,Mailed check,49-72
0,0,0,1,0,2,44.65,74.9,1,37.45,Male,No,No,Yes,No,DSL,No,No,No,No,No,No,Month-to-month,No,Mailed check,0-12
0,0,1,1,0,1,84.6,84.6,3,84.6,Female,No,No,Yes,Yes,Fiber optic,No,No,No,No,Yes,No,Month-to-month,Yes,Electronic check,0-12
0,1,1,0,1,57,107.95,5969.85,6,104.73421052631579,Male,Yes,No,Yes,Yes,Fiber optic,No,No,Yes,Yes,Yes,Yes,Two year,No,Electronic check,49-72
0,1,1,0,0,19,58.2,1045.25,3,55.01315789473684,Female,No,No,Yes,No,DSL,No,Yes,No,No,Yes,No,One year,No,Electronic check,13-24
0,1,1,1,1,41,94.3,3893.6,5,94.96585365853659,Female,Yes,Yes,Yes,Yes,Fiber optic,Yes,Yes,No,No,Yes,No,Month-to-month,Yes,Bank transfer (automatic),25-48
0,1,1,0,1,67,111.2,7530.8,7,112.4,Male,Yes,Yes,Yes,Yes,Fiber optic,No,Yes,Yes,Yes,Yes,Yes,Two year,Yes,Bank transfer (automatic),49-72
0,1,1,1,0,5,88.9,454.15,4,90.83,Female,Yes,No,Yes,No,Fiber optic,Yes,No,Yes,No,No,Yes,Month-to-month,Yes,Mailed check,0-12
1,1,0,1,0,15,83.05,1258.3,4,83.88666666666667,Female,Yes,No,Yes,Yes,Fiber optic,No,No,Yes,Yes,No,No,Month-to-month,Yes,Electronic check,13-24
0,1,1,0,1,71,118.65,8477.6,8,119.40281690140846,Female,No,No,Yes,Yes,Fiber optic,Yes,Yes,Yes,Yes,Yes,Yes,Two year,Yes,Electronic check,49-72
0,0,0,1,0,3,20.55,51.15,1,17.05,Male,Yes,No,Yes,No,No,No internet service,No internet service,No internet service,No internet service,No internet service,No internet service,Month-to-month,Yes,Credit card (automatic),0-12
0,0,0,0,1,71,24.7,1810.55,2,25.500704225352113,Female,Yes,Yes,Yes,Yes,No,No internet service,No internet service,No internet service,No internet service,No internet service,No internet service,Two year,No,Bank transfer (automatic),49-72
1,1,1,0,1,70,92.2,6474.45,8,92.49214285714285,Female,Yes,No,Yes,Yes,DSL,Yes,Yes,Yes,Yes,Yes,Yes,Two year,Yes,Bank transfer (automatic),49-72
0,1,0,1,0,4,42.4,146.4,3,36.6,Male,No,No,No,No phone service,DSL,Yes,Yes,No,Yes,No,No,Month-to-month,No,Mailed check,0-12
1,1,1,1,0,5,85.55,408.5,3,81.7,Male,No,No,Yes,No,Fiber optic,No,Yes,No,No,No,Yes,Month-to-month,Yes,Electronic check,0-12
0,0,0,0,1,61,20.25,1278.8,1,20.963934426229507,Female,Yes,No,Yes,No,No,No internet service,No internet service,No internet service,No internet service,No internet service,No internet service,Two year,No,Credit card (automatic),49-72
0,0,0,0,0,3,26.4,121.25,2,40.416666666666664,Male,No,Yes,Yes,Yes,No,No internet service,No internet service,No internet service,No internet service,No internet service,No internet service,Two year,Yes,Mailed check,0-12
0,0,0,1,0,3,44.3,134.5,1,44.833333333333336,Female,Yes,Yes,Yes,No,DSL,No,No,No,No,No,No,Month-to-month,No,Mailed check,0-12
0,1,1,1,1,34,87.45,2874.15,4,84.53382352941176,Female,Yes,Yes,Yes,Yes,Fiber optic,No,No,Yes,No,Yes,No,Month-to-month,No,Electronic check,25-48
0,1,1,0,1,71,105.7,7472.15,6,105.24154929577465,Male,Yes,No,Yes,Yes,Fiber optic,No,Yes,Yes,No,Yes,Yes,One year,Yes,Bank transfer (automatic),49-72
0,1,1,0,0,23,91.1,2198.3,8,95.57826086956523,Female,Yes,Yes,Yes,Yes,DSL,Yes,Yes,Yes,Yes,Yes,Yes,Two year,Yes,Credit card (automatic),13-24
0,0,0,0,1,36,19.55,620.75,1,17.243055555555557,Female,No,No,Yes,No,No,No internet service,No internet service,No internet service,No internet service,No internet service,No internet service,One year,No,Mailed check,25-48
0,0,0,1,0,15,68.6,1108.6,1,73.90666666666667,Male,Yes,No,Yes,No,Fiber optic,No,No,No,No,No,No,Month-to-month,Yes,Bank transfer (automatic),13-24
0,0,1,1,0,11,55.05,608.15,2,55.28636363636363,Male,Yes,No,Yes,No,DSL,No,No,No,No,Yes,No,Month-to-month,Yes,Bank transfer (automatic),0-12
1,1,0,1,0,15,75.3,1147.45,2,76.49666666666667,Female,No,No,Yes,No,Fiber optic,No,Yes,No,No,No,No,Month-to-month,Yes,Credit card (automatic),13-24
0,1,1,0,1,62,43.6,2748.7,3,44.33387096774193,Female,No,No,No,No phone service,DSL,No,Yes,Yes,No,No,Yes,Two year,Yes,Credit card (automatic),49-72
0,0,1,1,0,7,95.0,655.5,4,93.64285714285714,Male,No,No,Yes,Yes,Fiber optic,No,No,No,No,Yes,Yes,Month-to-month,No,Mailed check,0-12
0,1,0,1,0,6,80.5,502.85,3,83.80833333333334,Female,Yes,Yes,Yes,Yes,Fiber optic,No,No,No,Yes,No,No,Month-to-month,Yes,Electronic check,0-12
0,0,0,1,1,29,25.15,702.0,2,24.20689655172414,Female,No,No,Yes,Yes,No,No internet service,No internet service,No internet service,No internet service,No internet service,No internet service,Month-to-month,No,Electronic check,25-48
0,1,1,0,1,72,89.7,6588.95,4,91.51319444444444,Male,Yes,Yes,Yes,Yes,Fiber optic,No,Yes,No,No,Yes,No,One year,Yes,Electronic check,49-72
0,1,1,0,1,69,85.35,5897.4,7,85.4695652173913,Female,No,No,Yes,Yes,DSL,Yes,No,Yes,Yes,Yes,Yes,Two year,Yes,Credit card (automatic),49-72
0,1,1,1,0,15,101.35,1553.95,5,103.59666666666666,Male,No,No,Yes,No,Fiber optic,No,No,Yes,Yes,Yes,Yes,Month-to-month,Yes,Electronic check,13-24
0,0,0,0,0,16,19.7,301.55,1,18.846875,Female,Yes,Yes,Yes,No,No,No internet service,No internet service,No internet service,No internet service,No internet service,No internet service,Two year,No,Mailed check,13-24
1,0,0,1,1,47,70.55,3309.25,1,70.40957446808511,Female,Yes,Yes,Yes,No,Fiber optic,No,No,No,No,No,No,Month-to-month,No,Bank transfer (automatic),25-48
0,1,1,0,1,48,69.7,3023.65,5,62.99270833333333,Female,Yes,Yes,Yes,No,DSL,Yes,No,Yes,Yes,Yes,No,One year,No,Bank transfer (automatic),25-48
0,1,1,0,1,72,68.75,4888.2,5,67.89166666666667,Female,Yes,Yes,Yes,No,DSL,Yes,Yes,Yes,No,No,Yes,Two year,No,Credit card (automatic),49-72
0,0,0,1,0,21,73.7,1558.7,2,74.22380952380952,Male,No,No,Yes,Yes,Fiber optic,No,No,No,No,No,No,Month-to-month,Yes,Electronic check,13-24
0,1,1,0,1,72,110.15,7998.8,7,111.09444444444445,Female,Yes,No,Yes,Yes,Fiber optic,No,Yes,Yes,Yes,Yes,Yes,Two year,Yes,Electronic check,49-72
0,1,1,1,0,7,69.7,516.15,4,73.73571428571428,Male,Yes,Yes,Yes,No,DSL,Yes,No,No,No,Yes,Yes,Month-to-month,No,Credit card (automatic),0-12
1,0,1,1,1,27,85.25,2287.25,3,84.71296296296296,Female,No,No,Yes,Yes,Fiber optic,No,No,No,No,No,Yes,Month-to-month,Yes,Electronic check,25-48
0,0,0,1,0,4,74.65,301.4,2,75.35,Male,Yes,No,Yes,Yes,Fiber optic,No,No,No,No,No,No,Month-to-month,Yes,Electronic check,0-12
0,0,0,1,0,4,46.0,193.6,1,48.4,Female,No,No,Yes,No,DSL,No,No,No,No,No,No,Month-to-month,Yes,Mailed check,0-12
0,0,1,1,1,26,90.8,2361.8,3,90.83846153846154,Female,Yes,Yes,Yes,No,Fiber optic,No,No,No,No,Yes,Yes,Month-to-month,Yes,Electronic check,25-48
0,1,0,1,1,42,79.9,3313.4,3,78.89047619047619,Male,No,No,Yes,Yes,Fiber optic,No,No,Yes,No,No,No,Month-to-month,No,Electronic check,25-48
0,1,1,0,1,69,81.95,5601.4,7,81.17971014492753,Male,Yes,Yes,Yes,Yes,DSL,No,Yes,Yes,Yes,Yes,Yes,Two year,Yes,Bank transfer (automatic),49-72
0,0,0,0,1,49,20.45,1024.65,1,20.91122448979592,Female,No,Yes,Yes,No,No,No internet service,No internet service,No internet service,No internet service,No internet service,No internet service,Two year,No,Credit card (automatic),49-72
0,1,0,1,0,1,75.8,75.8,2,75.8,Female,No,No,Yes,No,Fiber optic,No,Yes,No,No,No,No,Month-to-month,No,Electronic check,0-12
0,1,1,1,1,38,68.15,2656.3,5,69.90263157894738,Female,No,No,Yes,Yes,DSL,No,Yes,No,Yes,No,Yes,Month-to-month,No,Credit card (automatic),25-48
0,1,1,1,1,37,100.05,3810.55,5,102.98783783783784,Female,No,No,Yes,Yes,Fiber optic,No,No,Yes,No,Yes,Yes,Month-to-month,Yes,Electronic check,25-48
0,1,1,0,0,14,81.95,1181.75,6,84.41071428571429,Male,Yes,No,Yes,No,DSL,No,Yes,Yes,Yes,Yes,Yes,Two year,No,Mailed check,13-24
1,0,1,1,0,1,79.1,79.1,2,79.1,Male,No,No,Yes,No,Fiber optic,No,No,No,No,Yes,No,Month-to-month,Yes,Electronic check,0-12
0,0,0,1,0,9,19.5,178.85,1,19.87222222222222,Female,No,No,Yes,No,No,No internet service,No internet service,No internet service,No internet service,No internet service,No internet service,Month-to-month,Yes,Electronic check,0-12
0,1,0,1,1,24,51.15,1275.7,2,53.15416666666667,Male,No,No,Yes,No,DSL,Yes,No,No,No,No,No,Month-to-month,Yes,Electronic check,13-24
0,1,0,1,0,8,55.75,446.8,3,55.85,Female,Yes,Yes,Yes,Yes,DSL,No,Yes,No,No,No,No,Month-to-month,No,Electronic check,0-12
0,0,1,1,0,1,85.8,85.8,3,85.8,Female,No,No,Yes,Yes,Fiber optic,No,No,No,No,No,Yes,Month-to-month,No,Mailed check,0-12
0,1,1,0,1,72,79.2,5401.9,7,75.02638888888889,Female,Yes,No,Yes,Yes,DSL,Yes,Yes,Yes,Yes,Yes,No,Two year,No,Credit card (automatic),49-72
0,1,1,0,1,72,105.5,7544.0,6,104.77777777777777,Female,Yes,No,Yes,Yes,Fiber optic,Yes,No,Yes,No,Yes,Yes,Two year,Yes,Electronic check,49-72
0,1,0,1,0,17,55.35,920.5,3,54.14705882352941,Female,Yes,Yes,Yes,No,DSL,Yes,No,No,Yes,No,No,Month-to-month,Yes,Credit card (automatic),13-24
0,1,1,0,1,68,64.35,4539.6,6,66.75882352941177,Female,No,No,No,No phone service,DSL,Yes,Yes,Yes,Yes,Yes,Yes,Two year,No,Credit card (automatic),49-72
0,1,1,0,1,48,65.65,3094.65,4,64.471875,Female,Yes,No,Yes,No,DSL,No,Yes,Yes,No,No,Yes,One year,Yes,Electronic check,25-48
0,1,1,1,0,7,75.7,554.05,6,79.14999999999999,Female,Yes,Yes,Yes,No,DSL,Yes,Yes,Yes,Yes,Yes,No,Month-to-month,Yes,Electronic check,0-12
0,1,0,0,1,46,30.75,1489.3,1,32.37608695652174,Male,No,No,No,No phone service,DSL,Yes,No,No,No,No,No,One year,Yes,Bank transfer (automatic),25-48
0,1,1,1,1,50,103.7,5071.05,6,101.421,Male,Yes,Yes,Yes,Yes,Fiber optic,No,Yes,No,Yes,Yes,Yes,Month-to-month,No,Electronic check,49-72
0,1,0,1,0,23,54.25,1221.55,3,53.11086956521739,Female,Yes,No,Yes,No,DSL,No,No,Yes,Yes,No,No,Month-to-month,No,Electronic check,13-24
0,0,0,1,0,13,20.45,254.5,1,19.576923076923077,Female,Yes,Yes,Yes,No,No,No internet service,No internet service,No internet service,No internet service,No internet service,No internet service,Month-to-month,Yes,Mailed check,13-24
0,0,0,0,0,18,25.3,454.65,2,25.258333333333333,Female,No,Yes,Yes,Yes,No,No internet service,No internet service,No internet service,No internet service,No internet service,No internet service,Two year,No,Credit card (automatic),13-24
0,0,0,0,1,64,24.4,1601.2,2,25.01875,Female,No,No,Yes,Yes,No,No internet service,No internet service,No internet service,No internet service,No internet service,No internet service,One year,Yes,Bank transfer (automatic),49-72
0,1,1,1,1,66,89.4,5976.9,4,90.5590909090909,Male,No,No,Yes,Yes,Fiber optic,No,Yes,No,No,No,Yes,Month-to-month,No,Credit card (automatic),49-72
0,1,0,0,0,9,48.6,422.3,2,46.922222222222224,Female,Yes,Yes,Yes,No,DSL,Yes,No,No,No,No,No,One year,No,Mailed check,0-12
1,0,1,1,0,21,94.25,1973.75,4,93.98809523809524,Female,No,No,Yes,Yes,Fiber optic,No,No,No,No,Yes,Yes,Month-to-month,Yes,Electronic check,13-24
0,0,0,0,1,40,20.4,854.9,1,21.3725,Male,No,Yes,Yes,No,No,No internet service,No internet service,No internet service,No internet service,No internet service,No internet service,One year,Yes,Bank transfer (automatic),25-48
0,1,1,0,0,7,49.65,305.55,4,43.65,Male,Yes,Yes,No,No phone service,DSL,Yes,No,Yes,Yes,No,Yes,Two year,No,Credit card (automatic),0-12
0,1,1,1,1,56,106.6,5893.95,6,105.24910714285714,Female,No,No,Yes,Yes,Fiber optic,Yes,Yes,No,No,Yes,Yes,Month-to-month,Yes,Credit card (automatic),49-72
0,0,0,0,0,22,20.75,452.35,1,20.561363636363637,Female,Yes,Yes,Yes,No,No,No internet service,No internet service,No internet service,No internet service,No internet service,No internet service,One year,No,Bank transfer (automatic),13-24
0,0,0,1,0,4,70.9,273.0,1,68.25,Female,No,No,Yes,No,Fiber optic,No,No,No,No,No,No,Month-to-month,Yes,Bank transfer (automatic),0-12
1,0,0,1,0,1,74.45,74.45,2,74.45,Female,Yes,No,Yes,Yes,Fiber optic,No,No,No,No,No,No,Month-to-month,Yes,Electronic check,0-12
0,0,1,1,1,32,91.05,2871.5,3,89.734375,Male,No,No,Yes,No,Fiber optic,No,No,No,No,Yes,Yes,Month-to-month,No,Electronic check,25-48
0,1,1,0,1,26,39.95,1023.75,2,39.375,Male,No,Yes,No,No phone service,DSL,No,Yes,No,No,Yes,No,One year,Yes,Bank transfer (automatic),25-48
0,1,1,0,0,18,46.4,812.4,3,45.13333333333333,Male,Yes,Yes,No,No phone service,DSL,No,Yes,Yes,No,Yes,No,One year,No,Credit card (automatic),13-24
0,1,1,1,1,35,109.95,3782.4,7,108.06857142857143,Male,Yes,Yes,Yes,Yes,Fiber optic,No,Yes,Yes,Yes,Yes,Yes,Month-to-month,Yes,Electronic check,25-48
0,1,1,0,1,72,80.2,5714.2,7,79.36388888888888,Female,Yes,Yes,Yes,Yes,DSL,Yes,Yes,Yes,Yes,Yes,No,Two year,No,Bank transfer (automatic),49-72
0,1,1,1,1,52,98.15,4993.4,6,96.02692307692307,Female,Yes,Yes,Yes,Yes,Fiber optic,Yes,Yes,Yes,No,No,Yes,Month-to-month,No,Bank transfer (automatic),49-72
1,0,1,1,0,7,84.55,646.85,3,92.40714285714286,Female,Yes,No,Yes,Yes,Fiber optic,No,No,No,No,No,Yes,Month-to-month,Yes,Electronic check,0-12
0,1,1,0,1,36,104.8,3886.45,6,107.95694444444445,Female,No,No,Yes,Yes,Fiber optic,No,Yes,Yes,No,Yes,Yes,One year,Yes,Bank transfer (automatic),25-48
0,0,0,1,0,2,19.3,44.4,1,22.2,Female,No,No,Yes,No,No,No internet service,No internet service,No internet service,No internet service,No internet service,No internet service,Month-to-month,No,Mailed check,0-12
0,1,0,0,0,7,35.3,264.8,2,37.82857142857143,Male,No,No,No,No phone service,DSL,Yes,No,Yes,No,No,No,One year,No,Mailed check,0-12
0,0,0,1,0,15,19.45,340.85,1,22.723333333333336,Male,Yes,No,Yes,No,No,No internet service,No internet service,No internet service,No internet service,No internet service,No internet service,Month-to-month,Yes,Credit card (automatic),13-24
0,1,0,1,0,2,79.45,145.15,3,72.575,Male,No,No,Yes,Yes,Fiber optic,No,Yes,No,No,No,No,Month-to-month,Yes,Electronic check,0-12
0,1,0,0,1,71,47.6,3377.8,4,47.57464788732395,Female,Yes,No,No,No phone service,DSL,Yes,Yes,Yes,Yes,No,No,Two year,Yes,Bank transfer (automatic),49-72
0,0,0,1,1,27,75.75,1929.0,2,71.44444444444444,Male,Yes,Yes,Yes,Yes,Fiber optic,No,No,No,No,No,No,Month-to-month,Yes,Bank transfer (automatic),25-48
0,1,0,1,1,44,54.9,2549.1,3,57.934090909090905,Male,Yes,Yes,Yes,No,DSL,No,Yes,No,Yes,No,No,Month-to-month,Yes,Bank transfer (automatic),25-48
0,1,1,0,1,46,70.6,3231.05,5,70.24021739130436,Female,Yes,No,Yes,No,DSL,Yes,Yes,No,Yes,No,Yes,One year,No,Mailed check,25-48
0,0,0,0,1,31,20.1,589.25,1,19.008064516129032,Female,No,Yes,Yes,No,No,No internet service,No internet service,No internet service,No internet service,No internet service,No internet service,One year,No,Credit card (automatic),25-48
0,1,1,0,1,69,78.6,5356.45,7,77.62971014492753,Male,No,No,Yes,Yes,DSL,Yes,Yes,Yes,Yes,No,Yes,One year,Yes,Credit card (automatic),49-72
0,0,1,1,1,25,60.35,1404.65,3,56.18600000000001,Male,Yes,Yes,Yes,Yes,DSL,No,No,No,No,Yes,No,Month-to-month,No,Electronic check,25-48
0,0,0,1,1,25,19.15,477.6,1,19.104,Male,Yes,Yes,Yes,No,No,No internet service,No internet service,No internet service,No internet service,No internet service,No internet service,Month-to-month,Yes,Mailed check,25-48
0,1,1,0,1,70,113.05,7869.05,8,112.415,Female,Yes,Yes,Yes,Yes,Fiber optic,Yes,Yes,Yes,Yes,Yes,Yes,Two year,Yes,Credit card (automatic),49-72
0,0,0,0,1,72,20.7,1492.1,1,20.72361111111111,Male,Yes,No,Yes,No,No,No internet service,No internet service,No internet service,No internet service,No internet service,No internet service,Two year,No,Bank transfer (automatic),49-72
0,0,0,1,0,2,44.35,81.25,1,40.625,Male,No,No,Yes,No,DSL,No,No,No,No,No,No,Month-to-month,No,Electronic check,0-12
0,1,0,1,0,4,33.65,137.85,2,34.4625,Female,No,No,No,No phone service,DSL,Yes,Yes,No,No,No,No,Month-to-month,Yes,Electronic check,0-12
0,1,0,0,1,66,90.95,5930.05,5,89.84924242424243,Female,No,Yes,Yes,Yes,Fiber optic,Yes,No,Yes,Yes,No,No,Two year,Yes,Credit card (automatic),49-72
0,1,1,1,0,5,65.6,339.9,4,67.97999999999999,Male,No,No,Yes,No,DSL,No,Yes,No,Yes,No,Yes,Month-to-month,Yes,Bank transfer (automatic),0-12
0,1,0,1,0,1,50.8,50.8,2,50.8,Male,No,No,Yes,No,DSL,No,Yes,No,No,No,No,Month-to-month,No,Electronic check,0-12
0,1,1,1,0,1,95.0,95.0,4,95.0,Male,Yes,No,Yes,No,Fiber optic,Yes,No,No,No,Yes,Yes,Month-to-month,Yes,Electronic check,0-12
0,0,0,1,0,1,20.2,20.2,1,20.2,Female,No,No,Yes,No,No,No internet service,No internet service,No internet service,No internet service,No internet service,No internet service,Month-to-month,Yes,Mailed check,0-12
1,1,1,0,1,70,104.8,7308.95,6,104.41357142857143,Male,Yes,No,Yes,Yes,Fiber optic,No,Yes,Yes,No,Yes,Yes,One year,Yes,Electronic check,49-72
0,1,1,0,1,59,100.05,6034.85,5,102.285593220339,Female,Yes,No,Yes,No,Fiber optic,No,Yes,No,Yes,Yes,Yes,Two year,Yes,Mailed check,49-72
0,0,0,0,0,12,19.35,219.35,1,18.279166666666665,Female,No,No,Yes,No,No,No internet service,No internet service,No internet service,No internet service,No internet service,No internet service,One year,Yes,Bank transfer (automatic),0-12
0,0,0,1,0,2,19.4,50.6,1,25.3,Male,No,No,Yes,No,No,No internet service,No internet service,No internet service,No internet service,No internet service,No internet service,Month-to-month,No,Mailed check,0-12
0,0,0,0,1,41,20.0,879.8,1,21.458536585365852,Male,Yes,Yes,Yes,No,No,No internet service,No internet service,No internet service,No internet service,No internet service,No internet service,Two year,Yes,Mailed check,25-48
0,1,1,1,1,38,103.65,3988.5,6,104.96052631578948,Female,No,No,Yes,Yes,Fiber optic,No,No,Yes,Yes,Yes,Yes,Month-to-month,Yes,Electronic check,25-48
0,1,1,0,1,64,115.0,7396.15,8,115.56484375,Female,Yes,No,Yes,Yes,Fiber optic,Yes,Yes,Yes,Yes,Yes,Yes,One year,Yes,Electronic check,49-72
0,0,0,1,0,1,74.6,74.6,2,74.6,Male,Yes,No,Yes,Yes,Fiber optic,No,No,No,No,No,No,Month-to-month,Yes,Bank transfer (automatic),0-12
0,1,1,1,0,5,96.5,492.55,4,98.51,Male,No,No,Yes,No,Fiber optic,No,No,Yes,No,Yes,Yes,Month-to-month,No,Bank transfer (automatic),0-12
0,0,0,1,0,1,25.25,25.25,0,25.25,Female,No,No,No,No phone service,DSL,No,No,No,No,No,No,Month-to-month,No,Bank transfer (automatic),0-12
0,0,0,0,1,44,19.55,819.95,1,18.635227272727274,Male,No,Yes,Yes,No,No,No internet service,No internet service,No internet service,No internet service,No internet service,No internet service,Two year,No,Bank transfer (automatic),25-48
0,0,1,1,0,1,89.15,89.15,3,89.15,Male,Yes,Yes,Yes,No,Fiber optic,No,No,No,No,Yes,Yes,Month-to-month,No,Mailed check,0-12
0,1,1,1,1,30,94.4,2838.7,5,94.62333333333332,Male,Yes,Yes,Yes,Yes,Fiber optic,Yes,Yes,No,No,Yes,No,Month-to-month,Yes,Electronic check,25-48
0,1,1,0,1,41,99.65,4220.35,5,102.93536585365854,Male,No,No,Yes,No,Fiber optic,No,Yes,No,Yes,Yes,Yes,Two year,Yes,Credit card (automatic),25-48
0,0,0,0,1,53,19.9,1110.05,1,20.944339622641508,Male,Yes,No,Yes,No,No,No internet service,No internet service,No internet service,No internet service,No internet service,No internet service,Two year,No,Credit card (automatic),49-72
1,1,1,0,1,72,114.5,8331.95,8,115.7215277777778,Male,Yes,No,Yes,Yes,Fiber optic,Yes,Yes,Yes,Yes,Yes,Yes,Two year,Yes,Mailed check,49-72
1,0,1,1,0,7,84.8,546.95,3,78.13571428571429,Male,No,No,Yes,Yes,Fiber optic,No,No,No,No,Yes,No,Month-to-month,Yes,Electronic check,0-12
0,1,1,0,1,50,69.5,3418.2,5,68.36399999999999,Male,No,No,Yes,Yes,DSL,No,No,Yes,Yes,No,Yes,Two year,No,Bank transfer (automatic),49-72
0,0,0,1,0,1,45.6,45.6,1,45.6,Male,No,No,Yes,No,DSL,No,No,No,No,No,No,Month-to-month,No,Mailed check,0-12
0,0,0,0,1,31,20.9,689.35,1,22.23709677419355,Female,No,No,Yes,No,No,No internet service,No internet service,No internet service,No internet service,No internet service,No internet service,Two year,No,Credit card (automatic),25-48
0,1,1,1,1,40,104.8,4131.95,6,103.29875,Male,No,No,Yes,Yes,Fiber optic,No,No,Yes,Yes,Yes,Yes,Month-to-month,No,Bank transfer (automatic),25-48
0,0,0,1,0,1,20.25,20.25,1,20.25,Female,No,No,Yes,No,No,No internet service,No internet service,No internet service,No internet service,No internet service,No internet service,Month-to-month,Yes,Mailed check,0-12
1,1,1,0,1,60,49.45,2907.55,3,48.45916666666667,Female,Yes,No,No,No phone service,DSL,No,Yes,No,No,Yes,Yes,Two year,Yes,Credit card (automatic),49-72
0,1,0,0,0,17,61.95,1070.7,4,62.98235294117647,Female,Yes,Yes,Yes,Yes,DSL,No,No,Yes,Yes,No,No,One year,Yes,Mailed check,13-24
1,1,1,0,1,72,84.45,5899.85,7,81.94236111111111,Male,Yes,No,Yes,Yes,DSL,Yes,Yes,Yes,No,Yes,Yes,Two year,No,Credit card (automatic),49-72
1,1,1,1,1,26,89.15,2277.65,4,87.60192307692309,Female,No,No,Yes,Yes,Fiber optic,No,Yes,No,No,Yes,No,Month-to-month,Yes,Electronic check,25-48
0,0,1,1,0,1,90.55,90.55,3,90.55,Male,No,No,Yes,No,Fiber optic,No,No,No,No,Yes,Yes,Month-to-month,Yes,Electronic check,0-12
0,1,1,1,0,7,74.65,521.1,5,74.44285714285715,Female,No,No,Yes,Yes,DSL,No,No,No,Yes,Yes,Yes,Month-to-month,Yes,Electronic check,0-12
0,0,0,1,0,1,75.45,75.45,2,75.45,Male,No,No,Yes,Yes,Fiber optic,No,No,No,No,No,No,Month-to-month,Yes,Electronic check,0-12
0,1,1,0,1,64,90.25,5629.15,4,87.95546875,Male,Yes,Yes,Yes,Yes,Fiber optic,No,No,Yes,No,No,Yes,One year,No,Credit card (automatic),49-72
0,1,1,0,1,33,82.1,2603.1,6,78.88181818181818,Male,Yes,Yes,Yes,No,DSL,No,Yes,Yes,Yes,Yes,Yes,Two year,No,Credit card (automatic),25-48
0,0,0,0,1,68,20.05,1386.9,1,20.39558823529412,Female,No,No,Yes,No,No,No internet service,No internet service,No internet service,No internet service,No internet service,No internet service,Two year,No,Bank transfer (automatic),49-72
0,0,0,1,1,34,20.65,716.4,1,21.070588235294117,Female,Yes,Yes,Yes,No,No,No internet service,No internet service,No internet service,No internet service,No internet service,No internet service,Month-to-month,No,Mailed check,25-48
0,0,0,1,0,3,19.65,68.35,1,22.78333333333333,Male,No,No,Yes,No,No,No internet service,No internet service,No internet service,No internet service,No internet service,No internet service,Month-to-month,Yes,Mailed check,0-12
0,0,0,0,0,7,20.25,129.15,1,18.45,Female,No,No,Yes,No,No,No internet service,No internet service,No internet service,No internet service,No internet service,No internet service,One year,No,Mailed check,0-12
0,1,1,1,0,6,89.25,487.05,4,81.175,Female,No,No,Yes,No,Fiber optic,No,No,Yes,Yes,No,Yes,Month-to-month,Yes,Electronic check,0-12
0,1,1,1,0,12,69.85,837.5,4,69.79166666666667,Male,No,Yes,Yes,No,DSL,Yes,No,No,No,Yes,Yes,Month-to-month,Yes,Mailed check,0-12
0,1,1,0,1,59,75.95,4542.35,5,76.98898305084747,Female,Yes,Yes,Yes,No,DSL,No,Yes,No,Yes,Yes,Yes,Two year,Yes,Credit card (automatic),49-72
0,1,0,1,0,12,80.85,866.45,3,72.20416666666667,Male,Yes,No,Yes,No,Fiber optic,Yes,No,No,Yes,No,No,Month-to-month,No,Bank transfer (automatic),0-12
1,1,1,1,1,52,48.8,2555.05,3,49.135576923076925,Male,No,No,No,No phone service,DSL,Yes,No,No,No,Yes,Yes,Month-to-month,Yes,Credit card (automatic),49-72
0,1,1,1,1,32,91.05,2954.5,4,92.328125,Female,Yes,Yes,Yes,Yes,Fiber optic,No,No,Yes,No,No,Yes,Month-to-month,Yes,Bank transfer (automatic),25-48
1,1,1,0,1,67,107.05,7142.5,6,106.6044776119403,Female,Yes,No,Yes,Yes,Fiber optic,Yes,No,Yes,No,Yes,Yes,One year,Yes,Credit card (automatic),49-72
0,0,0,0,1,51,19.1,1007.8,1,19.76078431372549,Male,No,No,Yes,No,No,No internet service,No internet service,No internet service,No internet service,No internet service,No internet service,One year,No,Electronic check,49-72
0,1,0,1,0,8,49.4,408.25,2,51.03125,Female,No,No,Yes,No,DSL,No,No,No,Yes,No,No,Month-to-month,No,Electronic check,0-12
1,1,1,1,0,3,88.3,273.75,4,91.25,Female,Yes,Yes,Yes,No,Fiber optic,Yes,No,No,Yes,Yes,No,Month-to-month,Yes,Mailed check,0-12
0,1,1,0,1,72,100.65,7334.05,6,101.86180555555556,Female,Yes,No,Yes,Yes,Fiber optic,Yes,Yes,Yes,No,Yes,No,Two year,No,Bank transfer (automatic),49-72
1,0,1,1,1,37,85.7,3171.15,3,85.70675675675676,Male,Yes,No,Yes,Yes,Fiber optic,No,No,No,No,Yes,No,Month-to-month,Yes,Electronic check,25-48
0,0,0,0,1,64,24.8,1514.85,2,23.66953125,Male,Yes,Yes,Yes,Yes,No,No internet service,No internet service,No internet service,No internet service,No internet service,No internet service,Two year,Yes,Mailed check,49-72
1,1,1,1,1,26,84.95,2169.75,3,83.45192307692308,Female,Yes,No,Yes,No,Fiber optic,No,Yes,No,No,No,Yes,Month-to-month,No,Electronic check,25-48
0,1,1,1,0,16,94.25,1483.25,4,92.703125,Male,No,No,Yes,No,Fiber optic,Yes,No,No,No,Yes,Yes,Month-to-month,Yes,Electronic check,13-24
0,1,1,1,0,2,104.4,242.8,6,121.4,Female,Yes,No,Yes,Yes,Fiber optic,No,No,Yes,Yes,Yes,Yes,Month-to-month,Yes,Electronic check,0-12
0,1,1,1,1,37,78.9,2976.95,7,80.4581081081081,Female,No,No,Yes,Yes,DSL,Yes,Yes,Yes,Yes,Yes,No,Month-to-month,Yes,Credit card (automatic),25-48
0,1,1,0,1,66,114.3,7383.7,8,111.87424242424242,Male,No,No,Yes,Yes,Fiber optic,Yes,Yes,Yes,Yes,Yes,Yes,One year,Yes,Bank transfer (automatic),49-72
0,1,1,0,1,72,91.35,6697.2,8,93.01666666666667,Female,No,No,Yes,Yes,DSL,Yes,Yes,Yes,Yes,Yes,Yes,Two year,Yes,Bank transfer (automatic),49-72
1,0,0,1,0,1,45.1,45.1,1,45.1,Female,No,No,Yes,No,DSL,No,No,No,No,No,No,Month-to-month,No,Mailed check,0-12
1,1,1,1,1,46,100.7,4541.2,6,98.72173913043478,Male,Yes,Yes,Yes,Yes,Fiber optic,Yes,Yes,Yes,No,Yes,No,Month-to-month,Yes,Electronic check,25-48
0,0,0,0,1,69,19.8,1436.95,1,20.82536231884058,Female,Yes,Yes,Yes,No,No,No internet service,No internet service,No internet service,No internet service,No internet service,No internet service,Two year,No,Credit card (automatic),49-72
0,1,1,0,1,46,95.65,4664.2,5,101.39565217391304,Female,No,No,Yes,No,Fiber optic,Yes,Yes,Yes,No,Yes,No,One year,Yes,Credit card (automatic),25-48
0,0,1,1,0,8,85.65,659.45,3,82.43125,Male,Yes,No,Yes,Yes,Fiber optic,No,No,No,No,No,Yes,Month-to-month,Yes,Bank transfer (automatic),0-12
0,1,1,1,0,8,60.0,487.75,3,60.96875,Female,No,No,Yes,No,DSL,Yes,No,No,No,Yes,No,Month-to-month,Yes,Electronic check,0-12
0,0,0,1,0,1,20.05,20.05,1,20.05,Male,No,No,Yes,No,No,No internet service,No internet service,No internet service,No internet service,No internet service,No internet service,Month-to-month,No,Bank transfer (automatic),0-12
1,1,1,0,1,67,92.45,6140.85,5,91.65447761194031,Female,No,No,Yes,No,Fiber optic,Yes,Yes,No,Yes,Yes,No,Two year,Yes,Bank transfer (automatic),49-72
0,0,0,0,1,69,24.6,1678.05,2,24.319565217391304,Female,No,No,Yes,Yes,No,No internet service,No internet service,No internet service,No internet service,No internet service,No internet service,Two year,No,Credit card (automatic),49-72
0,1,0,1,0,14,50.45,765.45,2,54.675000000000004,Female,No,No,Yes,No,DSL,No,Yes,No,No,No,No,Month-to-month,No,Electronic check,13-24
0,1,0,1,1,68,54.45,3687.75,3,54.231617647058826,Female,No,No,Yes,Yes,DSL,Yes,No,No,No,No,No,Month-to-month,No,Mailed check,49-72
0,1,1,0,1,43,44.15,1931.3,3,44.913953488372094,Male,No,No,No,No phone service,DSL,No,No,Yes,Yes,No,Yes,One year,No,Electronic check,25-48
0,0,0,1,0,2,19.9,57.4,1,28.7,Female,No,No,Yes,No,No,No internet service,No internet service,No internet service,No internet service,No internet service,No internet service,Month-to-month,No,Electronic check,0-12
0,0,1,1,0,6,45.0,298.7,2,49.78333333333333,Female,No,No,No,No phone service,DSL,No,No,No,No,Yes,Yes,Month-to-month,No,Credit card (automatic),0-12
0,0,0,0,0,13,20.85,272.35,1,20.950000000000003,Female,Yes,Yes,Yes,No,No,No internet service,No internet service,No internet service,No internet service,No internet service,No internet service,Two year,No,Mailed check,13-24
0,0,0,0,1,54,19.65,1008.7,1,18.67962962962963,Male,No,No,Yes,No,No,No internet service,No internet service,No internet service,No internet service,No internet service,No internet service,Two year,No,Credit card (automatic),49-72
0,0,0,1,0,3,44.75,148.05,1,49.35,Female,No,No,Yes,No,DSL,No,No,No,No,No,No,Month-to-month,No,Mailed check,0-12
1,0,1,1,1,26,78.8,2006.1,2,77.1576923076923,Female,No,No,Yes,No,Fiber optic,No,No,No,No,No,Yes,Month-to-month,Yes,Electronic check,25-48
0,1,1,0,1,38,84.1,3187.65,7,83.88552631578948,Female,No,No,Yes,Yes,DSL,Yes,Yes,Yes,No,Yes,Yes,One year,No,Bank transfer (automatic),25-48
0,0,0,0,0,23,20.4,478.75,1,20.815217391304348,Female,Yes,Yes,Yes,No,No,No internet service,No internet service,No internet service,No internet service,No internet service,No internet service,Two year,No,Bank transfer (automatic),13-24
0,0,0,0,0,14,19.7,263.65,1,18.832142857142856,Female,Yes,Yes,Yes,No,No,No internet service,No internet service,No internet service,No internet service,No internet service,No internet service,Two year,Yes,Mailed check,13-24
0,1,0,0,1,37,61.45,2302.35,4,62.225675675675674,Male,No,Yes,Yes,No,DSL,Yes,Yes,No,Yes,No,No,Two year,No,Credit card (automatic),25-48
1,1,1,1,1,30,40.3,1172.95,2,39.098333333333336,Female,No,No,No,No phone service,DSL,No,No,Yes,No,Yes,No,Month-to-month,Yes,Electronic check,25-48
0,0,1,1,0,7,79.7,586.05,2,83.72142857142856,Female,No,No,Yes,No,Fiber optic,No,No,No,No,Yes,No,Month-to-month,Yes,Electronic check,0-12
0,1,1,1,0,2,91.4,193.6,4,96.8,Female,No,No,Yes,Yes,Fiber optic,No,No,Yes,No,Yes,No,Month-to-month,Yes,Electronic check,0-12
1,0,0,0,1,33,24.9,847.8,2,25.690909090909088,Male,No,No,Yes,Yes,No,No internet service,No internet service,No internet service,No internet service,No internet service,No internet service,One year,Yes,Bank transfer (automatic),25-48
1,1,1,0,1,50,75.15,3822.45,6,76.449,Male,Yes,Yes,Yes,Yes,DSL,Yes,Yes,Yes,No,No,Yes,Two year,Yes,Bank transfer (automatic),49-72
0,0,0,0,0,23,25.1,611.45,2,26.584782608695654,Female,Yes,Yes,Yes,Yes,No,No internet service,No internet service,No internet service,No internet service,No internet service,No internet service,Two year,No,Mailed check,13-24
0,1,1,0,1,72,103.65,7634.8,6,106.03888888888889,Male,No,No,Yes,Yes,Fiber optic,No,Yes,Yes,No,Yes,Yes,Two year,Yes,Electronic check,49-72
0,1,1,0,1,66,106.05,6981.35,6,105.7780303030303,Male,Yes,No,Yes,Yes,Fiber optic,Yes,No,Yes,No,Yes,Yes,Two year,Yes,Credit card (automatic),49-72
0,1,0,1,0,1,29.7,29.7,1,29.7,Male,No,No,No,No phone service,DSL,Yes,No,No,No,No,No,Month-to-month,No,Mailed check,0-12
0,0,0,1,0,12,19.2,239.0,1,19.916666666666668,Male,Yes,Yes,Yes,No,No,No internet service,No internet service,No internet service,No internet service,No internet service,No internet service,Month-to-month,Yes,Electronic check,0-12
0,1,0,0,1,61,43.7,2696.55,4,44.205737704918036,Female,No,No,No,No phone service,DSL,Yes,Yes,Yes,Yes,No,No,One year,No,Credit card (automatic),49-72
0,0,0,0,1,46,19.4,958.15,1,20.829347826086956,Female,Yes,Yes,Yes,No,No,No internet service,No internet service,No internet service,No internet service,No internet service,No internet service,Two year,No,Credit card (automatic),25-48
0,1,1,0,0,21,58.85,1215.45,3,57.87857142857143,Female,Yes,Yes,Yes,No,DSL,No,Yes,No,No,Yes,No,One year,Yes,Credit card (automatic),13-24
0,1,0,0,1,32,36.25,1151.05,2,35.9703125,Male,Yes,Yes,No,No phone service,DSL,No,No,Yes,Yes,No,No,One year,Yes,Mailed check,25-48
0,0,0,1,0,20,20.05,406.05,1,20.302500000000002,Female,Yes,Yes,Yes,No,No,No internet service,No internet service,No internet service,No internet service,No internet service,No internet service,Month-to-month,No,Mailed check,13-24
0,1,0,0,0,21,35.1,770.4,2,36.68571428571428,Female,No,No,No,No phone service,DSL,Yes,No,No,Yes,No,No,Two year,No,Mailed check,13-24
0,0,0,1,0,15,19.4,289.3,1,19.28666666666667,Female,No,No,Yes,No,No,No internet service,No internet service,No internet service,No internet service,No internet service,No internet service,Month-to-month,No,Bank transfer (automatic),13-24
0,0,0,1,0,3,19.75,58.85,1,19.616666666666667,Female,No,No,Yes,No,No,No internet service,No internet service,No internet service,No internet service,No internet service,No internet service,Month-to-month,No,Electronic check,0-12
1,1,0,1,0,10,72.85,688.65,2,68.865,Male,No,No,Yes,No,Fiber optic,No,Yes,No,No,No,No,Month-to-month,Yes,Electronic check,0-12
0,1,1,0,1,66,88.9,6000.1,4,90.91060606060607,Female,No,No,Yes,Yes,Fiber optic,No,Yes,No,No,Yes,No,One year,Yes,Bank transfer (automatic),49-72
0,0,0,1,0,15,19.75,297.3,1,19.82,Female,No,No,Yes,No,No,No internet service,No internet service,No internet service,No internet service,No internet service,No internet service,Month-to-month,No,Bank transfer (automatic),13-24
0,0,0,0,0,17,20.75,418.25,1,24.602941176470587,Female,Yes,Yes,Yes,No,No,No internet service,No internet service,No internet service,No internet service,No internet service,No internet service,One year,No,Mailed check,13-24
1,1,0,1,1,51,84.2,4146.05,4,81.29509803921569,Male,Yes,Yes,Yes,Yes,Fiber optic,No,Yes,Yes,No,No,No,Month-to-month,Yes,Electronic check,49-72
0,0,1,1,0,2,80.25,144.55,2,72.275,Male,No,No,Yes,No,Fiber optic,No,No,No,No,Yes,No,Month-to-month,Yes,Electronic check,0-12
0,1,0,1,0,1,29.85,29.85,1,29.85,Female,Yes,No,No,No phone service,DSL,No,Yes,No,No,No,No,Month-to-month,Yes,Electronic check,0-12
0,0,0,1,0,1,19.9,19.9,1,19.9,Female,No,No,Yes,No,No,No internet service,No internet service,No internet service,No internet service,No internet service,No internet service,Month-to-month,No,Mailed check,0-12
0,1,1,0,1,48,45.0,2196.3,3,45.75625,Female,Yes,Yes,No,No phone service,DSL,Yes,No,Yes,No,No,Yes,One year,No,Credit card (automatic),25-48
0,1,0,1,1,27,79.5,2180.55,3,80.76111111111112,Male,No,Yes,Yes,Yes,Fiber optic,No,No,No,Yes,No,No,Month-to-month,Yes,Electronic check,25-48
0,1,0,1,0,20,59.2,1191.2,4,59.56,Male,No,No,Yes,Yes,DSL,Yes,No,No,Yes,No,No,Month-to-month,No,Bank transfer (automatic),13-24
0,1,0,1,0,1,31.35,31.35,1,31.35,Male,No,Yes,No,No phone service,DSL,No,Yes,No,No,No,No,Month-to-month,Yes,Mailed check,0-12
0,0,0,1,0,5,20.2,83.75,1,16.75,Male,No,Yes,Yes,No,No,No internet service,No internet service,No internet service,No internet service,No internet service,No internet service,Month-to-month,No,Mailed check,0-12
0,1,0,1,0,11,51.1,531.15,2,48.28636363636363,Female,No,No,Yes,No,DSL,No,Yes,No,No,No,No,Month-to-month,No,Electronic check,0-12
0,0,0,1,0,2,20.55,33.6,1,16.8,Female,No,No,Yes,No,No,No internet service,No internet service,No internet service,No internet service,No internet service,No internet service,Month-to-month,Yes,Mailed check,0-12
0,0,0,0,0,17,25.15,412.6,2,24.27058823529412,Male,Yes,Yes,Yes,Yes,No,No internet service,No internet service,No internet service,No internet service,No internet service,No internet service,Two year,Yes,Mailed check,13-24
0,1,0,1,0,7,29.8,201.95,1,28.849999999999998,Female,No,Yes,No,No phone service,DSL,Yes,No,No,No,No,No,Month-to-month,No,Mailed check,0-12
0,1,0,1,1,31,49.2,1498.55,2,48.34032258064516,Female,Yes,No,Yes,No,DSL,No,No,No,Yes,No,No,Month-to-month,Yes,Mailed check,25-48
1,1,0,1,1,66,80.45,5224.35,3,79.15681818181818,Female,No,No,Yes,Yes,Fiber optic,No,Yes,No,No,No,No,Month-to-month,Yes,Credit card (automatic),49-72
0,0,1,1,0,1,94.6,94.6,4,94.6,Female,No,No,Yes,Yes,Fiber optic,No,No,No,No,Yes,Yes,Month-to-month,Yes,Electronic check,0-12
0,1,0,1,0,5,85.3,424.15,4,84.83,Male,No,No,Yes,Yes,Fiber optic,No,Yes,Yes,No,No,No,Month-to-month,Yes,Electronic check,0-12
0,1,1,0,1,42,97.1,4016.75,5,95.63690476190476,Male,Yes,Yes,Yes,Yes,Fiber optic,Yes,No,No,No,Yes,Yes,One year,No,Electronic check,25-48
0,1,1,0,1,68,79.6,5515.8,6,81.11470588235295,Female,Yes,No,Yes,No,DSL,Yes,Yes,No,Yes,Yes,Yes,Two year,Yes,Bank transfer (automatic),49-72
0,0,0,1,0,12,20.1,232.4,1,19.366666666666667,Female,Yes,Yes,Yes,No,No,No internet service,No internet service,No internet service,No internet service,No internet service,No internet service,Month-to-month,Yes,Credit card (automatic),0-12
1,0,0,1,0,1,74.4,74.4,2,74.4,Male,Yes,No,Yes,Yes,Fiber optic,No,No,No,No,No,No,Month-to-month,Yes,Electronic check,0-12
0,1,0,0,1,60,61.4,3638.25,4,60.6375,Male,No,No,Yes,No,DSL,Yes,Yes,Yes,No,No,No,Two year,No,Electronic check,49-72
1,1,1,1,1,38,101.15,3741.85,5,98.46973684210526,Male,Yes,Yes,Yes,Yes,Fiber optic,No,Yes,No,No,Yes,Yes,Month-to-month,No,Electronic check,25-48
0,1,1,1,0,12,96.0,1062.1,4,88.50833333333333,Female,No,No,Yes,No,Fiber optic,No,No,Yes,No,Yes,Yes,Month-to-month,Yes,Electronic check,0-12
0,1,1,1,0,15,76.5,1155.6,6,77.03999999999999,Female,Yes,Yes,Yes,No,DSL,No,Yes,Yes,Yes,Yes,Yes,Month-to-month,No,Bank transfer (automatic),13-24
1,1,1,0,1,71,99.2,7213.75,5,101.60211267605634,Female,Yes,No,Yes,No,Fiber optic,No,Yes,Yes,No,Yes,Yes,Two year,Yes,Electronic check,49-72
1,1,1,0,1,72,63.1,4685.55,6,65.07708333333333,Male,Yes,No,No,No phone service,DSL,Yes,Yes,Yes,Yes,Yes,Yes,Two year,Yes,Bank transfer (automatic),49-72
0,1,0,1,0,11,72.9,818.45,2,74.40454545454546,Male,No,No,Yes,No,Fiber optic,No,No,Yes,No,No,No,Month-to-month,No,Electronic check,0-12
0,1,1,0,1,70,65.2,4543.15,4,64.90214285714285,Female,Yes,Yes,Yes,Yes,DSL,Yes,No,No,No,No,Yes,One year,No,Bank transfer (automatic),49-72
0,0,1,1,0,1,55.0,55.0,2,55.0,Female,No,No,Yes,No,DSL,No,No,No,No,Yes,No,Month-to-month,Yes,Credit card (automatic),0-12
0,0,0,0,1,25,25.5,630.6,2,25.224,Male,Yes,Yes,Yes,Yes,No,No internet service,No internet service,No internet service,No internet service,No internet service,No internet service,Two year,No,Credit card (automatic),25-48
1,1,1,0,1,72,110.1,7746.7,7,107.59305555555555,Female,No,No,Yes,Yes,Fiber optic,Yes,Yes,No,Yes,Yes,Yes,Two year,Yes,Bank transfer (automatic),49-72
0,0,1,1,0,8,59.25,436.6,3,54.575,Male,No,No,Yes,Yes,DSL,No,No,No,No,Yes,No,Month-to-month,Yes,Electronic check,0-12
0,1,1,0,1,29,55.35,1636.95,5,56.44655172413793,Male,Yes,Yes,No,No phone service,DSL,Yes,Yes,Yes,Yes,No,Yes,One year,Yes,Credit card (automatic),25-48
0,1,0,1,0,5,55.75,266.95,3,53.39,Male,No,No,Yes,No,DSL,Yes,No,No,Yes,No,No,Month-to-month,Yes,Mailed check,0-12
0,1,1,1,1,32,50.6,1653.45,3,51.6703125,Male,Yes,Yes,No,No phone service,DSL,No,No,Yes,No,Yes,Yes,Month-to-month,No,Credit card (automatic),25-48
0,1,1,1,0,1,75.5,75.5,5,75.5,Male,No,No,Yes,No,DSL,No,No,Yes,Yes,Yes,Yes,Month-to-month,Yes,Electronic check,0-12
0,1,0,0,1,70,88.0,5986.45,5,85.52071428571428,Male,Yes,No,Yes,Yes,Fiber optic,Yes,Yes,No,Yes,No,No,Two year,Yes,Credit card (automatic),49-72
0,0,0,1,0,1,20.1,20.1,1,20.1,Male,No,No,Yes,No,No,No internet service,No internet service,No internet service,No internet service,No internet service,No internet service,Month-to-month,Yes,Mailed check,0-12
1,1,0,1,1,27,75.2,1929.35,2,71.4574074074074,Female,Yes,No,Yes,No,Fiber optic,Yes,No,No,No,No,No,Month-to-month,Yes,Bank transfer (automatic),25-48
0,0,0,0,0,14,24.8,321.7,2,22.978571428571428,Male,No,No,Yes,Yes,No,No internet service,No internet service,No internet service,No internet service,No internet service,No internet service,One year,Yes,Credit card (automatic),13-24
0,0,1,1,1,30,94.05,2866.45,4,95.54833333333333,Male,Yes,No,Yes,Yes,Fiber optic,No,No,No,No,Yes,Yes,Month-to-month,Yes,Credit card (automatic),25-48
0,1,1,0,1,64,60.05,3845.45,5,60.08515625,Male,Yes,Yes,No,No phone service,DSL,Yes,No,Yes,Yes,Yes,Yes,Two year,Yes,Bank transfer (automatic),49-72
0,0,0,1,1,42,25.1,1097.15,0,26.12261904761905,Male,Yes,No,No,No phone service,DSL,No,No,No,No,No,No,Month-to-month,Yes,Credit card (automatic),25-48
1,0,0,1,0,1,69.85,69.85,1,69.85,Female,No,No,Yes,No,Fiber optic,No,No,No,No,No,No,Month-to-month,Yes,Electronic check,0-12
0,0,0,1,1,40,20.4,745.3,1,18.6325,Male,Yes,Yes,Yes,No,No,No internet service,No internet service,No internet service,No internet service,No internet service,No internet service,Month-to-month,Yes,Bank transfer (automatic),25-48
1,1,1,1,1,66,100.8,6690.75,5,101.375,Female,Yes,No,Yes,Yes,Fiber optic,No,Yes,No,No,Yes,Yes,Month-to-month,Yes,Electronic check,49-72
0,1,0,1,0,1,50.8,50.8,2,50.8,Female,No,No,Yes,No,DSL,No,No,No,Yes,No,No,Month-to-month,Yes,Electronic check,0-12
0,1,1,0,1,27,81.7,2212.55,6,81.9462962962963,Male,No,No,Yes,No,DSL,Yes,No,Yes,Yes,Yes,Yes,One year,No,Electronic check,25-48
1,1,1,1,1,29,45.0,1228.65,3,42.36724137931035,Female,Yes,No,No,No phone service,DSL,Yes,No,Yes,No,No,Yes,Month-to-month,Yes,Electronic check,25-48
0,1,1,0,1,65,99.05,6416.7,6,98.71846153846154,Female,Yes,Yes,Yes,Yes,Fiber optic,Yes,Yes,No,Yes,Yes,No,Two year,Yes,Credit card (automatic),49-72
1,0,1,1,1,24,93.55,2264.05,4,94.33541666666667,Female,Yes,No,Yes,Yes,Fiber optic,No,No,No,No,Yes,Yes,Month-to-month,Yes,Electronic check,13-24
0,1,1,0,1,72,99.15,7422.1,6,103.08472222222223,Male,Yes,No,Yes,Yes,Fiber optic,Yes,Yes,Yes,No,No,Yes,Two year,Yes,Electronic check,49-72
0,1,0,0,1,70,39.15,2692.75,3,38.46785714285714,Male,Yes,No,No,No phone service,DSL,Yes,No,Yes,Yes,No,No,Two year,Yes,Credit card (automatic),49-72
0,1,1,1,0,19,96.8,1743.05,4,91.73947368421052,Female,Yes,No,Yes,No,Fiber optic,No,No,Yes,No,Yes,Yes,Month-to-month,Yes,Electronic check,13-24
0,1,1,1,0,7,90.45,593.45,4,84.77857142857144,Male,No,No,Yes,Yes,Fiber optic,No,No,Yes,No,Yes,No,Month-to-month,Yes,Electronic check,0-12
0,1,1,1,0,10,91.1,964.35,4,96.435,Female,No,Yes,Yes,No,Fiber optic,No,No,Yes,Yes,Yes,No,Month-to-month,Yes,Electronic check,0-12
0,0,0,0,1,72,24.15,1776.45,2,24.672916666666666,Female,Yes,No,Yes,Yes,No,No internet service,No internet service,No internet service,No internet service,No internet service,No internet service,Two year,Yes,Credit card (automatic),49-72
1,1,0,1,0,2,74.2,140.1,2,70.05,Male,Yes,No,Yes,No,Fiber optic,No,No,Yes,No,No,No,Month-to-month,Yes,Electronic check,0-12
0,1,1,0,1,72,90.95,6468.6,8,89.84166666666667,Female,Yes,No,Yes,Yes,DSL,Yes,Yes,Yes,Yes,Yes,Yes,Two year,Yes,Bank transfer (automatic),49-72
1,1,1,1,1,39,101.25,3949.15,5,101.26025641025642,Female,Yes,No,Yes,Yes,Fiber optic,No,No,No,Yes,Yes,Yes,Month-to-month,Yes,Electronic check,25-48
1,0,0,0,1,38,20.2,735.9,1,19.36578947368421,Female,No,No,Yes,No,No,No internet service,No internet service,No internet service,No internet service,No internet service,No internet service,Two year,No,Mailed check,25-48
1,0,1,1,0,20,81.45,1671.6,2,83.58,Female,No,No,Yes,No,Fiber optic,No,No,No,No,No,Yes,Month-to-month,Yes,Electronic check,13-24
0,1,1,0,1,69,95.2,6671.7,4,96.69130434782609,Male,Yes,Yes,Yes,No,Fiber optic,No,No,No,Yes,Yes,Yes,Two year,Yes,Credit card (automatic),49-72
0,1,1,0,1,30,86.45,2538.05,3,84.60166666666667,Female,Yes,Yes,Yes,No,Fiber optic,No,No,Yes,No,No,Yes,One year,No,Electronic check,25-48
0,1,1,0,1,57,57.5,3265.95,5,57.29736842105263,Male,Yes,No,No,No phone service,DSL,No,Yes,Yes,Yes,Yes,Yes,Two year,Yes,Bank transfer (automatic),49-72
0,0,0,1,0,17,25.65,440.2,0,25.894117647058824,Male,No,No,No,No phone service,DSL,No,No,No,No,No,No,Month-to-month,Yes,Mailed check,13-24
0,0,0,0,1,53,20.9,1146.05,1,21.623584905660376,Female,Yes,Yes,Yes,No,No,No internet service,No internet service,No internet service,No internet service,No internet service,No internet service,Two year,No,Mailed check,49-72
1,1,1,1,0,5,84.7,392.5,3,78.5,Female,No,No,Yes,No,Fiber optic,No,Yes,No,No,Yes,No,Month-to-month,Yes,Electronic check,0-12
0,0,0,0,1,43,24.45,993.15,2,23.096511627906978,Female,Yes,Yes,Yes,Yes,No,No internet service,No internet service,No internet service,No internet service,No internet service,No internet service,One year,Yes,Bank transfer (automatic),25-48
0,1,1,0,1,65,84.2,5324.5,7,81.91538461538461,Male,Yes,Yes,Yes,Yes,DSL,No,Yes,Yes,Yes,Yes,Yes,Two year,Yes,Bank transfer (automatic),49-72
0,0,0,1,1,37,19.35,683.75,1,18.47972972972973,Female,Yes,Yes,Yes,No,No,No internet service,No internet service,No internet service,No internet service,No internet service,No internet service,Month-to-month,No,Electronic check,25-48
0,0,0,1,0,11,20.45,237.3,1,21.572727272727274,Male,No,No,Yes,No,No,No internet service,No internet service,No internet service,No internet service,No internet service,No internet service,Month-to-month,Yes,Credit card (automatic),0-12
0,1,1,0,1,45,78.75,3600.65,6,80.01444444444445,Male,Yes,Yes,Yes,Yes,DSL,No,Yes,Yes,No,Yes,Yes,One year,No,Credit card (automatic),25-48
0,1,1,1,1,37,96.1,3646.8,4,98.56216216216217,Male,No,No,Yes,No,Fiber optic,No,Yes,No,No,Yes,Yes,Month-to-month,Yes,Credit card (automatic),25-48
0,1,0,1,0,18,56.25,969.85,3,53.88055555555556,Male,No,No,Yes,Yes,DSL,Yes,No,No,No,No,No,Month-to-month,No,Mailed check,13-24
0,1,0,0,1,45,42.3,1840.75,3,40.90555555555556,Male,No,No,No,No phone service,DSL,Yes,No,Yes,Yes,No,No,One year,No,Bank transfer (automatic),25-48
0,1,0,1,0,3,35.45,106.85,2,35.61666666666667,Male,No,No,No,No phone service,DSL,Yes,Yes,No,No,No,No,Month-to-month,Yes,Mailed check,0-12
0,0,0,1,0,7,20.25,174.7,1,24.957142857142856,Male,Yes,Yes,Yes,No,No,No internet service,No internet service,No internet service,No internet service,No internet service,No internet service,Month-to-month,Yes,Bank transfer (automatic),0-12
1,1,0,1,1,30,79.65,2365.15,3,78.83833333333334,Male,Yes,No,Yes,No,Fiber optic,No,Yes,Yes,No,No,No,Month-to-month,Yes,Mailed check,25-48
0,1,0,1,0,5,54.2,308.25,3,61.65,Female,No,No,Yes,No,DSL,Yes,No,No,Yes,No,No,Month-to-month,No,Electronic check,0-12
1,1,1,1,1,28,101.3,2812.2,5,100.43571428571428,Female,Yes,No,Yes,Yes,Fiber optic,No,No,No,Yes,Yes,Yes,Month-to-month,Yes,Credit card (automatic),25-48
1,0,0,1,0,4,74.45,294.45,2,73.6125,Female,No,No,Yes,Yes,Fiber optic,No,No,No,No,No,No,Month-to-month,Yes,Electronic check,0-12
0,1,0,1,1,27,53.8,1389.85,3,51.47592592592592,Male,Yes,No,Yes,No,DSL,No,Yes,No,Yes,No,No,Month-to-month,Yes,Electronic check,25-48
1,1,1,0,1,50,106.8,5347.95,6,106.959,Female,No,No,Yes,Yes,Fiber optic,No,Yes,No,Yes,Yes,Yes,One year,Yes,Electronic check,49-72
0,1,0,1,1,51,80.0,4242.35,3,83.18333333333334,Male,No,No,Yes,Yes,Fiber optic,No,No,Yes,No,No,No,Month-to-month,No,Credit card (automatic),49-72
0,0,0,0,1,30,19.3,602.9,1,20.096666666666668,Female,Yes,Yes,Yes,No,No,No internet service,No internet service,No internet service,No internet service,No internet service,No internet service,Two year,No,Mailed check,25-48
0,1,1,1,0,14,80.45,1137.05,6,81.21785714285714,Female,Yes,Yes,Yes,Yes,DSL,No,Yes,No,Yes,Yes,Yes,Month-to-month,No,Credit card (automatic),13-24
1,1,1,1,1,70,102.95,7101.5,6,101.45,Male,Yes,No,Yes,Yes,Fiber optic,No,Yes,Yes,No,Yes,Yes,Month-to-month,Yes,Electronic check,49-72
0,1,1,0,1,71,113.15,7953.25,7,112.01760563380282,Male,Yes,No,Yes,Yes,Fiber optic,No,Yes,Yes,Yes,Yes,Yes,One year,Yes,Bank transfer (automatic),49-72
0,1,0,1,1,29,30.6,856.35,1,29.529310344827586,Female,No,No,No,No phone service,DSL,No,Yes,No,No,No,No,Month-to-month,Yes,Electronic check,25-48
0,1,1,0,1,58,100.35,5681.1,5,97.95,Male,Yes,No,Yes,Yes,Fiber optic,No,No,Yes,No,Yes,Yes,One year,No,Credit card (automatic),49-72
0,0,0,1,0,1,18.85,18.85,1,18.85,Male,No,No,Yes,No,No,No internet service,No internet service,No internet service,No internet service,No internet service,No internet service,Month-to-month,Yes,Mailed check,0-12
0,1,0,0,1,36,31.05,1126.35,1,31.287499999999998,Female,No,No,No,No phone service,DSL,Yes,No,No,No,No,No,Two year,No,Bank transfer (automatic),25-48
0,0,0,0,1,72,25.65,1887.0,2,26.208333333333332,Female,Yes,No,Yes,Yes,No,No internet service,No internet service,No internet service,No internet service,No internet service,No internet service,Two year,No,Bank transfer (automatic),49-72
1,0,1,1,0,17,81.5,1329.2,2,78.18823529411765,Male,Yes,No,Yes,No,Fiber optic,No,No,No,No,No,Yes,Month-to-month,No,Bank transfer (automatic),13-24
1,1,1,1,0,12,98.1,1060.2,5,88.35000000000001,Female,Yes,No,Yes,Yes,Fiber optic,No,Yes,Yes,No,Yes,No,Month-to-month,Yes,Electronic check,0-12
0,1,0,0,1,66,29.45,1983.15,1,30.047727272727276,Male,No,No,No,No phone service,DSL,No,No,No,Yes,No,No,One year,No,Credit card (automatic),49-72
0,1,0,1,0,5,55.8,274.35,3,54.870000000000005,Male,No,No,Yes,No,DSL,Yes,No,Yes,No,No,No,Month-to-month,Yes,Mailed check,0-12
0,0,0,1,0,1,44.75,44.75,1,44.75,Male,No,No,Yes,No,DSL,No,No,No,No,No,No,Month-to-month,Yes,Electronic check,0-12
0,0,0,0,0,14,44.6,641.25,1,45.80357142857143,Male,Yes,No,Yes,No,DSL,No,No,No,No,No,No,One year,No,Electronic check,13-24
0,1,0,1,0,2,73.55,145.4,2,72.7,Female,Yes,Yes,Yes,No,Fiber optic,No,Yes,No,No,No,No,Month-to-month,Yes,Bank transfer (automatic),0-12
0,0,0,1,0,1,75.3,75.3,2,75.3,Male,No,No,Yes,Yes,Fiber optic,No,No,No,No,No,No,Month-to-month,Yes,Electronic check,0-12
0,1,0,1,0,1,30.55,30.55,1,30.55,Female,No,No,No,No phone service,DSL,No,No,No,Yes,No,No,Month-to-month,No,Mailed check,0-12
0,0,0,1,0,7,20.35,150.6,1,21.514285714285712,Female,No,No,Yes,No,No,No internet service,No internet service,No internet service,No internet service,No internet service,No internet service,Month-to-month,No,Mailed check,0-12
0,0,0,1,1,26,20.3,511.25,1,19.66346153846154,Male,No,No,Yes,No,No,No internet service,No internet service,No internet service,No internet service,No internet service,No internet service,Month-to-month,Yes,Electronic check,25-48
0,1,0,1,0,2,86.25,181.65,4,90.825,Female,No,No,Yes,No,Fiber optic,Yes,Yes,No,Yes,No,No,Month-to-month,Yes,Electronic check,0-12
0,1,0,1,0,17,34.4,592.75,2,34.86764705882353,Male,Yes,No,No,No phone service,DSL,Yes,No,Yes,No,No,No,Month-to-month,No,Mailed check,13-24
0,1,0,1,1,24,49.7,1167.8,2,48.65833333333333,Male,No,No,Yes,No,DSL,No,No,Yes,No,No,No,Month-to-month,Yes,Mailed check,13-24
0,0,0,1,0,12,43.8,540.95,1,45.07916666666667,Female,No,No,Yes,No,DSL,No,No,No,No,No,No,Month-to-month,No,Bank transfer (automatic),0-12
0,0,0,0,1,27,19.85,470.0,1,17.40740740740741,Male,No,No,Yes,No,No,No internet service,No internet service,No internet service,No internet service,No internet service,No internet service,Two year,No,Credit card (automatic),25-48
0,0,0,0,1,70,19.2,1401.4,1,20.02,Female,Yes,Yes,Yes,No,No,No internet service,No internet service,No internet service,No internet service,No internet service,No internet service,Two year,Yes,Mailed check,49-72
1,1,1,0,1,43,109.55,4830.25,7,112.3313953488372,Female,Yes,No,Yes,Yes,Fiber optic,Yes,No,Yes,Yes,Yes,Yes,One year,Yes,Mailed check,25-48
0,0,1,0,1,38,89.1,3342.0,3,87.94736842105263,Female,No,No,Yes,No,Fiber optic,No,No,No,No,Yes,Yes,One year,Yes,Mailed check,25-48
0,0,1,1,0,2,80.75,159.45,2,79.725,Female,No,No,Yes,No,Fiber optic,No,No,No,No,No,Yes,Month-to-month,No,Electronic check,0-12
0,1,1,1,1,63,102.4,6444.05,6,102.28650793650795,Male,Yes,No,Yes,Yes,Fiber optic,No,Yes,Yes,No,Yes,Yes,Month-to-month,Yes,Electronic check,49-72
1,1,0,0,1,72,96.6,6827.5,6,94.82638888888889,Female,Yes,No,Yes,Yes,Fiber optic,Yes,Yes,Yes,Yes,No,No,Two year,Yes,Bank transfer (automatic),49-72
0,1,1,0,0,12,49.85,552.1,4,46.00833333333333,Female,No,No,No,No phone service,DSL,Yes,No,Yes,Yes,No,Yes,Two year,No,Mailed check,0-12
0,1,0,1,1,35,56.85,1861.1,3,53.17428571428571,Female,Yes,No,Yes,No,DSL,No,Yes,No,Yes,No,No,Month-to-month,No,Electronic check,25-48
0,1,0,1,0,16,90.7,1374.9,5,85.93125,Female,Yes,No,Yes,Yes,Fiber optic,Yes,Yes,Yes,No,No,No,Month-to-month,No,Electronic check,13-24
0,1,1,1,1,32,98.85,3089.6,5,96.55,Female,Yes,Yes,Yes,Yes,Fiber optic,No,Yes,No,No,Yes,Yes,Month-to-month,Yes,Electronic check,25-48
0,1,1,0,1,72,90.8,6511.8,4,90.44166666666666,Male,Yes,Yes,Yes,Yes,Fiber optic,No,No,Yes,No,No,Yes,Two year,Yes,Credit card (automatic),49-72
0,1,1,0,1,33,39.1,1309.0,2,39.666666666666664,Male,No,No,No,No phone service,DSL,No,Yes,No,No,Yes,No,One year,Yes,Electronic check,25-48
0,1,1,0,1,50,103.4,5236.4,6,104.728,Male,Yes,Yes,Yes,No,Fiber optic,No,Yes,Yes,Yes,Yes,Yes,One year,Yes,Bank transfer (automatic),49-72
0,1,1,1,1,30,64.5,1888.45,4,62.94833333333334,Male,No,No,Yes,Yes,DSL,Yes,No,No,No,No,Yes,Month-to-month,Yes,Mailed check,25-48
0,0,0,1,0,3,20.85,72.0,1,24.0,Female,Yes,No,Yes,No,No,No internet service,No internet service,No internet service,No internet service,No internet service,No internet service,Month-to-month,No,Mailed check,0-12
0,0,0,0,1,72,20.8,1521.2,1,21.12777777777778,Male,No,No,Yes,No,No,No internet service,No internet service,No internet service,No internet service,No internet service,No internet service,Two year,Yes,Mailed check,49-72
0,0,0,1,0,1,70.1,70.1,1,70.1,Female,No,No,Yes,No,Fiber optic,No,No,No,No,No,No,Month-to-month,Yes,Electronic check,0-12
1,0,0,0,1,71,24.65,1766.75,2,24.883802816901408,Male,No,No,Yes,Yes,No,No internet service,No internet service,No internet service,No internet service,No internet service,No internet service,Two year,Yes,Mailed check,49-72
0,0,0,1,0,1,44.7,44.7,1,44.7,Male,Yes,No,Yes,No,DSL,No,No,No,No,No,No,Month-to-month,No,Credit card (automatic),0-12
0,0,0,1,0,1,44.8,44.8,1,44.8,Male,No,No,Yes,No,DSL,No,No,No,No,No,No,Month-to-month,Yes,Electronic check,0-12
1,1,1,1,0,14,100.2,1369.8,5,97.84285714285714,Female,Yes,No,Yes,Yes,Fiber optic,No,Yes,No,No,Yes,Yes,Month-to-month,Yes,Electronic check,13-24
0,1,1,1,0,15,85.9,1269.55,3,84.63666666666667,Female,No,Yes,Yes,No,Fiber optic,No,Yes,No,No,No,Yes,Month-to-month,Yes,Bank transfer (automatic),13-24
1,1,1,1,0,4,50.95,207.35,3,51.8375,Male,No,No,No,No phone service,DSL,No,Yes,No,No,Yes,Yes,Month-to-month,Yes,Credit card (automatic),0-12
0,0,1,1,0,2,79.65,152.7,2,76.35,Female,No,No,Yes,No,Fiber optic,No,No,No,No,Yes,No,Month-to-month,Yes,Mailed check,0-12
1,0,1,1,0,5,83.15,446.05,3,89.21000000000001,Female,No,No,Yes,Yes,Fiber optic,No,No,No,No,Yes,No,Month-to-month,Yes,Credit card (automatic),0-12
0,1,1,0,1,56,75.75,4284.65,5,76.51160714285713,Male,No,No,Yes,No,DSL,No,Yes,No,Yes,Yes,Yes,One year,Yes,Bank transfer (automatic),49-72
0,0,0,0,1,70,25.35,1715.15,2,24.502142857142857,Male,Yes,Yes,Yes,Yes,No,No internet service,No internet service,No internet service,No internet service,No internet service,No internet service,Two year,No,Mailed check,49-72
0,0,0,1,0,7,73.6,520.0,2,74.28571428571429,Male,No,No,Yes,Yes,Fiber optic,No,No,No,No,No,No,Month-to-month,No,Electronic check,0-12
0,0,1,1,1,55,96.8,5283.95,4,96.07181818181817,Male,No,No,Yes,Yes,Fiber optic,No,No,No,No,Yes,Yes,Month-to-month,Yes,Electronic check,49-72
0,0,0,0,1,35,25.45,809.25,2,23.12142857142857,Male,Yes,Yes,Yes,Yes,No,No internet service,No internet service,No internet service,No internet service,No internet service,No internet service,Two year,No,Bank transfer (automatic),25-48
0,0,0,1,0,16,20.0,275.7,1,17.23125,Male,No,No,Yes,No,No,No internet service,No internet service,No internet service,No internet service,No internet service,No internet service,Month-to-month,No,Mailed check,13-24
0,0,0,1,0,2,19.25,48.35,1,24.175,Male,No,Yes,Yes,No,No,No internet service,No internet service,No internet service,No internet service,No internet service,No internet service,Month-to-month,No,Mailed check,0-12
0,0,0,0,0,9,20.15,163.7,1,18.188888888888886,Male,No,No,Yes,No,No,No internet service,No internet service,No internet service,No internet service,No internet service,No internet service,One year,Yes,Mailed check,0-12
0,0,1,1,1,24,94.1,2322.85,4,96.78541666666666,Male,No,No,Yes,Yes,Fiber optic,No,No,No,No,Yes,Yes,Month-to-month,Yes,Electronic check,13-24
0,0,0,1,0,1,69.1,69.1,1,69.1,Female,Yes,Yes,Yes,No,Fiber optic,No,No,No,No,No,No,Month-to-month,Yes,Mailed check,0-12
0,0,0,0,1,62,19.85,1253.65,1,20.220161290322583,Male,No,No,Yes,No,No,No internet service,No internet service,No internet service,No internet service,No internet service,No internet service,Two year,No,Bank transfer (automatic),49-72
0,1,1,1,0,5,70.05,346.4,4,69.28,Male,No,No,Yes,No,DSL,No,No,Yes,No,Yes,Yes,Month-to-month,Yes,Electronic check,0-12
1,0,1,1,0,10,79.25,793.55,2,79.35499999999999,Male,No,No,Yes,No,Fiber optic,No,No,No,No,No,Yes,Month-to-month,Yes,Electronic check,0-12
0,1,1,0,1,71,73.5,5357.75,6,75.46126760563381,Male,Yes,No,Yes,Yes,DSL,Yes,Yes,No,Yes,Yes,No,Two year,No,Credit card (automatic),49-72
0,0,0,0,1,36,18.55,689.0,1,19.13888888888889,Male,No,No,Yes,No,No,No internet service,No internet service,No internet service,No internet service,No internet service,No internet service,Two year,Yes,Credit card (automatic),25-48
0,0,1,1,1,34,97.65,3207.55,4,94.33970588235294,Female,Yes,No,Yes,Yes,Fiber optic,No,No,No,No,Yes,Yes,Month-to-month,Yes,Electronic check,25-48
0,0,0,0,0,12,26.4,314.95,2,26.245833333333334,Male,Yes,Yes,Yes,Yes,No,No internet service,No internet service,No internet service,No internet service,No internet service,No internet service,One year,No,Mailed check,0-12
0,0,0,0,1,53,20.2,1068.15,1,20.15377358490566,Male,Yes,Yes,Yes,No,No,No internet service,No internet service,No internet service,No internet service,No internet service,No internet service,One year,No,Credit card (automatic),49-72
0,0,0,0,0,7,19.9,173.15,1,24.735714285714288,Female,No,No,Yes,No,No,No internet service,No internet service,No internet service,No internet service,No internet service,No internet service,One year,No,Mailed check,0-12
1,0,0,0,1,72,25.7,1937.4,2,26.908333333333335,Female,Yes,No,Yes,Yes,No,No internet service,No internet service,No internet service,No internet service,No internet service,No internet service,Two year,Yes,Credit card (automatic),49-72
0,1,1,1,0,18,99.4,1742.95,5,96.83055555555556,Male,Yes,No,Yes,Yes,Fiber optic,Yes,No,No,No,Yes,Yes,Month-to-month,Yes,Electronic check,13-24
0,1,1,0,1,31,75.5,2424.45,6,78.20806451612903,Male,Yes,No,Yes,No,DSL,Yes,Yes,Yes,Yes,No,Yes,One year,Yes,Credit card (automatic),25-48
0,1,1,0,1,50,69.65,3442.15,5,68.843,Male,Yes,Yes,Yes,Yes,DSL,No,No,Yes,Yes,Yes,No,One year,Yes,Electronic check,49-72
0,0,0,0,0,22,19.95,433.5,1,19.704545454545453,Male,Yes,Yes,Yes,No,No,No internet service,No internet service,No internet service,No internet service,No internet service,No internet service,One year,No,Mailed check,13-24
1,1,1,0,1,72,109.7,7898.45,7,109.70069444444444,Male,Yes,No,Yes,Yes,Fiber optic,No,Yes,Yes,Yes,Yes,Yes,Two year,No,Credit card (automatic),49-72
0,0,0,1,0,1,69.95,69.95,1,69.95,Male,Yes,Yes,Yes,No,Fiber optic,No,No,No,No,No,No,Month-to-month,Yes,Credit card (automatic),0-12
0,0,0,1,0,1,20.15,20.15,1,20.15,Female,No,No,Yes,No,No,No internet service,No internet service,No internet service,No internet service,No internet service,No internet service,Month-to-month,Yes,Mailed check,0-12
0,1,1,1,0,9,40.65,328.95,2,36.55,Male,Yes,No,No,No phone service,DSL,No,No,No,Yes,Yes,No,Month-to-month,No,Mailed check,0-12
0,1,1,0,1,72,105.55,7542.25,6,104.75347222222223,Male,Yes,Yes,Yes,Yes,Fiber optic,Yes,No,Yes,No,Yes,Yes,Two year,Yes,Bank transfer (automatic),49-72
0,1,1,0,1,58,104.65,6219.6,6,107.2344827586207,Male,No,No,Yes,Yes,Fiber optic,No,No,Yes,Yes,Yes,Yes,One year,Yes,Electronic check,49-72
1,1,1,0,1,35,108.35,3726.15,7,106.46142857142857,Female,No,No,Yes,Yes,Fiber optic,Yes,Yes,Yes,No,Yes,Yes,One year,Yes,Electronic check,25-48
0,0,0,0,1,71,19.9,1397.3,1,19.680281690140845,Female,Yes,Yes,Yes,No,No,No internet service,No internet service,No internet service,No internet service,No internet service,No internet service,Two year,No,Credit card (automatic),49-72
0,1,1,0,1,72,79.55,5810.9,7,80.70694444444445,Male,Yes,No,Yes,Yes,DSL,Yes,Yes,Yes,Yes,No,Yes,Two year,No,Credit card (automatic),49-72
0,1,0,1,0,17,78.9,1348.95,3,79.35000000000001,Female,Yes,No,Yes,Yes,Fiber optic,Yes,No,No,No,No,No,Month-to-month,No,Electronic check,13-24
0,1,1,0,1,72,88.05,6520.8,8,90.56666666666666,Female,Yes,No,Yes,Yes,DSL,Yes,Yes,Yes,Yes,Yes,Yes,Two year,No,Bank transfer (automatic),49-72
0,1,1,0,1,50,99.4,5059.75,5,101.195,Male,Yes,No,Yes,Yes,Fiber optic,No,No,No,Yes,Yes,Yes,One year,No,Electronic check,49-72
0,0,0,0,1,26,19.15,515.75,1,19.83653846153846,Male,Yes,Yes,Yes,No,No,No internet service,No internet service,No internet service,No internet service,No internet service,No internet service,Two year,Yes,Credit card (automatic),25-48
0,1,1,1,0,1,50.35,50.35,3,50.35,Male,Yes,No,No,No phone service,DSL,No,No,Yes,No,Yes,Yes,Month-to-month,Yes,Electronic check,0-12
0,1,1,1,1,44,88.15,3973.2,4,90.3,Female,No,No,Yes,No,Fiber optic,No,Yes,Yes,No,Yes,No,Month-to-month,Yes,Credit card (automatic),25-48
0,1,1,1,1,52,83.8,4331.4,3,83.29615384615384,Male,No,No,Yes,No,Fiber optic,No,No,Yes,No,No,Yes,Month-to-month,Yes,Credit card (automatic),49-72
1,1,1,1,1,35,100.8,3437.5,5,98.21428571428571,Male,Yes,No,Yes,Yes,Fiber optic,No,No,Yes,No,Yes,Yes,Month-to-month,Yes,Electronic check,25-48
1,1,0,1,0,1,74.7,74.7,2,74.7,Male,No,No,Yes,No,Fiber optic,No,No,No,Yes,No,No,Month-to-month,No,Electronic check,0-12
0,1,0,1,0,2,53.85,108.15,3,54.075,Male,No,No,Yes,No,DSL,Yes,Yes,No,No,No,No,Month-to-month,Yes,Mailed check,0-12
1,1,1,1,1,35,39.85,1434.6,2,40.988571428571426,Female,No,No,No,No phone service,DSL,No,No,Yes,No,Yes,No,Month-to-month,Yes,Electronic check,25-48
0,1,1,0,1,36,85.85,3003.55,7,83.43194444444445,Female,No,No,Yes,No,DSL,Yes,Yes,Yes,Yes,Yes,Yes,One year,No,Bank transfer (automatic),25-48
1,1,1,0,1,72,90.15,6716.45,8,93.28402777777778,Female,Yes,Yes,Yes,Yes,DSL,Yes,Yes,Yes,Yes,Yes,Yes,Two year,Yes,Bank transfer (automatic),49-72
0,1,1,0,1,24,50.6,1288.75,3,53.697916666666664,Male,No,No,No,No phone service,DSL,Yes,No,No,No,Yes,Yes,One year,Yes,Mailed check,13-24
0,1,1,1,0,21,106.1,2249.95,6,107.14047619047618,Male,Yes,No,Yes,Yes,Fiber optic,No,No,Yes,Yes,Yes,Yes,Month-to-month,Yes,Electronic check,13-24
0,1,0,1,1,46,84.25,3847.6,4,83.64347826086956,Female,No,No,Yes,Yes,Fiber optic,Yes,Yes,No,No,No,No,Month-to-month,No,Mailed check,25-48
0,0,0,1,0,17,24.8,475.25,2,27.955882352941178,Female,No,No,Yes,Yes,No,No internet service,No internet service,No internet service,No internet service,No internet service,No internet service,Month-to-month,No,Mailed check,13-24
1,1,1,1,0,15,94.65,1285.05,4,85.67,Female,Yes,No,Yes,No,Fiber optic,No,Yes,No,No,Yes,Yes,Month-to-month,Yes,Electronic check,13-24
0,1,0,1,0,17,35.65,646.05,2,38.002941176470586,Female,Yes,No,No,No phone service,DSL,No,Yes,Yes,No,No,No,Month-to-month,Yes,Credit card (automatic),13-24
0,1,0,0,1,65,58.9,3857.1,4,59.339999999999996,Female,Yes,No,Yes,No,DSL,Yes,No,Yes,Yes,No,No,Two year,No,Credit card (automatic),49-72
0,0,1,0,1,34,78.95,2647.2,2,77.85882352941177,Male,Yes,Yes,Yes,No,Fiber optic,No,No,No,No,No,Yes,One year,Yes,Bank transfer (automatic),25-48
0,1,1,1,1,50,93.5,4747.5,5,94.95,Male,No,No,Yes,No,Fiber optic,Yes,Yes,No,Yes,No,Yes,Month-to-month,Yes,Credit card (automatic),49-72
0,0,0,1,0,1,69.9,69.9,1,69.9,Male,Yes,Yes,Yes,No,Fiber optic,No,No,No,No,No,No,Month-to-month,Yes,Mailed check,0-12
0,1,1,0,1,66,84.0,5714.25,7,86.57954545454545,Male,Yes,Yes,Yes,Yes,DSL,Yes,No,Yes,Yes,Yes,Yes,Two year,Yes,Mailed check,49-72
0,0,0,1,0,1,71.35,71.35,1,71.35,Female,No,No,Yes,No,Fiber optic,No,No,No,No,No,No,Month-to-month,No,Electronic check,0-12
0,0,0,0,1,72,19.9,1529.65,1,21.24513888888889,Male,No,Yes,Yes,No,No,No internet service,No internet service,No internet service,No internet service,No internet service,No internet service,Two year,No,Credit card (automatic),49-72
0,0,0,0,1,59,25.45,1534.05,2,26.000847457627117,Female,Yes,Yes,Yes,Yes,No,No internet service,No internet service,No internet service,No internet service,No internet service,No internet service,Two year,No,Mailed check,49-72
0,1,1,0,0,21,77.5,1625.0,6,77.38095238095238,Male,Yes,Yes,Yes,Yes,DSL,Yes,Yes,No,Yes,Yes,No,One year,No,Mailed check,13-24
0,1,1,0,0,9,90.35,767.9,4,85.32222222222222,Male,Yes,Yes,Yes,Yes,Fiber optic,No,No,Yes,No,Yes,No,One year,Yes,Electronic check,0-12
0,0,0,1,1,35,24.15,812.5,0,23.214285714285715,Female,No,No,No,No phone service,DSL,No,No,No,No,No,No,Month-to-month,No,Electronic check,25-48
0,1,0,1,0,10,51.2,498.25,2,49.825,Female,No,No,Yes,No,DSL,No,Yes,No,No,No,No,Month-to-month,No,Electronic check,0-12
0,0,0,0,1,56,24.15,1402.25,2,25.040178571428573,Male,Yes,Yes,Yes,Yes,No,No internet service,No internet service,No internet service,No internet service,No internet service,No internet service,Two year,No,Bank transfer (automatic),49-72
1,1,0,0,1,66,63.85,4174.35,5,63.247727272727275,Female,No,No,Yes,Yes,DSL,Yes,Yes,No,Yes,No,No,One year,Yes,Credit card (automatic),49-72
0,1,0,1,0,5,85.4,401.1,4,80.22,Male,Yes,No,Yes,Yes,Fiber optic,No,Yes,No,Yes,No,No,Month-to-month,Yes,Electronic check,0-12
0,0,0,1,0,9,20.25,178.5,1,19.833333333333332,Male,No,No,Yes,No,No,No internet service,No internet service,No internet service,No internet service,No internet service,No internet service,Month-to-month,No,Mailed check,0-12
0,1,1,0,1,47,73.6,3522.65,5,74.95,Male,Yes,No,Yes,No,DSL,No,Yes,Yes,No,Yes,Yes,Two year,No,Electronic check,25-48
0,1,0,1,0,12,54.3,654.5,3,54.541666666666664,Female,No,No,Yes,No,DSL,No,Yes,No,Yes,No,No,Month-to-month,Yes,Electronic check,0-12
1,1,1,0,1,62,79.95,4819.75,6,77.73790322580645,Female,Yes,No,Yes,No,DSL,Yes,No,Yes,Yes,Yes,Yes,Two year,Yes,Credit card (automatic),49-72
1,0,0,1,1,34,75.55,2425.4,2,71.33529411764707,Male,Yes,No,Yes,Yes,Fiber optic,No,No,No,No,No,No,Month-to-month,Yes,Electronic check,25-48
0,0,0,1,0,16,20.25,327.45,1,20.465625,Male,No,No,Yes,No,No,No internet service,No internet service,No internet service,No internet service,No internet service,No internet service,Month-to-month,No,Bank transfer (automatic),13-24
0,0,0,1,0,1,20.25,20.25,1,20.25,Male,No,Yes,Yes,No,No,No internet service,No internet service,No internet service,No internet service,No internet service,No internet service,Month-to-month,Yes,Mailed check,0-12
0,0,0,1,1,46,45.2,2065.15,1,44.8945652173913,Male,No,No,Yes,No,DSL,No,No,No,No,No,No,Month-to-month,Yes,Credit card (automatic),25-48
0,0,0,0,0,23,19.65,478.1,1,20.786956521739132,Female,No,No,Yes,No,No,No internet service,No internet service,No internet service,No internet service,No internet service,No internet service,One year,Yes,Credit card (automatic),13-24
0,1,1,0,0,17,79.85,1387.35,6,81.60882352941177,Female,No,No,Yes,No,DSL,Yes,Yes,No,Yes,Yes,Yes,One year,No,Credit card (automatic),13-24
0,1,1,0,1,27,78.2,2078.95,6,76.99814814814815,Female,No,No,Yes,No,DSL,No,Yes,Yes,Yes,Yes,Yes,One year,No,Mailed check,25-48
0,0,0,1,0,18,45.65,747.2,1,41.51111111111111,Male,No,Yes,Yes,No,DSL,No,No,No,No,No,No,Month-to-month,Yes,Credit card (automatic),13-24
1,1,0,1,0,19,34.3,577.15,2,30.376315789473683,Male,Yes,No,No,No phone service,DSL,No,Yes,Yes,No,No,No,Month-to-month,Yes,Credit card (automatic),13-24
0,1,1,0,1,33,79.15,2531.4,6,76.70909090909092,Female,Yes,Yes,Yes,Yes,DSL,No,No,Yes,Yes,Yes,Yes,One year,Yes,Electronic check,25-48
0,1,0,0,1,72,66.75,4760.3,5,66.11527777777778,Female,Yes,Yes,Yes,Yes,DSL,Yes,Yes,No,Yes,No,No,Two year,No,Credit card (automatic),49-72
0,1,1,1,0,3,70.7,225.65,4,75.21666666666667,Male,No,Yes,Yes,No,DSL,No,No,No,Yes,Yes,Yes,Month-to-month,No,Mailed check,0-12
1,1,1,1,1,71,107.5,7713.55,7,108.64154929577465,Male,Yes,No,Yes,Yes,Fiber optic,Yes,Yes,Yes,No,Yes,Yes,Month-to-month,Yes,Electronic check,49-72
0,1,0,1,0,7,51.0,354.05,2,50.57857142857143,Male,No,No,Yes,No,DSL,Yes,No,No,No,No,No,Month-to-month,Yes,Mailed check,0-12
1,1,1,1,1,55,116.5,6382.55,8,116.04636363636364,Male,No,No,Yes,Yes,Fiber optic,Yes,Yes,Yes,Yes,Yes,Yes,Month-to-month,Yes,Electronic check,49-72
0,1,1,0,1,30,80.8,2369.3,6,78.97666666666667,Female,Yes,Yes,Yes,No,DSL,No,Yes,Yes,Yes,Yes,Yes,Two year,No,Bank transfer (automatic),25-48
0,1,1,0,1,72,103.2,7362.9,6,102.26249999999999,Female,Yes,Yes,Yes,Yes,Fiber optic,No,Yes,Yes,No,Yes,Yes,One year,Yes,Credit card (automatic),49-72
0,1,1,0,1,63,75.7,4676.7,6,74.23333333333333,Male,Yes,Yes,Yes,Yes,DSL,Yes,No,Yes,Yes,No,Yes,Two year,No,Mailed check,49-72
0,1,0,1,0,4,80.3,324.2,3,81.05,Female,No,No,Yes,Yes,Fiber optic,No,Yes,No,No,No,No,Month-to-month,Yes,Mailed check,0-12
1,0,1,1,0,11,79.15,827.7,2,75.24545454545455,Male,No,No,Yes,No,Fiber optic,No,No,No,No,No,Yes,Month-to-month,Yes,Credit card (automatic),0-12
0,1,0,1,0,20,50.0,1003.05,2,50.152499999999996,Male,No,No,Yes,No,DSL,No,No,No,Yes,No,No,Month-to-month,No,Mailed check,13-24
0,1,0,1,0,13,30.85,394.1,1,30.315384615384616,Female,No,No,No,No phone service,DSL,Yes,No,No,No,No,No,Month-to-month,Yes,Bank transfer (automatic),13-24
0,1,0,1,0,10,55.55,551.3,3,55.129999999999995,Female,Yes,Yes,Yes,No,DSL,No,Yes,Yes,No,No,No,Month-to-month,Yes,Mailed check,0-12
1,1,1,1,1,43,110.75,4687.9,7,109.02093023255813,Male,Yes,Yes,Yes,Yes,Fiber optic,No,Yes,Yes,Yes,Yes,Yes,Month-to-month,Yes,Bank transfer (automatic),25-48
0,1,1,1,0,18,88.85,1594.75,4,88.59722222222223,Female,Yes,No,Yes,Yes,Fiber optic,No,No,No,Yes,Yes,No,Month-to-month,Yes,Electronic check,13-24
1,0,0,1,0,1,45.85,45.85,1,45.85,Male,No,No,Yes,No,DSL,No,No,No,No,No,No,Month-to-month,Yes,Mailed check,0-12
0,1,1,1,0,16,86.25,1340.1,3,83.75625,Female,No,No,Yes,No,Fiber optic,No,Yes,No,No,No,Yes,Month-to-month,Yes,Electronic check,13-24
0,0,0,1,0,1,24.7,24.7,0,24.7,Female,No,Yes,No,No phone service,DSL,No,No,No,No,No,No,Month-to-month,No,Mailed check,0-12
0,0,1,1,0,1,86.6,86.6,3,86.6,Male,No,No,Yes,Yes,Fiber optic,No,No,No,No,No,Yes,Month-to-month,Yes,Electronic check,0-12
1,0,1,1,1,43,89.55,3856.75,3,89.69186046511628,Male,No,No,Yes,No,Fiber optic,No,No,No,No,Yes,Yes,Month-to-month,Yes,Mailed check,25-48
0,0,0,0,0,2,19.95,47.7,1,23.85,Male,No,No,Yes,No,No,No internet service,No internet service,No internet service,No internet service,No internet service,No internet service,One year,No,Mailed check,0-12
0,0,0,0,1,58,24.45,1513.6,2,26.096551724137928,Male,No,No,Yes,Yes,No,No internet service,No internet service,No internet service,No internet service,No internet service,No internet service,Two year,Yes,Credit card (automatic),49-72
1,1,1,0,1,54,55.45,2966.95,4,54.943518518518516,Male,No,No,No,No phone service,DSL,No,Yes,Yes,No,Yes,Yes,One year,Yes,Electronic check,49-72
0,0,0,0,0,17,44.6,681.4,1,40.08235294117647,Male,No,Yes,Yes,No,DSL,No,No,No,No,No,No,One year,No,Mailed check,13-24
1,1,1,1,1,66,100.05,6871.9,5,104.11969696969696,Male,Yes,No,Yes,Yes,Fiber optic,No,No,No,Yes,Yes,Yes,Month-to-month,Yes,Credit card (automatic),49-72
0,0,1,1,0,5,85.2,474.8,3,94.96000000000001,Female,No,No,Yes,Yes,Fiber optic,No,No,No,No,Yes,No,Month-to-month,Yes,Electronic check,0-12
1,1,1,0,1,56,73.25,4054.2,6,72.39642857142857,Female,No,No,Yes,Yes,DSL,Yes,No,Yes,Yes,No,Yes,Two year,No,Bank transfer (automatic),49-72
0,0,0,1,0,10,20.05,218.5,1,21.85,Male,Yes,Yes,Yes,No,No,No internet service,No internet service,No internet service,No internet service,No internet service,No internet service,Month-to-month,Yes,Credit card (automatic),0-12
0,1,1,1,0,10,84.7,832.05,3,83.205,Female,No,No,Yes,No,Fiber optic,Yes,No,No,No,Yes,No,Month-to-month,Yes,Mailed check,0-12
0,1,1,0,1,72,112.1,7965.95,8,110.63819444444444,Female,Yes,No,Yes,Yes,Fiber optic,Yes,Yes,Yes,Yes,Yes,Yes,Two year,No,Credit card (automatic),49-72
0,0,0,1,0,7,20.65,158.95,1,22.707142857142856,Female,Yes,Yes,Yes,No,No,No internet service,No internet service,No internet service,No internet service,No internet service,No internet service,Month-to-month,No,Mailed check,0-12
0,0,0,1,0,4,24.25,96.05,0,24.0125,Female,No,No,No,No phone service,DSL,No,No,No,No,No,No,Month-to-month,Yes,Mailed check,0-12
0,1,1,0,1,49,71.8,3472.05,6,70.85816326530613,Female,Yes,No,Yes,Yes,DSL,Yes,Yes,Yes,No,No,Yes,One year,No,Electronic check,49-72
0,1,1,0,1,66,109.25,7082.5,7,107.31060606060606,Female,Yes,Yes,Yes,Yes,Fiber optic,Yes,Yes,Yes,No,Yes,Yes,Two year,No,Bank transfer (automatic),49-72
0,1,1,0,1,52,106.3,5487.0,7,105.51923076923077,Male,Yes,No,Yes,No,Fiber optic,Yes,Yes,Yes,Yes,Yes,Yes,Two year,Yes,Electronic check,49-72
1,1,1,1,1,52,110.75,5832.0,7,112.15384615384616,Male,No,No,Yes,Yes,Fiber optic,No,Yes,Yes,Yes,Yes,Yes,Month-to-month,Yes,Electronic check,49-72
0,0,0,1,0,1,69.4,69.4,1,69.4,Male,No,No,Yes,No,Fiber optic,No,No,No,No,No,No,Month-to-month,No,Mailed check,0-12
0,0,0,1,0,17,24.1,409.9,2,24.11176470588235,Female,Yes,Yes,Yes,Yes,No,No internet service,No internet service,No internet service,No internet service,No internet service,No internet service,Month-to-month,No,Mailed check,13-24
0,1,1,0,1,67,69.2,4671.65,5,69.72611940298506,Male,Yes,No,Yes,No,DSL,Yes,Yes,No,Yes,No,Yes,Two year,Yes,Credit card (automatic),49-72
0,1,0,1,1,24,49.3,1233.25,2,51.385416666666664,Female,No,No,Yes,No,DSL,No,No,Yes,No,No,No,Month-to-month,Yes,Credit card (automatic),13-24
0,1,1,0,1,60,60.8,3603.45,5,60.0575,Female,Yes,No,No,No phone service,DSL,No,Yes,Yes,Yes,Yes,Yes,Two year,No,Credit card (automatic),49-72
0,0,0,1,0,8,70.1,551.35,1,68.91875,Male,No,No,Yes,No,Fiber optic,No,No,No,No,No,No,Month-to-month,Yes,Mailed check,0-12
0,1,0,1,1,32,54.2,1739.6,3,54.3625,Female,No,No,Yes,Yes,DSL,No,Yes,No,No,No,No,Month-to-month,Yes,Electronic check,25-48
0,1,0,1,0,14,82.65,1185.0,4,84.64285714285714,Male,Yes,No,Yes,Yes,Fiber optic,No,Yes,Yes,No,No,No,Month-to-month,Yes,Electronic check,13-24
1,1,1,1,0,1,90.6,90.6,4,90.6,Female,Yes,No,Yes,Yes,Fiber optic,No,Yes,No,No,Yes,No,Month-to-month,Yes,Electronic check,0-12
1,0,0,1,0,2,44.15,92.65,1,46.325,Male,No,No,Yes,No,DSL,No,No,No,No,No,No,Month-to-month,Yes,Electronic check,0-12
1,1,1,1,1,43,101.0,4388.4,5,102.05581395348837,Male,Yes,No,Yes,Yes,Fiber optic,No,Yes,No,No,Yes,Yes,Month-to-month,Yes,Electronic check,25-48
1,1,1,1,1,25,69.5,1752.65,5,70.10600000000001,Female,Yes,No,Yes,Yes,DSL,Yes,No,No,Yes,Yes,No,Month-to-month,Yes,Credit card (automatic),25-48
0,0,0,0,1,43,19.2,776.25,1,18.052325581395348,Male,Yes,Yes,Yes,No,No,No internet service,No internet service,No internet service,No internet service,No internet service,No internet service,One year,Yes,Mailed check,25-48
0,0,0,0,1,47,20.25,873.4,1,18.582978723404256,Female,Yes,Yes,Yes,No,No,No internet service,No internet service,No internet service,No internet service,No internet service,No internet service,Two year,No,Credit card (automatic),25-48
1,1,1,1,1,63,89.6,5538.8,4,87.91746031746032,Female,No,No,Yes,Yes,Fiber optic,No,No,Yes,No,No,Yes,Month-to-month,Yes,Bank transfer (automatic),49-72
0,0,0,0,1,58,19.15,1035.5,1,17.853448275862068,Male,No,No,Yes,No,No,No internet service,No internet service,No internet service,No internet service,No internet service,No internet service,Two year,Yes,Bank transfer (automatic),49-72
0,0,0,1,0,10,24.5,270.15,2,27.014999999999997,Female,No,No,Yes,Yes,No,No internet service,No internet service,No internet service,No internet service,No internet service,No internet service,Month-to-month,Yes,Mailed check,0-12
0,1,1,0,1,25,61.05,1540.2,5,61.608000000000004,Female,No,No,No,No phone service,DSL,Yes,Yes,Yes,No,Yes,Yes,One year,No,Electronic check,25-48
1,0,1,1,1,42,95.05,3944.5,4,93.91666666666667,Female,Yes,No,Yes,Yes,Fiber optic,No,No,No,No,Yes,Yes,Month-to-month,Yes,Electronic check,25-48
0,0,1,1,1,49,95.6,4783.5,4,97.62244897959184,Female,Yes,Yes,Yes,Yes,Fiber optic,No,No,No,No,Yes,Yes,Month-to-month,Yes,Electronic check,49-72
0,1,1,0,1,70,109.5,7534.65,7,107.63785714285714,Male,Yes,No,Yes,No,Fiber optic,Yes,Yes,Yes,Yes,Yes,Yes,One year,Yes,Bank transfer (automatic),49-72
0,0,0,1,0,2,20.35,35.1,1,17.55,Female,No,No,Yes,No,No,No internet service,No internet service,No internet service,No internet service,No internet service,No internet service,Month-to-month,No,Credit card (automatic),0-12
0,1,1,0,1,72,80.8,5728.55,6,79.56319444444445,Male,Yes,Yes,Yes,No,DSL,Yes,No,Yes,Yes,Yes,Yes,Two year,Yes,Electronic check,49-72
0,1,0,0,1,72,55.3,3983.6,3,55.327777777777776,Male,Yes,Yes,Yes,Yes,DSL,Yes,No,No,No,No,No,Two year,No,Bank transfer (automatic),49-72
0,1,0,1,0,1,60.0,60.0,4,60.0,Female,No,Yes,Yes,No,DSL,Yes,Yes,No,Yes,No,No,Month-to-month,Yes,Electronic check,0-12
1,1,1,1,1,69,95.35,6382.0,5,92.4927536231884,Male,Yes,No,Yes,Yes,Fiber optic,No,Yes,Yes,No,No,Yes,Month-to-month,Yes,Bank transfer (automatic),49-72
0,0,1,1,0,9,90.8,809.75,3,89.97222222222223,Female,No,No,Yes,No,Fiber optic,No,No,No,No,Yes,Yes,Month-to-month,Yes,Bank transfer (automatic),0-12
0,0,0,1,0,10,20.0,198.6,1,19.86,Male,No,No,Yes,No,No,No internet service,No internet service,No internet service,No internet service,No internet service,No internet service,Month-to-month,Yes,Credit card (automatic),0-12
0,1,1,1,1,70,97.55,6669.05,5,95.27214285714285,Male,Yes,Yes,Yes,Yes,Fiber optic,Yes,Yes,No,No,Yes,No,Month-to-month,Yes,Credit card (automatic),49-72
0,1,1,1,0,6,94.5,575.45,4,95.90833333333335,Male,No,Yes,Yes,No,Fiber optic,No,No,Yes,No,Yes,Yes,Month-to-month,No,Mailed check,0-12
0,1,0,0,1,65,61.35,3874.1,4,59.60153846153846,Female,Yes,Yes,Yes,No,DSL,Yes,Yes,Yes,No,No,No,One year,No,Bank transfer (automatic),49-72
0,1,1,0,1,54,105.85,5826.65,6,107.90092592592592,Male,No,Yes,Yes,No,Fiber optic,Yes,Yes,No,Yes,Yes,Yes,One year,Yes,Electronic check,49-72
0,0,1,0,1,46,55.65,2688.85,2,58.45326086956521,Female,No,No,Yes,No,DSL,No,No,No,No,No,Yes,One year,No,Credit card (automatic),25-48
0,1,1,1,1,55,90.4,5099.15,4,92.71181818181817,Male,Yes,Yes,Yes,Yes,Fiber optic,No,No,Yes,No,Yes,No,Month-to-month,Yes,Credit card (automatic),49-72
0,0,0,0,1,64,24.05,1559.15,2,24.36171875,Female,Yes,Yes,Yes,Yes,No,No internet service,No internet service,No internet service,No internet service,No internet service,No internet service,Two year,Yes,Mailed check,49-72
0,1,1,0,1,63,71.9,4479.2,6,71.0984126984127,Male,No,No,Yes,Yes,DSL,Yes,No,Yes,Yes,No,Yes,Two year,Yes,Bank transfer (automatic),49-72
0,0,0,0,1,60,24.15,1505.9,2,25.098333333333336,Male,Yes,No,Yes,Yes,No,No internet service,No internet service,No internet service,No internet service,No internet service,No internet service,One year,No,Bank transfer (automatic),49-72
0,1,1,0,1,54,95.1,5064.85,5,93.79351851851852,Female,No,No,Yes,Yes,Fiber optic,No,No,Yes,Yes,No,Yes,Two year,Yes,Bank transfer (automatic),49-72
0,0,0,1,0,6,44.75,270.95,1,45.15833333333333,Male,No,No,Yes,No,DSL,No,No,No,No,No,No,Month-to-month,No,Electronic check,0-12
0,1,1,0,1,71,99.0,7061.65,6,99.45985915492957,Female,Yes,Yes,Yes,Yes,Fiber optic,Yes,Yes,Yes,No,Yes,No,Two year,Yes,Credit card (automatic),49-72
0,1,1,1,1,41,94.9,3848.0,4,93.85365853658537,Female,Yes,Yes,Yes,No,Fiber optic,No,No,Yes,No,Yes,Yes,Month-to-month,Yes,Bank transfer (automatic),25-48
0,1,0,1,1,47,83.35,4065.0,4,86.48936170212765,Male,Yes,No,Yes,Yes,Fiber optic,No,Yes,Yes,No,No,No,Month-to-month,Yes,Bank transfer (automatic),25-48
0,0,0,0,0,10,19.5,225.85,1,22.585,Male,No,No,Yes,No,No,No internet service,No internet service,No internet service,No internet service,No internet service,No internet service,One year,No,Mailed check,0-12
1,1,1,1,1,50,88.05,4367.35,4,87.34700000000001,Female,Yes,No,Yes,Yes,Fiber optic,No,Yes,No,No,Yes,No,Month-to-month,Yes,Electronic check,49-72
0,0,1,1,0,9,55.35,449.75,2,49.97222222222222,Male,No,Yes,Yes,No,DSL,No,No,No,No,Yes,No,Month-to-month,No,Electronic check,0-12
0,1,1,0,1,52,96.25,4990.25,5,95.96634615384616,Male,Yes,Yes,Yes,Yes,Fiber optic,No,No,Yes,Yes,No,Yes,Two year,Yes,Bank transfer (automatic),49-72
0,0,0,0,1,38,20.1,730.1,1,19.21315789473684,Male,No,No,Yes,No,No,No internet service,No internet service,No internet service,No internet service,No internet service,No internet service,One year,No,Mailed check,25-48
0,0,1,1,0,20,78.8,1641.3,2,82.065,Male,No,No,Yes,No,Fiber optic,No,No,No,No,Yes,No,Month-to-month,No,Electronic check,13-24
0,0,1,1,0,3,92.0,266.8,3,88.93333333333334,Male,No,No,Yes,No,Fiber optic,No,No,No,No,Yes,Yes,Month-to-month,Yes,Electronic check,0-12
0,1,1,1,1,47,104.1,5135.15,6,109.25851063829786,Male,Yes,No,Yes,Yes,Fiber optic,No,Yes,Yes,No,Yes,Yes,Month-to-month,Yes,Electronic check,25-48
0,0,0,0,0,21,20.85,435.25,1,20.726190476190474,Female,No,No,Yes,No,No,No internet service,No internet service,No internet service,No internet service,No internet service,No internet service,Two year,Yes,Credit card (automatic),13-24
0,0,0,1,0,9,19.5,150.35,1,16.705555555555556,Female,No,No,Yes,No,No,No internet service,No internet service,No internet service,No internet service,No internet service,No internet service,Month-to-month,No,Bank transfer (automatic),0-12
0,1,1,0,1,72,104.8,7470.1,6,103.7513888888889,Male,Yes,No,Yes,Yes,Fiber optic,No,Yes,Yes,No,Yes,Yes,Two year,Yes,Bank transfer (automatic),49-72
0,0,0,1,0,3,69.55,200.2,1,66.73333333333333,Female,Yes,Yes,Yes,No,Fiber optic,No,No,No,No,No,No,Month-to-month,Yes,Electronic check,0-12
0,1,0,1,0,18,57.65,992.7,3,55.150000000000006,Female,No,Yes,Yes,Yes,DSL,Yes,No,No,No,No,No,Month-to-month,No,Mailed check,13-24
0,0,0,0,1,68,24.95,1614.9,2,23.748529411764707,Female,Yes,No,Yes,Yes,No,No internet service,No internet service,No internet service,No internet service,No internet service,No internet service,Two year,Yes,Credit card (automatic),49-72
0,1,1,0,1,61,80.9,4932.5,6,80.86065573770492,Male,Yes,No,Yes,Yes,DSL,No,Yes,Yes,No,Yes,Yes,Two year,No,Bank transfer (automatic),49-72
0,1,1,1,0,23,59.95,1406.0,3,61.130434782608695,Male,Yes,No,Yes,No,DSL,Yes,No,No,No,No,Yes,Month-to-month,Yes,Bank transfer (automatic),13-24
0,1,1,0,1,47,94.8,4535.85,5,96.50744680851065,Male,No,No,Yes,Yes,Fiber optic,Yes,Yes,No,No,Yes,No,One year,No,Bank transfer (automatic),25-48
1,0,0,1,0,15,74.2,1133.9,2,75.59333333333333,Male,No,No,Yes,Yes,Fiber optic,No,No,No,No,No,No,Month-to-month,Yes,Credit card (automatic),13-24
0,0,0,0,1,35,19.65,708.8,1,20.25142857142857,Female,Yes,Yes,Yes,No,No,No internet service,No internet service,No internet service,No internet service,No internet service,No internet service,One year,No,Mailed check,25-48
0,0,0,0,1,32,19.3,593.2,1,18.5375,Female,Yes,No,Yes,No,No,No internet service,No internet service,No internet service,No internet service,No internet service,No internet service,One year,No,Mailed check,25-48
0,1,1,0,1,71,97.65,6687.85,5,94.19507042253521,Male,No,No,Yes,Yes,Fiber optic,Yes,No,No,Yes,No,Yes,One year,No,Credit card (automatic),49-72
0,1,1,1,1,52,105.05,5624.85,6,108.17019230769232,Female,Yes,No,Yes,Yes,Fiber optic,No,Yes,Yes,No,Yes,Yes,Month-to-month,Yes,Electronic check,49-72
0,1,1,0,1,72,63.7,4464.8,6,62.01111111111111,Male,No,No,No,No phone service,DSL,Yes,Yes,Yes,Yes,Yes,Yes,Two year,Yes,Bank transfer (automatic),49-72
0,0,0,1,0,12,25.0,316.2,2,26.349999999999998,Male,No,No,Yes,Yes,No,No internet service,No internet service,No internet service,No internet service,No internet service,No internet service,Month-to-month,No,Electronic check,0-12
1,0,0,0,1,44,19.35,847.25,1,19.255681818181817,Male,Yes,No,Yes,No,No,No internet service,No internet service,No internet service,No internet service,No internet service,No internet service,Two year,Yes,Credit card (automatic),25-48
0,1,1,0,1,72,109.65,7880.25,7,109.44791666666667,Male,Yes,No,Yes,Yes,Fiber optic,Yes,Yes,Yes,No,Yes,Yes,Two year,Yes,Electronic check,49-72
1,1,0,1,0,18,85.45,1505.85,4,83.65833333333333,Female,No,No,Yes,Yes,Fiber optic,No,Yes,No,Yes,No,No,Month-to-month,Yes,Electronic check,13-24
0,0,0,1,0,7,73.85,511.25,2,73.03571428571429,Female,No,No,Yes,Yes,Fiber optic,No,No,No,No,No,No,Month-to-month,Yes,Electronic check,0-12
0,0,0,1,0,10,74.15,811.8,2,81.17999999999999,Male,No,No,Yes,Yes,Fiber optic,No,No,No,No,No,No,Month-to-month,Yes,Mailed check,0-12
0,0,0,0,1,42,20.25,854.9,1,20.354761904761904,Male,Yes,Yes,Yes,No,No,No internet service,No internet service,No internet service,No internet service,No internet service,No internet service,One year,No,Mailed check,25-48
0,1,1,0,1,72,103.75,7346.2,6,102.03055555555555,Male,Yes,No,Yes,Yes,Fiber optic,No,Yes,Yes,No,Yes,Yes,Two year,Yes,Bank transfer (automatic),49-72
0,1,1,1,1,29,89.2,2698.35,4,93.04655172413793,Male,Yes,Yes,Yes,Yes,Fiber optic,No,No,Yes,No,No,Yes,Month-to-month,Yes,Electronic check,25-48
0,1,0,0,1,63,84.65,5377.8,4,85.36190476190477,Male,Yes,No,Yes,Yes,Fiber optic,Yes,No,No,Yes,No,No,Two year,Yes,Credit card (automatic),49-72
0,0,0,1,0,1,19.9,19.9,1,19.9,Female,No,No,Yes,No,No,No internet service,No internet service,No internet service,No internet service,No internet service,No internet service,Month-to-month,Yes,Mailed check,0-12
0,1,1,0,1,26,90.1,2312.55,8,88.94423076923077,Female,Yes,No,Yes,Yes,DSL,Yes,Yes,Yes,Yes,Yes,Yes,One year,Yes,Credit card (automatic),25-48
0,1,0,0,1,65,89.85,5844.65,5,89.9176923076923,Female,No,No,Yes,Yes,Fiber optic,Yes,Yes,No,Yes,No,No,One year,Yes,Electronic check,49-72
0,1,1,0,1,71,66.2,4692.55,4,66.09225352112676,Male,Yes,Yes,Yes,Yes,DSL,Yes,No,No,No,Yes,No,One year,Yes,Electronic check,49-72
0,1,1,0,1,61,101.05,5971.25,5,97.88934426229508,Female,Yes,No,Yes,Yes,Fiber optic,No,Yes,No,No,Yes,Yes,Two year,Yes,Bank transfer (automatic),49-72
0,1,0,0,1,52,80.2,4297.6,3,82.64615384615385,Female,No,No,Yes,Yes,Fiber optic,No,Yes,No,No,No,No,One year,Yes,Mailed check,49-72
0,0,1,1,0,2,44.6,97.1,2,48.55,Female,Yes,No,No,No phone service,DSL,No,No,No,No,Yes,Yes,Month-to-month,No,Electronic check,0-12
1,1,1,1,1,29,95.9,2745.2,5,94.66206896551724,Male,Yes,No,Yes,Yes,Fiber optic,No,Yes,Yes,No,No,Yes,Month-to-month,Yes,Electronic check,25-48
0,0,0,0,0,17,20.1,279.5,1,16.441176470588236,Male,No,No,Yes,No,No,No internet service,No internet service,No internet service,No internet service,No internet service,No internet service,One year,Yes,Mailed check,13-24
0,0,0,0,1,58,19.55,1079.65,1,18.614655172413794,Female,Yes,Yes,Yes,No,No,No internet service,No internet service,No internet service,No internet service,No internet service,No internet service,Two year,No,Credit card (automatic),49-72
0,1,1,1,0,4,82.85,319.6,3,79.9,Female,No,No,Yes,No,Fiber optic,No,No,Yes,No,No,Yes,Month-to-month,Yes,Credit card (automatic),0-12
0,1,1,1,0,23,99.25,2186.4,6,95.0608695652174,Male,Yes,No,Yes,Yes,Fiber optic,Yes,Yes,Yes,No,Yes,No,Month-to-month,Yes,Electronic check,13-24
0,1,0,1,1,31,79.85,2404.15,3,77.55322580645162,Female,No,No,Yes,Yes,Fiber optic,No,No,No,Yes,No,No,Month-to-month,Yes,Credit card (automatic),25-48
0,1,1,0,1,61,103.95,6423.0,6,105.29508196721312,Female,No,No,Yes,Yes,Fiber optic,No,Yes,Yes,No,Yes,Yes,One year,Yes,Electronic check,49-72
1,0,1,1,0,6,79.7,497.6,2,82.93333333333334,Male,No,No,Yes,No,Fiber optic,No,No,No,No,Yes,No,Month-to-month,Yes,Electronic check,0-12
0,1,1,0,1,61,86.45,5175.3,7,84.84098360655739,Female,No,No,Yes,Yes,DSL,Yes,No,Yes,Yes,Yes,Yes,Two year,No,Credit card (automatic),49-72
0,1,1,0,1,58,105.05,6004.85,6,103.53189655172415,Male,Yes,Yes,Yes,Yes,Fiber optic,No,No,Yes,Yes,Yes,Yes,One year,Yes,Bank transfer (automatic),49-72
0,0,0,0,0,10,19.8,198.25,1,19.825,Female,No,No,Yes,No,No,No internet service,No internet service,No internet service,No internet service,No internet service,No internet service,One year,Yes,Mailed check,0-12
1,1,0,1,1,55,90.45,5044.8,5,91.72363636363637,Female,Yes,No,Yes,Yes,Fiber optic,No,Yes,Yes,Yes,No,No,Month-to-month,No,Electronic check,49-72
0,1,1,0,1,72,116.6,8337.45,8,115.79791666666668,Male,Yes,Yes,Yes,Yes,Fiber optic,Yes,Yes,Yes,Yes,Yes,Yes,Two year,Yes,Bank transfer (automatic),49-72
0,1,1,0,1,72,105.6,7581.5,7,105.29861111111111,Male,Yes,No,Yes,Yes,Fiber optic,Yes,Yes,Yes,Yes,No,Yes,Two year,No,Bank transfer (automatic),49-72
0,0,1,1,1,40,97.1,3706.95,4,92.67375,Male,Yes,No,Yes,Yes,Fiber optic,No,No,No,No,Yes,Yes,Month-to-month,Yes,Bank transfer (automatic),25-48
0,0,0,1,0,6,45.65,323.45,1,53.90833333333333,Female,Yes,No,Yes,No,DSL,No,No,No,No,No,No,Month-to-month,No,Mailed check,0-12
0,1,1,0,1,70,106.5,7397.0,6,105.67142857142858,Female,Yes,Yes,Yes,Yes,Fiber optic,No,Yes,Yes,No,Yes,Yes,One year,Yes,Electronic check,49-72
0,0,1,1,1,30,90.25,2755.35,3,91.845,Male,No,No,Yes,No,Fiber optic,No,No,No,No,Yes,Yes,Month-to-month,Yes,Electronic check,25-48
0,0,1,1,0,1,90.55,90.55,3,90.55,Female,No,No,Yes,No,Fiber optic,No,No,No,No,Yes,Yes,Month-to-month,No,Electronic check,0-12
0,1,1,0,1,67,116.2,7752.3,8,115.70597014925373,Male,No,No,Yes,Yes,Fiber optic,Yes,Yes,Yes,Yes,Yes,Yes,Two year,No,Credit card (automatic),49-72
0,0,0,0,1,34,19.6,678.8,1,19.96470588235294,Male,Yes,Yes,Yes,No,No,No internet service,No internet service,No internet service,No internet service,No internet service,No internet service,One year,No,Credit card (automatic),25-48
1,0,1,1,0,2,93.85,170.85,4,85.425,Female,No,No,Yes,Yes,Fiber optic,No,No,No,No,Yes,Yes,Month-to-month,Yes,Electronic check,0-12
1,0,0,1,0,7,70.1,467.55,1,66.79285714285714,Male,Yes,No,Yes,No,Fiber optic,No,No,No,No,No,No,Month-to-month,Yes,Mailed check,0-12
1,0,0,1,0,8,69.7,560.85,1,70.10625,Male,No,No,Yes,No,Fiber optic,No,No,No,No,No,No,Month-to-month,Yes,Electronic check,0-12
0,1,1,1,1,35,89.85,3161.2,4,90.32,Male,Yes,No,Yes,Yes,Fiber optic,No,No,No,Yes,No,Yes,Month-to-month,Yes,Bank transfer (automatic),25-48
0,1,1,1,0,9,88.05,801.3,4,89.03333333333333,Male,Yes,No,Yes,Yes,Fiber optic,Yes,No,No,No,No,Yes,Month-to-month,Yes,Electronic check,0-12
0,0,0,1,0,6,20.2,98.35,1,16.391666666666666,Male,No,Yes,Yes,No,No,No internet service,No internet service,No internet service,No internet service,No internet service,No internet service,Month-to-month,Yes,Mailed check,0-12
0,1,0,1,0,5,49.2,216.9,2,43.38,Male,No,No,Yes,No,DSL,No,No,No,Yes,No,No,Month-to-month,Yes,Electronic check,0-12
0,0,0,1,0,3,74.75,229.5,2,76.5,Female,Yes,No,Yes,Yes,Fiber optic,No,No,No,No,No,No,Month-to-month,Yes,Credit card (automatic),0-12
0,0,0,0,1,35,19.15,638.0,1,18.228571428571428,Male,No,No,Yes,No,No,No internet service,No internet service,No internet service,No internet service,No internet service,No internet service,One year,Yes,Mailed check,25-48
0,0,0,1,0,15,51.1,711.15,2,47.41,Female,Yes,No,Yes,Yes,DSL,No,No,No,No,No,No,Month-to-month,Yes,Electronic check,13-24
1,1,0,1,0,17,76.45,1233.4,2,72.5529411764706,Male,Yes,No,Yes,No,Fiber optic,No,Yes,No,No,No,No,Month-to-month,Yes,Electronic check,13-24
0,0,0,0,1,33,24.15,800.3,2,24.25151515151515,Female,Yes,Yes,Yes,Yes,No,No internet service,No internet service,No internet service,No internet service,No internet service,No internet service,One year,No,Credit card (automatic),25-48
0,1,1,1,0,3,50.6,155.35,3,51.78333333333333,Female,No,No,No,No phone service,DSL,No,Yes,No,No,Yes,Yes,Month-to-month,Yes,Electronic check,0-12
0,1,1,0,1,68,70.95,4741.45,5,69.72720588235293,Male,Yes,No,Yes,No,DSL,Yes,Yes,Yes,No,No,Yes,Two year,No,Bank transfer (automatic),49-72
0,1,1,0,1,60,115.25,6758.45,8,112.64083333333333,Female,Yes,Yes,Yes,Yes,Fiber optic,Yes,Yes,Yes,Yes,Yes,Yes,Two year,No,Credit card (automatic),49-72
0,1,0,0,0,23,81.85,1810.85,3,78.73260869565217,Female,Yes,Yes,Yes,Yes,Fiber optic,Yes,No,No,No,No,No,One year,No,Credit card (automatic),13-24
0,0,0,0,1,35,24.3,821.6,2,23.474285714285713,Female,Yes,Yes,Yes,Yes,No,No internet service,No internet service,No internet service,No internet service,No internet service,No internet service,Two year,No,Bank transfer (automatic),25-48
0,0,0,0,1,63,20.0,1209.25,1,19.194444444444443,Female,Yes,Yes,Yes,No,No,No internet service,No internet service,No internet service,No internet service,No internet service,No internet service,Two year,No,Credit card (automatic),49-72
0,0,0,1,0,2,44.45,82.7,1,41.35,Female,No,No,Yes,No,DSL,No,No,No,No,No,No,Month-to-month,No,Electronic check,0-12
0,1,1,1,0,3,89.85,248.4,4,82.8,Male,Yes,Yes,Yes,No,Fiber optic,Yes,Yes,No,No,Yes,No,Month-to-month,No,Electronic check,0-12
1,1,1,1,1,60,105.9,6401.25,6,106.6875,Female,Yes,No,Yes,Yes,Fiber optic,No,Yes,Yes,No,Yes,Yes,Month-to-month,Yes,Electronic check,49-72
1,1,1,1,0,1,39.65,39.65,2,39.65,Male,No,No,No,No phone service,DSL,No,No,Yes,No,No,Yes,Month-to-month,Yes,Electronic check,0-12
1,1,1,0,1,55,113.6,6292.7,7,114.41272727272727,Male,Yes,No,Yes,Yes,Fiber optic,No,Yes,Yes,Yes,Yes,Yes,Two year,Yes,Electronic check,49-72
1,1,1,1,0,3,105.0,294.45,6,98.14999999999999,Male,No,No,Yes,Yes,Fiber optic,No,Yes,Yes,No,Yes,Yes,Month-to-month,Yes,Electronic check,0-12
0,1,0,1,0,1,75.9,75.9,2,75.9,Male,No,No,Yes,No,Fiber optic,No,No,No,Yes,No,No,Month-to-month,Yes,Electronic check,0-12
0,0,1,1,0,14,46.35,667.7,2,47.69285714285714,Male,Yes,No,No,No phone service,DSL,No,No,No,No,Yes,Yes,Month-to-month,No,Electronic check,13-24
0,1,1,1,1,32,99.55,3204.65,5,100.1453125,Male,Yes,Yes,Yes,Yes,Fiber optic,Yes,No,No,No,Yes,Yes,Month-to-month,Yes,Credit card (automatic),25-48
0,0,0,1,1,35,20.75,739.9,1,21.14,Male,No,No,Yes,No,No,No internet service,No internet service,No internet service,No internet service,No internet service,No internet service,Month-to-month,No,Bank transfer (automatic),25-48
0,1,1,0,1,58,55.5,3166.9,4,54.601724137931036,Female,Yes,Yes,No,No phone service,DSL,No,No,Yes,Yes,Yes,Yes,Two year,Yes,Credit card (automatic),49-72
0,1,1,0,1,35,46.35,1662.05,3,47.48714285714286,Female,Yes,Yes,No,No phone service,DSL,Yes,No,No,Yes,Yes,No,Two year,Yes,Credit card (automatic),25-48
0,1,0,0,1,59,81.25,4639.45,3,78.63474576271186,Female,Yes,No,Yes,No,Fiber optic,Yes,No,Yes,No,No,No,One year,Yes,Credit card (automatic),49-72
0,0,0,1,0,2,70.4,154.8,1,77.4,Female,Yes,No,Yes,No,Fiber optic,No,No,No,No,No,No,Month-to-month,Yes,Credit card (automatic),0-12
1,1,1,1,1,24,102.95,2496.7,6,104.02916666666665,Male,No,No,Yes,Yes,Fiber optic,No,Yes,Yes,No,Yes,Yes,Month-to-month,Yes,Credit card (automatic),13-24
0,0,0,0,1,53,19.85,1039.45,1,19.612264150943396,Female,Yes,Yes,Yes,No,No,No internet service,No internet service,No internet service,No internet service,No internet service,No internet service,One year,Yes,Bank transfer (automatic),49-72
0,0,0,0,0,18,20.15,390.85,1,21.71388888888889,Female,No,Yes,Yes,No,No,No internet service,No internet service,No internet service,No internet service,No internet service,No internet service,One year,No,Bank transfer (automatic),13-24
0,1,0,1,0,1,49.05,49.05,2,49.05,Male,No,No,Yes,No,DSL,No,No,No,Yes,No,No,Month-to-month,No,Mailed check,0-12
0,1,1,0,1,70,78.35,5445.95,7,77.79928571428572,Male,Yes,Yes,Yes,Yes,DSL,Yes,Yes,Yes,Yes,No,Yes,One year,No,Bank transfer (automatic),49-72
1,1,1,1,1,50,104.95,5222.35,6,104.447,Female,No,No,Yes,Yes,Fiber optic,No,No,Yes,Yes,Yes,Yes,Month-to-month,Yes,Electronic check,49-72
0,1,1,0,1,64,76.1,4818.8,6,75.29375,Male,Yes,No,Yes,Yes,DSL,No,Yes,Yes,Yes,Yes,No,Two year,Yes,Bank transfer (automatic),49-72
0,1,0,0,1,72,42.1,2962.0,3,41.138888888888886,Male,Yes,No,No,No phone service,DSL,Yes,Yes,Yes,No,No,No,Two year,No,Bank transfer (automatic),49-72
1,1,0,0,1,72,84.8,6141.65,4,85.30069444444445,Male,Yes,No,Yes,No,Fiber optic,Yes,Yes,No,Yes,No,No,Two year,Yes,Credit card (automatic),49-72
1,0,1,1,0,15,85.6,1345.55,3,89.70333333333333,Male,Yes,No,Yes,Yes,Fiber optic,No,No,No,No,No,Yes,Month-to-month,Yes,Bank transfer (automatic),13-24
1,1,1,1,1,65,105.25,6786.4,6,104.40615384615384,Female,Yes,No,Yes,Yes,Fiber optic,Yes,No,Yes,No,Yes,Yes,Month-to-month,No,Bank transfer (automatic),49-72
0,1,0,1,1,28,76.55,2065.4,2,73.76428571428572,Male,Yes,No,Yes,No,Fiber optic,No,No,No,Yes,No,No,Month-to-month,No,Bank transfer (automatic),25-48
0,1,1,1,0,3,85.7,256.75,3,85.58333333333333,Male,No,No,Yes,No,Fiber optic,No,No,Yes,No,No,Yes,Month-to-month,No,Credit card (automatic),0-12
1,1,1,1,1,43,108.15,4600.7,6,106.99302325581395,Female,No,No,Yes,No,Fiber optic,Yes,Yes,No,Yes,Yes,Yes,Month-to-month,Yes,Credit card (automatic),25-48
0,1,1,1,1,27,71.6,1957.1,5,72.48518518518519,Male,Yes,Yes,Yes,Yes,DSL,No,No,No,Yes,Yes,Yes,Month-to-month,No,Bank transfer (automatic),25-48
1,1,1,0,1,72,104.15,7689.95,6,106.80486111111111,Male,Yes,No,Yes,Yes,Fiber optic,No,Yes,Yes,No,Yes,Yes,Two year,Yes,Bank transfer (automatic),49-72
0,1,0,1,0,1,29.9,29.9,1,29.9,Female,No,No,No,No phone service,DSL,Yes,No,No,No,No,No,Month-to-month,No,Mailed check,0-12
0,1,1,1,1,52,59.45,3043.7,3,58.5326923076923,Female,No,No,Yes,No,DSL,No,No,Yes,No,No,Yes,Month-to-month,Yes,Electronic check,49-72
0,0,1,1,0,2,85.65,181.5,3,90.75,Male,No,No,Yes,Yes,Fiber optic,No,No,No,No,Yes,No,Month-to-month,Yes,Electronic check,0-12
0,0,0,1,0,3,25.1,79.8,0,26.599999999999998,Male,No,No,No,No phone service,DSL,No,No,No,No,No,No,Month-to-month,No,Electronic check,0-12
1,0,1,1,1,29,84.3,2357.75,3,81.30172413793103,Male,Yes,No,Yes,Yes,Fiber optic,No,No,No,No,No,Yes,Month-to-month,Yes,Electronic check,25-48
0,0,0,0,1,65,26.0,1654.85,2,25.459230769230768,Female,Yes,Yes,Yes,Yes,No,No internet service,No internet service,No internet service,No internet service,No internet service,No internet service,Two year,No,Credit card (automatic),49-72
0,1,0,0,1,55,66.05,3462.1,5,62.947272727272725,Female,Yes,No,Yes,Yes,DSL,Yes,Yes,No,Yes,No,No,One year,Yes,Credit card (automatic),49-72
0,1,0,0,1,72,64.45,4720.0,5,65.55555555555556,Male,Yes,Yes,Yes,Yes,DSL,Yes,Yes,Yes,No,No,No,Two year,No,Credit card (automatic),49-72
0,0,0,0,1,63,20.6,1298.7,1,20.614285714285714,Female,No,No,Yes,No,No,No internet service,No internet service,No internet service,No internet service,No internet service,No internet service,Two year,Yes,Mailed check,49-72
0,1,0,1,0,5,55.7,259.4,3,51.879999999999995,Male,Yes,Yes,Yes,Yes,DSL,No,No,No,Yes,No,No,Month-to-month,Yes,Mailed check,0-12
0,0,0,0,1,59,19.35,1099.6,1,18.63728813559322,Male,No,No,Yes,No,No,No internet service,No internet service,No internet service,No internet service,No internet service,No internet service,Two year,No,Mailed check,49-72
0,1,1,0,1,69,43.95,2960.1,3,42.9,Female,Yes,Yes,No,No phone service,DSL,Yes,No,Yes,No,No,Yes,Two year,Yes,Credit card (automatic),49-72
0,1,1,0,1,27,69.35,1927.3,5,71.38148148148149,Male,No,No,Yes,No,DSL,Yes,No,Yes,Yes,Yes,No,One year,No,Credit card (automatic),25-48
0,1,1,0,0,15,50.75,688.2,3,45.88,Male,No,No,No,No phone service,DSL,No,No,Yes,No,Yes,Yes,One year,No,Electronic check,13-24
0,0,0,1,0,1,19.3,19.3,1,19.3,Male,No,Yes,Yes,No,No,No internet service,No internet service,No internet service,No internet service,No internet service,No internet service,Month-to-month,Yes,Mailed check,0-12
0,1,0,0,1,40,50.25,2023.55,2,50.58875,Female,No,No,Yes,No,DSL,No,No,Yes,No,No,No,One year,Yes,Mailed check,25-48
0,1,1,1,0,3,75.3,244.1,5,81.36666666666666,Female,No,No,Yes,No,DSL,No,Yes,No,Yes,Yes,Yes,Month-to-month,Yes,Electronic check,0-12
0,0,0,1,0,7,43.9,278.4,1,39.771428571428565,Male,No,No,Yes,No,DSL,No,No,No,No,No,No,Month-to-month,No,Mailed check,0-12
0,1,1,1,1,28,96.6,2684.35,5,95.86964285714285,Male,Yes,No,Yes,Yes,Fiber optic,No,Yes,Yes,No,Yes,No,Month-to-month,No,Credit card (automatic),25-48
0,1,0,0,1,45,62.55,2796.45,4,62.14333333333333,Female,No,No,Yes,No,DSL,Yes,Yes,No,Yes,No,No,One year,Yes,Credit card (automatic),25-48
0,1,1,1,0,5,39.5,210.75,2,42.15,Female,No,No,No,No phone service,DSL,No,No,Yes,No,No,Yes,Month-to-month,No,Electronic check,0-12
0,1,0,1,0,12,56.65,654.85,3,54.57083333333333,Male,No,No,Yes,No,DSL,Yes,No,No,Yes,No,No,Month-to-month,No,Mailed check,0-12
0,0,1,1,0,21,94.3,1948.35,4,92.77857142857142,Female,Yes,No,Yes,Yes,Fiber optic,No,No,No,No,Yes,Yes,Month-to-month,Yes,Electronic check,13-24
0,0,0,0,1,70,25.4,1782.05,2,25.457857142857144,Male,Yes,Yes,Yes,Yes,No,No internet service,No internet service,No internet service,No internet service,No internet service,No internet service,Two year,No,Mailed check,49-72
0,1,1,0,1,70,97.65,6982.5,5,99.75,Female,Yes,No,Yes,Yes,Fiber optic,No,No,Yes,No,Yes,Yes,One year,Yes,Electronic check,49-72
0,1,1,0,1,64,99.25,6549.45,6,102.33515625,Male,No,No,Yes,Yes,Fiber optic,Yes,No,Yes,Yes,No,Yes,Two year,No,Credit card (automatic),49-72
0,1,1,0,1,70,86.45,5950.2,7,85.00285714285714,Female,Yes,No,Yes,No,DSL,Yes,Yes,Yes,Yes,Yes,Yes,Two year,No,Credit card (automatic),49-72
0,1,1,0,1,72,115.55,8425.3,8,117.01805555555555,Male,Yes,No,Yes,Yes,Fiber optic,Yes,Yes,Yes,Yes,Yes,Yes,Two year,Yes,Electronic check,49-72
0,0,0,1,0,17,19.7,340.35,1,20.02058823529412,Female,No,No,Yes,No,No,No internet service,No internet service,No internet service,No internet service,No internet service,No internet service,Month-to-month,No,Credit card (automatic),13-24
0,0,0,1,0,1,20.75,20.75,1,20.75,Male,No,Yes,Yes,No,No,No internet service,No internet service,No internet service,No internet service,No internet service,No internet service,Month-to-month,No,Mailed check,0-12
0,0,0,0,1,37,19.8,677.05,1,18.298648648648648,Male,Yes,Yes,Yes,No,No,No internet service,No internet service,No internet service,No internet service,No internet service,No internet service,One year,No,Credit card (automatic),25-48
0,0,0,1,0,8,20.45,162.3,1,20.2875,Male,No,No,Yes,No,No,No internet service,No internet service,No internet service,No internet service,No internet service,No internet service,Month-to-month,Yes,Credit card (automatic),0-12
0,1,1,1,1,38,91.7,3479.05,4,91.55394736842106,Male,Yes,No,Yes,Yes,Fiber optic,Yes,No,No,No,Yes,No,Month-to-month,No,Bank transfer (automatic),25-48
0,1,1,1,1,24,89.25,2210.2,4,92.09166666666665,Male,Yes,No,Yes,No,Fiber optic,Yes,No,No,Yes,No,Yes,Month-to-month,Yes,Electronic check,13-24
0,1,1,1,0,5,100.5,514.0,5,102.8,Female,No,No,Yes,Yes,Fiber optic,No,No,Yes,No,Yes,Yes,Month-to-month,Yes,Electronic check,0-12
0,0,0,0,1,53,19.75,1052.35,1,19.85566037735849,Male,No,Yes,Yes,No,No,No internet service,No internet service,No internet service,No internet service,No internet service,No internet service,Two year,No,Bank transfer (automatic),49-72
0,1,0,1,0,12,29.2,309.1,1,25.758333333333336,Female,Yes,Yes,No,No phone service,DSL,No,Yes,No,No,No,No,Month-to-month,No,Mailed check,0-12
0,0,0,0,1,34,20.05,679.0,1,19.970588235294116,Male,Yes,No,Yes,No,No,No internet service,No internet service,No internet service,No internet service,No internet service,No internet service,Two year,No,Credit card (automatic),25-48
0,1,1,0,1,70,114.6,7882.5,8,112.60714285714286,Male,No,Yes,Yes,Yes,Fiber optic,Yes,Yes,Yes,Yes,Yes,Yes,Two year,Yes,Electronic check,49-72
0,0,0,1,0,3,20.7,57.5,1,19.166666666666668,Male,No,No,Yes,No,No,No internet service,No internet service,No internet service,No internet service,No internet service,No internet service,Month-to-month,No,Mailed check,0-12
0,1,1,0,1,55,85.1,4657.95,7,84.69,Female,Yes,Yes,Yes,Yes,DSL,Yes,No,Yes,Yes,Yes,Yes,Two year,Yes,Bank transfer (automatic),49-72
1,1,1,1,1,48,117.45,5438.9,8,113.31041666666665,Female,Yes,No,Yes,Yes,Fiber optic,Yes,Yes,Yes,Yes,Yes,Yes,Month-to-month,No,Electronic check,25-48
0,0,1,0,1,68,83.0,5685.8,3,83.61470588235295,Female,Yes,Yes,Yes,Yes,Fiber optic,No,No,No,No,Yes,No,One year,Yes,Electronic check,49-72
0,0,0,0,1,56,24.3,1261.7,2,22.530357142857145,Female,Yes,No,Yes,Yes,No,No internet service,No internet service,No internet service,No internet service,No internet service,No internet service,One year,No,Electronic check,49-72
0,0,1,1,0,7,86.5,582.5,3,83.21428571428571,Female,Yes,No,Yes,Yes,Fiber optic,No,No,No,No,Yes,No,Month-to-month,Yes,Electronic check,0-12
0,1,1,0,1,35,102.35,3626.1,5,103.60285714285715,Male,No,No,Yes,No,Fiber optic,No,Yes,Yes,No,Yes,Yes,One year,Yes,Bank transfer (automatic),25-48
1,1,1,1,0,2,88.55,179.25,4,89.625,Female,No,No,Yes,Yes,Fiber optic,No,No,Yes,No,No,Yes,Month-to-month,Yes,Electronic check,0-12
0,1,1,1,0,21,90.05,1862.9,4,88.70952380952382,Female,No,No,Yes,No,Fiber optic,No,Yes,Yes,No,No,Yes,Month-to-month,Yes,Electronic check,13-24
0,1,1,1,1,49,39.2,1838.15,2,37.51326530612245,Male,Yes,Yes,No,No phone service,DSL,Yes,No,No,No,No,Yes,Month-to-month,Yes,Electronic check,49-72
0,0,0,0,1,60,19.65,1161.75,1,19.3625,Male,Yes,Yes,Yes,No,No,No internet service,No internet service,No internet service,No internet service,No internet service,No internet service,Two year,No,Credit card (automatic),49-72
1,1,0,1,1,32,81.1,2619.25,3,81.8515625,Male,No,No,Yes,Yes,Fiber optic,No,No,Yes,No,No,No,Month-to-month,Yes,Credit card (automatic),25-48
0,1,1,1,1,54,104.3,5278.15,6,97.74351851851851,Male,Yes,No,Yes,Yes,Fiber optic,No,Yes,Yes,No,Yes,Yes,Month-to-month,Yes,Electronic check,49-72
0,1,1,0,1,47,60.0,2768.65,5,58.90744680851064,Female,Yes,Yes,No,No phone service,DSL,Yes,Yes,Yes,No,Yes,Yes,Two year,Yes,Credit card (automatic),25-48
0,1,0,0,1,25,54.75,1266.35,3,50.653999999999996,Female,No,Yes,Yes,No,DSL,No,Yes,No,Yes,No,No,One year,Yes,Credit card (automatic),25-48
0,0,0,1,0,4,44.8,176.2,1,44.05,Male,No,No,Yes,No,DSL,No,No,No,No,No,No,Month-to-month,Yes,Credit card (automatic),0-12
0,0,0,0,1,72,19.85,1434.1,1,19.918055555555554,Male,No,No,Yes,No,No,No internet service,No internet service,No internet service,No internet service,No internet service,No internet service,Two year,No,Bank transfer (automatic),49-72
0,0,0,1,0,1,70.8,70.8,1,70.8,Female,No,No,Yes,No,Fiber optic,No,No,No,No,No,No,Month-to-month,Yes,Mailed check,0-12
0,0,1,1,0,18,84.3,1537.9,3,85.4388888888889,Male,No,No,Yes,Yes,Fiber optic,No,No,No,No,Yes,No,Month-to-month,No,Bank transfer (automatic),13-24
0,0,0,1,0,1,25.15,25.15,0,25.15,Female,No,No,No,No phone service,DSL,No,No,No,No,No,No,Month-to-month,Yes,Mailed check,0-12
0,1,1,1,0,7,58.85,465.7,5,66.52857142857142,Male,Yes,Yes,No,No phone service,DSL,Yes,Yes,Yes,No,Yes,Yes,Month-to-month,No,Mailed check,0-12
0,0,0,0,1,60,20.95,1270.55,1,21.175833333333333,Male,Yes,Yes,Yes,No,No,No internet service,No internet service,No internet service,No internet service,No internet service,No internet service,Two year,Yes,Bank transfer (automatic),49-72
0,0,1,1,0,9,85.35,758.6,3,84.28888888888889,Male,No,No,Yes,Yes,Fiber optic,No,No,No,No,Yes,No,Month-to-month,Yes,Electronic check,0-12
1,0,0,1,1,29,51.6,1442.0,2,49.724137931034484,Male,Yes,No,Yes,Yes,DSL,No,No,No,No,No,No,Month-to-month,Yes,Electronic check,25-48
0,1,1,0,1,51,90.15,4554.85,4,89.31078431372549,Female,Yes,Yes,Yes,Yes,Fiber optic,No,No,Yes,No,No,Yes,One year,Yes,Electronic check,49-72
1,0,0,1,0,4,25.2,102.5,0,25.625,Male,No,No,No,No phone service,DSL,No,No,No,No,No,No,Month-to-month,Yes,Bank transfer (automatic),0-12
0,0,0,0,1,37,19.85,784.25,1,21.195945945945947,Female,No,No,Yes,No,No,No internet service,No internet service,No internet service,No internet service,No internet service,No internet service,Two year,No,Mailed check,25-48
0,0,0,0,1,50,19.75,989.05,1,19.781,Female,No,No,Yes,No,No,No internet service,No internet service,No internet service,No internet service,No internet service,No internet service,One year,No,Bank transfer (automatic),49-72
0,1,0,0,1,56,36.1,1971.5,2,35.205357142857146,Male,Yes,Yes,No,No phone service,DSL,No,Yes,Yes,No,No,No,One year,Yes,Credit card (automatic),49-72
0,0,0,1,0,11,20.95,267.35,1,24.30454545454546,Male,Yes,Yes,Yes,No,No,No internet service,No internet service,No internet service,No internet service,No internet service,No internet service,Month-to-month,No,Bank transfer (automatic),0-12
0,1,1,1,1,35,89.65,3161.6,4,90.33142857142857,Male,Yes,Yes,Yes,Yes,Fiber optic,No,Yes,No,No,Yes,No,Month-to-month,Yes,Bank transfer (automatic),25-48
0,1,1,1,1,50,103.85,5017.9,6,100.35799999999999,Male,Yes,Yes,Yes,Yes,Fiber optic,No,Yes,Yes,No,Yes,Yes,Month-to-month,Yes,Bank transfer (automatic),49-72
0,0,0,1,0,1,74.35,74.35,2,74.35,Male,No,Yes,Yes,Yes,Fiber optic,No,No,No,No,No,No,Month-to-month,Yes,Electronic check,0-12
0,1,1,0,1,51,59.3,3014.65,5,59.11078431372549,Male,Yes,Yes,No,No phone service,DSL,Yes,Yes,Yes,No,Yes,Yes,One year,No,Electronic check,49-72
0,1,1,0,1,47,74.05,3496.3,6,74.38936170212766,Female,No,No,Yes,Yes,DSL,Yes,Yes,No,Yes,No,Yes,Two year,No,Mailed check,25-48
1,1,0,1,1,32,54.65,1830.1,3,57.190625,Female,No,No,Yes,No,DSL,No,Yes,No,Yes,No,No,Month-to-month,No,Bank transfer (automatic),25-48
0,1,1,0,1,67,59.55,4103.9,5,61.252238805970144,Female,Yes,Yes,No,No phone service,DSL,No,Yes,Yes,Yes,Yes,Yes,Two year,Yes,Electronic check,49-72
0,1,1,0,1,50,80.05,4042.2,7,80.844,Female,Yes,Yes,Yes,Yes,DSL,Yes,Yes,Yes,Yes,No,Yes,One year,Yes,Bank transfer (automatic),49-72
0,1,1,1,0,3,101.55,298.35,5,99.45,Male,No,No,Yes,Yes,Fiber optic,No,No,Yes,No,Yes,Yes,Month-to-month,Yes,Bank transfer (automatic),0-12
0,1,0,1,0,4,84.05,333.55,4,83.3875,Female,No,Yes,Yes,Yes,Fiber optic,No,Yes,Yes,No,No,No,Month-to-month,No,Bank transfer (automatic),0-12
1,0,1,1,0,14,95.8,1346.3,4,96.16428571428571,Female,Yes,Yes,Yes,Yes,Fiber optic,No,No,No,No,Yes,Yes,Month-to-month,Yes,Electronic check,13-24
1,1,1,1,1,39,90.7,3413.25,4,87.51923076923077,Male,No,No,Yes,Yes,Fiber optic,No,Yes,No,No,No,Yes,Month-to-month,No,Electronic check,25-48
0,1,0,1,0,1,53.55,53.55,3,53.55,Female,Yes,No,Yes,No,DSL,Yes,Yes,No,No,No,No,Month-to-month,Yes,Mailed check,0-12
0,1,1,1,1,24,101.05,2391.8,5,99.65833333333335,Male,Yes,No,Yes,Yes,Fiber optic,No,No,Yes,No,Yes,Yes,Month-to-month,Yes,Electronic check,13-24
0,1,1,1,1,25,85.9,2199.05,3,87.962,Male,Yes,Yes,Yes,No,Fiber optic,No,No,No,Yes,Yes,No,Month-to-month,No,Electronic check,25-48
0,1,1,0,1,63,80.0,5040.2,7,80.0031746031746,Male,Yes,No,Yes,Yes,DSL,Yes,Yes,Yes,Yes,No,Yes,One year,No,Credit card (automatic),49-72
0,1,0,1,0,5,81.3,416.3,3,83.26,Male,Yes,No,Yes,Yes,Fiber optic,No,Yes,No,No,No,No,Month-to-month,Yes,Electronic check,0-12
0,0,0,1,0,15,49.1,679.55,2,45.30333333333333,Female,No,No,Yes,Yes,DSL,No,No,No,No,No,No,Month-to-month,Yes,Electronic check,13-24
0,1,0,0,0,7,49.75,331.3,2,47.32857142857143,Male,Yes,Yes,Yes,No,DSL,Yes,No,No,No,No,No,One year,Yes,Electronic check,0-12
0,1,1,0,1,67,106.7,7009.5,6,104.61940298507463,Female,Yes,Yes,Yes,Yes,Fiber optic,Yes,No,No,Yes,Yes,Yes,Two year,No,Credit card (automatic),49-72
0,0,0,1,0,1,69.2,69.2,1,69.2,Female,No,No,Yes,No,Fiber optic,No,No,No,No,No,No,Month-to-month,Yes,Electronic check,0-12
0,0,0,1,0,1,20.5,20.5,1,20.5,Female,Yes,Yes,Yes,No,No,No internet service,No internet service,No internet service,No internet service,No internet service,No internet service,Month-to-month,Yes,Mailed check,0-12
0,0,1,1,0,10,56.75,503.25,2,50.325,Male,No,No,Yes,No,DSL,No,No,No,No,No,Yes,Month-to-month,Yes,Bank transfer (automatic),0-12
0,0,0,0,1,41,19.75,899.45,1,21.93780487804878,Male,Yes,No,Yes,No,No,No internet service,No internet service,No internet service,No internet service,No internet service,No internet service,Two year,Yes,Electronic check,25-48
0,1,1,0,1,60,76.95,4543.95,5,75.7325,Male,Yes,Yes,Yes,No,DSL,No,Yes,No,Yes,Yes,Yes,Two year,No,Bank transfer (automatic),49-72
0,0,1,1,0,22,85.1,1873.7,3,85.16818181818182,Male,Yes,No,Yes,Yes,Fiber optic,No,No,No,No,No,Yes,Month-to-month,Yes,Electronic check,13-24
1,1,0,1,0,8,74.05,600.15,2,75.01875,Female,No,No,Yes,No,Fiber optic,No,No,Yes,No,No,No,Month-to-month,Yes,Bank transfer (automatic),0-12
0,1,0,1,0,10,80.05,830.7,3,83.07000000000001,Female,No,No,Yes,Yes,Fiber optic,No,Yes,No,No,No,No,Month-to-month,Yes,Bank transfer (automatic),0-12
1,1,1,0,1,64,97.0,6430.9,5,100.4828125,Female,Yes,No,Yes,No,Fiber optic,Yes,Yes,Yes,No,No,Yes,One year,No,Bank transfer (automatic),49-72
1,1,1,1,0,12,101.35,1218.55,5,101.54583333333333,Male,Yes,No,Yes,Yes,Fiber optic,No,Yes,No,No,Yes,Yes,Month-to-month,Yes,Electronic check,0-12
0,1,1,0,1,47,85.3,4107.25,7,87.38829787234043,Female,Yes,Yes,Yes,Yes,DSL,Yes,Yes,No,Yes,Yes,Yes,Two year,Yes,Credit card (automatic),25-48
0,1,1,1,1,24,69.45,1614.05,4,67.25208333333333,Female,Yes,No,Yes,No,DSL,No,Yes,No,No,Yes,Yes,Month-to-month,Yes,Bank transfer (automatic),13-24
0,0,0,1,0,2,71.65,135.75,1,67.875,Female,Yes,Yes,Yes,No,Fiber optic,No,No,No,No,No,No,Month-to-month,Yes,Electronic check,0-12
0,0,1,1,1,27,95.6,2595.25,4,96.12037037037037,Female,No,No,Yes,Yes,Fiber optic,No,No,No,No,Yes,Yes,Month-to-month,Yes,Bank transfer (automatic),25-48
0,1,1,0,0,22,43.75,903.6,3,41.07272727272727,Male,No,No,No,No phone service,DSL,No,Yes,Yes,No,No,Yes,One year,Yes,Bank transfer (automatic),13-24
0,1,1,0,1,72,110.65,8065.65,7,112.02291666666666,Female,Yes,No,Yes,Yes,Fiber optic,Yes,Yes,Yes,No,Yes,Yes,Two year,Yes,Credit card (automatic),49-72
0,1,1,1,0,2,64.2,143.65,4,71.825,Male,Yes,No,Yes,No,DSL,No,Yes,No,Yes,No,Yes,Month-to-month,Yes,Mailed check,0-12
0,0,1,1,1,26,83.95,2254.2,3,86.69999999999999,Male,No,No,Yes,Yes,Fiber optic,No,No,No,No,No,Yes,Month-to-month,Yes,Electronic check,25-48
0,1,1,1,0,2,90.75,174.75,4,87.375,Male,No,No,Yes,Yes,Fiber optic,Yes,No,No,No,No,Yes,Month-to-month,No,Mailed check,0-12
1,0,0,1,0,1,19.45,19.45,1,19.45,Female,No,No,Yes,No,No,No internet service,No internet service,No internet service,No internet service,No internet service,No internet service,Month-to-month,Yes,Electronic check,0-12
0,1,0,1,1,27,59.45,1611.65,4,59.69074074074074,Male,No,No,Yes,Yes,DSL,No,No,Yes,Yes,No,No,Month-to-month,No,Electronic check,25-48
1,0,1,1,0,1,94.0,94.0,4,94.0,Male,No,No,Yes,Yes,Fiber optic,No,No,No,No,Yes,Yes,Month-to-month,Yes,Electronic check,0-12
0,0,0,0,1,52,21.0,1107.2,1,21.292307692307695,Male,No,No,Yes,No,No,No internet service,No internet service,No internet service,No internet service,No internet service,No internet service,Two year,No,Bank transfer (automatic),49-72
0,1,1,1,0,16,94.65,1461.15,4,91.321875,Female,Yes,No,Yes,No,Fiber optic,No,Yes,No,No,Yes,Yes,Month-to-month,Yes,Bank transfer (automatic),13-24
0,0,0,0,0,6,19.65,116.85,1,19.474999999999998,Female,No,No,Yes,No,No,No internet service,No internet service,No internet service,No internet service,No internet service,No internet service,Two year,No,Credit card (automatic),0-12
1,1,0,1,1,27,81.45,2122.05,3,78.59444444444445,Male,No,No,Yes,Yes,Fiber optic,No,Yes,No,No,No,No,Month-to-month,Yes,Electronic check,25-48
0,0,0,0,0,23,20.05,415.1,1,18.047826086956523,Female,Yes,Yes,Yes,No,No,No internet service,No internet service,No internet service,No internet service,No internet service,No internet service,One year,No,Mailed check,13-24
0,0,0,1,0,1,19.55,19.55,1,19.55,Male,No,Yes,Yes,No,No,No internet service,No internet service,No internet service,No internet service,No internet service,No internet service,Month-to-month,No,Mailed check,0-12
0,0,0,0,1,32,20.5,696.8,1,21.775,Male,No,Yes,Yes,No,No,No internet service,No internet service,No internet service,No internet service,No internet service,No internet service,Two year,No,Mailed check,25-48
0,0,0,0,1,71,25.95,1801.9,2,25.378873239436622,Female,Yes,No,Yes,Yes,No,No internet service,No internet service,No internet service,No internet service,No internet service,No internet service,Two year,Yes,Credit card (automatic),49-72
0,0,0,0,0,17,19.4,358.05,1,21.061764705882354,Female,No,No,Yes,No,No,No internet service,No internet service,No internet service,No internet service,No internet service,No internet service,Two year,No,Mailed check,13-24
1,1,0,1,1,47,85.2,3969.35,4,84.45425531914893,Female,No,No,Yes,Yes,Fiber optic,No,Yes,Yes,No,No,No,Month-to-month,Yes,Bank transfer (automatic),25-48
0,1,0,0,1,30,90.4,2820.65,5,94.02166666666668,Male,No,No,Yes,Yes,Fiber optic,Yes,Yes,Yes,No,No,No,One year,No,Bank transfer (automatic),25-48
0,1,0,1,0,8,75.0,632.95,2,79.11875,Male,Yes,No,Yes,No,Fiber optic,Yes,No,No,No,No,No,Month-to-month,No,Electronic check,0-12
0,0,0,0,1,33,19.8,641.35,1,19.434848484848487,Female,Yes,Yes,Yes,No,No,No internet service,No internet service,No internet service,No internet service,No internet service,No internet service,Two year,No,Credit card (automatic),25-48
0,0,1,1,0,13,88.35,1222.8,3,94.06153846153846,Female,Yes,Yes,Yes,No,Fiber optic,No,No,No,No,Yes,Yes,Month-to-month,No,Electronic check,13-24
0,1,0,1,0,5,74.65,383.65,2,76.72999999999999,Male,No,No,Yes,No,Fiber optic,No,Yes,No,No,No,No,Month-to-month,Yes,Electronic check,0-12
0,0,0,1,0,1,20.0,20.0,1,20.0,Male,No,No,Yes,No,No,No internet service,No internet service,No internet service,No internet service,No internet service,No internet service,Month-to-month,No,Mailed check,0-12
0,1,1,0,1,72,65.2,4784.45,6,66.45069444444444,Female,Yes,Yes,No,No phone service,DSL,Yes,Yes,Yes,Yes,Yes,Yes,Two year,Yes,Credit card (automatic),49-72
1,1,0,1,0,15,55.0,757.1,3,50.473333333333336,Female,No,No,Yes,Yes,DSL,No,No,No,Yes,No,No,Month-to-month,No,Credit card (automatic),13-24
0,0,0,1,0,1,69.35,69.35,1,69.35,Male,No,No,Yes,No,Fiber optic,No,No,No,No,No,No,Month-to-month,Yes,Electronic check,0-12
0,1,1,0,1,41,89.55,3729.75,4,90.96951219512195,Male,No,No,Yes,No,Fiber optic,No,Yes,No,Yes,Yes,No,One year,Yes,Electronic check,25-48
1,1,1,0,1,71,99.65,7181.25,6,101.1443661971831,Female,No,No,Yes,Yes,Fiber optic,Yes,Yes,No,Yes,Yes,No,One year,Yes,Credit card (automatic),49-72
0,0,0,1,0,2,45.25,74.2,1,37.1,Female,No,No,Yes,No,DSL,No,No,No,No,No,No,Month-to-month,Yes,Mailed check,0-12
0,0,0,1,0,10,45.55,402.6,1,40.260000000000005,Male,No,No,Yes,No,DSL,No,No,No,No,No,No,Month-to-month,Yes,Electronic check,0-12
0,1,0,0,1,56,93.15,5253.95,5,93.82053571428571,Male,Yes,No,Yes,Yes,Fiber optic,Yes,Yes,Yes,No,No,No,One year,Yes,Electronic check,49-72
1,0,0,1,0,1,69.95,69.95,1,69.95,Female,No,No,Yes,No,Fiber optic,No,No,No,No,No,No,Month-to-month,Yes,Electronic check,0-12
0,1,1,0,1,64,90.6,5817.45,8,90.89765625,Female,Yes,Yes,Yes,Yes,DSL,Yes,Yes,Yes,Yes,Yes,Yes,Two year,Yes,Mailed check,49-72
1,1,1,0,1,63,108.5,6991.9,7,110.98253968253968,Male,Yes,No,Yes,Yes,Fiber optic,Yes,Yes,Yes,No,Yes,Yes,Two year,No,Credit card (automatic),49-72
0,0,0,1,0,1,19.3,19.3,1,19.3,Male,No,No,Yes,No,No,No internet service,No internet service,No internet service,No internet service,No internet service,No internet service,Month-to-month,No,Credit card (automatic),0-12
1,1,0,1,0,16,54.1,889.0,3,55.5625,Female,No,No,Yes,Yes,DSL,Yes,No,No,No,No,No,Month-to-month,Yes,Electronic check,13-24
0,1,0,1,1,26,81.95,2070.05,3,79.6173076923077,Female,Yes,Yes,Yes,No,Fiber optic,Yes,Yes,No,No,No,No,Month-to-month,No,Electronic check,25-48
0,1,0,0,1,71,65.15,4681.75,5,65.94014084507042,Male,Yes,No,Yes,Yes,DSL,Yes,Yes,No,Yes,No,No,Two year,No,Bank transfer (automatic),49-72
0,1,1,0,1,68,88.85,6132.7,8,90.18676470588235,Male,Yes,Yes,Yes,Yes,DSL,Yes,Yes,Yes,Yes,Yes,Yes,Two year,Yes,Credit card (automatic),49-72
0,1,0,1,0,19,59.55,1144.6,4,60.24210526315789,Male,No,No,Yes,Yes,DSL,No,No,Yes,Yes,No,No,Month-to-month,No,Electronic check,13-24
0,0,0,0,1,48,24.55,1203.95,2,25.082291666666666,Female,No,No,Yes,Yes,No,No internet service,No internet service,No internet service,No internet service,No internet service,No internet service,One year,No,Bank transfer (automatic),25-48
0,1,1,0,1,71,90.55,6404.0,8,90.19718309859155,Male,Yes,No,Yes,Yes,DSL,Yes,Yes,Yes,Yes,Yes,Yes,Two year,No,Bank transfer (automatic),49-72
1,1,1,0,1,72,115.75,8399.15,8,116.6548611111111,Male,Yes,Yes,Yes,Yes,Fiber optic,Yes,Yes,Yes,Yes,Yes,Yes,Two year,Yes,Credit card (automatic),49-72
0,1,1,1,0,17,106.65,1672.1,7,98.35882352941177,Male,No,No,Yes,Yes,Fiber optic,Yes,Yes,Yes,Yes,Yes,No,Month-to-month,Yes,Bank transfer (automatic),13-24
0,0,0,0,1,39,25.2,987.95,2,25.33205128205128,Male,Yes,Yes,Yes,Yes,No,No internet service,No internet service,No internet service,No internet service,No internet service,No internet service,Two year,No,Mailed check,25-48
0,0,0,0,0,13,20.2,273.25,1,21.01923076923077,Female,No,No,Yes,No,No,No internet service,No internet service,No internet service,No internet service,No internet service,No internet service,One year,No,Mailed check,13-24
0,1,1,0,1,47,103.1,4889.3,6,104.02765957446809,Male,No,No,Yes,Yes,Fiber optic,No,Yes,Yes,No,Yes,Yes,One year,Yes,Electronic check,25-48
0,0,0,0,1,35,21.45,705.45,1,20.155714285714286,Male,No,No,Yes,No,No,No internet service,No internet service,No internet service,No internet service,No internet service,No internet service,Two year,No,Bank transfer (automatic),25-48
0,1,1,1,0,9,94.05,811.65,4,90.18333333333334,Male,No,No,Yes,No,Fiber optic,No,No,Yes,No,Yes,Yes,Month-to-month,Yes,Electronic check,0-12
0,1,1,0,1,54,108.0,5760.65,7,106.6787037037037,Male,No,No,Yes,Yes,Fiber optic,Yes,Yes,No,Yes,Yes,Yes,Two year,Yes,Credit card (automatic),49-72
0,1,1,0,1,72,89.75,6595.9,8,91.60972222222222,Female,Yes,Yes,Yes,Yes,DSL,Yes,Yes,Yes,Yes,Yes,Yes,Two year,No,Credit card (automatic),49-72
0,1,0,0,1,71,85.45,6028.95,4,84.91478873239437,Male,No,Yes,Yes,Yes,Fiber optic,Yes,Yes,No,No,No,No,One year,Yes,Credit card (automatic),49-72
0,1,1,0,1,49,74.45,3721.9,5,75.95714285714286,Female,No,No,Yes,No,DSL,No,No,Yes,Yes,Yes,Yes,Two year,Yes,Bank transfer (automatic),49-72
1,0,0,0,1,54,18.95,1031.1,1,19.09444444444444,Female,Yes,No,Yes,No,No,No internet service,No internet service,No internet service,No internet service,No internet service,No internet service,Two year,Yes,Mailed check,49-72
1,1,1,1,0,19,87.3,1637.3,3,86.17368421052632,Male,No,No,Yes,No,Fiber optic,Yes,No,No,No,No,Yes,Month-to-month,Yes,Electronic check,13-24
0,1,1,0,1,72,92.4,6786.1,8,94.2513888888889,Female,Yes,No,Yes,Yes,DSL,Yes,Yes,Yes,Yes,Yes,Yes,Two year,Yes,Electronic check,49-72
0,1,1,1,1,24,89.85,2165.05,4,90.21041666666667,Male,No,No,Yes,Yes,Fiber optic,No,No,Yes,No,Yes,No,Month-to-month,Yes,Mailed check,13-24
0,1,0,1,0,3,41.35,107.25,3,35.75,Male,No,No,No,No phone service,DSL,Yes,No,Yes,Yes,No,No,Month-to-month,No,Mailed check,0-12
0,0,0,1,0,1,20.3,20.3,1,20.3,Female,Yes,No,Yes,No,No,No internet service,No internet service,No internet service,No internet service,No internet service,No internet service,Month-to-month,Yes,Bank transfer (automatic),0-12
0,0,0,1,0,11,45.2,492.0,1,44.72727272727273,Male,No,No,Yes,No,DSL,No,No,No,No,No,No,Month-to-month,No,Credit card (automatic),0-12
0,0,0,0,1,58,24.7,1519.0,2,26.189655172413794,Female,No,No,Yes,Yes,No,No internet service,No internet service,No internet service,No internet service,No internet service,No internet service,Two year,Yes,Credit card (automatic),49-72
0,0,0,1,0,2,20.0,32.7,1,16.35,Male,No,No,Yes,No,No,No internet service,No internet service,No internet service,No internet service,No internet service,No internet service,Month-to-month,No,Mailed check,0-12
0,1,1,0,1,72,65.55,4807.45,6,66.77013888888888,Male,No,No,No,No phone service,DSL,Yes,Yes,Yes,Yes,Yes,Yes,Two year,Yes,Bank transfer (automatic),49-72
0,1,1,1,1,60,95.75,5742.9,5,95.71499999999999,Male,Yes,No,Yes,Yes,Fiber optic,No,Yes,Yes,No,Yes,No,Month-to-month,Yes,Electronic check,49-72
1,1,0,0,1,72,78.5,5602.25,3,77.80902777777777,Female,Yes,No,Yes,Yes,Fiber optic,Yes,No,No,No,No,No,Two year,No,Bank transfer (automatic),49-72
0,0,0,1,0,4,75.65,302.35,2,75.5875,Female,No,No,Yes,Yes,Fiber optic,No,No,No,No,No,No,Month-to-month,Yes,Electronic check,0-12
1,0,0,1,0,1,74.45,74.45,2,74.45,Female,No,No,Yes,Yes,Fiber optic,No,No,No,No,No,No,Month-to-month,Yes,Mailed check,0-12
0,0,1,1,0,10,89.5,863.1,3,86.31,Male,No,No,Yes,No,Fiber optic,No,No,No,No,Yes,Yes,Month-to-month,Yes,Electronic check,0-12
1,1,1,1,1,37,101.1,3744.05,5,101.19054054054054,Male,No,No,Yes,Yes,Fiber optic,No,No,Yes,No,Yes,Yes,Month-to-month,Yes,Electronic check,25-48
0,1,1,1,0,4,48.55,201.0,3,50.25,Male,Yes,No,No,No phone service,DSL,No,Yes,No,No,Yes,Yes,Month-to-month,Yes,Electronic check,0-12
0,0,0,1,0,2,73.25,131.05,2,65.525,Male,No,No,Yes,Yes,Fiber optic,No,No,No,No,No,No,Month-to-month,Yes,Credit card (automatic),0-12
1,0,0,1,0,1,20.85,20.85,1,20.85,Female,Yes,No,Yes,No,No,No internet service,No internet service,No internet service,No internet service,No internet service,No internet service,Month-to-month,Yes,Mailed check,0-12
0,0,0,1,1,29,74.95,2149.05,2,74.10517241379311,Female,Yes,No,Yes,Yes,Fiber optic,No,No,No,No,No,No,Month-to-month,Yes,Electronic check,25-48
0,1,1,0,1,33,88.95,3027.65,4,91.7469696969697,Male,No,No,Yes,No,Fiber optic,Yes,No,No,Yes,Yes,No,Two year,Yes,Electronic check,25-48
1,1,1,0,1,59,99.5,5890.0,5,99.83050847457628,Female,No,No,Yes,Yes,Fiber optic,No,No,Yes,No,Yes,Yes,One year,Yes,Electronic check,49-72
0,1,1,1,0,5,89.15,413.25,4,82.65,Male,Yes,No,Yes,Yes,Fiber optic,Yes,No,No,No,No,Yes,Month-to-month,Yes,Electronic check,0-12
1,1,0,1,0,14,78.95,1101.85,3,78.70357142857142,Female,No,No,Yes,Yes,Fiber optic,No,Yes,No,No,No,No,Month-to-month,Yes,Electronic check,13-24
1,0,1,1,0,8,80.45,583.45,2,72.93125,Male,Yes,Yes,Yes,No,Fiber optic,No,No,No,No,Yes,No,Month-to-month,Yes,Credit card (automatic),0-12
0,0,0,0,1,47,20.55,1013.05,1,21.554255319148936,Male,No,Yes,Yes,No,No,No internet service,No internet service,No internet service,No internet service,No internet service,No internet service,One year,No,Credit card (automatic),25-48
0,1,1,1,0,17,88.25,1460.65,4,85.92058823529412,Female,Yes,Yes,Yes,Yes,Fiber optic,No,No,Yes,No,Yes,No,Month-to-month,No,Electronic check,13-24
0,1,1,0,1,72,103.4,7372.65,6,102.39791666666666,Male,Yes,Yes,Yes,Yes,Fiber optic,No,Yes,Yes,No,Yes,Yes,Two year,Yes,Electronic check,49-72
0,0,0,1,0,2,25.05,56.35,0,28.175,Male,No,No,No,No phone service,DSL,No,No,No,No,No,No,Month-to-month,Yes,Electronic check,0-12
0,1,1,0,1,60,102.5,6157.6,6,102.62666666666668,Male,Yes,No,Yes,Yes,Fiber optic,No,Yes,Yes,No,Yes,Yes,One year,No,Bank transfer (automatic),49-72
1,1,0,1,0,18,80.55,1411.65,3,78.42500000000001,Male,No,No,Yes,Yes,Fiber optic,No,Yes,No,No,No,No,Month-to-month,Yes,Credit card (automatic),13-24
0,1,0,1,1,25,74.3,1952.25,2,78.09,Male,No,No,Yes,No,Fiber optic,Yes,No,No,No,No,No,Month-to-month,No,Bank transfer (automatic),25-48
0,1,1,0,1,71,87.95,6365.35,8,89.65281690140846,Female,Yes,No,Yes,Yes,DSL,Yes,Yes,Yes,Yes,Yes,Yes,Two year,No,Bank transfer (automatic),49-72
0,0,0,1,0,1,21.1,21.1,1,21.1,Male,No,No,Yes,No,No,No internet service,No internet service,No internet service,No internet service,No internet service,No internet service,Month-to-month,No,Mailed check,0-12
0,0,0,0,1,71,19.7,1415.85,1,19.941549295774646,Female,Yes,Yes,Yes,No,No,No internet service,No internet service,No internet service,No internet service,No internet service,No internet service,Two year,No,Credit card (automatic),49-72
1,0,0,1,1,67,75.7,5060.85,2,75.53507462686568,Male,No,No,Yes,Yes,Fiber optic,No,No,No,No,No,No,Month-to-month,Yes,Mailed check,49-72
1,1,1,0,1,72,115.75,8443.7,8,117.27361111111112,Female,Yes,No,Yes,Yes,Fiber optic,Yes,Yes,Yes,Yes,Yes,Yes,Two year,Yes,Credit card (automatic),49-72
0,1,1,1,1,41,40.35,1677.85,2,40.923170731707316,Female,No,No,No,No phone service,DSL,No,Yes,No,No,No,Yes,Month-to-month,Yes,Electronic check,25-48
0,1,1,1,1,24,90.55,2282.55,4,95.10625,Male,No,No,Yes,Yes,Fiber optic,No,Yes,No,No,Yes,No,Month-to-month,Yes,Credit card (automatic),13-24
0,1,0,1,1,54,55.0,3092.65,3,57.2712962962963,Male,No,Yes,Yes,Yes,DSL,No,Yes,No,No,No,No,Month-to-month,Yes,Credit card (automatic),49-72
0,1,0,0,0,23,34.6,813.45,2,35.36739130434783,Female,Yes,Yes,No,No phone service,DSL,Yes,No,No,Yes,No,No,Two year,No,Mailed check,13-24
0,0,1,0,0,13,64.75,877.35,3,67.48846153846154,Male,Yes,Yes,Yes,No,DSL,No,No,No,No,Yes,Yes,One year,Yes,Electronic check,13-24
0,1,1,0,1,65,95.5,6153.85,5,94.6746153846154,Female,No,No,Yes,Yes,Fiber optic,No,Yes,Yes,No,Yes,No,One year,Yes,Electronic check,49-72
0,0,0,0,1,55,20.5,1177.95,1,21.417272727272728,Male,Yes,Yes,Yes,No,No,No internet service,No internet service,No internet service,No internet service,No internet service,No internet service,Two year,No,Mailed check,49-72
0,0,0,0,1,44,19.5,835.5,1,18.988636363636363,Male,No,No,Yes,No,No,No internet service,No internet service,No internet service,No internet service,No internet service,No internet service,One year,No,Credit card (automatic),25-48
0,1,1,0,1,68,54.4,3723.65,4,54.75955882352941,Female,Yes,No,No,No phone service,DSL,Yes,No,Yes,No,Yes,Yes,One year,Yes,Electronic check,49-72
0,0,0,1,0,15,48.85,631.4,2,42.093333333333334,Female,No,No,Yes,Yes,DSL,No,No,No,No,No,No,Month-to-month,No,Mailed check,13-24
0,1,1,1,0,13,84.05,1095.3,3,84.25384615384615,Male,Yes,Yes,Yes,No,Fiber optic,Yes,No,No,No,No,Yes,Month-to-month,No,Electronic check,13-24
0,0,0,0,1,33,19.45,600.25,1,18.189393939393938,Male,Yes,Yes,Yes,No,No,No internet service,No internet service,No internet service,No internet service,No internet service,No internet service,One year,Yes,Bank transfer (automatic),25-48
0,1,0,1,0,1,50.15,50.15,2,50.15,Male,No,No,Yes,No,DSL,No,Yes,No,No,No,No,Month-to-month,Yes,Mailed check,0-12
0,1,0,1,1,25,55.55,1405.3,3,56.211999999999996,Male,Yes,No,Yes,Yes,DSL,No,No,Yes,No,No,No,Month-to-month,No,Credit card (automatic),25-48
0,1,1,1,0,11,94.2,999.9,5,90.89999999999999,Female,No,No,Yes,No,Fiber optic,No,Yes,Yes,Yes,No,Yes,Month-to-month,Yes,Electronic check,0-12
0,1,0,1,0,5,78.75,412.1,3,82.42,Male,Yes,No,Yes,Yes,Fiber optic,No,Yes,No,No,No,No,Month-to-month,Yes,Electronic check,0-12
0,0,0,0,1,52,20.1,1078.75,1,20.745192307692307,Female,Yes,Yes,Yes,No,No,No internet service,No internet service,No internet service,No internet service,No internet service,No internet service,Two year,No,Bank transfer (automatic),49-72
1,1,1,0,0,21,71.7,1497.05,5,71.28809523809524,Female,Yes,No,Yes,Yes,DSL,No,Yes,Yes,No,No,Yes,One year,No,Bank transfer (automatic),13-24
0,1,1,1,1,39,106.4,4040.65,6,103.60641025641026,Male,No,No,Yes,Yes,Fiber optic,Yes,Yes,No,No,Yes,Yes,Month-to-month,Yes,Electronic check,25-48
0,0,0,1,0,2,19.9,33.7,1,16.85,Male,No,No,Yes,No,No,No internet service,No internet service,No internet service,No internet service,No internet service,No internet service,Month-to-month,Yes,Credit card (automatic),0-12
0,0,0,1,1,41,70.25,2868.05,1,69.95243902439024,Female,No,No,Yes,No,Fiber optic,No,No,No,No,No,No,Month-to-month,No,Bank transfer (automatic),25-48
0,0,0,1,0,5,24.3,132.25,2,26.45,Female,Yes,Yes,Yes,Yes,No,No internet service,No internet service,No internet service,No internet service,No internet service,No internet service,Month-to-month,Yes,Mailed check,0-12
0,1,0,1,1,24,80.25,1861.5,3,77.5625,Male,No,No,Yes,Yes,Fiber optic,No,Yes,No,No,No,No,Month-to-month,Yes,Electronic check,13-24
0,0,0,1,0,1,20.2,20.2,1,20.2,Male,No,No,Yes,No,No,No internet service,No internet service,No internet service,No internet service,No internet service,No internet service,Month-to-month,No,Mailed check,0-12
0,0,1,1,0,7,79.0,522.95,2,74.70714285714287,Female,No,No,Yes,No,Fiber optic,No,No,No,No,Yes,No,Month-to-month,Yes,Electronic check,0-12
0,1,1,1,1,40,93.4,3756.4,5,93.91,Female,No,No,Yes,Yes,Fiber optic,No,Yes,Yes,No,Yes,No,Month-to-month,Yes,Bank transfer (automatic),25-48
0,1,1,0,0,19,100.0,1888.65,5,99.40263157894738,Male,Yes,Yes,Yes,No,Fiber optic,No,Yes,No,Yes,Yes,Yes,One year,No,Bank transfer (automatic),13-24
0,0,0,0,0,23,20.45,481.1,1,20.917391304347827,Male,No,No,Yes,No,No,No internet service,No internet service,No internet service,No internet service,No internet service,No internet service,One year,No,Mailed check,13-24
0,0,0,1,0,1,45.3,45.3,1,45.3,Female,No,No,Yes,No,DSL,No,No,No,No,No,No,Month-to-month,Yes,Mailed check,0-12
0,1,1,0,0,15,38.8,603.0,2,40.2,Female,No,No,No,No phone service,DSL,No,Yes,No,No,No,Yes,Two year,Yes,Mailed check,13-24
1,1,1,1,0,1,88.8,88.8,4,88.8,Male,No,No,Yes,Yes,Fiber optic,No,No,Yes,No,Yes,No,Month-to-month,Yes,Electronic check,0-12
1,1,1,1,1,63,109.4,7031.45,7,111.61031746031746,Male,No,No,Yes,Yes,Fiber optic,Yes,Yes,Yes,No,Yes,Yes,Month-to-month,Yes,Bank transfer (automatic),49-72
0,1,0,1,0,1,74.35,74.35,2,74.35,Male,No,No,Yes,No,Fiber optic,No,Yes,No,No,No,No,Month-to-month,Yes,Electronic check,0-12
0,0,0,1,0,4,44.55,220.75,1,55.1875,Male,No,No,Yes,No,DSL,No,No,No,No,No,No,Month-to-month,No,Mailed check,0-12
0,0,1,1,1,42,77.95,3384.0,2,80.57142857142857,Female,Yes,Yes,Yes,No,Fiber optic,No,No,No,No,Yes,No,Month-to-month,Yes,Credit card (automatic),25-48
0,1,0,0,1,27,66.15,1874.45,5,69.42407407407407,Female,Yes,Yes,Yes,No,DSL,Yes,Yes,Yes,Yes,No,No,One year,No,Mailed check,25-48
0,1,1,0,1,71,116.05,8297.5,8,116.86619718309859,Male,Yes,Yes,Yes,Yes,Fiber optic,Yes,Yes,Yes,Yes,Yes,Yes,Two year,Yes,Bank transfer (automatic),49-72
1,1,1,1,0,7,94.7,673.1,5,96.15714285714286,Male,Yes,No,Yes,Yes,Fiber optic,Yes,Yes,No,No,No,Yes,Month-to-month,Yes,Credit card (automatic),0-12
0,0,0,1,0,20,19.5,413.0,1,20.65,Female,No,No,Yes,No,No,No internet service,No internet service,No internet service,No internet service,No internet service,No internet service,Month-to-month,Yes,Bank transfer (automatic),13-24
0,1,1,1,1,44,100.55,4398.15,5,99.95795454545454,Male,No,No,Yes,No,Fiber optic,No,Yes,No,Yes,Yes,Yes,Month-to-month,No,Electronic check,25-48
0,0,0,0,1,52,19.6,1012.4,1,19.46923076923077,Female,Yes,Yes,Yes,No,No,No internet service,No internet service,No internet service,No internet service,No internet service,No internet service,One year,No,Credit card (automatic),49-72
0,1,1,1,0,7,86.25,587.1,3,83.87142857142858,Female,Yes,No,Yes,No,Fiber optic,No,No,Yes,No,Yes,No,Month-to-month,Yes,Electronic check,0-12
0,1,1,1,1,56,96.95,5432.2,5,97.00357142857142,Male,Yes,Yes,Yes,Yes,Fiber optic,No,Yes,No,Yes,Yes,No,Month-to-month,Yes,Credit card (automatic),49-72
1,1,1,1,1,28,105.8,2998.0,6,107.07142857142857,Male,Yes,No,Yes,Yes,Fiber optic,No,Yes,No,Yes,Yes,Yes,Month-to-month,Yes,Electronic check,25-48
0,0,0,0,1,54,20.35,1092.35,1,20.2287037037037,Female,Yes,Yes,Yes,No,No,No internet service,No internet service,No internet service,No internet service,No internet service,No internet service,Two year,Yes,Bank transfer (automatic),49-72
0,1,1,0,1,72,65.1,4754.3,6,66.03194444444445,Male,Yes,Yes,No,No phone service,DSL,Yes,Yes,Yes,Yes,Yes,Yes,Two year,Yes,Credit card (automatic),49-72
0,0,0,0,1,39,20.7,762.45,1,19.55,Female,No,No,Yes,No,No,No internet service,No internet service,No internet service,No internet service,No internet service,No internet service,Two year,No,Credit card (automatic),25-48
0,0,0,0,0,12,20.15,260.7,1,21.724999999999998,Female,No,No,Yes,No,No,No internet service,No internet service,No internet service,No internet service,No internet service,No internet service,One year,No,Electronic check,0-12
0,1,1,0,1,52,74.0,3877.65,6,74.57019230769231,Female,No,No,Yes,Yes,DSL,Yes,No,Yes,Yes,Yes,No,One year,No,Credit card (automatic),49-72
0,0,0,1,0,7,48.8,349.8,2,49.971428571428575,Female,Yes,Yes,Yes,Yes,DSL,No,No,No,No,No,No,Month-to-month,No,Electronic check,0-12
0,0,0,0,1,31,25.75,755.6,2,24.374193548387098,Male,Yes,Yes,Yes,Yes,No,No internet service,No internet service,No internet service,No internet service,No internet service,No internet service,Two year,No,Mailed check,25-48
0,1,0,0,1,24,56.25,1454.25,3,60.59375,Male,Yes,Yes,Yes,No,DSL,Yes,No,Yes,No,No,No,One year,Yes,Credit card (automatic),13-24
0,0,0,1,0,3,74.1,228.0,2,76.0,Female,Yes,No,Yes,Yes,Fiber optic,No,No,No,No,No,No,Month-to-month,Yes,Credit card (automatic),0-12
0,0,0,0,1,47,20.55,945.7,1,20.121276595744682,Female,No,No,Yes,No,No,No internet service,No internet service,No internet service,No internet service,No internet service,No internet service,Two year,Yes,Mailed check,25-48
1,0,0,0,1,28,51.0,1381.8,2,49.35,Male,Yes,Yes,Yes,Yes,DSL,No,No,No,No,No,No,One year,Yes,Electronic check,25-48
1,1,0,1,1,32,79.3,2570.0,3,80.3125,Female,Yes,No,Yes,Yes,Fiber optic,No,No,Yes,No,No,No,Month-to-month,No,Mailed check,25-48
0,1,1,1,1,34,105.35,3540.65,6,104.13676470588236,Male,No,No,Yes,Yes,Fiber optic,No,Yes,No,Yes,Yes,Yes,Month-to-month,Yes,Electronic check,25-48
0,1,0,1,0,3,50.15,168.15,2,56.050000000000004,Male,Yes,Yes,Yes,No,DSL,No,No,Yes,No,No,No,Month-to-month,Yes,Electronic check,0-12
0,1,0,1,0,10,79.85,797.25,3,79.725,Male,No,No,Yes,Yes,Fiber optic,No,Yes,No,No,No,No,Month-to-month,No,Electronic check,0-12
0,1,0,0,1,66,65.7,4378.9,5,66.3469696969697,Male,No,Yes,Yes,Yes,DSL,Yes,Yes,No,Yes,No,No,Two year,No,Bank transfer (automatic),49-72
1,0,0,1,0,1,45.25,45.25,1,45.25,Male,No,No,Yes,No,DSL,No,No,No,No,No,No,Month-to-month,No,Bank transfer (automatic),0-12
0,1,1,0,1,49,79.3,3902.45,6,79.64183673469387,Female,Yes,Yes,Yes,Yes,DSL,No,Yes,No,Yes,Yes,Yes,Two year,No,Bank transfer (automatic),49-72
0,0,0,1,0,1,20.15,20.15,1,20.15,Male,Yes,Yes,Yes,No,No,No internet service,No internet service,No internet service,No internet service,No internet service,No internet service,Month-to-month,Yes,Bank transfer (automatic),0-12
1,0,1,1,0,7,89.5,676.7,3,96.67142857142858,Male,Yes,No,Yes,No,Fiber optic,No,No,No,No,Yes,Yes,Month-to-month,Yes,Electronic check,0-12
0,0,0,1,0,3,20.0,49.65,1,16.55,Male,Yes,No,Yes,No,No,No internet service,No internet service,No internet service,No internet service,No internet service,No internet service,Month-to-month,No,Bank transfer (automatic),0-12
1,1,1,0,1,34,90.15,3128.8,4,92.02352941176471,Male,Yes,No,Yes,No,Fiber optic,Yes,No,No,Yes,Yes,No,One year,No,Mailed check,25-48
0,1,1,0,1,72,85.3,6129.2,7,85.12777777777778,Female,Yes,Yes,Yes,No,DSL,Yes,Yes,Yes,Yes,Yes,Yes,Two year,No,Bank transfer (automatic),49-72
0,1,1,1,0,3,77.4,206.15,5,68.71666666666667,Male,No,No,Yes,No,DSL,Yes,No,Yes,No,Yes,Yes,Month-to-month,Yes,Electronic check,0-12
0,0,0,1,0,18,71.1,1247.75,1,69.31944444444444,Female,No,No,Yes,No,Fiber optic,No,No,No,No,No,No,Month-to-month,Yes,Electronic check,13-24
0,1,0,0,1,67,60.05,3994.05,4,59.61268656716418,Male,Yes,Yes,Yes,No,DSL,Yes,Yes,No,Yes,No,No,One year,No,Mailed check,49-72
0,0,0,0,1,44,25.7,1110.5,2,25.238636363636363,Male,Yes,Yes,Yes,Yes,No,No internet service,No internet service,No internet service,No internet service,No internet service,No internet service,One year,No,Mailed check,25-48
0,0,0,1,0,7,69.2,477.55,1,68.22142857142858,Female,Yes,No,Yes,No,Fiber optic,No,No,No,No,No,No,Month-to-month,Yes,Bank transfer (automatic),0-12
1,1,1,0,1,52,104.45,5481.25,6,105.40865384615384,Male,Yes,No,Yes,No,Fiber optic,Yes,No,Yes,Yes,Yes,Yes,One year,Yes,Bank transfer (automatic),49-72
0,0,0,1,0,16,69.95,1205.5,1,75.34375,Male,No,No,Yes,No,Fiber optic,No,No,No,No,No,No,Month-to-month,Yes,Credit card (automatic),13-24
0,1,0,1,0,8,54.75,445.85,3,55.73125,Male,Yes,No,Yes,No,DSL,No,Yes,Yes,No,No,No,Month-to-month,Yes,Mailed check,0-12
0,1,1,1,0,7,64.3,445.95,4,63.707142857142856,Male,No,No,Yes,No,DSL,No,No,Yes,Yes,Yes,No,Month-to-month,No,Bank transfer (automatic),0-12
0,0,0,0,1,72,19.8,1414.65,1,19.647916666666667,Male,Yes,Yes,Yes,No,No,No internet service,No internet service,No internet service,No internet service,No internet service,No internet service,Two year,Yes,Credit card (automatic),49-72
1,1,0,1,0,7,29.8,220.45,1,31.49285714285714,Male,Yes,No,No,No phone service,DSL,Yes,No,No,No,No,No,Month-to-month,No,Bank transfer (automatic),0-12
0,0,0,0,0,21,20.35,422.7,1,20.128571428571426,Male,No,No,Yes,No,No,No internet service,No internet service,No internet service,No internet service,No internet service,No internet service,One year,Yes,Mailed check,13-24
1,1,1,0,1,35,73.0,2471.25,5,70.60714285714286,Male,No,No,Yes,No,DSL,No,No,Yes,Yes,Yes,Yes,One year,Yes,Electronic check,25-48
0,1,1,1,1,60,49.75,3069.45,3,51.1575,Female,Yes,Yes,No,No phone service,DSL,No,Yes,No,No,Yes,Yes,Month-to-month,Yes,Electronic check,49-72
1,1,1,1,0,8,100.6,819.4,5,102.425,Male,No,No,Yes,Yes,Fiber optic,No,No,Yes,No,Yes,Yes,Month-to-month,Yes,Electronic check,0-12
0,0,0,1,0,2,69.8,146.65,1,73.325,Male,No,No,Yes,No,Fiber optic,No,No,No,No,No,No,Month-to-month,Yes,Electronic check,0-12
0,1,0,0,0,12,30.25,368.85,1,30.7375,Female,Yes,Yes,No,No phone service,DSL,No,No,No,Yes,No,No,One year,No,Credit card (automatic),0-12
0,1,0,1,0,3,29.6,79.45,1,26.483333333333334,Male,No,No,No,No phone service,DSL,No,Yes,No,No,No,No,Month-to-month,Yes,Electronic check,0-12
0,1,1,0,1,72,70.65,5011.15,5,69.59930555555555,Female,Yes,Yes,Yes,No,DSL,Yes,Yes,Yes,No,Yes,No,Two year,Yes,Credit card (automatic),49-72
0,1,1,0,1,52,111.25,5916.45,7,113.77788461538461,Female,No,No,Yes,Yes,Fiber optic,Yes,Yes,No,Yes,Yes,Yes,One year,Yes,Credit card (automatic),49-72
0,0,0,0,1,46,19.2,908.15,1,19.742391304347827,Male,No,No,Yes,No,No,No internet service,No internet service,No internet service,No internet service,No internet service,No internet service,Two year,No,Credit card (automatic),25-48
0,1,1,0,0,12,78.85,876.75,6,73.0625,Female,Yes,No,Yes,Yes,DSL,Yes,No,Yes,No,Yes,Yes,One year,No,Electronic check,0-12
0,1,1,1,1,37,100.3,3541.4,5,95.71351351351352,Female,No,No,Yes,Yes,Fiber optic,No,No,No,Yes,Yes,Yes,Month-to-month,No,Credit card (automatic),25-48
0,0,0,0,1,42,19.8,849.9,1,20.235714285714284,Male,No,No,Yes,No,No,No internet service,No internet service,No internet service,No internet service,No internet service,No internet service,One year,No,Bank transfer (automatic),25-48
0,1,0,1,1,58,80.65,4807.35,3,82.88534482758621,Male,No,No,Yes,Yes,Fiber optic,No,No,No,Yes,No,No,Month-to-month,No,Bank transfer (automatic),49-72
0,0,0,0,0,12,20.05,267.0,1,22.25,Male,No,No,Yes,No,No,No internet service,No internet service,No internet service,No internet service,No internet service,No internet service,One year,No,Credit card (automatic),0-12
0,0,0,0,1,68,19.95,1377.7,1,20.26029411764706,Male,Yes,Yes,Yes,No,No,No internet service,No internet service,No internet service,No internet service,No internet service,No internet service,Two year,No,Bank transfer (automatic),49-72
0,0,0,1,0,1,46.3,46.3,1,46.3,Male,No,No,Yes,No,DSL,No,No,No,No,No,No,Month-to-month,No,Mailed check,0-12
0,1,0,1,1,44,56.25,2419.55,3,54.98977272727273,Female,Yes,Yes,Yes,No,DSL,Yes,No,No,Yes,No,No,Month-to-month,No,Bank transfer (automatic),25-48
1,1,1,0,1,71,109.7,7904.25,7,111.3274647887324,Female,Yes,No,Yes,No,Fiber optic,Yes,Yes,Yes,Yes,Yes,Yes,Two year,Yes,Bank transfer (automatic),49-72
0,1,0,1,1,29,34.3,1004.75,2,34.64655172413793,Male,No,No,No,No phone service,DSL,No,Yes,No,Yes,No,No,Month-to-month,No,Electronic check,25-48
0,0,0,0,1,34,26.1,980.35,2,28.833823529411767,Male,No,No,Yes,Yes,No,No internet service,No internet service,No internet service,No internet service,No internet service,No internet service,Two year,No,Bank transfer (automatic),25-48
0,1,1,1,0,6,91.0,531.0,4,88.5,Male,Yes,No,Yes,No,Fiber optic,No,Yes,Yes,No,No,Yes,Month-to-month,Yes,Electronic check,0-12
1,1,1,0,1,62,97.95,5936.55,5,95.7508064516129,Female,Yes,No,Yes,Yes,Fiber optic,No,Yes,Yes,No,Yes,No,One year,Yes,Credit card (automatic),49-72
1,0,0,0,0,22,20.05,417.0,1,18.954545454545453,Female,No,No,Yes,No,No,No internet service,No internet service,No internet service,No internet service,No internet service,No internet service,One year,Yes,Mailed check,13-24
1,1,1,0,1,66,104.6,6819.45,6,103.325,Female,Yes,No,Yes,Yes,Fiber optic,No,Yes,Yes,No,Yes,Yes,One year,No,Credit card (automatic),49-72
0,1,0,1,0,1,33.6,33.6,2,33.6,Male,No,Yes,No,No phone service,DSL,No,Yes,No,Yes,No,No,Month-to-month,No,Mailed check,0-12
0,1,1,1,1,50,105.95,5341.8,6,106.836,Male,Yes,Yes,Yes,Yes,Fiber optic,Yes,No,Yes,No,Yes,Yes,Month-to-month,No,Credit card (automatic),49-72
0,1,0,0,1,66,96.6,6424.25,6,97.33712121212122,Male,Yes,No,Yes,Yes,Fiber optic,Yes,Yes,Yes,Yes,No,No,Two year,No,Mailed check,49-72
0,1,1,0,1,72,115.15,8349.45,8,115.96458333333334,Male,Yes,No,Yes,Yes,Fiber optic,Yes,Yes,Yes,Yes,Yes,Yes,Two year,No,Bank transfer (automatic),49-72
0,0,0,1,1,27,19.15,537.35,1,19.901851851851852,Male,No,Yes,Yes,No,No,No internet service,No internet service,No internet service,No internet service,No internet service,No internet service,Month-to-month,No,Mailed check,25-48
0,0,0,0,0,7,19.45,136.75,1,19.535714285714285,Male,No,Yes,Yes,No,No,No internet service,No internet service,No internet service,No internet service,No internet service,No internet service,One year,No,Mailed check,0-12
0,1,0,1,0,14,55.5,767.55,3,54.824999999999996,Male,No,No,Yes,Yes,DSL,No,Yes,No,No,No,No,Month-to-month,Yes,Credit card (automatic),13-24
0,1,0,1,1,26,35.75,1022.5,2,39.32692307692308,Male,No,No,No,No phone service,DSL,No,No,Yes,Yes,No,No,Month-to-month,No,Electronic check,25-48
0,0,0,1,0,11,75.25,888.65,2,80.78636363636363,Female,No,No,Yes,Yes,Fiber optic,No,No,No,No,No,No,Month-to-month,No,Electronic check,0-12
0,1,1,0,1,33,59.55,2016.3,5,61.1,Female,Yes,No,No,No phone service,DSL,Yes,No,Yes,Yes,Yes,Yes,Two year,No,Bank transfer (automatic),25-48
0,1,1,0,1,47,90.5,4318.35,8,91.87978723404257,Male,Yes,Yes,Yes,Yes,DSL,Yes,Yes,Yes,Yes,Yes,Yes,Two year,Yes,Mailed check,25-48
0,0,0,1,0,1,19.1,19.1,1,19.1,Female,No,No,Yes,No,No,No internet service,No internet service,No internet service,No internet service,No internet service,No internet service,Month-to-month,Yes,Mailed check,0-12
0,0,0,1,0,15,51.55,765.5,2,51.03333333333333,Male,No,No,Yes,Yes,DSL,No,No,No,No,No,No,Month-to-month,No,Electronic check,13-24
1,1,1,0,1,66,108.45,7076.35,7,107.21742424242424,Male,Yes,Yes,Yes,Yes,Fiber optic,No,Yes,Yes,Yes,Yes,Yes,One year,Yes,Electronic check,49-72
0,0,0,0,1,36,25.1,930.95,2,25.859722222222224,Male,Yes,Yes,Yes,Yes,No,No internet service,No internet service,No internet service,No internet service,No internet service,No internet service,Two year,No,Credit card (automatic),25-48
0,1,1,1,1,45,95.95,4456.65,5,99.03666666666666,Male,Yes,Yes,Yes,Yes,Fiber optic,No,Yes,Yes,No,No,Yes,Month-to-month,Yes,Bank transfer (automatic),25-48
0,1,1,1,1,24,104.15,2494.65,6,103.94375000000001,Female,No,No,Yes,Yes,Fiber optic,No,Yes,Yes,No,Yes,Yes,Month-to-month,Yes,Electronic check,13-24
1,1,0,1,0,3,73.85,196.4,2,65.46666666666667,Female,No,No,Yes,No,Fiber optic,No,No,Yes,No,No,No,Month-to-month,No,Electronic check,0-12
0,1,1,0,1,61,115.1,7008.15,8,114.88770491803278,Female,Yes,Yes,Yes,Yes,Fiber optic,Yes,Yes,Yes,Yes,Yes,Yes,Two year,No,Credit card (automatic),49-72
0,0,0,0,1,34,25.6,917.15,2,26.974999999999998,Female,Yes,Yes,Yes,Yes,No,No internet service,No internet service,No internet service,No internet service,No internet service,No internet service,One year,Yes,Credit card (automatic),25-48
0,1,0,0,1,68,70.9,4911.35,6,72.22573529411765,Female,Yes,No,Yes,Yes,DSL,Yes,Yes,Yes,Yes,No,No,Two year,No,Credit card (automatic),49-72
0,1,0,1,0,16,74.55,1170.5,2,73.15625,Male,No,No,Yes,No,Fiber optic,No,No,No,Yes,No,No,Month-to-month,Yes,Credit card (automatic),13-24
1,0,1,1,1,32,80.3,2483.05,2,77.5953125,Male,Yes,No,Yes,No,Fiber optic,No,No,No,No,No,Yes,Month-to-month,Yes,Credit card (automatic),25-48
0,1,0,1,1,26,38.85,1025.15,3,39.42884615384616,Female,Yes,Yes,No,No phone service,DSL,Yes,Yes,No,Yes,No,No,Month-to-month,No,Credit card (automatic),25-48
0,0,0,1,1,36,19.2,702.9,1,19.525,Female,Yes,Yes,Yes,No,No,No internet service,No internet service,No internet service,No internet service,No internet service,No internet service,Month-to-month,No,Bank transfer (automatic),25-48
0,0,0,0,0,3,20.25,71.2,1,23.733333333333334,Female,No,No,Yes,No,No,No internet service,No internet service,No internet service,No internet service,No internet service,No internet service,One year,No,Mailed check,0-12
1,1,1,1,0,8,100.3,832.35,5,104.04375,Male,No,No,Yes,No,Fiber optic,Yes,No,No,Yes,Yes,Yes,Month-to-month,No,Credit card (automatic),0-12
0,1,0,0,1,37,68.1,2479.25,5,67.00675675675676,Female,Yes,No,Yes,Yes,DSL,Yes,No,Yes,Yes,No,No,One year,No,Credit card (automatic),25-48
0,0,0,0,0,1,20.45,20.45,1,20.45,Male,No,No,Yes,No,No,No internet service,No internet service,No internet service,No internet service,No internet service,No internet service,Two year,No,Mailed check,0-12
0,1,1,0,1,68,56.4,3948.45,5,58.065441176470586,Male,Yes,Yes,No,No phone service,DSL,Yes,Yes,Yes,Yes,No,Yes,Two year,Yes,Mailed check,49-72
0,0,1,1,1,25,84.8,2043.45,3,81.738,Male,No,No,Yes,Yes,Fiber optic,No,No,No,No,No,Yes,Month-to-month,Yes,Electronic check,25-48
0,1,1,1,0,17,75.4,1322.55,5,77.79705882352941,Female,Yes,No,Yes,Yes,DSL,No,Yes,No,No,Yes,Yes,Month-to-month,Yes,Bank transfer (automatic),13-24
0,1,1,0,1,67,104.1,7040.85,6,105.08731343283583,Male,Yes,No,Yes,Yes,Fiber optic,No,Yes,Yes,No,Yes,Yes,One year,No,Electronic check,49-72
1,1,0,1,0,5,28.45,131.05,1,26.21,Female,No,No,No,No phone service,DSL,No,Yes,No,No,No,No,Month-to-month,No,Electronic check,0-12
1,1,1,0,1,57,71.1,4140.1,5,72.63333333333334,Male,Yes,No,Yes,Yes,DSL,No,Yes,Yes,No,Yes,No,One year,Yes,Credit card (automatic),49-72
0,0,0,1,0,8,70.7,553.4,1,69.175,Male,No,No,Yes,No,Fiber optic,No,No,No,No,No,No,Month-to-month,No,Bank transfer (automatic),0-12
1,1,1,1,1,55,44.85,2479.05,3,45.07363636363637,Male,No,No,No,No phone service,DSL,Yes,Yes,No,No,Yes,No,Month-to-month,Yes,Electronic check,49-72
0,1,0,0,1,56,45.05,2560.1,4,45.716071428571425,Female,No,No,No,No phone service,DSL,Yes,Yes,Yes,Yes,No,No,Two year,No,Bank transfer (automatic),49-72
1,0,1,1,0,19,94.95,1760.25,4,92.64473684210526,Female,Yes,No,Yes,Yes,Fiber optic,No,No,No,No,Yes,Yes,Month-to-month,Yes,Electronic check,13-24
0,1,0,1,1,51,79.15,4018.55,3,78.79509803921569,Female,Yes,Yes,Yes,No,Fiber optic,Yes,Yes,No,No,No,No,Month-to-month,Yes,Bank transfer (automatic),49-72
0,1,0,0,1,67,35.7,2545.7,2,37.9955223880597,Female,Yes,Yes,No,No phone service,DSL,Yes,No,No,Yes,No,No,Two year,No,Credit card (automatic),49-72
0,1,0,1,1,53,80.6,4348.1,3,82.03962264150944,Male,No,No,Yes,No,Fiber optic,No,Yes,No,Yes,No,No,Month-to-month,Yes,Mailed check,49-72
0,0,0,1,0,1,19.75,19.75,1,19.75,Female,No,No,Yes,No,No,No internet service,No internet service,No internet service,No internet service,No internet service,No internet service,Month-to-month,No,Mailed check,0-12
0,0,0,1,0,16,19.7,342.4,1,21.4,Male,No,No,Yes,No,No,No internet service,No internet service,No internet service,No internet service,No internet service,No internet service,Month-to-month,Yes,Mailed check,13-24
0,1,0,1,1,26,54.75,1406.9,3,54.111538461538466,Female,No,No,Yes,No,DSL,No,Yes,Yes,No,No,No,Month-to-month,Yes,Credit card (automatic),25-48
0,1,1,1,1,45,75.95,3273.8,5,72.75111111111111,Male,No,No,Yes,No,DSL,Yes,No,Yes,No,Yes,Yes,Month-to-month,Yes,Electronic check,25-48
0,0,0,1,1,47,25.4,1139.2,2,24.238297872340425,Male,Yes,No,Yes,Yes,No,No internet service,No internet service,No internet service,No internet service,No internet service,No internet service,Month-to-month,No,Electronic check,25-48
1,0,1,1,1,33,94.5,3105.55,4,94.10757575757576,Male,Yes,No,Yes,Yes,Fiber optic,No,No,No,No,Yes,Yes,Month-to-month,Yes,Electronic check,25-48
0,1,1,1,0,15,84.45,1287.85,7,85.85666666666665,Female,No,No,Yes,No,DSL,Yes,Yes,Yes,Yes,Yes,Yes,Month-to-month,No,Mailed check,13-24
0,0,0,0,1,42,20.0,833.55,1,19.84642857142857,Female,Yes,Yes,Yes,No,No,No internet service,No internet service,No internet service,No internet service,No internet service,No internet service,Two year,No,Mailed check,25-48
0,0,0,1,0,1,20.05,20.05,1,20.05,Male,No,Yes,Yes,No,No,No internet service,No internet service,No internet service,No internet service,No internet service,No internet service,Month-to-month,No,Mailed check,0-12
1,1,1,0,1,56,104.75,5510.65,6,98.40446428571428,Female,No,No,Yes,Yes,Fiber optic,No,Yes,Yes,No,Yes,Yes,One year,Yes,Bank transfer (automatic),49-72
1,1,1,0,1,53,96.75,5206.55,5,98.23679245283019,Female,No,No,Yes,No,Fiber optic,Yes,Yes,No,Yes,No,Yes,One year,Yes,Mailed check,49-72
0,1,1,1,0,15,105.1,1582.75,6,105.51666666666667,Female,No,No,Yes,No,Fiber optic,Yes,No,Yes,Yes,Yes,Yes,Month-to-month,No,Electronic check,13-24
0,1,1,0,0,16,54.85,916.15,5,57.259375,Male,No,No,No,No phone service,DSL,Yes,Yes,Yes,Yes,Yes,No,Two year,No,Mailed check,13-24
0,0,0,0,0,20,19.7,415.9,1,20.794999999999998,Male,No,No,Yes,No,No,No internet service,No internet service,No internet service,No internet service,No internet service,No internet service,One year,Yes,Mailed check,13-24
1,1,1,1,0,15,96.5,1392.25,5,92.81666666666666,Male,Yes,No,Yes,Yes,Fiber optic,Yes,No,Yes,No,Yes,No,Month-to-month,Yes,Electronic check,13-24
1,1,0,1,1,38,80.45,3162.65,3,83.22763157894737,Male,No,Yes,Yes,Yes,Fiber optic,Yes,No,No,No,No,No,Month-to-month,Yes,Mailed check,25-48
0,0,1,1,0,1,56.25,56.25,2,56.25,Female,No,No,Yes,No,DSL,No,No,No,No,No,Yes,Month-to-month,Yes,Electronic check,0-12
0,0,0,0,1,57,19.6,1134.25,1,19.899122807017545,Female,Yes,No,Yes,No,No,No internet service,No internet service,No internet service,No internet service,No internet service,No internet service,Two year,Yes,Bank transfer (automatic),49-72
1,1,1,0,1,72,109.55,7920.7,7,110.00972222222222,Male,Yes,No,Yes,Yes,Fiber optic,Yes,Yes,Yes,No,Yes,Yes,Two year,Yes,Bank transfer (automatic),49-72
0,1,1,1,1,54,100.1,5440.9,5,100.7574074074074,Female,No,No,Yes,Yes,Fiber optic,No,No,No,Yes,Yes,Yes,Month-to-month,Yes,Electronic check,49-72
0,1,0,1,1,30,54.45,1588.7,3,52.95666666666667,Male,Yes,Yes,Yes,Yes,DSL,Yes,No,No,No,No,No,Month-to-month,Yes,Bank transfer (automatic),25-48
0,0,0,1,0,5,75.6,402.5,2,80.5,Female,No,No,Yes,Yes,Fiber optic,No,No,No,No,No,No,Month-to-month,No,Electronic check,0-12
1,1,1,1,1,65,109.4,7227.45,7,111.19153846153846,Female,Yes,No,Yes,Yes,Fiber optic,Yes,Yes,Yes,No,Yes,Yes,Month-to-month,Yes,Credit card (automatic),49-72
0,0,0,0,1,25,24.75,692.1,2,27.684,Female,No,No,Yes,Yes,No,No internet service,No internet service,No internet service,No internet service,No internet service,No internet service,Two year,No,Credit card (automatic),25-48
0,0,0,0,1,44,20.0,860.85,1,19.56477272727273,Male,Yes,Yes,Yes,No,No,No internet service,No internet service,No internet service,No internet service,No internet service,No internet service,One year,No,Bank transfer (automatic),25-48
1,1,0,0,1,71,80.7,5676.0,3,79.94366197183099,Female,Yes,No,Yes,Yes,Fiber optic,Yes,No,No,No,No,No,Two year,Yes,Credit card (automatic),49-72
0,1,1,0,1,24,78.4,1832.4,6,76.35000000000001,Female,Yes,Yes,Yes,Yes,DSL,Yes,Yes,No,No,Yes,Yes,One year,No,Electronic check,13-24
0,1,1,0,1,51,90.35,4614.55,4,90.48137254901961,Male,Yes,No,Yes,Yes,Fiber optic,No,Yes,No,No,No,Yes,One year,Yes,Credit card (automatic),49-72
0,1,0,1,1,62,90.7,5586.45,5,90.1040322580645,Male,No,No,Yes,Yes,Fiber optic,Yes,Yes,Yes,No,No,No,Month-to-month,No,Bank transfer (automatic),49-72
1,1,0,1,1,47,80.35,3825.85,3,81.40106382978723,Female,Yes,No,Yes,Yes,Fiber optic,Yes,No,No,No,No,No,Month-to-month,No,Electronic check,25-48
0,0,0,0,0,12,19.35,212.3,1,17.691666666666666,Male,No,Yes,Yes,No,No,No internet service,No internet service,No internet service,No internet service,No internet service,No internet service,Two year,No,Bank transfer (automatic),0-12
0,0,0,1,0,1,24.7,24.7,0,24.7,Male,No,Yes,No,No phone service,DSL,No,No,No,No,No,No,Month-to-month,Yes,Electronic check,0-12
0,1,1,0,1,68,108.45,7176.55,7,105.53750000000001,Male,No,No,Yes,Yes,Fiber optic,No,Yes,Yes,Yes,Yes,Yes,One year,No,Electronic check,49-72
1,1,1,0,1,52,105.1,5376.4,6,103.39230769230768,Male,Yes,No,Yes,Yes,Fiber optic,No,Yes,Yes,No,Yes,Yes,One year,Yes,Bank transfer (automatic),49-72
0,1,0,1,1,26,60.05,1616.15,4,62.159615384615385,Female,Yes,Yes,Yes,Yes,DSL,No,Yes,No,Yes,No,No,Month-to-month,Yes,Electronic check,25-48
0,0,0,1,0,13,70.15,931.75,1,71.67307692307692,Male,No,No,Yes,No,Fiber optic,No,No,No,No,No,No,Month-to-month,Yes,Electronic check,13-24
0,1,1,0,1,58,68.4,3972.25,5,68.48706896551724,Female,Yes,No,Yes,Yes,DSL,Yes,No,No,Yes,No,Yes,One year,Yes,Electronic check,49-72
0,0,0,0,1,35,20.05,746.75,1,21.335714285714285,Male,Yes,Yes,Yes,No,No,No internet service,No internet service,No internet service,No internet service,No internet service,No internet service,One year,No,Bank transfer (automatic),25-48
1,1,1,0,1,51,94.0,4905.75,4,96.19117647058823,Male,No,No,Yes,No,Fiber optic,No,No,Yes,No,Yes,Yes,One year,Yes,Bank transfer (automatic),49-72
0,0,0,0,1,65,19.85,1267.05,1,19.493076923076924,Male,Yes,Yes,Yes,No,No,No internet service,No internet service,No internet service,No internet service,No internet service,No internet service,Two year,Yes,Credit card (automatic),49-72
0,1,0,0,0,23,55.8,1327.85,3,57.73260869565217,Female,No,No,Yes,No,DSL,No,Yes,Yes,No,No,No,One year,No,Bank transfer (automatic),13-24
0,1,0,1,0,4,80.6,319.15,3,79.7875,Male,Yes,No,Yes,No,Fiber optic,No,No,Yes,Yes,No,No,Month-to-month,Yes,Mailed check,0-12
0,1,1,1,1,34,100.45,3414.65,5,100.43088235294118,Female,Yes,No,Yes,Yes,Fiber optic,No,No,Yes,No,Yes,Yes,Month-to-month,Yes,Electronic check,25-48
0,1,1,0,0,13,75.3,989.45,5,76.11153846153846,Male,Yes,No,Yes,Yes,DSL,No,No,Yes,No,Yes,Yes,One year,Yes,Mailed check,13-24
1,1,1,1,1,68,95.9,6503.2,5,95.63529411764705,Male,No,No,Yes,Yes,Fiber optic,No,Yes,Yes,No,No,Yes,Month-to-month,Yes,Electronic check,49-72
0,1,0,0,1,69,39.1,2779.5,3,40.28260869565217,Male,Yes,Yes,No,No phone service,DSL,Yes,No,Yes,Yes,No,No,Two year,No,Mailed check,49-72
0,0,0,0,1,36,20.25,717.95,1,19.943055555555556,Female,Yes,Yes,Yes,No,No,No internet service,No internet service,No internet service,No internet service,No internet service,No internet service,Two year,No,Bank transfer (automatic),25-48
0,0,0,0,0,4,20.5,79.05,1,19.7625,Female,Yes,No,Yes,No,No,No internet service,No internet service,No internet service,No internet service,No internet service,No internet service,One year,No,Bank transfer (automatic),0-12
0,1,0,0,0,17,62.1,1096.65,4,64.50882352941177,Male,Yes,Yes,Yes,Yes,DSL,Yes,No,No,Yes,No,No,One year,Yes,Mailed check,13-24
0,0,1,1,0,14,86.1,1235.55,3,88.25357142857142,Male,Yes,No,Yes,Yes,Fiber optic,No,No,No,No,Yes,No,Month-to-month,Yes,Electronic check,13-24
0,1,1,0,1,70,68.95,4858.7,5,69.41,Male,Yes,Yes,Yes,Yes,DSL,Yes,No,Yes,No,Yes,No,Two year,No,Credit card (automatic),49-72
0,1,1,1,1,42,106.15,4512.7,6,107.4452380952381,Male,Yes,No,Yes,Yes,Fiber optic,No,No,Yes,Yes,Yes,Yes,Month-to-month,Yes,Bank transfer (automatic),25-48
0,1,1,0,1,43,80.2,3581.6,6,83.29302325581395,Male,Yes,No,Yes,Yes,DSL,Yes,No,Yes,No,Yes,Yes,One year,Yes,Electronic check,25-48
0,1,0,1,0,8,75.0,658.1,2,82.2625,Male,Yes,No,Yes,No,Fiber optic,Yes,No,No,No,No,No,Month-to-month,Yes,Mailed check,0-12
0,1,1,0,1,64,109.2,6741.15,7,105.33046875,Male,Yes,Yes,Yes,Yes,Fiber optic,No,Yes,Yes,Yes,Yes,Yes,Two year,Yes,Credit card (automatic),49-72
0,1,0,0,1,52,57.95,3042.25,4,58.50480769230769,Female,No,No,Yes,No,DSL,Yes,No,Yes,Yes,No,No,One year,No,Credit card (automatic),49-72
0,1,1,0,1,55,77.8,4323.35,5,78.60636363636364,Male,No,No,Yes,Yes,DSL,No,No,Yes,No,Yes,Yes,Two year,Yes,Bank transfer (automatic),49-72
1,0,0,1,0,4,70.2,280.35,1,70.0875,Male,Yes,No,Yes,No,Fiber optic,No,No,No,No,No,No,Month-to-month,Yes,Electronic check,0-12
0,1,0,1,0,6,49.65,267.35,2,44.55833333333334,Female,No,No,Yes,No,DSL,No,No,No,Yes,No,No,Month-to-month,Yes,Bank transfer (automatic),0-12
1,0,0,1,0,1,74.7,74.7,2,74.7,Male,No,No,Yes,Yes,Fiber optic,No,No,No,No,No,No,Month-to-month,Yes,Electronic check,0-12
0,1,0,1,0,6,29.45,161.45,1,26.90833333333333,Female,No,No,No,No phone service,DSL,Yes,No,No,No,No,No,Month-to-month,No,Bank transfer (automatic),0-12
0,0,0,1,0,1,70.1,70.1,1,70.1,Female,No,No,Yes,No,Fiber optic,No,No,No,No,No,No,Month-to-month,No,Electronic check,0-12
0,0,0,1,0,1,19.4,19.4,1,19.4,Female,No,No,Yes,No,No,No internet service,No internet service,No internet service,No internet service,No internet service,No internet service,Month-to-month,Yes,Mailed check,0-12
0,1,1,1,0,13,76.2,981.45,6,75.49615384615385,Female,Yes,No,Yes,Yes,DSL,Yes,Yes,No,Yes,Yes,No,Month-to-month,Yes,Electronic check,13-24
0,1,0,1,0,13,79.25,1111.65,3,85.51153846153846,Female,No,No,Yes,No,Fiber optic,No,Yes,Yes,No,No,No,Month-to-month,Yes,Electronic check,13-24
0,0,0,0,1,24,24.1,587.4,2,24.474999999999998,Male,Yes,Yes,Yes,Yes,No,No internet service,No internet service,No internet service,No internet service,No internet service,No internet service,Two year,Yes,Bank transfer (automatic),13-24
0,0,0,0,1,67,26.1,1759.55,2,26.26194029850746,Female,No,No,Yes,Yes,No,No internet service,No internet service,No internet service,No internet service,No internet service,No internet service,Two year,Yes,Mailed check,49-72
0,1,1,0,1,59,76.75,4541.9,6,76.98135593220339,Male,Yes,Yes,Yes,No,DSL,No,Yes,Yes,Yes,Yes,Yes,One year,No,Credit card (automatic),49-72
0,1,1,0,1,71,85.45,6029.9,7,84.9281690140845,Male,Yes,Yes,Yes,No,DSL,Yes,Yes,Yes,Yes,Yes,Yes,Two year,No,Bank transfer (automatic),49-72
1,1,1,1,1,64,108.95,7111.3,7,111.1140625,Female,No,No,Yes,Yes,Fiber optic,Yes,No,Yes,Yes,Yes,Yes,Month-to-month,Yes,Bank transfer (automatic),49-72
1,1,1,1,0,6,85.15,503.6,3,83.93333333333334,Male,No,No,Yes,No,Fiber optic,Yes,No,No,No,Yes,No,Month-to-month,Yes,Bank transfer (automatic),0-12
0,1,0,0,1,37,80.05,3019.1,3,81.59729729729729,Female,No,No,Yes,No,Fiber optic,No,Yes,Yes,No,No,No,One year,No,Electronic check,25-48
0,0,1,1,1,29,84.9,2516.2,3,86.7655172413793,Male,No,No,Yes,Yes,Fiber optic,No,No,No,No,No,Yes,Month-to-month,Yes,Electronic check,25-48
0,0,0,0,1,72,24.75,1769.6,2,24.577777777777776,Male,Yes,Yes,Yes,Yes,No,No internet service,No internet service,No internet service,No internet service,No internet service,No internet service,Two year,No,Bank transfer (automatic),49-72
0,1,1,1,1,24,96.0,2122.45,4,88.43541666666665,Male,No,No,Yes,No,Fiber optic,No,No,No,Yes,Yes,Yes,Month-to-month,Yes,Electronic check,13-24
1,1,1,1,0,21,86.55,1857.25,3,88.44047619047619,Male,Yes,No,Yes,No,Fiber optic,No,No,Yes,No,Yes,No,Month-to-month,No,Bank transfer (automatic),13-24
0,0,0,1,0,5,44.05,202.15,1,40.43,Female,No,No,Yes,No,DSL,No,No,No,No,No,No,Month-to-month,Yes,Credit card (automatic),0-12
0,1,1,0,1,63,97.45,6253.0,5,99.25396825396825,Female,No,No,Yes,Yes,Fiber optic,No,Yes,No,No,Yes,Yes,Two year,No,Bank transfer (automatic),49-72
0,0,1,0,1,61,96.5,5673.7,4,93.01147540983607,Male,Yes,No,Yes,Yes,Fiber optic,No,No,No,No,Yes,Yes,One year,Yes,Bank transfer (automatic),49-72
0,0,0,0,1,53,18.7,1005.7,1,18.975471698113207,Female,No,No,Yes,No,No,No internet service,No internet service,No internet service,No internet service,No internet service,No internet service,Two year,No,Mailed check,49-72
1,0,0,1,0,1,25.8,25.8,0,25.8,Female,No,No,No,No phone service,DSL,No,No,No,No,No,No,Month-to-month,Yes,Mailed check,0-12
0,1,0,0,1,26,85.2,2184.6,4,84.02307692307691,Male,No,No,Yes,No,Fiber optic,No,Yes,Yes,Yes,No,No,One year,Yes,Electronic check,25-48
0,0,0,0,0,8,20.15,165.5,1,20.6875,Male,Yes,Yes,Yes,No,No,No internet service,No internet service,No internet service,No internet service,No internet service,No internet service,Two year,No,Mailed check,0-12
1,1,1,0,1,60,71.75,4374.55,5,72.90916666666666,Male,No,No,Yes,Yes,DSL,Yes,Yes,No,No,No,Yes,One year,Yes,Electronic check,49-72
0,1,1,1,0,20,95.5,1916.2,5,95.81,Female,Yes,Yes,Yes,Yes,Fiber optic,No,No,Yes,Yes,No,Yes,Month-to-month,Yes,Bank transfer (automatic),13-24
0,1,1,1,1,59,99.45,5623.7,6,95.31694915254236,Female,No,No,Yes,Yes,Fiber optic,Yes,Yes,Yes,No,No,Yes,Month-to-month,Yes,Bank transfer (automatic),49-72
0,0,0,1,0,4,20.2,55.7,1,13.925,Male,No,No,Yes,No,No,No internet service,No internet service,No internet service,No internet service,No internet service,No internet service,Month-to-month,Yes,Electronic check,0-12
0,0,0,1,0,2,19.75,39.3,1,19.65,Male,No,No,Yes,No,No,No internet service,No internet service,No internet service,No internet service,No internet service,No internet service,Month-to-month,No,Mailed check,0-12
0,1,0,1,1,36,51.05,1815.0,2,50.416666666666664,Female,Yes,Yes,Yes,No,DSL,Yes,No,No,No,No,No,Month-to-month,No,Credit card (automatic),25-48
0,0,0,1,1,25,20.15,536.35,1,21.454,Male,No,No,Yes,No,No,No internet service,No internet service,No internet service,No internet service,No internet service,No internet service,Month-to-month,Yes,Mailed check,25-48
0,1,1,0,1,71,83.2,6126.1,7,86.2830985915493,Male,Yes,No,Yes,Yes,DSL,Yes,No,Yes,Yes,Yes,Yes,Two year,No,Electronic check,49-72
0,1,1,1,1,61,99.4,5943.65,6,97.43688524590164,Male,Yes,No,Yes,Yes,Fiber optic,Yes,No,Yes,Yes,Yes,No,Month-to-month,No,Bank transfer (automatic),49-72
0,1,1,0,1,37,75.1,2658.8,5,71.85945945945946,Female,Yes,Yes,Yes,No,DSL,Yes,Yes,No,No,Yes,Yes,One year,No,Bank transfer (automatic),25-48
1,1,1,0,1,54,82.45,4350.1,7,80.55740740740741,Female,No,No,Yes,Yes,DSL,Yes,Yes,No,Yes,Yes,Yes,One year,No,Bank transfer (automatic),49-72
0,1,1,0,1,71,113.65,8166.8,8,115.02535211267606,Female,Yes,Yes,Yes,Yes,Fiber optic,Yes,Yes,Yes,Yes,Yes,Yes,Two year,No,Credit card (automatic),49-72
0,1,0,1,0,1,79.15,79.15,3,79.15,Male,No,No,Yes,Yes,Fiber optic,No,Yes,No,No,No,No,Month-to-month,Yes,Electronic check,0-12
0,1,1,0,1,72,86.65,6224.8,8,86.45555555555556,Male,No,No,Yes,Yes,DSL,Yes,Yes,Yes,Yes,Yes,Yes,Two year,No,Bank transfer (automatic),49-72
1,1,1,1,1,30,90.05,2627.2,4,87.57333333333332,Female,Yes,No,Yes,Yes,Fiber optic,No,Yes,No,No,Yes,No,Month-to-month,Yes,Electronic check,25-48
0,0,0,1,1,30,49.9,1441.95,2,48.065000000000005,Male,Yes,No,Yes,Yes,DSL,No,No,No,No,No,No,Month-to-month,No,Electronic check,25-48
0,1,0,1,1,51,87.35,4473.0,5,87.70588235294117,Male,No,No,Yes,Yes,Fiber optic,No,Yes,Yes,Yes,No,No,Month-to-month,Yes,Electronic check,49-72
0,0,1,1,0,22,84.75,1816.75,3,82.57954545454545,Female,No,Yes,Yes,Yes,Fiber optic,No,No,No,No,No,Yes,Month-to-month,Yes,Electronic check,13-24
0,1,1,0,1,71,105.25,7291.75,6,102.70070422535211,Male,Yes,No,Yes,No,Fiber optic,No,Yes,Yes,Yes,Yes,Yes,Two year,Yes,Electronic check,49-72
0,1,1,0,1,43,60.4,2640.55,5,61.40813953488372,Female,Yes,Yes,No,No phone service,DSL,Yes,No,Yes,Yes,Yes,Yes,One year,Yes,Credit card (automatic),25-48
0,0,0,1,0,1,70.15,70.15,1,70.15,Female,No,No,Yes,No,Fiber optic,No,No,No,No,No,No,Month-to-month,Yes,Mailed check,0-12
1,1,1,0,1,71,99.4,7168.25,6,100.96126760563381,Female,Yes,No,Yes,No,Fiber optic,Yes,Yes,Yes,Yes,Yes,No,Two year,Yes,Electronic check,49-72
0,1,1,0,1,41,79.85,3320.75,6,80.9939024390244,Female,No,No,Yes,No,DSL,Yes,No,Yes,Yes,Yes,Yes,One year,Yes,Bank transfer (automatic),25-48
0,0,0,1,0,18,73.15,1305.95,2,72.55277777777778,Male,Yes,No,Yes,Yes,Fiber optic,No,No,No,No,No,No,Month-to-month,Yes,Electronic check,13-24
0,0,0,0,1,66,25.3,1672.35,2,25.33863636363636,Male,Yes,Yes,Yes,Yes,No,No internet service,No internet service,No internet service,No internet service,No internet service,No internet service,Two year,Yes,Credit card (automatic),49-72
0,0,1,1,0,1,78.05,78.05,2,78.05,Female,No,No,Yes,No,Fiber optic,No,No,No,No,Yes,No,Month-to-month,No,Electronic check,0-12
0,1,1,1,1,37,99.5,3762.0,5,101.67567567567568,Female,Yes,No,Yes,Yes,Fiber optic,No,No,Yes,No,Yes,Yes,Month-to-month,Yes,Electronic check,25-48
0,1,0,1,0,6,56.25,389.1,3,64.85000000000001,Female,No,No,Yes,No,DSL,Yes,Yes,No,No,No,No,Month-to-month,No,Electronic check,0-12
0,0,0,1,0,1,20.55,20.55,1,20.55,Female,Yes,Yes,Yes,No,No,No internet service,No internet service,No internet service,No internet service,No internet service,No internet service,Month-to-month,No,Mailed check,0-12
0,1,1,1,1,33,95.0,3008.15,5,91.1560606060606,Female,Yes,No,Yes,Yes,Fiber optic,No,No,Yes,Yes,No,Yes,Month-to-month,Yes,Credit card (automatic),25-48
0,1,1,0,1,46,94.65,4312.5,5,93.75,Male,Yes,No,Yes,Yes,Fiber optic,No,Yes,Yes,No,Yes,No,One year,Yes,Electronic check,25-48
0,1,1,0,1,61,111.6,6876.05,7,112.72213114754099,Male,No,No,Yes,Yes,Fiber optic,Yes,No,Yes,Yes,Yes,Yes,Two year,Yes,Credit card (automatic),49-72
0,0,0,0,1,55,19.15,998.1,1,18.14727272727273,Female,Yes,Yes,Yes,No,No,No internet service,No internet service,No internet service,No internet service,No internet service,No internet service,One year,No,Credit card (automatic),49-72
0,1,0,1,1,37,78.95,2839.65,3,76.7472972972973,Female,Yes,No,Yes,Yes,Fiber optic,No,No,Yes,No,No,No,Month-to-month,Yes,Credit card (automatic),25-48
0,1,0,1,1,32,35.15,1051.05,2,32.8453125,Female,Yes,Yes,No,No phone service,DSL,Yes,Yes,No,No,No,No,Month-to-month,Yes,Electronic check,25-48
0,0,0,0,0,8,19.7,130.25,1,16.28125,Male,Yes,Yes,Yes,No,No,No internet service,No internet service,No internet service,No internet service,No internet service,No internet service,Two year,No,Mailed check,0-12
0,1,1,0,1,70,101.1,6994.8,6,99.92571428571429,Male,Yes,Yes,Yes,No,Fiber optic,Yes,Yes,Yes,Yes,Yes,No,Two year,Yes,Credit card (automatic),49-72
1,1,0,1,1,30,50.4,1527.5,2,50.916666666666664,Male,Yes,No,Yes,No,DSL,No,Yes,No,No,No,No,Month-to-month,Yes,Bank transfer (automatic),25-48
0,1,0,0,1,60,79.2,4765.0,3,79.41666666666667,Female,No,No,Yes,Yes,Fiber optic,No,No,Yes,No,No,No,One year,Yes,Bank transfer (automatic),49-72
0,0,0,1,0,1,20.4,20.4,1,20.4,Female,No,No,Yes,No,No,No internet service,No internet service,No internet service,No internet service,No internet service,No internet service,Month-to-month,No,Mailed check,0-12
1,1,1,1,1,33,109.9,3694.7,7,111.96060606060605,Male,Yes,No,Yes,Yes,Fiber optic,Yes,No,Yes,Yes,Yes,Yes,Month-to-month,Yes,Bank transfer (automatic),25-48
0,1,1,1,1,61,106.35,6751.35,6,110.67786885245903,Female,Yes,No,Yes,Yes,Fiber optic,No,No,Yes,Yes,Yes,Yes,Month-to-month,Yes,Electronic check,49-72
0,1,1,1,0,6,98.15,567.45,6,94.575,Female,No,No,Yes,No,Fiber optic,Yes,Yes,Yes,Yes,No,Yes,Month-to-month,Yes,Bank transfer (automatic),0-12
0,0,0,0,1,72,25.2,1787.35,2,24.824305555555554,Female,Yes,Yes,Yes,Yes,No,No internet service,No internet service,No internet service,No internet service,No internet service,No internet service,Two year,No,Bank transfer (automatic),49-72
0,0,0,1,0,4,18.85,84.2,1,21.05,Male,Yes,Yes,Yes,No,No,No internet service,No internet service,No internet service,No internet service,No internet service,No internet service,Month-to-month,No,Mailed check,0-12
0,1,1,0,1,58,107.75,6332.75,7,109.1853448275862,Female,No,No,Yes,Yes,Fiber optic,Yes,Yes,Yes,No,Yes,Yes,One year,Yes,Electronic check,49-72
0,0,0,1,0,1,20.6,20.6,1,20.6,Male,No,No,Yes,No,No,No internet service,No internet service,No internet service,No internet service,No internet service,No internet service,Month-to-month,No,Mailed check,0-12
0,1,1,1,0,8,100.85,819.55,5,102.44375,Male,No,No,Yes,Yes,Fiber optic,No,Yes,No,No,Yes,Yes,Month-to-month,No,Electronic check,0-12
0,0,0,1,0,4,19.75,78.3,1,19.575,Male,No,No,Yes,No,No,No internet service,No internet service,No internet service,No internet service,No internet service,No internet service,Month-to-month,No,Mailed check,0-12
1,1,1,0,1,72,110.8,7882.25,7,109.47569444444444,Female,Yes,No,Yes,Yes,Fiber optic,No,Yes,Yes,Yes,Yes,Yes,Two year,Yes,Credit card (automatic),49-72
0,1,1,0,1,24,52.5,1208.15,5,50.33958333333334,Female,Yes,Yes,No,No phone service,DSL,Yes,Yes,Yes,Yes,No,Yes,Two year,Yes,Mailed check,13-24
0,0,0,1,0,7,69.0,506.9,1,72.41428571428571,Female,Yes,Yes,Yes,No,Fiber optic,No,No,No,No,No,No,Month-to-month,Yes,Electronic check,0-12
1,1,0,1,0,10,75.3,720.45,2,72.045,Male,Yes,No,Yes,No,Fiber optic,Yes,No,No,No,No,No,Month-to-month,No,Electronic check,0-12
1,0,0,1,0,2,75.45,158.4,2,79.2,Female,No,No,Yes,Yes,Fiber optic,No,No,No,No,No,No,Month-to-month,Yes,Mailed check,0-12
0,1,0,1,0,17,92.7,1556.85,5,91.57941176470588,Female,No,Yes,Yes,Yes,Fiber optic,No,Yes,Yes,Yes,No,No,Month-to-month,Yes,Credit card (automatic),13-24
0,1,1,0,1,59,69.1,4096.9,5,69.43898305084745,Male,Yes,No,Yes,Yes,DSL,Yes,No,No,Yes,No,Yes,One year,Yes,Mailed check,49-72
0,1,1,0,1,72,113.65,8182.75,8,113.64930555555556,Female,Yes,No,Yes,Yes,Fiber optic,Yes,Yes,Yes,Yes,Yes,Yes,Two year,Yes,Bank transfer (automatic),49-72
1,1,1,0,1,68,96.55,6581.9,5,96.79264705882352,Female,Yes,No,Yes,Yes,Fiber optic,Yes,Yes,No,No,No,Yes,One year,Yes,Credit card (automatic),49-72
0,0,0,0,1,28,19.9,543.0,1,19.392857142857142,Female,Yes,Yes,Yes,No,No,No internet service,No internet service,No internet service,No internet service,No internet service,No internet service,One year,No,Mailed check,25-48
0,1,0,0,1,37,58.75,2203.1,4,59.54324324324324,Male,Yes,Yes,Yes,No,DSL,Yes,No,Yes,Yes,No,No,One year,Yes,Mailed check,25-48
0,0,0,0,1,55,19.5,1026.35,1,18.66090909090909,Male,Yes,Yes,Yes,No,No,No internet service,No internet service,No internet service,No internet service,No internet service,No internet service,One year,No,Mailed check,49-72
0,1,1,1,1,45,108.45,4964.7,7,110.32666666666667,Male,No,No,Yes,Yes,Fiber optic,Yes,No,Yes,Yes,Yes,Yes,Month-to-month,Yes,Credit card (automatic),25-48
1,1,0,1,1,67,83.85,5588.8,4,83.41492537313434,Male,Yes,No,Yes,Yes,Fiber optic,Yes,Yes,No,No,No,No,Month-to-month,No,Bank transfer (automatic),49-72
0,1,1,0,1,65,105.1,6631.85,6,102.02846153846154,Male,No,No,Yes,Yes,Fiber optic,No,Yes,Yes,No,Yes,Yes,Two year,No,Credit card (automatic),49-72
0,1,1,0,1,70,75.35,5437.75,5,77.68214285714286,Female,Yes,Yes,Yes,No,DSL,Yes,No,No,Yes,Yes,Yes,Two year,No,Credit card (automatic),49-72
0,0,0,0,1,69,25.6,1673.4,2,24.252173913043478,Female,Yes,Yes,Yes,Yes,No,No internet service,No internet service,No internet service,No internet service,No internet service,No internet service,Two year,Yes,Bank transfer (automatic),49-72
0,0,0,0,1,65,25.3,1748.55,2,26.90076923076923,Female,Yes,Yes,Yes,Yes,No,No internet service,No internet service,No internet service,No internet service,No internet service,No internet service,Two year,Yes,Bank transfer (automatic),49-72
0,1,0,0,1,71,84.8,6152.4,4,86.65352112676055,Male,Yes,Yes,Yes,Yes,Fiber optic,No,Yes,No,Yes,No,No,Two year,Yes,Electronic check,49-72
0,1,1,0,1,70,60.35,4138.7,5,59.12428571428571,Male,Yes,Yes,No,No phone service,DSL,No,Yes,Yes,Yes,Yes,Yes,One year,No,Electronic check,49-72
0,1,0,0,1,56,59.8,3457.45,4,61.740178571428565,Male,Yes,Yes,Yes,No,DSL,Yes,Yes,Yes,No,No,No,Two year,Yes,Bank transfer (automatic),49-72
0,1,0,1,1,44,95.1,4060.55,6,92.28522727272728,Female,Yes,No,Yes,Yes,Fiber optic,Yes,Yes,Yes,Yes,No,No,Month-to-month,Yes,Credit card (automatic),25-48
0,1,0,1,0,12,49.05,593.05,2,49.42083333333333,Male,No,No,Yes,No,DSL,No,Yes,No,No,No,No,Month-to-month,Yes,Bank transfer (automatic),0-12
0,0,0,1,0,1,45.7,45.7,1,45.7,Female,Yes,Yes,Yes,No,DSL,No,No,No,No,No,No,Month-to-month,Yes,Electronic check,0-12
0,0,1,1,1,33,86.15,2745.7,3,83.2030303030303,Female,Yes,Yes,Yes,Yes,Fiber optic,No,No,No,No,No,Yes,Month-to-month,No,Credit card (automatic),25-48
0,1,1,1,0,16,95.6,1555.65,5,97.228125,Female,No,No,Yes,Yes,Fiber optic,No,Yes,Yes,No,No,Yes,Month-to-month,Yes,Credit card (automatic),13-24
1,0,1,1,1,43,84.85,3645.6,3,84.78139534883721,Male,No,No,Yes,Yes,Fiber optic,No,No,No,No,Yes,No,Month-to-month,Yes,Electronic check,25-48
0,1,1,1,1,33,72.75,2447.45,6,74.1651515151515,Male,Yes,No,Yes,Yes,DSL,Yes,Yes,Yes,No,Yes,No,Month-to-month,Yes,Bank transfer (automatic),25-48
0,1,1,1,1,31,89.9,2806.9,4,90.54516129032258,Female,No,No,Yes,Yes,Fiber optic,No,No,Yes,No,No,Yes,Month-to-month,Yes,Electronic check,25-48
1,1,1,1,0,3,91.05,289.1,4,96.36666666666667,Male,No,No,Yes,Yes,Fiber optic,No,No,Yes,No,Yes,No,Month-to-month,No,Electronic check,0-12
0,1,1,0,1,49,84.35,4059.35,7,82.84387755102041,Male,Yes,No,Yes,Yes,DSL,Yes,No,Yes,Yes,Yes,Yes,One year,No,Electronic check,49-72
1,0,0,1,0,2,44.7,93.7,1,46.85,Male,No,No,Yes,No,DSL,No,No,No,No,No,No,Month-to-month,Yes,Electronic check,0-12
0,1,1,1,0,8,94.0,773.65,5,96.70625,Male,No,No,Yes,Yes,Fiber optic,No,Yes,Yes,No,Yes,No,Month-to-month,Yes,Electronic check,0-12
0,1,1,1,1,26,89.8,2335.3,4,89.81923076923077,Male,No,No,Yes,No,Fiber optic,No,Yes,Yes,No,Yes,No,Month-to-month,No,Electronic check,25-48
0,0,0,1,0,1,19.55,19.55,1,19.55,Male,No,No,Yes,No,No,No internet service,No internet service,No internet service,No internet service,No internet service,No internet service,Month-to-month,No,Mailed check,0-12
0,1,1,0,1,71,58.65,4145.25,5,58.38380281690141,Female,Yes,Yes,No,No phone service,DSL,Yes,Yes,No,Yes,Yes,Yes,Two year,No,Mailed check,49-72
0,1,1,0,1,72,60.0,4264.0,5,59.22222222222222,Female,Yes,Yes,No,No phone service,DSL,No,Yes,Yes,Yes,Yes,Yes,Two year,Yes,Electronic check,49-72
0,1,1,0,1,67,75.1,5064.45,6,75.58880597014925,Female,Yes,No,Yes,Yes,DSL,Yes,Yes,Yes,No,No,Yes,One year,No,Mailed check,49-72
0,1,0,0,0,18,54.4,957.1,3,53.172222222222224,Female,Yes,Yes,Yes,No,DSL,No,No,Yes,Yes,No,No,One year,Yes,Credit card (automatic),13-24
0,1,1,0,1,62,96.1,6001.45,5,96.79758064516129,Male,Yes,No,Yes,Yes,Fiber optic,Yes,Yes,No,No,No,Yes,One year,No,Electronic check,49-72
1,1,1,1,1,31,96.6,2877.95,5,92.83709677419354,Male,No,No,Yes,Yes,Fiber optic,No,No,Yes,Yes,Yes,No,Month-to-month,Yes,Bank transfer (automatic),25-48
0,0,0,1,0,8,20.25,158.35,1,19.79375,Male,Yes,No,Yes,No,No,No internet service,No internet service,No internet service,No internet service,No internet service,No internet service,Month-to-month,No,Mailed check,0-12
0,1,0,0,1,70,44.6,3058.15,4,43.68785714285715,Female,No,No,No,No phone service,DSL,Yes,Yes,Yes,Yes,No,No,Two year,Yes,Bank transfer (automatic),49-72
0,1,1,0,1,69,60.8,4263.4,5,61.78840579710145,Male,Yes,No,No,No phone service,DSL,No,Yes,Yes,Yes,Yes,Yes,One year,Yes,Credit card (automatic),49-72
0,0,1,1,0,1,90.6,90.6,3,90.6,Female,No,No,Yes,No,Fiber optic,No,No,No,No,Yes,Yes,Month-to-month,No,Electronic check,0-12
0,1,1,0,0,23,78.55,1843.05,6,80.13260869565217,Female,No,No,Yes,Yes,DSL,Yes,No,Yes,No,Yes,Yes,One year,Yes,Electronic check,13-24
0,1,1,0,1,72,86.65,6094.25,7,84.64236111111111,Male,Yes,No,Yes,Yes,DSL,Yes,No,Yes,Yes,Yes,Yes,Two year,No,Credit card (automatic),49-72
0,0,0,1,1,50,69.75,3557.7,1,71.154,Female,Yes,Yes,Yes,No,Fiber optic,No,No,No,No,No,No,Month-to-month,Yes,Bank transfer (automatic),49-72
0,1,1,1,1,44,90.4,4063.0,4,92.3409090909091,Male,No,No,Yes,Yes,Fiber optic,No,No,Yes,No,No,Yes,Month-to-month,Yes,Mailed check,25-48
0,0,0,0,1,72,20.05,1423.65,1,19.772916666666667,Female,Yes,No,Yes,No,No,No internet service,No internet service,No internet service,No internet service,No internet service,No internet service,Two year,No,Bank transfer (automatic),49-72
0,1,0,1,0,8,29.25,226.95,1,28.36875,Female,No,No,No,No phone service,DSL,No,Yes,No,No,No,No,Month-to-month,Yes,Mailed check,0-12
0,1,0,0,1,39,35.55,1309.15,2,33.56794871794872,Male,No,No,No,No phone service,DSL,No,No,Yes,Yes,No,No,One year,No,Mailed check,25-48
0,1,0,1,0,18,50.0,892.7,2,49.59444444444445,Female,No,No,Yes,No,DSL,No,No,Yes,No,No,No,Month-to-month,Yes,Mailed check,13-24
1,1,1,1,1,32,93.95,2861.45,4,89.4203125,Male,Yes,Yes,Yes,No,Fiber optic,No,Yes,No,No,Yes,Yes,Month-to-month,Yes,Mailed check,25-48
0,1,1,0,1,71,98.65,6962.85,5,98.06830985915494,Male,Yes,No,Yes,Yes,Fiber optic,No,No,Yes,No,Yes,Yes,One year,Yes,Credit card (automatic),49-72
0,0,0,1,0,2,70.7,141.45,1,70.725,Female,Yes,No,Yes,No,Fiber optic,No,No,No,No,No,No,Month-to-month,Yes,Electronic check,0-12
0,0,0,0,1,63,19.7,1275.85,1,20.2515873015873,Male,Yes,Yes,Yes,No,No,No internet service,No internet service,No internet service,No internet service,No internet service,No internet service,Two year,No,Mailed check,49-72
0,1,1,0,1,43,60.0,2548.55,3,59.268604651162796,Male,No,No,Yes,No,DSL,No,Yes,No,No,No,Yes,Two year,Yes,Electronic check,25-48
0,1,0,1,1,42,85.9,3729.75,4,88.80357142857143,Female,Yes,No,Yes,Yes,Fiber optic,No,No,Yes,Yes,No,No,Month-to-month,Yes,Credit card (automatic),25-48
0,0,0,0,1,24,25.15,553.0,2,23.041666666666668,Female,No,No,Yes,Yes,No,No internet service,No internet service,No internet service,No internet service,No internet service,No internet service,Two year,No,Credit card (automatic),13-24
0,1,1,0,1,63,59.0,3707.6,5,58.85079365079365,Male,Yes,Yes,No,No phone service,DSL,Yes,Yes,Yes,No,Yes,Yes,Two year,No,Electronic check,49-72
0,0,0,1,0,7,20.25,144.35,1,20.62142857142857,Male,Yes,Yes,Yes,No,No,No internet service,No internet service,No internet service,No internet service,No internet service,No internet service,Month-to-month,No,Mailed check,0-12
0,0,0,1,0,20,19.4,374.5,1,18.725,Male,No,Yes,Yes,No,No,No internet service,No internet service,No internet service,No internet service,No internet service,No internet service,Month-to-month,Yes,Electronic check,13-24
0,0,0,0,1,44,20.5,865.05,1,19.660227272727273,Male,Yes,Yes,Yes,No,No,No internet service,No internet service,No internet service,No internet service,No internet service,No internet service,One year,Yes,Bank transfer (automatic),25-48
0,1,0,1,1,28,60.9,1785.65,4,63.77321428571429,Male,Yes,No,Yes,No,DSL,Yes,Yes,No,Yes,No,No,Month-to-month,No,Mailed check,25-48
1,1,1,1,0,8,60.9,551.95,3,68.99375,Male,Yes,No,Yes,No,DSL,Yes,No,No,No,Yes,No,Month-to-month,No,Bank transfer (automatic),0-12
0,1,1,0,1,70,110.2,7689.8,7,109.85428571428572,Female,Yes,Yes,Yes,Yes,Fiber optic,No,Yes,Yes,Yes,Yes,Yes,Two year,Yes,Electronic check,49-72
1,1,1,0,1,72,74.4,5360.75,6,74.45486111111111,Male,Yes,No,Yes,No,DSL,Yes,Yes,Yes,Yes,Yes,No,Two year,No,Bank transfer (automatic),49-72
0,1,0,1,0,1,61.15,61.15,4,61.15,Male,No,No,Yes,Yes,DSL,Yes,Yes,No,No,No,No,Month-to-month,No,Electronic check,0-12
0,0,0,0,1,67,25.6,1784.9,2,26.64029850746269,Male,Yes,No,Yes,Yes,No,No internet service,No internet service,No internet service,No internet service,No internet service,No internet service,Two year,No,Credit card (automatic),49-72
0,1,1,0,1,35,89.7,3165.6,4,90.44571428571429,Male,Yes,Yes,Yes,No,Fiber optic,No,Yes,No,Yes,Yes,No,One year,Yes,Electronic check,25-48
1,1,1,0,1,45,75.15,3480.35,6,77.3411111111111,Male,Yes,No,Yes,Yes,DSL,Yes,No,Yes,Yes,No,Yes,Two year,No,Credit card (automatic),25-48
0,0,0,1,0,11,19.7,216.2,1,19.654545454545453,Female,No,Yes,Yes,No,No,No internet service,No internet service,No internet service,No internet service,No internet service,No internet service,Month-to-month,No,Credit card (automatic),0-12
0,1,1,1,0,4,61.3,249.4,3,62.35,Male,No,No,Yes,No,DSL,No,No,No,Yes,Yes,No,Month-to-month,Yes,Electronic check,0-12
0,0,0,0,0,16,20.1,296.15,1,18.509375,Female,No,No,Yes,No,No,No internet service,No internet service,No internet service,No internet service,No internet service,No internet service,One year,No,Mailed check,13-24
0,0,0,1,0,18,19.55,389.25,1,21.625,Female,No,No,Yes,No,No,No internet service,No internet service,No internet service,No internet service,No internet service,No internet service,Month-to-month,Yes,Mailed check,13-24
1,0,1,1,0,4,94.3,424.45,4,106.1125,Female,No,No,Yes,Yes,Fiber optic,No,No,No,No,Yes,Yes,Month-to-month,Yes,Electronic check,0-12
0,0,0,0,0,20,20.35,393.15,1,19.6575,Female,Yes,No,Yes,No,No,No internet service,No internet service,No internet service,No internet service,No internet service,No internet service,One year,No,Mailed check,13-24
0,1,1,0,1,67,88.8,5903.15,8,88.10671641791045,Male,No,No,Yes,Yes,DSL,Yes,Yes,Yes,Yes,Yes,Yes,One year,Yes,Bank transfer (automatic),49-72
1,1,1,0,1,40,98.15,4116.8,6,102.92,Male,Yes,No,Yes,No,Fiber optic,Yes,Yes,Yes,Yes,Yes,No,One year,Yes,Credit card (automatic),25-48
0,0,0,1,0,6,20.95,109.5,1,18.25,Female,No,No,Yes,No,No,No internet service,No internet service,No internet service,No internet service,No internet service,No internet service,Month-to-month,Yes,Mailed check,0-12
0,1,1,1,1,59,93.35,5386.5,5,91.29661016949153,Female,Yes,No,Yes,Yes,Fiber optic,No,No,Yes,Yes,Yes,No,Month-to-month,No,Electronic check,49-72
0,1,0,0,1,50,39.7,1932.75,3,38.655,Female,No,No,No,No phone service,DSL,No,Yes,Yes,Yes,No,No,Two year,No,Credit card (automatic),49-72
0,1,1,1,0,1,84.8,84.8,3,84.8,Male,Yes,No,Yes,No,Fiber optic,No,No,No,Yes,Yes,No,Month-to-month,Yes,Electronic check,0-12
0,0,0,0,0,13,43.8,592.65,1,45.58846153846154,Female,Yes,No,Yes,No,DSL,No,No,No,No,No,No,One year,No,Electronic check,13-24
0,0,0,1,0,21,24.7,467.15,2,22.245238095238093,Male,No,Yes,Yes,Yes,No,No internet service,No internet service,No internet service,No internet service,No internet service,No internet service,Month-to-month,No,Mailed check,13-24
0,1,1,1,1,41,106.3,4443.45,6,108.37682926829268,Female,No,No,Yes,Yes,Fiber optic,No,Yes,Yes,No,Yes,Yes,Month-to-month,Yes,Electronic check,25-48
0,1,1,1,1,34,105.35,3688.6,6,108.48823529411764,Female,No,Yes,Yes,No,Fiber optic,Yes,Yes,Yes,No,Yes,Yes,Month-to-month,Yes,Bank transfer (automatic),25-48
0,1,1,1,1,29,98.8,2807.1,5,96.79655172413793,Male,No,No,Yes,No,Fiber optic,No,No,Yes,Yes,Yes,Yes,Month-to-month,Yes,Credit card (automatic),25-48
0,1,1,1,1,40,65.1,2586.0,4,64.65,Female,No,No,Yes,No,DSL,Yes,Yes,No,No,Yes,No,Month-to-month,No,Mailed check,25-48
0,0,0,1,0,1,69.95,69.95,1,69.95,Male,No,No,Yes,No,Fiber optic,No,No,No,No,No,No,Month-to-month,No,Electronic check,0-12
0,1,1,1,1,49,98.35,4889.2,5,99.7795918367347,Female,Yes,Yes,Yes,Yes,Fiber optic,No,Yes,No,No,Yes,Yes,Month-to-month,Yes,Electronic check,49-72
0,1,0,1,1,35,59.6,2094.9,4,59.854285714285716,Male,No,No,Yes,Yes,DSL,Yes,No,Yes,No,No,No,Month-to-month,Yes,Electronic check,25-48
0,0,1,1,0,8,54.75,438.05,2,54.75625,Male,No,No,Yes,No,DSL,No,No,No,No,No,Yes,Month-to-month,Yes,Credit card (automatic),0-12
0,1,1,1,0,18,68.35,1299.8,5,72.21111111111111,Male,No,No,Yes,No,DSL,Yes,No,Yes,Yes,Yes,No,Month-to-month,Yes,Electronic check,13-24
1,1,1,0,1,50,105.05,5163.3,6,103.266,Male,Yes,No,Yes,Yes,Fiber optic,Yes,No,Yes,No,Yes,Yes,Two year,Yes,Credit card (automatic),49-72
1,0,1,1,1,32,85.95,2628.6,3,82.14375,Female,Yes,No,Yes,Yes,Fiber optic,No,No,No,No,Yes,No,Month-to-month,Yes,Credit card (automatic),25-48
0,1,0,1,0,23,49.7,1081.25,2,47.01086956521739,Female,No,No,Yes,No,DSL,No,No,Yes,No,No,No,Month-to-month,No,Credit card (automatic),13-24
0,0,1,1,0,3,78.5,242.05,2,80.68333333333334,Male,No,No,Yes,No,Fiber optic,No,No,No,No,Yes,No,Month-to-month,Yes,Electronic check,0-12
0,1,1,0,1,38,78.95,2862.55,6,75.33026315789475,Male,Yes,Yes,Yes,Yes,DSL,No,Yes,Yes,No,Yes,Yes,One year,No,Credit card (automatic),25-48
0,1,1,0,1,51,96.4,4911.05,5,96.29509803921569,Male,Yes,No,Yes,Yes,Fiber optic,Yes,Yes,No,No,No,Yes,One year,Yes,Credit card (automatic),49-72
0,1,0,1,0,5,56.15,291.45,3,58.29,Male,No,No,Yes,No,DSL,No,No,Yes,Yes,No,No,Month-to-month,No,Electronic check,0-12
0,1,1,0,1,63,96.0,6109.75,4,96.98015873015873,Female,Yes,No,Yes,No,Fiber optic,No,Yes,No,No,Yes,Yes,One year,Yes,Electronic check,49-72
1,0,0,1,0,1,71.65,71.65,1,71.65,Male,No,No,Yes,No,Fiber optic,No,No,No,No,No,No,Month-to-month,Yes,Electronic check,0-12
0,1,1,1,0,4,38.55,156.1,2,39.025,Male,Yes,Yes,No,No phone service,DSL,Yes,No,No,No,Yes,No,Month-to-month,No,Credit card (automatic),0-12
0,1,0,0,1,42,60.15,2421.6,4,57.65714285714286,Female,No,No,Yes,Yes,DSL,Yes,Yes,No,No,No,No,One year,Yes,Bank transfer (automatic),25-48
0,1,1,0,1,71,100.5,7030.65,6,99.02323943661972,Female,Yes,Yes,Yes,Yes,Fiber optic,Yes,Yes,Yes,No,Yes,No,Two year,No,Bank transfer (automatic),49-72
0,0,0,1,0,1,45.7,45.7,1,45.7,Male,No,No,Yes,No,DSL,No,No,No,No,No,No,Month-to-month,Yes,Mailed check,0-12
1,1,1,0,1,29,90.1,2656.7,4,91.6103448275862,Male,Yes,No,Yes,No,Fiber optic,Yes,No,Yes,No,No,Yes,One year,No,Bank transfer (automatic),25-48
0,1,1,1,1,31,94.5,2979.2,4,96.1032258064516,Male,No,No,Yes,No,Fiber optic,No,Yes,No,No,Yes,Yes,Month-to-month,Yes,Electronic check,25-48
0,1,1,1,0,9,64.95,547.8,4,60.86666666666666,Male,No,No,Yes,No,DSL,Yes,No,No,Yes,No,Yes,Month-to-month,No,Mailed check,0-12
1,1,1,1,0,16,59.4,1023.9,3,63.99375,Female,No,No,Yes,No,DSL,No,No,No,Yes,Yes,No,Month-to-month,No,Electronic check,13-24
0,0,0,1,0,1,20.4,20.4,1,20.4,Male,No,No,Yes,No,No,No internet service,No internet service,No internet service,No internet service,No internet service,No internet service,Month-to-month,No,Mailed check,0-12
0,1,1,1,1,30,94.1,2804.45,5,93.48166666666665,Female,Yes,No,Yes,Yes,Fiber optic,No,Yes,No,Yes,Yes,No,Month-to-month,Yes,Credit card (automatic),25-48
0,0,0,0,1,49,19.0,918.7,1,18.748979591836736,Female,Yes,No,Yes,No,No,No internet service,No internet service,No internet service,No internet service,No internet service,No internet service,One year,No,Credit card (automatic),49-72
0,1,1,1,0,23,69.5,1652.1,5,71.83043478260869,Female,Yes,Yes,Yes,Yes,DSL,No,Yes,No,Yes,Yes,No,Month-to-month,Yes,Credit card (automatic),13-24
0,1,0,1,0,1,74.9,74.9,2,74.9,Female,No,No,Yes,No,Fiber optic,No,No,Yes,No,No,No,Month-to-month,Yes,Electronic check,0-12
0,1,0,0,0,10,49.55,475.7,2,47.57,Male,Yes,Yes,Yes,No,DSL,No,Yes,No,No,No,No,One year,No,Mailed check,0-12
0,0,0,0,1,50,24.95,1261.45,2,25.229,Male,Yes,Yes,Yes,Yes,No,No internet service,No internet service,No internet service,No internet service,No internet service,No internet service,Two year,No,Mailed check,49-72
0,1,1,1,1,60,94.1,5475.9,5,91.265,Female,Yes,No,Yes,Yes,Fiber optic,Yes,Yes,No,No,No,Yes,Month-to-month,Yes,Credit card (automatic),49-72
0,0,0,1,0,1,20.3,20.3,1,20.3,Female,No,No,Yes,No,No,No internet service,No internet service,No internet service,No internet service,No internet service,No internet service,Month-to-month,Yes,Mailed check,0-12
0,0,1,1,0,2,62.05,118.3,3,59.15,Male,No,No,Yes,Yes,DSL,No,No,No,No,No,Yes,Month-to-month,No,Bank transfer (automatic),0-12
1,0,0,1,1,32,74.9,2303.35,2,71.9796875,Male,Yes,No,Yes,Yes,Fiber optic,No,No,No,No,No,No,Month-to-month,Yes,Electronic check,25-48
0,0,0,1,1,33,20.05,669.45,1,20.28636363636364,Female,Yes,No,Yes,No,No,No internet service,No internet service,No internet service,No internet service,No internet service,No internet service,Month-to-month,No,Mailed check,25-48
1,1,1,0,1,24,96.55,2263.45,4,94.31041666666665,Female,Yes,Yes,Yes,No,Fiber optic,No,No,Yes,No,Yes,Yes,Two year,Yes,Electronic check,13-24
1,1,1,0,1,41,111.95,4534.9,7,110.60731707317072,Male,Yes,Yes,Yes,Yes,Fiber optic,No,Yes,Yes,Yes,Yes,Yes,One year,Yes,Electronic check,25-48
1,1,1,1,1,40,39.3,1637.4,2,40.935,Female,Yes,No,No,No phone service,DSL,No,Yes,No,No,Yes,No,Month-to-month,Yes,Electronic check,25-48
0,0,0,0,1,38,25.05,963.95,2,25.367105263157896,Male,Yes,Yes,Yes,Yes,No,No internet service,No internet service,No internet service,No internet service,No internet service,No internet service,Two year,No,Credit card (automatic),25-48
1,1,1,0,1,64,111.6,7099.0,7,110.921875,Male,Yes,Yes,Yes,Yes,Fiber optic,Yes,No,Yes,Yes,Yes,Yes,Two year,Yes,Bank transfer (automatic),49-72
1,1,0,0,1,68,60.65,3975.9,4,58.46911764705882,Female,Yes,No,Yes,No,DSL,No,Yes,Yes,Yes,No,No,One year,Yes,Bank transfer (automatic),49-72
0,1,1,0,1,71,49.35,3515.25,3,49.51056338028169,Male,Yes,No,No,No phone service,DSL,No,Yes,No,No,Yes,Yes,Two year,No,Electronic check,49-72
0,1,1,0,1,34,103.8,3470.8,6,102.08235294117648,Male,No,Yes,Yes,Yes,Fiber optic,Yes,Yes,No,No,Yes,Yes,One year,Yes,Electronic check,25-48
1,1,1,1,0,19,90.6,1660.0,4,87.36842105263158,Male,No,No,Yes,Yes,Fiber optic,Yes,No,No,No,Yes,No,Month-to-month,Yes,Electronic check,13-24
0,0,0,1,0,1,20.2,20.2,1,20.2,Male,No,No,Yes,No,No,No internet service,No internet service,No internet service,No internet service,No internet service,No internet service,Month-to-month,No,Mailed check,0-12
0,1,1,1,0,17,102.55,1742.5,6,102.5,Male,Yes,No,Yes,Yes,Fiber optic,No,Yes,Yes,No,Yes,Yes,Month-to-month,Yes,Electronic check,13-24
0,1,1,1,1,54,104.1,5645.8,6,104.55185185185185,Female,Yes,Yes,Yes,Yes,Fiber optic,Yes,Yes,No,No,Yes,Yes,Month-to-month,Yes,Bank transfer (automatic),49-72
0,1,1,0,1,40,62.05,2511.55,5,62.78875000000001,Male,No,No,No,No phone service,DSL,Yes,Yes,Yes,No,Yes,Yes,One year,No,Credit card (automatic),25-48
0,1,1,0,1,43,115.05,4895.1,8,113.83953488372094,Female,No,No,Yes,Yes,Fiber optic,Yes,Yes,Yes,Yes,Yes,Yes,Two year,No,Credit card (automatic),25-48
0,0,0,1,0,13,75.0,999.45,2,76.88076923076923,Female,No,No,Yes,Yes,Fiber optic,No,No,No,No,No,No,Month-to-month,Yes,Mailed check,13-24
0,0,0,0,1,66,25.45,1699.15,2,25.74469696969697,Male,No,No,Yes,Yes,No,No internet service,No internet service,No internet service,No internet service,No internet service,No internet service,One year,No,Bank transfer (automatic),49-72
0,0,0,1,0,1,46.2,46.2,1,46.2,Male,No,No,Yes,No,DSL,No,No,No,No,No,No,Month-to-month,No,Credit card (automatic),0-12
0,0,0,1,0,2,45.4,80.95,1,40.475,Female,No,No,Yes,No,DSL,No,No,No,No,No,No,Month-to-month,Yes,Electronic check,0-12
0,0,0,0,1,29,24.85,788.05,0,27.17413793103448,Male,No,No,No,No phone service,DSL,No,No,No,No,No,No,One year,Yes,Mailed check,25-48
0,1,1,1,1,25,100.25,2387.75,5,95.51,Female,No,No,Yes,Yes,Fiber optic,No,Yes,No,No,Yes,Yes,Month-to-month,Yes,Electronic check,25-48
1,1,1,1,0,21,41.9,840.1,2,40.00476190476191,Female,No,No,No,No phone service,DSL,Yes,No,No,No,Yes,No,Month-to-month,Yes,Electronic check,13-24
1,1,1,1,1,38,83.45,3147.15,3,82.81973684210527,Female,Yes,No,Yes,No,Fiber optic,Yes,No,No,No,No,Yes,Month-to-month,Yes,Electronic check,25-48
0,0,0,0,0,6,19.0,105.5,1,17.583333333333332,Female,Yes,Yes,Yes,No,No,No internet service,No internet service,No internet service,No internet service,No internet service,No internet service,One year,No,Credit card (automatic),0-12
0,1,1,0,1,55,104.15,5743.05,6,104.41909090909091,Male,Yes,No,Yes,Yes,Fiber optic,No,No,Yes,Yes,Yes,Yes,One year,Yes,Electronic check,49-72
0,1,1,0,1,59,99.5,5861.75,5,99.35169491525424,Male,Yes,Yes,Yes,Yes,Fiber optic,No,No,Yes,No,Yes,Yes,Two year,Yes,Credit card (automatic),49-72
0,0,0,0,1,49,19.45,921.3,1,18.802040816326528,Female,No,Yes,Yes,No,No,No internet service,No internet service,No internet service,No internet service,No internet service,No internet service,One year,No,Credit card (automatic),49-72
0,0,0,0,0,10,19.6,189.45,1,18.945,Male,Yes,No,Yes,No,No,No internet service,No internet service,No internet service,No internet service,No internet service,No internet service,One year,No,Bank transfer (automatic),0-12
0,1,0,1,0,23,81.0,1917.1,3,83.35217391304347,Male,No,No,Yes,Yes,Fiber optic,No,No,Yes,No,No,No,Month-to-month,Yes,Electronic check,13-24
0,0,0,1,0,1,20.25,20.25,1,20.25,Female,No,No,Yes,No,No,No internet service,No internet service,No internet service,No internet service,No internet service,No internet service,Month-to-month,Yes,Mailed check,0-12
0,1,1,0,1,31,98.05,3082.1,5,99.42258064516129,Male,Yes,Yes,Yes,Yes,Fiber optic,Yes,No,Yes,No,Yes,No,One year,No,Bank transfer (automatic),25-48
1,1,1,0,1,56,72.6,4084.35,5,72.93482142857142,Female,Yes,Yes,Yes,No,DSL,Yes,No,No,Yes,Yes,Yes,Two year,Yes,Credit card (automatic),49-72
0,1,1,0,1,71,80.7,5705.05,6,80.35281690140846,Female,Yes,No,Yes,No,DSL,No,Yes,Yes,Yes,Yes,Yes,Two year,Yes,Credit card (automatic),49-72
0,1,1,0,1,46,79.2,3593.8,6,78.12608695652175,Female,No,No,Yes,Yes,DSL,Yes,No,Yes,No,Yes,Yes,Two year,No,Mailed check,25-48
1,1,0,1,0,15,74.4,1074.3,2,71.61999999999999,Male,No,No,Yes,No,Fiber optic,No,Yes,No,No,No,No,Month-to-month,Yes,Electronic check,13-24
0,0,0,1,0,2,19.85,52.0,1,26.0,Female,Yes,No,Yes,No,No,No internet service,No internet service,No internet service,No internet service,No internet service,No internet service,Month-to-month,No,Bank transfer (automatic),0-12
0,0,0,0,1,71,23.85,1672.1,2,23.55070422535211,Female,Yes,No,Yes,Yes,No,No internet service,No internet service,No internet service,No internet service,No internet service,No internet service,Two year,No,Mailed check,49-72
0,0,0,0,1,40,19.6,808.95,1,20.223750000000003,Male,Yes,Yes,Yes,No,No,No internet service,No internet service,No internet service,No internet service,No internet service,No internet service,Two year,No,Mailed check,25-48
0,0,0,1,0,8,20.15,156.25,1,19.53125,Female,Yes,No,Yes,No,No,No internet service,No internet service,No internet service,No internet service,No internet service,No internet service,Month-to-month,No,Bank transfer (automatic),0-12
0,0,0,1,0,12,45.05,523.1,1,43.59166666666667,Female,No,No,Yes,No,DSL,No,No,No,No,No,No,Month-to-month,Yes,Electronic check,0-12
1,0,1,1,0,3,94.85,335.75,4,111.91666666666667,Male,No,No,Yes,Yes,Fiber optic,No,No,No,No,Yes,Yes,Month-to-month,Yes,Electronic check,0-12
1,0,1,1,0,18,95.45,1752.55,4,97.36388888888888,Male,No,No,Yes,Yes,Fiber optic,No,No,No,No,Yes,Yes,Month-to-month,Yes,Electronic check,13-24
0,1,1,0,1,72,108.2,7840.6,7,108.89722222222223,Male,Yes,No,Yes,Yes,Fiber optic,No,Yes,Yes,Yes,Yes,Yes,Two year,Yes,Electronic check,49-72
0,1,1,0,1,70,94.8,6859.05,8,97.98642857142858,Female,Yes,No,Yes,Yes,DSL,Yes,Yes,Yes,Yes,Yes,Yes,Two year,Yes,Credit card (automatic),49-72
0,1,1,0,1,47,74.45,3510.3,5,74.6872340425532,Female,No,No,Yes,No,DSL,No,No,Yes,Yes,Yes,Yes,Two year,No,Mailed check,25-48
1,1,0,1,1,29,58.55,1718.95,4,59.27413793103448,Female,No,No,Yes,Yes,DSL,Yes,Yes,No,No,No,No,Month-to-month,Yes,Bank transfer (automatic),25-48
0,0,0,0,1,72,20.55,1432.55,1,19.896527777777777,Male,Yes,Yes,Yes,No,No,No internet service,No internet service,No internet service,No internet service,No internet service,No internet service,Two year,No,Electronic check,49-72
0,1,0,1,1,39,41.1,1597.05,3,40.949999999999996,Female,No,No,No,No phone service,DSL,No,Yes,Yes,Yes,No,No,Month-to-month,No,Bank transfer (automatic),25-48
0,0,0,1,0,7,20.45,150.75,1,21.535714285714285,Female,Yes,Yes,Yes,No,No,No internet service,No internet service,No internet service,No internet service,No internet service,No internet service,Month-to-month,No,Mailed check,0-12
0,1,1,0,1,71,95.65,6856.95,5,96.57676056338028,Female,Yes,No,Yes,Yes,Fiber optic,Yes,Yes,No,No,Yes,No,One year,No,Mailed check,49-72
0,0,1,0,1,51,87.55,4475.9,3,87.7627450980392,Female,No,No,Yes,No,Fiber optic,No,No,No,No,Yes,Yes,One year,No,Credit card (automatic),49-72
0,1,1,0,1,52,100.3,5244.45,5,100.85480769230769,Female,Yes,Yes,Yes,No,Fiber optic,Yes,No,Yes,No,Yes,Yes,One year,No,Electronic check,49-72
1,1,1,0,1,46,95.25,4424.2,4,96.17826086956521,Female,No,No,Yes,No,Fiber optic,No,Yes,No,No,Yes,Yes,One year,No,Credit card (automatic),25-48
0,1,1,1,1,38,94.65,3624.3,5,95.3763157894737,Male,Yes,Yes,Yes,Yes,Fiber optic,No,Yes,Yes,No,Yes,No,Month-to-month,Yes,Electronic check,25-48
1,0,1,1,0,10,34.55,362.6,1,36.260000000000005,Male,Yes,Yes,No,No phone service,DSL,No,No,No,No,No,Yes,Month-to-month,Yes,Bank transfer (automatic),0-12
1,1,1,0,1,72,114.65,8333.95,8,115.74930555555557,Female,Yes,No,Yes,Yes,Fiber optic,Yes,Yes,Yes,Yes,Yes,Yes,Two year,Yes,Bank transfer (automatic),49-72
0,0,1,1,0,19,78.7,1495.1,2,78.68947368421053,Male,No,No,Yes,No,Fiber optic,No,No,No,No,Yes,No,Month-to-month,Yes,Bank transfer (automatic),13-24
1,1,1,1,0,3,83.9,267.4,3,89.13333333333333,Female,Yes,No,Yes,No,Fiber optic,No,No,No,Yes,Yes,No,Month-to-month,Yes,Mailed check,0-12
0,1,1,0,1,69,82.45,5555.3,6,80.51159420289855,Female,No,No,Yes,No,DSL,Yes,No,Yes,Yes,Yes,Yes,Two year,Yes,Credit card (automatic),49-72
0,0,0,0,1,54,20.1,1079.45,1,19.989814814814817,Female,No,No,Yes,No,No,No internet service,No internet service,No internet service,No internet service,No internet service,No internet service,Two year,No,Mailed check,49-72
1,1,1,1,0,12,43.65,526.95,3,43.9125,Male,No,No,No,No phone service,DSL,No,No,Yes,Yes,No,Yes,Month-to-month,Yes,Electronic check,0-12
0,0,0,1,0,8,21.05,139.75,1,17.46875,Female,Yes,Yes,Yes,No,No,No internet service,No internet service,No internet service,No internet service,No internet service,No internet service,Month-to-month,No,Credit card (automatic),0-12
1,1,1,1,0,23,90.0,2024.1,4,88.00434782608696,Male,Yes,No,Yes,No,Fiber optic,Yes,Yes,No,No,No,Yes,Month-to-month,Yes,Electronic check,13-24
0,1,0,1,0,7,74.35,533.6,2,76.22857142857143,Male,No,No,Yes,No,Fiber optic,Yes,No,No,No,No,No,Month-to-month,No,Mailed check,0-12
0,0,0,1,0,6,69.25,418.4,1,69.73333333333333,Female,No,No,Yes,No,Fiber optic,No,No,No,No,No,No,Month-to-month,Yes,Mailed check,0-12
0,0,0,0,1,45,18.85,867.3,1,19.273333333333333,Male,No,No,Yes,No,No,No internet service,No internet service,No internet service,No internet service,No internet service,No internet service,One year,No,Bank transfer (automatic),25-48
0,1,1,0,1,72,80.85,5824.75,7,80.89930555555556,Female,Yes,Yes,Yes,Yes,DSL,Yes,Yes,Yes,Yes,No,Yes,Two year,No,Bank transfer (automatic),49-72
0,0,0,1,0,1,20.35,20.35,1,20.35,Female,No,No,Yes,No,No,No internet service,No internet service,No internet service,No internet service,No internet service,No internet service,Month-to-month,Yes,Mailed check,0-12
0,0,0,0,0,23,23.85,625.65,2,27.202173913043477,Female,Yes,Yes,Yes,Yes,No,No internet service,No internet service,No internet service,No internet service,No internet service,No internet service,Two year,No,Mailed check,13-24
0,1,1,1,1,72,94.65,6747.35,4,93.71319444444445,Male,Yes,No,Yes,No,Fiber optic,No,No,Yes,No,Yes,Yes,Month-to-month,Yes,Electronic check,49-72
0,1,1,0,1,67,75.5,5229.45,5,78.05149253731344,Female,Yes,Yes,Yes,Yes,DSL,Yes,No,No,No,Yes,Yes,Two year,Yes,Electronic check,49-72
0,1,1,0,1,43,51.25,2151.6,4,50.03720930232558,Female,Yes,Yes,No,No phone service,DSL,Yes,Yes,No,Yes,Yes,No,One year,Yes,Bank transfer (automatic),25-48
0,0,0,1,0,1,45.65,45.65,1,45.65,Male,No,No,Yes,No,DSL,No,No,No,No,No,No,Month-to-month,Yes,Electronic check,0-12
1,1,1,0,1,60,104.35,6339.45,6,105.6575,Male,Yes,No,Yes,Yes,Fiber optic,No,Yes,Yes,No,Yes,Yes,One year,Yes,Electronic check,49-72
0,1,0,1,0,2,79.85,152.45,3,76.225,Male,No,No,Yes,No,Fiber optic,No,No,Yes,Yes,No,No,Month-to-month,Yes,Electronic check,0-12
0,1,0,1,0,1,75.55,75.55,2,75.55,Female,No,No,Yes,No,Fiber optic,No,No,Yes,No,No,No,Month-to-month,No,Electronic check,0-12
0,1,1,0,1,72,78.85,5763.15,7,80.04374999999999,Male,Yes,No,Yes,Yes,DSL,Yes,Yes,Yes,Yes,No,Yes,Two year,No,Bank transfer (automatic),49-72
0,1,1,1,1,32,89.6,2901.8,4,90.68125,Female,Yes,Yes,Yes,Yes,Fiber optic,Yes,No,No,No,Yes,No,Month-to-month,No,Electronic check,25-48
0,1,1,0,1,61,89.65,5308.7,8,87.02786885245901,Female,No,No,Yes,Yes,DSL,Yes,Yes,Yes,Yes,Yes,Yes,Two year,No,Electronic check,49-72
0,1,1,0,1,64,110.3,6997.3,7,109.3328125,Female,Yes,Yes,Yes,Yes,Fiber optic,Yes,Yes,No,Yes,Yes,Yes,Two year,No,Bank transfer (automatic),49-72
0,0,0,0,0,14,19.55,294.5,1,21.035714285714285,Female,Yes,Yes,Yes,No,No,No internet service,No internet service,No internet service,No internet service,No internet service,No internet service,One year,No,Mailed check,13-24
0,0,1,1,0,13,80.5,1011.8,2,77.83076923076922,Female,No,No,Yes,No,Fiber optic,No,No,No,No,No,Yes,Month-to-month,Yes,Electronic check,13-24
0,0,0,0,1,25,20.95,495.15,1,19.805999999999997,Male,Yes,No,Yes,No,No,No internet service,No internet service,No internet service,No internet service,No internet service,No internet service,One year,Yes,Bank transfer (automatic),25-48
0,1,0,0,1,46,54.35,2460.15,3,53.481521739130436,Female,No,No,Yes,No,DSL,No,No,Yes,Yes,No,No,Two year,No,Credit card (automatic),25-48
0,0,0,1,0,4,45.9,199.75,1,49.9375,Male,No,No,Yes,No,DSL,No,No,No,No,No,No,Month-to-month,Yes,Electronic check,0-12
0,0,0,0,1,47,20.45,943.0,1,20.06382978723404,Male,No,No,Yes,No,No,No internet service,No internet service,No internet service,No internet service,No internet service,No internet service,Two year,No,Bank transfer (automatic),25-48
0,1,1,0,1,53,69.7,3729.6,5,70.36981132075472,Male,Yes,Yes,Yes,No,DSL,Yes,Yes,No,Yes,Yes,No,Two year,Yes,Mailed check,49-72
0,1,1,1,0,9,70.05,564.4,4,62.71111111111111,Male,Yes,No,Yes,No,DSL,No,No,Yes,No,Yes,Yes,Month-to-month,Yes,Mailed check,0-12
0,1,1,0,1,70,108.15,7930.55,7,113.29357142857143,Female,Yes,Yes,Yes,Yes,Fiber optic,Yes,Yes,Yes,No,Yes,Yes,One year,Yes,Credit card (automatic),49-72
0,1,0,0,1,50,90.1,4549.45,5,90.98899999999999,Male,No,No,Yes,No,Fiber optic,Yes,Yes,Yes,Yes,No,No,One year,Yes,Credit card (automatic),49-72
0,1,0,1,0,9,73.8,704.3,2,78.25555555555555,Male,No,No,Yes,No,Fiber optic,No,No,Yes,No,No,No,Month-to-month,Yes,Electronic check,0-12
0,0,0,0,1,70,19.8,1397.65,1,19.966428571428573,Female,Yes,No,Yes,No,No,No internet service,No internet service,No internet service,No internet service,No internet service,No internet service,Two year,No,Bank transfer (automatic),49-72
0,1,1,0,1,67,118.35,7804.15,8,116.47985074626865,Male,No,No,Yes,Yes,Fiber optic,Yes,Yes,Yes,Yes,Yes,Yes,One year,Yes,Bank transfer (automatic),49-72
0,0,0,1,0,1,19.65,19.65,1,19.65,Male,No,No,Yes,No,No,No internet service,No internet service,No internet service,No internet service,No internet service,No internet service,Month-to-month,Yes,Bank transfer (automatic),0-12
0,0,0,0,1,66,74.25,4859.25,2,73.625,Female,Yes,Yes,Yes,Yes,Fiber optic,No,No,No,No,No,No,One year,Yes,Bank transfer (automatic),49-72
0,0,0,0,1,58,20.3,1160.75,1,20.012931034482758,Female,Yes,Yes,Yes,No,No,No internet service,No internet service,No internet service,No internet service,No internet service,No internet service,Two year,No,Credit card (automatic),49-72
0,1,1,0,0,0,52.55,0.0,4,52.55,Female,Yes,Yes,No,No phone service,DSL,Yes,No,Yes,Yes,Yes,No,Two year,Yes,Bank transfer (automatic),0-12
0,0,0,1,0,2,69.65,145.15,1,72.575,Female,No,No,Yes,No,Fiber optic,No,No,No,No,No,No,Month-to-month,No,Electronic check,0-12
0,0,0,0,1,41,19.85,810.45,1,19.76707317073171,Female,No,No,Yes,No,No,No internet service,No internet service,No internet service,No internet service,No internet service,No internet service,Two year,Yes,Mailed check,25-48
1,0,1,1,0,4,78.85,292.8,2,73.2,Female,No,No,Yes,No,Fiber optic,No,No,No,No,Yes,No,Month-to-month,Yes,Electronic check,0-12
0,0,0,0,0,23,20.15,405.6,1,17.63478260869565,Male,No,No,Yes,No,No,No internet service,No internet service,No internet service,No internet service,No internet service,No internet service,One year,No,Bank transfer (automatic),13-24
1,1,1,0,1,61,64.05,3902.6,4,63.97704918032787,Male,Yes,No,Yes,Yes,DSL,No,Yes,No,No,No,Yes,One year,No,Bank transfer (automatic),49-72
0,0,0,1,0,8,20.05,163.6,1,20.45,Female,No,Yes,Yes,No,No,No internet service,No internet service,No internet service,No internet service,No internet service,No internet service,Month-to-month,No,Mailed check,0-12
0,1,0,1,0,1,75.35,75.35,2,75.35,Male,No,Yes,Yes,No,Fiber optic,No,Yes,No,No,No,No,Month-to-month,Yes,Electronic check,0-12
0,0,0,0,0,22,26.25,605.9,2,27.54090909090909,Female,No,No,Yes,Yes,No,No internet service,No internet service,No internet service,No internet service,No internet service,No internet service,Two year,No,Mailed check,13-24
0,1,0,1,0,2,47.8,92.45,2,46.225,Male,No,No,Yes,No,DSL,Yes,No,No,No,No,No,Month-to-month,Yes,Electronic check,0-12
0,1,0,1,1,55,77.75,4458.15,3,81.05727272727272,Female,Yes,No,Yes,Yes,Fiber optic,No,No,Yes,No,No,No,Month-to-month,Yes,Electronic check,49-72
0,0,0,1,1,60,74.35,4453.3,2,74.22166666666666,Male,Yes,Yes,Yes,Yes,Fiber optic,No,No,No,No,No,No,Month-to-month,No,Bank transfer (automatic),49-72
0,1,1,0,1,51,95.15,5000.05,5,98.04019607843138,Female,Yes,Yes,Yes,Yes,Fiber optic,Yes,No,No,Yes,Yes,No,One year,Yes,Mailed check,49-72
0,0,1,1,0,7,80.3,526.7,2,75.24285714285715,Female,No,No,Yes,No,Fiber optic,No,No,No,No,Yes,No,Month-to-month,Yes,Mailed check,0-12
1,0,0,1,0,2,69.6,131.65,1,65.825,Female,No,No,Yes,No,Fiber optic,No,No,No,No,No,No,Month-to-month,Yes,Electronic check,0-12
0,1,0,1,1,35,85.3,2917.5,4,83.35714285714286,Female,No,No,Yes,Yes,Fiber optic,No,Yes,No,Yes,No,No,Month-to-month,No,Credit card (automatic),25-48
0,1,1,0,1,70,89.75,6367.2,8,90.96,Female,No,No,Yes,Yes,DSL,Yes,Yes,Yes,Yes,Yes,Yes,Two year,No,Credit card (automatic),49-72
0,0,1,1,0,1,89.25,89.25,3,89.25,Male,No,No,Yes,No,Fiber optic,No,No,No,No,Yes,Yes,Month-to-month,Yes,Electronic check,0-12
0,0,0,0,1,30,25.1,789.55,2,26.31833333333333,Female,Yes,Yes,Yes,Yes,No,No internet service,No internet service,No internet service,No internet service,No internet service,No internet service,Two year,Yes,Mailed check,25-48
0,1,0,1,0,8,49.85,365.55,2,45.69375,Female,No,No,Yes,No,DSL,Yes,No,No,No,No,No,Month-to-month,Yes,Electronic check,0-12
1,0,0,1,0,5,70.25,331.9,1,66.38,Male,No,No,Yes,No,Fiber optic,No,No,No,No,No,No,Month-to-month,Yes,Mailed check,0-12
0,1,1,1,0,9,66.25,620.55,4,68.94999999999999,Female,No,No,Yes,No,DSL,No,Yes,No,Yes,Yes,No,Month-to-month,No,Mailed check,0-12
0,1,0,1,0,11,74.55,824.75,2,74.97727272727273,Male,No,No,Yes,No,Fiber optic,No,Yes,No,No,No,No,Month-to-month,Yes,Electronic check,0-12
0,1,0,0,1,63,39.35,2395.05,3,38.01666666666667,Male,Yes,Yes,No,No phone service,DSL,No,Yes,Yes,Yes,No,No,Two year,No,Bank transfer (automatic),49-72
0,0,0,0,1,39,23.8,903.8,2,23.174358974358974,Male,Yes,Yes,Yes,Yes,No,No internet service,No internet service,No internet service,No internet service,No internet service,No internet service,Two year,Yes,Mailed check,25-48
0,1,1,1,0,17,94.4,1607.2,5,94.54117647058824,Female,Yes,Yes,Yes,Yes,Fiber optic,Yes,No,Yes,No,Yes,No,Month-to-month,No,Electronic check,13-24
0,1,0,0,0,14,54.25,773.2,3,55.228571428571435,Female,No,No,Yes,Yes,DSL,No,Yes,No,No,No,No,One year,Yes,Mailed check,13-24
0,1,1,0,1,61,93.7,5860.7,5,96.07704918032786,Female,Yes,No,Yes,No,Fiber optic,Yes,Yes,No,Yes,No,Yes,One year,No,Bank transfer (automatic),49-72
0,1,1,0,1,72,115.6,8220.4,8,114.17222222222222,Female,Yes,Yes,Yes,Yes,Fiber optic,Yes,Yes,Yes,Yes,Yes,Yes,Two year,Yes,Bank transfer (automatic),49-72
1,0,1,0,1,40,55.8,2283.3,2,57.0825,Male,Yes,No,Yes,No,DSL,No,No,No,No,No,Yes,One year,No,Electronic check,25-48
0,0,0,1,0,1,20.15,20.15,1,20.15,Female,Yes,Yes,Yes,No,No,No internet service,No internet service,No internet service,No internet service,No internet service,No internet service,Month-to-month,Yes,Credit card (automatic),0-12
0,1,0,0,1,47,39.65,1798.65,3,38.26914893617022,Female,No,No,No,No phone service,DSL,Yes,Yes,No,Yes,No,No,One year,No,Credit card (automatic),25-48
0,0,1,1,1,34,78.3,2564.3,2,75.42058823529412,Male,Yes,Yes,Yes,No,Fiber optic,No,No,No,No,Yes,No,Month-to-month,No,Electronic check,25-48
0,1,0,0,0,18,40.2,711.95,3,39.55277777777778,Female,No,No,No,No phone service,DSL,Yes,Yes,No,Yes,No,No,One year,Yes,Mailed check,13-24
0,0,0,0,1,27,20.25,538.2,1,19.933333333333334,Female,No,No,Yes,No,No,No internet service,No internet service,No internet service,No internet service,No internet service,No internet service,Two year,Yes,Bank transfer (automatic),25-48
0,0,0,0,1,46,20.25,890.35,1,19.355434782608697,Female,Yes,Yes,Yes,No,No,No internet service,No internet service,No internet service,No internet service,No internet service,No internet service,Two year,No,Bank transfer (automatic),25-48
0,1,1,0,1,68,95.1,6683.4,5,98.28529411764706,Male,Yes,Yes,Yes,No,Fiber optic,Yes,Yes,No,Yes,No,Yes,Two year,No,Bank transfer (automatic),49-72
0,0,0,1,0,3,19.85,63.75,1,21.25,Female,No,No,Yes,No,No,No internet service,No internet service,No internet service,No internet service,No internet service,No internet service,Month-to-month,No,Mailed check,0-12
0,0,1,1,0,22,94.65,2104.55,4,95.66136363636365,Male,No,No,Yes,Yes,Fiber optic,No,No,No,No,Yes,Yes,Month-to-month,Yes,Credit card (automatic),13-24
1,1,1,1,1,36,96.5,3436.1,5,95.44722222222222,Male,Yes,No,Yes,Yes,Fiber optic,No,Yes,No,No,Yes,Yes,Month-to-month,Yes,Electronic check,25-48
0,1,1,0,1,28,60.0,1682.05,5,60.073214285714286,Male,Yes,Yes,No,No phone service,DSL,No,Yes,Yes,Yes,Yes,Yes,One year,Yes,Credit card (automatic),25-48
0,0,0,0,1,51,19.85,996.95,1,19.548039215686277,Female,No,No,Yes,No,No,No internet service,No internet service,No internet service,No internet service,No internet service,No internet service,One year,Yes,Bank transfer (automatic),49-72
0,1,1,1,0,4,100.85,399.25,5,99.8125,Female,No,No,Yes,Yes,Fiber optic,No,No,No,Yes,Yes,Yes,Month-to-month,Yes,Mailed check,0-12
0,1,1,1,1,26,98.65,2537.0,5,97.57692307692308,Male,No,No,Yes,No,Fiber optic,No,No,Yes,Yes,Yes,Yes,Month-to-month,Yes,Electronic check,25-48
0,1,1,1,1,37,92.95,3415.25,5,92.30405405405405,Male,Yes,Yes,Yes,Yes,Fiber optic,No,Yes,Yes,No,Yes,No,Month-to-month,Yes,Electronic check,25-48
0,0,0,1,0,1,44.55,44.55,1,44.55,Female,No,No,Yes,No,DSL,No,No,No,No,No,No,Month-to-month,Yes,Credit card (automatic),0-12
0,0,0,1,0,5,19.85,108.05,1,21.61,Female,No,No,Yes,No,No,No internet service,No internet service,No internet service,No internet service,No internet service,No internet service,Month-to-month,No,Credit card (automatic),0-12
0,1,1,1,0,22,101.35,2317.1,5,105.32272727272726,Male,No,No,Yes,Yes,Fiber optic,Yes,No,No,No,Yes,Yes,Month-to-month,Yes,Bank transfer (automatic),13-24
0,0,0,0,1,56,24.45,1431.65,2,25.56517857142857,Male,Yes,Yes,Yes,Yes,No,No internet service,No internet service,No internet service,No internet service,No internet service,No internet service,One year,Yes,Mailed check,49-72
0,0,0,0,1,35,20.6,754.0,1,21.542857142857144,Male,No,No,Yes,No,No,No internet service,No internet service,No internet service,No internet service,No internet service,No internet service,One year,No,Bank transfer (automatic),25-48
0,1,0,1,0,11,73.5,791.75,2,71.97727272727273,Male,No,No,Yes,No,Fiber optic,Yes,No,No,No,No,No,Month-to-month,Yes,Electronic check,0-12
1,1,0,1,1,67,54.9,3725.5,3,55.6044776119403,Female,No,No,Yes,Yes,DSL,No,Yes,No,No,No,No,Month-to-month,No,Electronic check,49-72
0,1,0,1,0,13,61.8,750.1,4,57.7,Male,Yes,Yes,Yes,No,DSL,No,Yes,Yes,Yes,No,No,Month-to-month,No,Bank transfer (automatic),13-24
0,1,0,0,1,40,36.0,1382.9,2,34.572500000000005,Male,No,No,No,No phone service,DSL,No,Yes,No,Yes,No,No,One year,No,Credit card (automatic),25-48
1,0,0,1,0,1,46.3,46.3,1,46.3,Male,No,No,Yes,No,DSL,No,No,No,No,No,No,Month-to-month,No,Electronic check,0-12
0,1,0,0,1,69,46.25,3121.4,4,45.23768115942029,Female,Yes,Yes,No,No phone service,DSL,Yes,Yes,Yes,Yes,No,No,Two year,No,Bank transfer (automatic),49-72
0,1,0,1,0,15,29.7,438.25,1,29.216666666666665,Male,No,No,No,No phone service,DSL,No,No,No,Yes,No,No,Month-to-month,Yes,Electronic check,13-24
0,0,0,1,0,11,20.35,215.25,1,19.568181818181817,Male,No,No,Yes,No,No,No internet service,No internet service,No internet service,No internet service,No internet service,No internet service,Month-to-month,No,Mailed check,0-12
0,0,0,1,0,2,20.1,39.8,1,19.9,Female,No,No,Yes,No,No,No internet service,No internet service,No internet service,No internet service,No internet service,No internet service,Month-to-month,No,Mailed check,0-12
0,0,0,1,0,2,20.3,40.25,1,20.125,Male,Yes,Yes,Yes,No,No,No internet service,No internet service,No internet service,No internet service,No internet service,No internet service,Month-to-month,No,Mailed check,0-12
1,1,1,1,1,35,102.05,3452.55,5,98.64428571428572,Female,Yes,No,Yes,Yes,Fiber optic,No,No,Yes,No,Yes,Yes,Month-to-month,No,Bank transfer (automatic),25-48
0,1,1,0,1,68,85.0,5607.75,7,82.46691176470588,Female,Yes,Yes,Yes,No,DSL,Yes,Yes,Yes,Yes,Yes,Yes,Two year,Yes,Credit card (automatic),49-72
0,1,1,0,1,70,77.3,5498.2,6,78.54571428571428,Male,Yes,No,Yes,Yes,DSL,Yes,No,Yes,Yes,No,Yes,Two year,No,Credit card (automatic),49-72
0,1,0,0,1,52,30.1,1623.4,1,31.21923076923077,Male,No,No,No,No phone service,DSL,No,Yes,No,No,No,No,One year,No,Mailed check,49-72
1,0,1,1,0,16,85.05,1391.15,3,86.946875,Male,Yes,No,Yes,Yes,Fiber optic,No,No,No,No,Yes,No,Month-to-month,Yes,Credit card (automatic),13-24
0,0,0,0,0,6,19.15,124.4,1,20.733333333333334,Male,No,No,Yes,No,No,No internet service,No internet service,No internet service,No internet service,No internet service,No internet service,One year,No,Mailed check,0-12
1,0,1,1,0,16,84.75,1350.15,3,84.384375,Female,No,No,Yes,Yes,Fiber optic,No,No,No,No,Yes,No,Month-to-month,Yes,Electronic check,13-24
0,1,1,0,1,68,111.75,7511.3,7,110.46029411764707,Female,Yes,Yes,Yes,Yes,Fiber optic,Yes,No,Yes,Yes,Yes,Yes,Two year,No,Credit card (automatic),49-72
0,1,1,1,0,12,99.95,1132.75,5,94.39583333333333,Male,No,No,Yes,Yes,Fiber optic,No,No,No,Yes,Yes,Yes,Month-to-month,Yes,Mailed check,0-12
0,1,1,1,1,50,94.4,4914.9,5,98.29799999999999,Male,Yes,No,Yes,Yes,Fiber optic,Yes,Yes,No,No,No,Yes,Month-to-month,Yes,Credit card (automatic),49-72
0,0,0,0,1,61,20.55,1305.95,1,21.409016393442624,Male,Yes,Yes,Yes,No,No,No internet service,No internet service,No internet service,No internet service,No internet service,No internet service,Two year,No,Credit card (automatic),49-72
0,1,0,1,0,4,49.25,208.45,2,52.1125,Male,No,No,Yes,No,DSL,No,Yes,No,No,No,No,Month-to-month,No,Mailed check,0-12
1,0,1,1,0,13,95.25,1233.65,4,94.89615384615385,Male,Yes,No,Yes,Yes,Fiber optic,No,No,No,No,Yes,Yes,Month-to-month,Yes,Electronic check,13-24
0,1,1,1,0,19,95.15,1789.25,5,94.17105263157895,Female,No,No,Yes,Yes,Fiber optic,Yes,Yes,No,No,No,Yes,Month-to-month,Yes,Electronic check,13-24
0,1,1,1,1,46,69.1,3168.0,4,68.8695652173913,Female,Yes,No,Yes,No,DSL,No,Yes,No,No,Yes,Yes,Month-to-month,Yes,Credit card (automatic),25-48
0,1,1,1,1,32,76.3,2404.15,6,75.1296875,Female,Yes,Yes,Yes,No,DSL,Yes,Yes,Yes,Yes,No,Yes,Month-to-month,No,Bank transfer (automatic),25-48
0,1,1,1,1,42,40.15,1626.05,2,38.71547619047619,Male,Yes,No,No,No phone service,DSL,Yes,No,No,No,Yes,No,Month-to-month,Yes,Bank transfer (automatic),25-48
0,1,1,1,0,4,40.05,162.45,2,40.6125,Male,No,No,No,No phone service,DSL,No,No,No,Yes,No,Yes,Month-to-month,Yes,Electronic check,0-12
0,1,1,0,1,70,89.0,6293.2,8,89.90285714285714,Female,Yes,Yes,Yes,Yes,DSL,Yes,Yes,Yes,Yes,Yes,Yes,Two year,Yes,Bank transfer (automatic),49-72
1,1,0,0,1,47,59.6,2754.0,4,58.59574468085106,Male,No,No,Yes,Yes,DSL,No,Yes,No,Yes,No,No,Two year,No,Bank transfer (automatic),25-48
0,1,0,0,1,64,89.45,5692.65,5,88.94765625,Male,Yes,No,Yes,Yes,Fiber optic,Yes,Yes,Yes,No,No,No,One year,No,Bank transfer (automatic),49-72
0,0,0,1,0,1,19.25,19.25,1,19.25,Female,No,No,Yes,No,No,No internet service,No internet service,No internet service,No internet service,No internet service,No internet service,Month-to-month,Yes,Bank transfer (automatic),0-12
0,1,1,0,1,65,108.65,6937.95,7,106.7376923076923,Male,Yes,Yes,Yes,Yes,Fiber optic,Yes,No,Yes,Yes,Yes,Yes,Two year,No,Bank transfer (automatic),49-72
0,1,1,0,1,61,51.35,3244.4,4,53.18688524590164,Female,Yes,Yes,No,No phone service,DSL,No,Yes,Yes,Yes,Yes,No,Two year,No,Credit card (automatic),49-72
0,1,1,1,0,2,61.2,125.95,3,62.975,Female,No,Yes,Yes,No,DSL,Yes,No,No,No,No,Yes,Month-to-month,Yes,Credit card (automatic),0-12
1,0,0,1,0,21,69.1,1474.75,1,70.22619047619048,Male,Yes,No,Yes,No,Fiber optic,No,No,No,No,No,No,Month-to-month,Yes,Electronic check,13-24
0,1,1,1,0,2,86.2,178.7,3,89.35,Female,No,No,Yes,No,Fiber optic,No,No,Yes,No,No,Yes,Month-to-month,Yes,Mailed check,0-12
0,1,1,1,1,39,86.3,3266.0,3,83.74358974358974,Male,Yes,Yes,Yes,No,Fiber optic,No,Yes,No,No,Yes,No,Month-to-month,Yes,Mailed check,25-48
0,1,1,0,1,37,99.2,3754.6,6,101.47567567567567,Female,Yes,No,Yes,Yes,Fiber optic,Yes,No,Yes,Yes,No,Yes,One year,Yes,Electronic check,25-48
0,1,1,1,0,8,94.2,777.3,4,97.1625,Female,Yes,Yes,Yes,No,Fiber optic,No,No,Yes,No,Yes,Yes,Month-to-month,Yes,Electronic check,0-12
1,1,1,0,1,54,110.45,6077.75,7,112.55092592592592,Male,Yes,No,Yes,Yes,Fiber optic,No,Yes,Yes,Yes,Yes,Yes,Two year,Yes,Electronic check,49-72
1,1,0,0,1,56,95.65,5471.75,6,97.70982142857143,Female,Yes,No,Yes,Yes,Fiber optic,Yes,Yes,Yes,Yes,No,No,One year,No,Electronic check,49-72
0,1,1,0,1,60,90.95,5453.4,4,90.89,Male,Yes,Yes,Yes,No,Fiber optic,No,Yes,Yes,No,Yes,No,One year,No,Electronic check,49-72
0,1,1,0,1,68,75.8,5293.95,6,77.85220588235293,Male,Yes,Yes,Yes,Yes,DSL,No,Yes,Yes,Yes,No,Yes,One year,Yes,Bank transfer (automatic),49-72
0,0,1,1,0,1,54.75,54.75,2,54.75,Female,No,No,Yes,No,DSL,No,No,No,No,No,Yes,Month-to-month,Yes,Mailed check,0-12
0,1,1,0,1,32,70.5,2201.75,5,68.8046875,Male,Yes,No,Yes,No,DSL,Yes,Yes,No,Yes,No,Yes,One year,No,Mailed check,25-48
0,1,1,0,1,71,109.3,7782.85,7,109.61760563380282,Male,Yes,Yes,Yes,No,Fiber optic,Yes,Yes,Yes,Yes,Yes,Yes,Two year,No,Credit card (automatic),49-72
0,0,1,1,0,3,84.75,264.85,3,88.28333333333335,Female,Yes,Yes,Yes,Yes,Fiber optic,No,No,No,No,No,Yes,Month-to-month,Yes,Bank transfer (automatic),0-12
0,1,1,0,1,71,116.1,8310.55,8,117.04999999999998,Male,Yes,No,Yes,Yes,Fiber optic,Yes,Yes,Yes,Yes,Yes,Yes,Two year,Yes,Bank transfer (automatic),49-72
0,0,0,1,0,1,19.75,19.75,1,19.75,Male,Yes,Yes,Yes,No,No,No internet service,No internet service,No internet service,No internet service,No internet service,No internet service,Month-to-month,No,Electronic check,0-12
0,0,1,1,0,20,89.0,1820.45,3,91.02250000000001,Male,Yes,No,Yes,No,Fiber optic,No,No,No,No,Yes,Yes,Month-to-month,Yes,Mailed check,13-24
0,0,1,1,0,18,35.0,553.0,1,30.72222222222222,Female,No,Yes,No,No phone service,DSL,No,No,No,No,No,Yes,Month-to-month,Yes,Electronic check,13-24
0,1,1,1,0,20,64.4,1398.6,4,69.92999999999999,Male,No,No,Yes,No,DSL,Yes,No,Yes,No,No,Yes,Month-to-month,No,Credit card (automatic),13-24
0,0,0,1,0,2,70.7,151.65,1,75.825,Female,No,No,Yes,No,Fiber optic,No,No,No,No,No,No,Month-to-month,Yes,Electronic check,0-12
0,1,1,1,1,40,96.35,3915.4,5,97.885,Female,Yes,Yes,Yes,Yes,Fiber optic,No,Yes,Yes,No,Yes,No,Month-to-month,Yes,Credit card (automatic),25-48
0,0,0,0,1,35,20.75,700.45,1,20.012857142857143,Female,No,No,Yes,No,No,No internet service,No internet service,No internet service,No internet service,No internet service,No internet service,One year,No,Mailed check,25-48
0,1,1,0,1,56,68.75,3815.4,5,68.13214285714285,Female,Yes,Yes,Yes,Yes,DSL,Yes,Yes,No,No,No,Yes,One year,No,Bank transfer (automatic),49-72
0,1,1,1,1,30,100.4,2936.25,5,97.875,Male,No,No,Yes,Yes,Fiber optic,Yes,No,No,No,Yes,Yes,Month-to-month,Yes,Bank transfer (automatic),25-48
0,1,1,0,1,72,83.55,6093.3,7,84.62916666666666,Male,Yes,Yes,Yes,Yes,DSL,Yes,No,Yes,Yes,Yes,Yes,Two year,Yes,Credit card (automatic),49-72
0,1,1,1,1,42,103.8,4327.5,6,103.03571428571429,Female,No,No,Yes,No,Fiber optic,No,Yes,Yes,Yes,Yes,Yes,Month-to-month,Yes,Bank transfer (automatic),25-48
0,1,1,0,0,21,71.05,1524.85,5,72.61190476190475,Female,No,No,Yes,No,DSL,Yes,Yes,No,Yes,Yes,No,Two year,No,Credit card (automatic),13-24
0,0,0,0,0,5,20.1,85.1,1,17.02,Male,Yes,Yes,Yes,No,No,No internet service,No internet service,No internet service,No internet service,No internet service,No internet service,One year,No,Mailed check,0-12
0,1,1,0,1,51,94.8,4837.6,5,94.85490196078432,Male,No,No,Yes,Yes,Fiber optic,Yes,Yes,No,No,Yes,No,One year,Yes,Electronic check,49-72
0,0,0,0,1,47,19.9,942.95,1,20.06276595744681,Male,Yes,No,Yes,No,No,No internet service,No internet service,No internet service,No internet service,No internet service,No internet service,One year,No,Bank transfer (automatic),25-48
0,0,0,0,1,46,20.2,917.45,1,19.944565217391304,Male,Yes,Yes,Yes,No,No,No internet service,No internet service,No internet service,No internet service,No internet service,No internet service,Two year,Yes,Mailed check,25-48
0,1,1,0,1,62,72.0,4284.2,5,69.1,Female,Yes,No,Yes,No,DSL,Yes,Yes,Yes,No,Yes,No,Two year,Yes,Credit card (automatic),49-72
0,1,1,0,0,19,87.7,1725.95,3,90.83947368421053,Male,No,No,Yes,No,Fiber optic,No,No,No,Yes,No,Yes,One year,Yes,Credit card (automatic),13-24
0,0,1,0,1,32,84.05,2781.85,3,86.9328125,Female,No,No,Yes,Yes,Fiber optic,No,No,No,No,Yes,No,One year,No,Electronic check,25-48
0,1,1,0,1,52,109.3,5731.4,7,110.21923076923076,Male,No,No,Yes,Yes,Fiber optic,Yes,No,Yes,Yes,Yes,Yes,Two year,Yes,Electronic check,49-72
0,0,0,0,0,4,19.5,96.85,1,24.2125,Male,Yes,Yes,Yes,No,No,No internet service,No internet service,No internet service,No internet service,No internet service,No internet service,Two year,No,Credit card (automatic),0-12
0,1,0,0,1,63,50.65,3221.25,2,51.13095238095238,Female,Yes,Yes,Yes,No,DSL,Yes,No,No,No,No,No,Two year,Yes,Bank transfer (automatic),49-72
0,1,0,1,0,10,54.5,568.2,3,56.82000000000001,Male,No,No,Yes,Yes,DSL,Yes,No,No,No,No,No,Month-to-month,Yes,Credit card (automatic),0-12
0,0,0,1,0,6,19.55,128.6,1,21.433333333333334,Male,No,Yes,Yes,No,No,No internet service,No internet service,No internet service,No internet service,No internet service,No internet service,Month-to-month,No,Mailed check,0-12
1,1,1,1,1,56,100.65,5688.05,5,101.57232142857143,Female,Yes,No,Yes,Yes,Fiber optic,No,No,Yes,No,Yes,Yes,Month-to-month,Yes,Bank transfer (automatic),49-72
0,1,1,1,1,54,69.9,3883.3,5,71.91296296296296,Male,No,No,Yes,No,DSL,Yes,Yes,No,Yes,Yes,No,Month-to-month,Yes,Mailed check,49-72
0,0,0,1,0,15,76.0,1130.85,2,75.39,Male,No,No,Yes,Yes,Fiber optic,No,No,No,No,No,No,Month-to-month,Yes,Mailed check,13-24
0,1,0,1,0,20,81.0,1683.7,3,84.185,Female,Yes,No,Yes,No,Fiber optic,No,No,Yes,Yes,No,No,Month-to-month,Yes,Mailed check,13-24
1,1,1,1,0,21,96.8,2030.3,4,96.68095238095238,Male,No,No,Yes,No,Fiber optic,No,No,Yes,No,Yes,Yes,Month-to-month,Yes,Bank transfer (automatic),13-24
0,1,0,1,1,25,54.3,1296.8,3,51.872,Male,Yes,Yes,Yes,No,DSL,Yes,No,No,Yes,No,No,Month-to-month,No,Electronic check,25-48
1,1,1,1,1,62,89.8,5629.55,4,90.7991935483871,Male,Yes,No,Yes,Yes,Fiber optic,No,Yes,No,No,No,Yes,Month-to-month,Yes,Bank transfer (automatic),49-72
0,1,1,1,1,66,105.2,6936.85,6,105.10378787878788,Female,Yes,No,Yes,Yes,Fiber optic,No,Yes,Yes,No,Yes,Yes,Month-to-month,Yes,Electronic check,49-72
0,1,1,1,1,59,106.75,6252.9,7,105.98135593220339,Male,Yes,No,Yes,Yes,Fiber optic,Yes,Yes,Yes,Yes,Yes,No,Month-to-month,Yes,Electronic check,49-72
0,1,1,0,1,71,105.55,7405.5,6,104.30281690140845,Male,Yes,Yes,Yes,Yes,Fiber optic,Yes,No,Yes,No,Yes,Yes,Two year,No,Electronic check,49-72
0,1,1,1,0,16,112.95,1882.55,7,117.659375,Female,Yes,Yes,Yes,Yes,Fiber optic,Yes,No,Yes,Yes,Yes,Yes,Month-to-month,Yes,Electronic check,13-24
0,1,1,0,1,31,64.0,1910.75,4,61.63709677419355,Female,Yes,No,Yes,No,DSL,Yes,No,No,Yes,No,Yes,One year,Yes,Electronic check,25-48
0,1,1,0,0,14,76.1,1054.8,6,75.34285714285714,Male,No,Yes,Yes,No,DSL,Yes,Yes,Yes,Yes,No,Yes,Two year,No,Bank transfer (automatic),13-24
0,0,0,0,0,11,20.0,196.35,1,17.849999999999998,Female,Yes,Yes,Yes,No,No,No internet service,No internet service,No internet service,No internet service,No internet service,No internet service,One year,Yes,Mailed check,0-12
1,1,0,1,0,4,29.9,118.25,1,29.5625,Male,Yes,No,No,No phone service,DSL,No,No,Yes,No,No,No,Month-to-month,Yes,Electronic check,0-12
0,1,1,1,1,30,89.9,2723.15,4,90.77166666666668,Male,No,No,Yes,Yes,Fiber optic,No,No,No,Yes,No,Yes,Month-to-month,Yes,Credit card (automatic),25-48
0,0,0,1,0,7,44.65,322.5,1,46.07142857142857,Male,No,No,Yes,No,DSL,No,No,No,No,No,No,Month-to-month,Yes,Bank transfer (automatic),0-12
0,1,0,0,1,44,59.85,2603.95,4,59.18068181818182,Male,Yes,No,Yes,No,DSL,Yes,Yes,No,Yes,No,No,One year,Yes,Bank transfer (automatic),25-48
0,0,0,0,1,42,20.7,828.85,1,19.73452380952381,Male,Yes,Yes,Yes,No,No,No internet service,No internet service,No internet service,No internet service,No internet service,No internet service,Two year,No,Mailed check,25-48
0,0,1,1,0,1,55.0,55.0,2,55.0,Male,No,No,Yes,No,DSL,No,No,No,No,No,Yes,Month-to-month,Yes,Electronic check,0-12
0,1,1,0,1,69,84.7,5878.9,7,85.20144927536231,Male,Yes,No,Yes,No,DSL,Yes,Yes,Yes,Yes,Yes,Yes,Two year,Yes,Mailed check,49-72
1,1,1,1,1,44,89.2,4040.2,4,91.82272727272726,Male,Yes,No,Yes,Yes,Fiber optic,No,No,Yes,No,Yes,No,Month-to-month,Yes,Electronic check,25-48
0,1,0,1,0,15,58.6,939.7,4,62.64666666666667,Male,No,No,Yes,Yes,DSL,No,Yes,No,Yes,No,No,Month-to-month,Yes,Credit card (automatic),13-24
0,0,0,0,1,54,20.0,1149.65,1,21.289814814814818,Male,No,No,Yes,No,No,No internet service,No internet service,No internet service,No internet service,No internet service,No internet service,Two year,No,Mailed check,49-72
0,0,0,0,0,21,19.6,397.0,1,18.904761904761905,Male,No,Yes,Yes,No,No,No internet service,No internet service,No internet service,No internet service,No internet service,No internet service,Two year,No,Mailed check,13-24
0,0,1,1,0,23,83.75,1849.95,3,80.43260869565218,Female,Yes,Yes,Yes,Yes,Fiber optic,No,No,No,No,Yes,No,Month-to-month,Yes,Electronic check,13-24
0,1,1,1,0,2,51.4,96.8,3,48.4,Female,No,No,No,No phone service,DSL,No,Yes,No,No,Yes,Yes,Month-to-month,No,Electronic check,0-12
0,0,0,1,0,7,69.55,521.35,1,74.47857142857143,Male,No,No,Yes,No,Fiber optic,No,No,No,No,No,No,Month-to-month,Yes,Electronic check,0-12
0,0,0,0,1,46,19.25,864.2,1,18.786956521739132,Female,Yes,Yes,Yes,No,No,No internet service,No internet service,No internet service,No internet service,No internet service,No internet service,Two year,Yes,Mailed check,25-48
1,1,0,1,0,7,64.2,475.0,5,67.85714285714286,Male,Yes,No,Yes,Yes,DSL,Yes,Yes,No,Yes,No,No,Month-to-month,No,Electronic check,0-12
0,1,0,0,1,48,55.5,2627.35,3,54.73645833333333,Female,No,No,Yes,No,DSL,Yes,Yes,No,No,No,No,Two year,No,Credit card (automatic),25-48
0,1,1,0,1,56,98.25,5508.35,5,98.36339285714287,Female,Yes,No,Yes,Yes,Fiber optic,No,Yes,No,No,Yes,Yes,One year,Yes,Electronic check,49-72
0,0,0,0,1,58,20.8,1212.25,1,20.900862068965516,Male,No,No,Yes,No,No,No internet service,No internet service,No internet service,No internet service,No internet service,No internet service,Two year,No,Mailed check,49-72
1,1,1,1,0,16,98.75,1587.55,5,99.221875,Male,Yes,No,Yes,Yes,Fiber optic,No,No,Yes,No,Yes,Yes,Month-to-month,Yes,Electronic check,13-24
0,0,0,1,0,1,21.05,21.05,1,21.05,Male,No,Yes,Yes,No,No,No internet service,No internet service,No internet service,No internet service,No internet service,No internet service,Month-to-month,Yes,Mailed check,0-12
0,1,0,0,1,58,60.3,3563.8,4,61.4448275862069,Male,Yes,No,Yes,No,DSL,Yes,Yes,Yes,No,No,No,One year,No,Credit card (automatic),49-72
0,0,0,0,1,24,20.15,456.85,1,19.035416666666666,Female,Yes,No,Yes,No,No,No internet service,No internet service,No internet service,No internet service,No internet service,No internet service,One year,No,Mailed check,13-24
0,1,0,1,1,26,79.3,2015.8,3,77.53076923076922,Female,Yes,No,Yes,Yes,Fiber optic,No,Yes,No,No,No,No,Month-to-month,No,Bank transfer (automatic),25-48
0,0,0,0,1,69,20.2,1376.5,1,19.94927536231884,Male,Yes,Yes,Yes,No,No,No internet service,No internet service,No internet service,No internet service,No internet service,No internet service,Two year,No,Bank transfer (automatic),49-72
0,0,1,1,0,8,84.9,764.95,3,95.61875,Female,Yes,No,Yes,Yes,Fiber optic,No,No,No,No,No,Yes,Month-to-month,Yes,Electronic check,0-12
0,1,1,0,1,58,45.35,2540.1,3,43.79482758620689,Female,Yes,No,No,No phone service,DSL,Yes,Yes,No,No,Yes,No,One year,Yes,Electronic check,49-72
0,0,0,1,0,22,20.55,469.85,1,21.356818181818184,Female,No,Yes,Yes,No,No,No internet service,No internet service,No internet service,No internet service,No internet service,No internet service,Month-to-month,Yes,Electronic check,13-24
0,1,1,0,1,70,101.0,7085.5,6,101.22142857142858,Male,Yes,No,Yes,No,Fiber optic,Yes,Yes,Yes,Yes,No,Yes,Two year,No,Credit card (automatic),49-72
0,0,0,0,0,12,25.4,313.0,2,26.083333333333332,Male,Yes,Yes,Yes,Yes,No,No internet service,No internet service,No internet service,No internet service,No internet service,No internet service,Two year,Yes,Bank transfer (automatic),0-12
0,0,0,0,0,4,19.9,76.65,1,19.1625,Male,Yes,Yes,Yes,No,No,No internet service,No internet service,No internet service,No internet service,No internet service,No internet service,Two year,No,Mailed check,0-12
0,0,0,1,0,5,24.95,100.4,0,20.080000000000002,Male,Yes,No,No,No phone service,DSL,No,No,No,No,No,No,Month-to-month,Yes,Electronic check,0-12
0,1,1,0,1,38,95.0,3605.6,5,94.88421052631578,Male,No,No,Yes,Yes,Fiber optic,No,No,Yes,Yes,Yes,No,One year,No,Bank transfer (automatic),25-48
0,1,0,1,0,2,80.45,137.1,3,68.55,Female,No,No,Yes,No,Fiber optic,Yes,No,Yes,No,No,No,Month-to-month,Yes,Electronic check,0-12
0,1,0,0,1,59,65.5,3801.3,5,64.42881355932204,Female,Yes,Yes,Yes,Yes,DSL,Yes,Yes,No,Yes,No,No,One year,No,Mailed check,49-72
0,1,1,1,1,47,90.05,4137.2,4,88.02553191489362,Male,Yes,Yes,Yes,No,Fiber optic,Yes,No,Yes,No,No,Yes,Month-to-month,No,Electronic check,25-48
0,1,0,0,0,21,60.25,1258.35,4,59.921428571428564,Female,No,No,Yes,No,DSL,Yes,No,Yes,Yes,No,No,One year,Yes,Electronic check,13-24
1,0,0,1,0,15,74.45,1145.7,2,76.38000000000001,Female,No,No,Yes,Yes,Fiber optic,No,No,No,No,No,No,Month-to-month,Yes,Mailed check,13-24
0,1,0,1,0,5,30.5,167.2,1,33.44,Female,Yes,Yes,No,No phone service,DSL,No,Yes,No,No,No,No,Month-to-month,Yes,Electronic check,0-12
0,1,1,1,0,15,59.45,892.65,3,59.51,Female,No,No,Yes,No,DSL,No,No,Yes,No,No,Yes,Month-to-month,Yes,Electronic check,13-24
0,1,1,0,1,72,104.45,7459.0,6,103.59722222222223,Male,Yes,Yes,Yes,Yes,Fiber optic,No,Yes,Yes,No,Yes,Yes,One year,Yes,Credit card (automatic),49-72
0,1,0,1,1,45,50.25,2221.55,2,49.36777777777778,Female,Yes,No,Yes,No,DSL,No,No,Yes,No,No,No,Month-to-month,Yes,Credit card (automatic),25-48
0,1,0,0,1,48,39.4,1978.65,3,41.221875000000004,Female,Yes,Yes,No,No phone service,DSL,Yes,Yes,No,Yes,No,No,Two year,No,Mailed check,25-48
1,1,1,1,0,17,101.8,1752.45,5,103.08529411764707,Male,No,No,Yes,No,Fiber optic,No,Yes,Yes,No,Yes,Yes,Month-to-month,Yes,Electronic check,13-24
0,1,0,1,1,27,50.35,1411.35,2,52.27222222222222,Male,No,No,Yes,No,DSL,Yes,No,No,No,No,No,Month-to-month,No,Mailed check,25-48
0,1,1,0,1,45,109.75,4900.65,7,108.90333333333332,Male,Yes,Yes,Yes,Yes,Fiber optic,No,Yes,Yes,Yes,Yes,Yes,Two year,Yes,Bank transfer (automatic),25-48
0,1,1,1,0,10,102.1,1068.85,6,106.88499999999999,Female,Yes,Yes,Yes,Yes,Fiber optic,No,Yes,Yes,No,Yes,Yes,Month-to-month,Yes,Credit card (automatic),0-12
0,1,0,1,0,1,49.3,49.3,2,49.3,Male,No,No,Yes,No,DSL,No,No,No,Yes,No,No,Month-to-month,Yes,Electronic check,0-12
0,1,1,1,0,22,94.95,2142.8,5,97.4,Male,No,No,Yes,No,Fiber optic,No,Yes,Yes,Yes,No,Yes,Month-to-month,Yes,Bank transfer (automatic),13-24
0,0,0,1,0,20,70.55,1493.55,1,74.6775,Male,No,No,Yes,No,Fiber optic,No,No,No,No,No,No,Month-to-month,No,Credit card (automatic),13-24
0,0,0,1,0,7,24.7,149.05,0,21.292857142857144,Female,Yes,Yes,No,No phone service,DSL,No,No,No,No,No,No,Month-to-month,Yes,Electronic check,0-12
0,1,0,1,0,1,50.7,50.7,2,50.7,Male,No,No,Yes,No,DSL,Yes,No,No,No,No,No,Month-to-month,Yes,Mailed check,0-12
0,1,0,1,1,24,53.6,1315.35,3,54.80625,Male,Yes,No,Yes,No,DSL,Yes,No,No,Yes,No,No,Month-to-month,No,Mailed check,13-24
0,0,0,0,1,68,24.0,1664.3,2,24.474999999999998,Male,Yes,Yes,Yes,Yes,No,No internet service,No internet service,No internet service,No internet service,No internet service,No internet service,Two year,Yes,Bank transfer (automatic),49-72
1,0,1,1,0,20,84.35,1745.2,3,87.26,Male,No,No,Yes,Yes,Fiber optic,No,No,No,No,Yes,No,Month-to-month,Yes,Electronic check,13-24
0,1,1,0,1,25,38.1,970.4,2,38.816,Male,Yes,No,No,No phone service,DSL,No,No,Yes,No,Yes,No,One year,Yes,Credit card (automatic),25-48
1,1,1,1,0,1,43.3,43.3,3,43.3,Male,No,No,No,No phone service,DSL,No,Yes,Yes,No,No,Yes,Month-to-month,Yes,Electronic check,0-12
1,1,1,1,1,64,43.85,2751.0,3,42.984375,Female,No,No,No,No phone service,DSL,No,Yes,No,Yes,Yes,No,Month-to-month,Yes,Electronic check,49-72
0,1,1,0,1,64,99.0,6375.8,5,99.621875,Female,Yes,No,Yes,No,Fiber optic,Yes,No,Yes,No,Yes,Yes,Two year,Yes,Bank transfer (automatic),49-72
0,0,0,1,0,20,25.55,507.4,2,25.369999999999997,Female,Yes,Yes,Yes,Yes,No,No internet service,No internet service,No internet service,No internet service,No internet service,No internet service,Month-to-month,Yes,Bank transfer (automatic),13-24
0,1,1,0,1,35,99.25,3532.0,5,100.91428571428571,Female,No,No,Yes,No,Fiber optic,No,No,Yes,Yes,Yes,Yes,One year,Yes,Electronic check,25-48
0,1,1,0,1,72,114.3,8058.55,8,111.92430555555556,Male,Yes,Yes,Yes,Yes,Fiber optic,Yes,Yes,Yes,Yes,Yes,Yes,Two year,Yes,Credit card (automatic),49-72
0,0,1,0,1,43,94.35,3921.3,4,91.19302325581396,Male,No,No,Yes,Yes,Fiber optic,No,No,No,No,Yes,Yes,One year,No,Mailed check,25-48
0,1,1,0,1,53,95.95,5036.9,5,95.03584905660377,Male,No,Yes,Yes,No,Fiber optic,Yes,Yes,Yes,No,No,Yes,One year,No,Electronic check,49-72
0,0,0,0,1,69,23.95,1713.1,2,24.827536231884057,Male,No,No,Yes,Yes,No,No internet service,No internet service,No internet service,No internet service,No internet service,No internet service,Two year,No,Bank transfer (automatic),49-72
0,1,0,1,0,1,49.65,49.65,2,49.65,Male,No,No,Yes,No,DSL,No,No,Yes,No,No,No,Month-to-month,Yes,Mailed check,0-12
0,1,1,1,1,32,93.4,2979.3,5,93.103125,Male,No,No,Yes,No,Fiber optic,Yes,Yes,Yes,No,No,Yes,Month-to-month,Yes,Credit card (automatic),25-48
0,0,0,0,1,71,19.1,1372.45,1,19.330281690140847,Female,Yes,No,Yes,No,No,No internet service,No internet service,No internet service,No internet service,No internet service,No internet service,Two year,No,Credit card (automatic),49-72
0,0,0,0,1,33,20.35,689.75,1,20.901515151515152,Male,No,No,Yes,No,No,No internet service,No internet service,No internet service,No internet service,No internet service,No internet service,Two year,No,Mailed check,25-48
0,0,0,1,0,10,19.85,193.05,1,19.305,Male,No,No,Yes,No,No,No internet service,No internet service,No internet service,No internet service,No internet service,No internet service,Month-to-month,Yes,Mailed check,0-12
0,0,0,1,1,37,26.45,911.6,2,24.63783783783784,Female,Yes,Yes,Yes,Yes,No,No internet service,No internet service,No internet service,No internet service,No internet service,No internet service,Month-to-month,No,Mailed check,25-48
0,1,1,1,0,7,71.35,515.75,5,73.67857142857143,Male,Yes,Yes,Yes,No,DSL,Yes,No,Yes,Yes,No,Yes,Month-to-month,Yes,Credit card (automatic),0-12
0,1,1,1,1,57,53.75,3196.0,4,56.07017543859649,Male,No,No,No,No phone service,DSL,Yes,No,Yes,No,Yes,Yes,Month-to-month,Yes,Electronic check,49-72
0,0,0,0,1,47,20.25,1029.8,1,21.91063829787234,Female,No,No,Yes,No,No,No internet service,No internet service,No internet service,No internet service,No internet service,No internet service,Two year,No,Credit card (automatic),25-48
0,0,0,1,0,5,68.95,351.5,1,70.3,Female,Yes,No,Yes,No,Fiber optic,No,No,No,No,No,No,Month-to-month,Yes,Electronic check,0-12
0,1,1,1,1,61,105.55,6281.45,6,102.97459016393442,Male,Yes,No,Yes,Yes,Fiber optic,No,Yes,Yes,No,Yes,Yes,Month-to-month,Yes,Electronic check,49-72
0,1,1,0,1,72,83.7,6096.9,7,84.67916666666666,Female,Yes,Yes,Yes,No,DSL,Yes,Yes,Yes,Yes,Yes,Yes,Two year,Yes,Bank transfer (automatic),49-72
0,0,0,0,1,35,19.6,686.95,1,19.627142857142857,Male,Yes,Yes,Yes,No,No,No internet service,No internet service,No internet service,No internet service,No internet service,No internet service,Two year,No,Mailed check,25-48
1,1,1,1,1,56,101.05,5594.0,5,99.89285714285714,Male,No,No,Yes,Yes,Fiber optic,No,No,Yes,No,Yes,Yes,Month-to-month,Yes,Electronic check,49-72
1,1,1,1,1,36,91.95,3301.05,4,91.69583333333334,Female,Yes,No,Yes,Yes,Fiber optic,No,Yes,No,No,Yes,No,Month-to-month,Yes,Credit card (automatic),25-48
0,1,1,1,0,20,98.55,2031.95,5,101.5975,Male,No,No,Yes,Yes,Fiber optic,No,No,No,Yes,Yes,Yes,Month-to-month,Yes,Mailed check,13-24
0,0,0,1,1,38,20.45,781.25,1,20.55921052631579,Female,Yes,Yes,Yes,No,No,No internet service,No internet service,No internet service,No internet service,No internet service,No internet service,Month-to-month,No,Mailed check,25-48
0,1,1,0,1,43,104.6,4759.85,6,110.69418604651163,Female,No,No,Yes,Yes,Fiber optic,No,Yes,Yes,No,Yes,Yes,Two year,Yes,Electronic check,25-48
1,1,1,1,0,8,87.1,713.6,3,89.2,Female,No,No,Yes,No,Fiber optic,No,Yes,No,No,Yes,No,Month-to-month,Yes,Electronic check,0-12
0,0,0,0,0,9,19.9,164.6,1,18.288888888888888,Male,No,No,Yes,No,No,No internet service,No internet service,No internet service,No internet service,No internet service,No internet service,One year,Yes,Electronic check,0-12
0,1,0,0,1,67,89.55,6038.55,5,90.12761194029851,Male,Yes,Yes,Yes,Yes,Fiber optic,Yes,Yes,No,Yes,No,No,One year,No,Electronic check,49-72
0,0,0,1,0,1,44.45,44.45,1,44.45,Male,No,No,Yes,No,DSL,No,No,No,No,No,No,Month-to-month,No,Mailed check,0-12
0,1,1,0,1,54,103.95,5639.05,6,104.42685185185185,Female,No,No,Yes,Yes,Fiber optic,Yes,No,Yes,No,Yes,Yes,One year,Yes,Bank transfer (automatic),49-72
1,0,0,1,0,1,20.05,20.05,1,20.05,Male,No,No,Yes,No,No,No internet service,No internet service,No internet service,No internet service,No internet service,No internet service,Month-to-month,No,Mailed check,0-12
0,1,0,1,0,23,84.4,1936.85,4,84.2108695652174,Female,Yes,Yes,Yes,No,Fiber optic,Yes,Yes,No,Yes,No,No,Month-to-month,No,Mailed check,13-24
1,1,1,1,0,20,94.1,1782.4,5,89.12,Female,No,No,Yes,Yes,Fiber optic,No,Yes,Yes,No,No,Yes,Month-to-month,Yes,Electronic check,13-24
0,0,1,1,0,14,84.8,1203.9,3,85.99285714285715,Female,Yes,Yes,Yes,Yes,Fiber optic,No,No,No,No,Yes,No,Month-to-month,Yes,Electronic check,13-24
1,1,0,1,0,18,49.85,865.75,2,48.09722222222222,Female,No,No,Yes,No,DSL,No,Yes,No,No,No,No,Month-to-month,Yes,Credit card (automatic),13-24
0,1,1,1,1,52,84.1,4348.65,3,83.6278846153846,Male,Yes,No,Yes,No,Fiber optic,Yes,No,No,No,Yes,No,Month-to-month,No,Electronic check,49-72
0,0,0,1,0,1,20.9,20.9,1,20.9,Female,No,No,Yes,No,No,No internet service,No internet service,No internet service,No internet service,No internet service,No internet service,Month-to-month,No,Mailed check,0-12
0,0,0,0,1,38,19.3,755.5,1,19.88157894736842,Female,No,No,Yes,No,No,No internet service,No internet service,No internet service,No internet service,No internet service,No internet service,One year,No,Mailed check,25-48
0,0,0,1,0,5,75.55,413.65,2,82.72999999999999,Female,No,No,Yes,Yes,Fiber optic,No,No,No,No,No,No,Month-to-month,No,Electronic check,0-12
0,0,0,1,0,1,19.6,19.6,1,19.6,Male,No,No,Yes,No,No,No internet service,No internet service,No internet service,No internet service,No internet service,No internet service,Month-to-month,Yes,Mailed check,0-12
1,0,1,1,1,26,93.6,2404.1,4,92.46538461538461,Male,No,No,Yes,Yes,Fiber optic,No,No,No,No,Yes,Yes,Month-to-month,Yes,Electronic check,25-48
1,1,1,0,1,66,108.1,7181.95,7,108.81742424242424,Female,Yes,No,Yes,Yes,Fiber optic,No,Yes,Yes,Yes,Yes,Yes,One year,Yes,Credit card (automatic),49-72
0,1,0,0,1,51,60.5,3121.45,4,61.20490196078431,Male,Yes,Yes,Yes,No,DSL,Yes,Yes,No,Yes,No,No,Two year,No,Credit card (automatic),49-72
0,0,0,1,0,10,75.05,786.3,2,78.63,Male,No,No,Yes,Yes,Fiber optic,No,No,No,No,No,No,Month-to-month,No,Electronic check,0-12
0,0,0,1,0,5,21.05,113.85,1,22.77,Male,No,No,Yes,No,No,No internet service,No internet service,No internet service,No internet service,No internet service,No internet service,Month-to-month,No,Mailed check,0-12
0,0,0,1,0,4,70.5,294.2,1,73.55,Male,Yes,No,Yes,No,Fiber optic,No,No,No,No,No,No,Month-to-month,No,Electronic check,0-12
0,1,1,1,1,59,94.75,5597.65,5,94.87542372881356,Female,Yes,No,Yes,Yes,Fiber optic,Yes,Yes,No,No,Yes,No,Month-to-month,Yes,Electronic check,49-72
1,0,0,1,0,5,74.35,334.8,2,66.96000000000001,Female,Yes,No,Yes,Yes,Fiber optic,No,No,No,No,No,No,Month-to-month,Yes,Electronic check,0-12
0,1,1,1,0,5,64.35,352.65,4,70.53,Female,No,No,Yes,No,DSL,Yes,No,No,Yes,Yes,No,Month-to-month,Yes,Electronic check,0-12
0,0,0,1,0,3,46.1,130.15,1,43.38333333333333,Female,Yes,No,Yes,No,DSL,No,No,No,No,No,No,Month-to-month,Yes,Mailed check,0-12
0,1,1,1,1,48,44.8,2104.55,3,43.84479166666667,Female,No,No,No,No phone service,DSL,Yes,Yes,No,No,Yes,No,Month-to-month,Yes,Electronic check,25-48
0,0,0,0,1,72,24.85,1871.85,2,25.997916666666665,Female,Yes,No,Yes,Yes,No,No internet service,No internet service,No internet service,No internet service,No internet service,No internet service,Two year,No,Credit card (automatic),49-72
0,1,0,1,0,12,79.8,1001.2,3,83.43333333333334,Female,No,No,Yes,Yes,Fiber optic,Yes,No,No,No,No,No,Month-to-month,Yes,Electronic check,0-12
1,1,1,1,0,2,95.1,180.25,5,90.125,Male,No,No,Yes,No,Fiber optic,No,Yes,Yes,Yes,No,Yes,Month-to-month,Yes,Credit card (automatic),0-12
0,1,1,0,1,72,109.15,7789.6,7,108.1888888888889,Female,Yes,No,Yes,Yes,Fiber optic,No,Yes,Yes,Yes,Yes,Yes,One year,No,Credit card (automatic),49-72
0,0,0,1,0,18,44.35,768.05,1,42.669444444444444,Male,Yes,No,Yes,No,DSL,No,No,No,No,No,No,Month-to-month,Yes,Bank transfer (automatic),13-24
0,1,1,0,1,45,81.0,3533.6,6,78.52444444444444,Female,Yes,Yes,Yes,No,DSL,Yes,No,Yes,Yes,Yes,Yes,Two year,Yes,Mailed check,25-48
0,0,0,1,1,31,76.05,2227.8,2,71.86451612903227,Female,No,No,Yes,Yes,Fiber optic,No,No,No,No,No,No,Month-to-month,Yes,Electronic check,25-48
0,0,0,1,0,10,20.0,198.7,1,19.869999999999997,Male,No,No,Yes,No,No,No internet service,No internet service,No internet service,No internet service,No internet service,No internet service,Month-to-month,No,Credit card (automatic),0-12
1,1,0,1,1,41,83.75,3273.55,4,79.84268292682927,Male,Yes,No,Yes,Yes,Fiber optic,Yes,No,Yes,No,No,No,Month-to-month,Yes,Bank transfer (automatic),25-48
0,0,0,1,0,2,49.4,106.55,2,53.275,Female,No,No,Yes,Yes,DSL,No,No,No,No,No,No,Month-to-month,Yes,Electronic check,0-12
0,0,0,1,0,2,68.95,119.75,1,59.875,Female,No,No,Yes,No,Fiber optic,No,No,No,No,No,No,Month-to-month,No,Electronic check,0-12
0,1,0,0,1,56,85.85,4793.8,4,85.60357142857143,Male,Yes,Yes,Yes,No,Fiber optic,No,Yes,Yes,Yes,No,No,One year,Yes,Mailed check,49-72
0,1,1,0,1,71,100.55,7113.75,5,100.19366197183099,Male,Yes,Yes,Yes,Yes,Fiber optic,No,Yes,No,No,Yes,Yes,One year,No,Bank transfer (automatic),49-72
0,0,0,0,1,25,19.6,411.15,1,16.445999999999998,Male,Yes,Yes,Yes,No,No,No internet service,No internet service,No internet service,No internet service,No internet service,No internet service,One year,No,Electronic check,25-48
0,0,0,0,0,11,19.55,223.15,1,20.286363636363635,Male,No,No,Yes,No,No,No internet service,No internet service,No internet service,No internet service,No internet service,No internet service,Two year,No,Credit card (automatic),0-12
0,1,1,1,0,12,89.55,1021.75,4,85.14583333333333,Male,No,No,Yes,Yes,Fiber optic,No,No,Yes,No,Yes,No,Month-to-month,Yes,Electronic check,0-12
0,1,1,0,1,72,82.15,5784.3,6,80.3375,Male,Yes,No,Yes,Yes,DSL,No,Yes,Yes,No,Yes,Yes,Two year,No,Bank transfer (automatic),49-72
0,1,1,0,1,71,113.15,7993.3,8,112.58169014084507,Female,No,No,Yes,Yes,Fiber optic,Yes,Yes,Yes,Yes,Yes,Yes,Two year,Yes,Credit card (automatic),49-72
1,1,0,1,1,27,30.75,805.1,1,29.81851851851852,Male,Yes,No,No,No phone service,DSL,Yes,No,No,No,No,No,Month-to-month,No,Credit card (automatic),25-48
0,1,1,1,0,14,50.75,712.75,3,50.910714285714285,Male,No,No,No,No phone service,DSL,No,No,Yes,No,Yes,Yes,Month-to-month,Yes,Electronic check,13-24
0,1,1,0,0,17,80.85,1445.95,6,85.05588235294118,Male,No,Yes,Yes,No,DSL,No,Yes,Yes,Yes,Yes,Yes,One year,No,Electronic check,13-24
0,1,1,0,1,33,103.75,3361.05,6,101.85000000000001,Female,Yes,No,Yes,No,Fiber optic,Yes,No,Yes,Yes,Yes,Yes,One year,Yes,Electronic check,25-48
1,0,1,1,0,10,85.55,851.75,3,85.175,Male,Yes,No,Yes,Yes,Fiber optic,No,No,No,No,No,Yes,Month-to-month,No,Electronic check,0-12
0,1,0,1,1,45,84.55,3713.95,4,82.53222222222222,Male,Yes,No,Yes,Yes,Fiber optic,Yes,No,Yes,No,No,No,Month-to-month,Yes,Mailed check,25-48
0,0,0,0,1,57,20.75,1118.8,1,19.628070175438594,Male,No,No,Yes,No,No,No internet service,No internet service,No internet service,No internet service,No internet service,No internet service,Two year,No,Mailed check,49-72
0,1,1,0,1,42,45.1,2049.05,3,48.786904761904765,Male,Yes,Yes,No,No phone service,DSL,No,Yes,Yes,No,No,Yes,One year,Yes,Credit card (automatic),25-48
0,0,0,1,0,1,45.4,45.4,1,45.4,Female,No,No,Yes,No,DSL,No,No,No,No,No,No,Month-to-month,Yes,Mailed check,0-12
0,1,0,1,0,8,49.55,393.45,2,49.18125,Male,Yes,No,Yes,No,DSL,No,Yes,No,No,No,No,Month-to-month,Yes,Bank transfer (automatic),0-12
1,0,0,1,1,24,20.3,459.95,1,19.164583333333333,Female,No,No,Yes,No,No,No internet service,No internet service,No internet service,No internet service,No internet service,No internet service,Month-to-month,Yes,Mailed check,13-24
0,1,1,1,1,24,81.0,1923.85,6,80.16041666666666,Male,Yes,Yes,Yes,Yes,DSL,Yes,No,No,Yes,Yes,Yes,Month-to-month,No,Bank transfer (automatic),13-24
0,0,0,0,1,32,19.8,607.7,1,18.990625,Male,No,No,Yes,No,No,No internet service,No internet service,No internet service,No internet service,No internet service,No internet service,One year,No,Mailed check,25-48
0,0,0,1,0,3,75.8,246.3,2,82.10000000000001,Female,No,No,Yes,Yes,Fiber optic,No,No,No,No,No,No,Month-to-month,Yes,Electronic check,0-12
1,0,1,1,1,50,95.7,4816.7,4,96.334,Male,No,No,Yes,Yes,Fiber optic,No,No,No,No,Yes,Yes,Month-to-month,Yes,Electronic check,49-72
0,1,0,1,0,12,49.2,571.15,2,47.59583333333333,Male,Yes,Yes,Yes,No,DSL,Yes,No,No,No,No,No,Month-to-month,Yes,Electronic check,0-12
0,0,1,1,0,10,88.85,929.45,3,92.94500000000001,Female,Yes,Yes,Yes,No,Fiber optic,No,No,No,No,Yes,Yes,Month-to-month,Yes,Electronic check,0-12
0,0,0,1,0,2,19.35,46.35,1,23.175,Male,No,No,Yes,No,No,No internet service,No internet service,No internet service,No internet service,No internet service,No internet service,Month-to-month,No,Mailed check,0-12
1,0,1,1,0,10,95.35,898.35,4,89.83500000000001,Male,No,No,Yes,Yes,Fiber optic,No,No,No,No,Yes,Yes,Month-to-month,Yes,Electronic check,0-12
0,0,1,1,0,9,95.5,829.1,4,92.12222222222222,Male,No,No,Yes,Yes,Fiber optic,No,No,No,No,Yes,Yes,Month-to-month,Yes,Electronic check,0-12
1,1,1,1,0,8,105.5,829.55,6,103.69375,Female,No,No,Yes,Yes,Fiber optic,No,Yes,Yes,No,Yes,Yes,Month-to-month,Yes,Electronic check,0-12
0,0,0,1,1,49,75.2,3678.3,2,75.06734693877551,Male,No,Yes,Yes,Yes,Fiber optic,No,No,No,No,No,No,Month-to-month,No,Credit card (automatic),49-72
0,1,0,1,0,7,74.65,544.55,2,77.79285714285713,Male,No,No,Yes,No,Fiber optic,No,No,Yes,No,No,No,Month-to-month,No,Mailed check,0-12
0,0,0,1,0,3,20.25,61.45,1,20.483333333333334,Male,No,No,Yes,No,No,No internet service,No internet service,No internet service,No internet service,No internet service,No internet service,Month-to-month,Yes,Electronic check,0-12
0,1,1,0,1,33,93.8,3124.5,4,94.68181818181819,Female,Yes,Yes,Yes,No,Fiber optic,No,No,Yes,No,Yes,Yes,One year,Yes,Electronic check,25-48
0,1,1,1,1,48,105.1,5083.55,6,105.90729166666667,Female,Yes,No,Yes,Yes,Fiber optic,No,Yes,No,Yes,Yes,Yes,Month-to-month,Yes,Credit card (automatic),25-48
0,1,0,1,0,3,74.45,221.1,2,73.7,Male,No,No,Yes,No,Fiber optic,No,Yes,No,No,No,No,Month-to-month,No,Credit card (automatic),0-12
0,1,1,0,1,40,54.55,2236.2,4,55.904999999999994,Female,No,No,No,No phone service,DSL,Yes,No,No,Yes,Yes,Yes,One year,Yes,Bank transfer (automatic),25-48
0,0,0,1,0,5,69.75,324.6,1,64.92,Male,No,No,Yes,No,Fiber optic,No,No,No,No,No,No,Month-to-month,Yes,Electronic check,0-12
0,0,1,1,0,5,94.85,462.8,4,92.56,Male,No,No,Yes,Yes,Fiber optic,No,No,No,No,Yes,Yes,Month-to-month,Yes,Bank transfer (automatic),0-12
0,1,1,1,0,3,107.95,313.6,6,104.53333333333335,Male,No,No,Yes,Yes,Fiber optic,No,Yes,Yes,No,Yes,Yes,Month-to-month,No,Mailed check,0-12
0,1,1,0,1,47,63.8,3007.25,4,63.984042553191486,Female,Yes,Yes,Yes,No,DSL,No,Yes,No,Yes,No,Yes,Two year,No,Bank transfer (automatic),25-48
0,0,0,0,1,38,24.25,914.4,2,24.063157894736843,Female,No,No,Yes,Yes,No,No internet service,No internet service,No internet service,No internet service,No internet service,No internet service,One year,Yes,Electronic check,25-48
0,1,1,0,1,67,50.9,3281.65,3,48.97985074626866,Male,Yes,Yes,No,No phone service,DSL,Yes,No,No,No,Yes,Yes,Two year,No,Credit card (automatic),49-72
0,0,0,0,0,19,20.25,383.65,1,20.192105263157895,Female,No,No,Yes,No,No,No internet service,No internet service,No internet service,No internet service,No internet service,No internet service,One year,No,Credit card (automatic),13-24
0,0,0,0,1,55,19.4,1083.0,1,19.69090909090909,Female,Yes,Yes,Yes,No,No,No internet service,No internet service,No internet service,No internet service,No internet service,No internet service,Two year,No,Credit card (automatic),49-72
0,1,1,0,1,70,106.15,7475.1,6,106.78714285714287,Male,Yes,Yes,Yes,No,Fiber optic,No,Yes,Yes,Yes,Yes,Yes,One year,Yes,Electronic check,49-72
0,1,0,0,1,58,50.3,2878.55,2,49.630172413793105,Male,Yes,No,Yes,No,DSL,No,No,Yes,No,No,No,One year,No,Credit card (automatic),49-72
0,1,1,1,0,8,94.7,740.3,4,92.5375,Male,No,No,Yes,No,Fiber optic,No,No,Yes,No,Yes,Yes,Month-to-month,Yes,Electronic check,0-12
0,0,1,1,0,4,80.85,302.75,2,75.6875,Female,Yes,Yes,Yes,No,Fiber optic,No,No,No,No,No,Yes,Month-to-month,No,Electronic check,0-12
0,1,0,1,0,2,49.25,97.0,2,48.5,Male,No,No,Yes,No,DSL,No,Yes,No,No,No,No,Month-to-month,No,Mailed check,0-12
0,1,0,1,0,13,49.95,587.45,2,45.18846153846154,Male,Yes,Yes,Yes,No,DSL,Yes,No,No,No,No,No,Month-to-month,Yes,Mailed check,13-24
0,0,0,1,0,3,69.65,220.1,1,73.36666666666666,Male,No,Yes,Yes,No,Fiber optic,No,No,No,No,No,No,Month-to-month,No,Electronic check,0-12
0,1,0,0,0,10,29.6,299.05,1,29.905,Female,No,No,No,No phone service,DSL,No,No,No,Yes,No,No,Two year,Yes,Mailed check,0-12
0,1,1,1,1,48,100.05,4834.0,5,100.70833333333333,Female,Yes,No,Yes,No,Fiber optic,No,No,Yes,Yes,Yes,Yes,Month-to-month,Yes,Credit card (automatic),25-48
1,0,0,1,0,9,74.05,678.45,2,75.38333333333334,Male,No,No,Yes,Yes,Fiber optic,No,No,No,No,No,No,Month-to-month,Yes,Electronic check,0-12
0,1,1,1,1,42,99.45,4138.05,6,98.525,Male,Yes,No,Yes,Yes,Fiber optic,No,Yes,Yes,Yes,No,Yes,Month-to-month,Yes,Electronic check,25-48
0,0,0,0,1,35,25.4,949.8,2,27.137142857142855,Female,Yes,Yes,Yes,Yes,No,No internet service,No internet service,No internet service,No internet service,No internet service,No internet service,Two year,Yes,Credit card (automatic),25-48
1,1,0,1,0,2,54.85,104.2,3,52.1,Female,No,No,Yes,No,DSL,Yes,Yes,No,No,No,No,Month-to-month,No,Mailed check,0-12
0,1,0,0,1,69,35.75,2492.25,2,36.119565217391305,Male,No,No,No,No phone service,DSL,No,Yes,Yes,No,No,No,One year,Yes,Bank transfer (automatic),49-72
0,0,0,1,0,1,19.45,19.45,1,19.45,Female,Yes,Yes,Yes,No,No,No internet service,No internet service,No internet service,No internet service,No internet service,No internet service,Month-to-month,No,Mailed check,0-12
0,1,0,1,0,6,50.05,288.35,2,48.05833333333334,Male,No,No,Yes,No,DSL,No,No,No,Yes,No,No,Month-to-month,No,Mailed check,0-12
0,0,0,1,0,1,19.75,19.75,1,19.75,Female,No,No,Yes,No,No,No internet service,No internet service,No internet service,No internet service,No internet service,No internet service,Month-to-month,No,Electronic check,0-12
0,0,0,0,1,43,26.45,1110.05,2,25.815116279069766,Male,No,No,Yes,Yes,No,No internet service,No internet service,No internet service,No internet service,No internet service,No internet service,Two year,No,Bank transfer (automatic),25-48
0,0,0,0,1,24,24.2,609.05,2,25.37708333333333,Male,Yes,Yes,Yes,Yes,No,No internet service,No internet service,No internet service,No internet service,No internet service,No internet service,Two year,No,Mailed check,13-24
0,0,0,1,0,9,20.4,181.8,1,20.200000000000003,Male,No,No,Yes,No,No,No internet service,No internet service,No internet service,No internet service,No internet service,No internet service,Month-to-month,No,Mailed check,0-12
0,1,1,1,0,23,96.9,2085.45,5,90.67173913043477,Male,No,No,Yes,Yes,Fiber optic,No,No,Yes,Yes,Yes,No,Month-to-month,Yes,Credit card (automatic),13-24
1,0,0,0,1,70,19.55,1462.05,1,20.88642857142857,Female,Yes,No,Yes,No,No,No internet service,No internet service,No internet service,No internet service,No internet service,No internet service,Two year,Yes,Credit card (automatic),49-72
0,1,0,1,0,12,78.95,927.35,3,77.27916666666667,Female,No,No,Yes,Yes,Fiber optic,Yes,No,No,No,No,No,Month-to-month,Yes,Electronic check,0-12
0,0,0,1,1,46,72.8,3249.4,2,70.63913043478261,Male,No,No,Yes,Yes,Fiber optic,No,No,No,No,No,No,Month-to-month,No,Bank transfer (automatic),25-48
0,0,0,0,1,52,19.2,1054.75,1,20.283653846153847,Male,Yes,Yes,Yes,No,No,No internet service,No internet service,No internet service,No internet service,No internet service,No internet service,Two year,No,Mailed check,49-72
0,0,0,0,1,72,24.3,1643.25,2,22.822916666666668,Male,Yes,Yes,Yes,Yes,No,No internet service,No internet service,No internet service,No internet service,No internet service,No internet service,Two year,No,Bank transfer (automatic),49-72
0,1,0,1,0,18,80.65,1451.9,3,80.66111111111111,Male,No,No,Yes,Yes,Fiber optic,No,Yes,No,No,No,No,Month-to-month,Yes,Electronic check,13-24
0,1,1,0,0,16,68.25,1114.85,5,69.678125,Female,Yes,Yes,Yes,No,DSL,Yes,Yes,No,Yes,No,Yes,Two year,No,Bank transfer (automatic),13-24
0,1,1,0,1,64,68.3,4378.8,5,68.41875,Female,Yes,No,Yes,No,DSL,No,Yes,Yes,Yes,No,Yes,Two year,Yes,Mailed check,49-72
0,0,0,1,0,2,46.6,87.9,1,43.95,Male,No,No,Yes,No,DSL,No,No,No,No,No,No,Month-to-month,Yes,Bank transfer (automatic),0-12
0,1,0,0,1,72,90.45,6565.85,5,91.19236111111111,Male,Yes,Yes,Yes,Yes,Fiber optic,No,Yes,Yes,Yes,No,No,Two year,No,Bank transfer (automatic),49-72
0,1,0,0,1,63,40.6,2588.95,3,41.09444444444444,Male,No,Yes,No,No phone service,DSL,Yes,Yes,No,Yes,No,No,One year,Yes,Bank transfer (automatic),49-72
0,0,0,1,0,1,70.3,70.3,1,70.3,Female,No,No,Yes,No,Fiber optic,No,No,No,No,No,No,Month-to-month,Yes,Electronic check,0-12
0,0,0,1,0,1,20.15,20.15,1,20.15,Male,No,No,Yes,No,No,No internet service,No internet service,No internet service,No internet service,No internet service,No internet service,Month-to-month,No,Mailed check,0-12
0,1,0,0,1,59,34.8,1980.3,2,33.56440677966101,Male,Yes,Yes,No,No phone service,DSL,Yes,No,Yes,No,No,No,One year,No,Mailed check,49-72
0,1,0,1,1,51,80.75,4116.9,3,80.7235294117647,Female,Yes,Yes,Yes,Yes,Fiber optic,No,No,No,Yes,No,No,Month-to-month,Yes,Electronic check,49-72
0,1,1,0,0,6,63.4,348.8,6,58.13333333333333,Female,No,No,No,No phone service,DSL,Yes,Yes,Yes,Yes,Yes,Yes,Two year,Yes,Mailed check,0-12
0,1,1,0,1,57,69.75,3894.4,5,68.32280701754387,Female,No,No,Yes,No,DSL,No,Yes,Yes,Yes,Yes,No,Two year,No,Mailed check,49-72
1,1,1,0,1,46,100.25,4753.85,5,103.3445652173913,Female,Yes,No,Yes,Yes,Fiber optic,No,No,No,Yes,Yes,Yes,One year,No,Electronic check,25-48
0,1,1,1,0,14,55.0,771.95,4,55.13928571428572,Male,No,No,No,No phone service,DSL,No,No,Yes,Yes,Yes,Yes,Month-to-month,Yes,Electronic check,13-24
0,1,0,1,0,11,53.75,608.0,3,55.27272727272727,Male,No,No,Yes,Yes,DSL,No,No,Yes,No,No,No,Month-to-month,No,Electronic check,0-12
0,0,0,1,0,3,20.0,61.7,1,20.566666666666666,Female,No,No,Yes,No,No,No internet service,No internet service,No internet service,No internet service,No internet service,No internet service,Month-to-month,Yes,Mailed check,0-12
0,1,1,0,1,40,63.9,2635.0,4,65.875,Female,Yes,No,Yes,Yes,DSL,No,Yes,No,No,Yes,No,One year,No,Bank transfer (automatic),25-48
0,1,0,1,1,33,79.0,2576.8,3,78.0848484848485,Male,No,No,Yes,No,Fiber optic,No,Yes,Yes,No,No,No,Month-to-month,Yes,Credit card (automatic),25-48
0,1,0,1,0,9,81.15,784.45,3,87.16111111111111,Male,No,No,Yes,Yes,Fiber optic,Yes,No,No,No,No,No,Month-to-month,Yes,Electronic check,0-12
0,1,0,1,0,22,61.15,1422.05,4,64.63863636363637,Female,Yes,Yes,Yes,No,DSL,Yes,Yes,Yes,No,No,No,Month-to-month,No,Mailed check,13-24
0,0,0,0,0,15,19.6,331.6,1,22.10666666666667,Female,No,No,Yes,No,No,No internet service,No internet service,No internet service,No internet service,No internet service,No internet service,Two year,No,Mailed check,13-24
0,0,0,0,0,0,25.75,0.0,2,25.75,Male,Yes,Yes,Yes,Yes,No,No internet service,No internet service,No internet service,No internet service,No internet service,No internet service,Two year,No,Mailed check,0-12
0,1,0,1,0,3,73.6,232.5,2,77.5,Male,No,No,Yes,No,Fiber optic,No,No,Yes,No,No,No,Month-to-month,Yes,Credit card (automatic),0-12
0,1,1,1,0,13,83.2,1060.6,3,81.58461538461538,Male,No,No,Yes,No,Fiber optic,No,No,Yes,No,Yes,No,Month-to-month,Yes,Electronic check,13-24
0,0,0,1,0,21,20.0,417.7,1,19.89047619047619,Male,No,No,Yes,No,No,No internet service,No internet service,No internet service,No internet service,No internet service,No internet service,Month-to-month,No,Mailed check,13-24
0,1,1,1,0,6,59.45,357.6,3,59.6,Male,No,No,Yes,No,DSL,No,Yes,No,No,Yes,No,Month-to-month,No,Electronic check,0-12
0,1,0,1,0,8,75.6,535.55,2,66.94375,Female,No,No,Yes,No,Fiber optic,No,Yes,No,No,No,No,Month-to-month,No,Electronic check,0-12
0,1,0,1,0,3,50.5,147.75,2,49.25,Male,No,No,Yes,No,DSL,No,No,No,Yes,No,No,Month-to-month,Yes,Mailed check,0-12
0,0,0,0,1,63,19.55,1245.6,1,19.77142857142857,Male,Yes,Yes,Yes,No,No,No internet service,No internet service,No internet service,No internet service,No internet service,No internet service,Two year,No,Mailed check,49-72
0,0,0,0,1,50,19.85,943.1,1,18.862000000000002,Female,Yes,No,Yes,No,No,No internet service,No internet service,No internet service,No internet service,No internet service,No internet service,One year,Yes,Bank transfer (automatic),49-72
0,1,1,1,1,65,111.05,7107.0,7,109.33846153846154,Female,No,No,Yes,Yes,Fiber optic,Yes,Yes,Yes,No,Yes,Yes,Month-to-month,Yes,Credit card (automatic),49-72
1,1,0,1,1,44,73.85,3122.4,2,70.96363636363637,Male,No,No,Yes,No,Fiber optic,No,No,Yes,No,No,No,Month-to-month,No,Electronic check,25-48
0,1,0,1,0,2,49.05,91.1,2,45.55,Female,No,No,Yes,No,DSL,No,Yes,No,No,No,No,Month-to-month,Yes,Credit card (automatic),0-12
0,0,1,1,0,10,79.95,857.2,2,85.72,Male,Yes,No,Yes,No,Fiber optic,No,No,No,No,Yes,No,Month-to-month,Yes,Electronic check,0-12
1,1,1,1,1,47,100.05,4871.05,5,103.63936170212766,Male,Yes,No,Yes,Yes,Fiber optic,No,No,Yes,No,Yes,Yes,Month-to-month,Yes,Electronic check,25-48
0,1,1,0,1,69,95.75,6511.25,5,94.3659420289855,Male,Yes,Yes,Yes,Yes,Fiber optic,No,Yes,Yes,No,Yes,No,One year,No,Credit card (automatic),49-72
0,0,1,1,1,25,34.0,853.0,1,34.12,Female,Yes,No,No,No phone service,DSL,No,No,No,No,Yes,No,Month-to-month,Yes,Bank transfer (automatic),25-48
0,1,1,1,0,12,50.95,605.75,4,50.479166666666664,Male,No,No,No,No phone service,DSL,Yes,Yes,No,Yes,Yes,No,Month-to-month,Yes,Bank transfer (automatic),0-12
1,0,0,0,1,72,25.0,1802.55,2,25.035416666666666,Male,Yes,No,Yes,Yes,No,No internet service,No internet service,No internet service,No internet service,No internet service,No internet service,Two year,Yes,Bank transfer (automatic),49-72
0,0,0,1,1,31,25.0,789.2,0,25.458064516129035,Male,No,Yes,No,No phone service,DSL,No,No,No,No,No,No,Month-to-month,No,Credit card (automatic),25-48
0,0,0,1,0,1,69.4,69.4,1,69.4,Female,Yes,No,Yes,No,Fiber optic,No,No,No,No,No,No,Month-to-month,Yes,Mailed check,0-12
0,1,1,0,1,26,47.85,1190.5,4,45.78846153846154,Female,Yes,No,No,No phone service,DSL,Yes,Yes,Yes,No,Yes,No,One year,No,Bank transfer (automatic),25-48
0,1,1,1,0,8,83.55,680.05,3,85.00625,Female,Yes,Yes,Yes,No,Fiber optic,No,Yes,No,No,Yes,No,Month-to-month,Yes,Electronic check,0-12
1,1,1,1,1,35,94.55,3365.4,5,96.15428571428572,Male,Yes,No,Yes,Yes,Fiber optic,Yes,Yes,No,No,No,Yes,Month-to-month,Yes,Electronic check,25-48
0,1,1,0,1,28,100.2,2688.45,5,96.01607142857142,Male,No,No,Yes,Yes,Fiber optic,No,Yes,No,No,Yes,Yes,One year,No,Electronic check,25-48
0,1,1,0,0,21,104.55,2239.4,6,106.63809523809525,Female,No,No,Yes,No,Fiber optic,No,Yes,Yes,Yes,Yes,Yes,One year,Yes,Mailed check,13-24
0,0,1,1,0,13,66.4,831.75,3,63.98076923076923,Male,No,Yes,Yes,No,DSL,No,No,No,No,Yes,Yes,Month-to-month,No,Credit card (automatic),13-24
0,1,1,0,1,72,98.65,7129.45,6,99.02013888888888,Female,Yes,Yes,Yes,Yes,Fiber optic,No,Yes,Yes,Yes,No,Yes,Two year,Yes,Bank transfer (automatic),49-72
0,0,0,1,0,1,44.4,44.4,1,44.4,Female,No,No,Yes,No,DSL,No,No,No,No,No,No,Month-to-month,No,Mailed check,0-12
0,0,0,0,1,70,19.85,1433.8,1,20.482857142857142,Male,Yes,No,Yes,No,No,No internet service,No internet service,No internet service,No internet service,No internet service,No internet service,Two year,No,Credit card (automatic),49-72
0,1,1,1,0,3,63.6,155.65,4,51.88333333333333,Female,No,No,Yes,Yes,DSL,No,No,No,Yes,Yes,No,Month-to-month,Yes,Electronic check,0-12
0,1,1,1,0,13,67.8,842.25,5,64.78846153846153,Female,No,No,Yes,No,DSL,Yes,Yes,No,Yes,No,Yes,Month-to-month,No,Bank transfer (automatic),13-24
1,1,1,0,1,67,116.1,7839.85,8,117.01268656716418,Male,No,No,Yes,Yes,Fiber optic,Yes,Yes,Yes,Yes,Yes,Yes,Two year,Yes,Credit card (automatic),49-72
0,1,1,0,1,48,70.55,3420.5,5,71.26041666666667,Male,Yes,No,Yes,Yes,DSL,No,Yes,Yes,No,No,Yes,One year,Yes,Credit card (automatic),25-48
1,1,1,1,1,41,104.4,4133.95,6,100.8280487804878,Female,No,No,Yes,Yes,Fiber optic,No,Yes,Yes,No,Yes,Yes,Month-to-month,Yes,Electronic check,25-48
0,1,1,0,1,57,74.3,4166.35,6,73.09385964912282,Female,No,No,Yes,No,DSL,Yes,Yes,Yes,Yes,Yes,No,Two year,Yes,Credit card (automatic),49-72
0,0,0,1,0,1,44.95,44.95,1,44.95,Male,No,No,Yes,No,DSL,No,No,No,No,No,No,Month-to-month,Yes,Mailed check,0-12
0,0,0,0,1,40,24.6,973.95,2,24.348750000000003,Male,No,No,Yes,Yes,No,No internet service,No internet service,No internet service,No internet service,No internet service,No internet service,Two year,Yes,Mailed check,25-48
1,0,0,1,0,1,75.75,75.75,2,75.75,Male,No,No,Yes,Yes,Fiber optic,No,No,No,No,No,No,Month-to-month,Yes,Electronic check,0-12
0,0,0,0,0,23,19.65,436.9,1,18.995652173913044,Male,Yes,Yes,Yes,No,No,No internet service,No internet service,No internet service,No internet service,No internet service,No internet service,One year,No,Mailed check,13-24
0,1,0,0,1,44,61.5,2722.2,4,61.86818181818182,Female,Yes,No,Yes,No,DSL,Yes,Yes,Yes,No,No,No,One year,Yes,Mailed check,25-48
0,1,0,1,0,9,79.35,661.25,3,73.47222222222223,Male,Yes,Yes,Yes,Yes,Fiber optic,No,No,Yes,No,No,No,Month-to-month,Yes,Bank transfer (automatic),0-12
0,1,0,1,1,29,80.15,2265.25,3,78.11206896551724,Male,Yes,No,Yes,Yes,Fiber optic,No,Yes,No,No,No,No,Month-to-month,Yes,Bank transfer (automatic),25-48
0,1,0,1,0,17,55.5,934.15,3,54.949999999999996,Male,No,No,Yes,No,DSL,Yes,Yes,No,No,No,No,Month-to-month,Yes,Credit card (automatic),13-24
0,1,1,0,1,26,59.45,1507.0,3,57.96153846153846,Male,No,No,Yes,No,DSL,No,No,No,Yes,Yes,No,One year,No,Credit card (automatic),25-48
0,1,1,0,1,44,70.95,3250.45,5,73.87386363636364,Male,Yes,No,Yes,No,DSL,No,Yes,Yes,Yes,Yes,No,One year,Yes,Electronic check,25-48
0,1,1,0,1,36,106.05,3834.4,7,106.51111111111112,Female,Yes,No,Yes,Yes,Fiber optic,Yes,Yes,Yes,Yes,No,Yes,Two year,Yes,Credit card (automatic),25-48
0,1,0,0,1,68,83.65,5733.4,4,84.31470588235294,Female,Yes,Yes,Yes,Yes,Fiber optic,No,Yes,No,Yes,No,No,One year,Yes,Bank transfer (automatic),49-72
0,1,0,1,0,5,34.25,163.55,2,32.71,Female,Yes,Yes,No,No phone service,DSL,No,Yes,No,Yes,No,No,Month-to-month,No,Electronic check,0-12
1,1,1,1,1,51,97.8,4913.3,5,96.33921568627451,Male,No,No,Yes,Yes,Fiber optic,No,No,Yes,No,Yes,Yes,Month-to-month,Yes,Electronic check,49-72
0,1,1,0,1,57,89.55,5012.35,8,87.93596491228071,Male,No,Yes,Yes,Yes,DSL,Yes,Yes,Yes,Yes,Yes,Yes,Two year,No,Mailed check,49-72
0,1,1,0,1,72,67.2,4671.7,6,64.88472222222222,Male,No,Yes,No,No phone service,DSL,Yes,Yes,Yes,Yes,Yes,Yes,Two year,No,Credit card (automatic),49-72
0,0,0,1,0,11,45.9,521.9,1,47.445454545454545,Male,Yes,No,Yes,No,DSL,No,No,No,No,No,No,Month-to-month,Yes,Bank transfer (automatic),0-12
0,1,1,1,0,3,58.7,168.6,3,56.199999999999996,Female,Yes,Yes,Yes,No,DSL,No,Yes,No,No,Yes,No,Month-to-month,Yes,Credit card (automatic),0-12
1,1,0,1,0,22,81.7,1820.9,3,82.76818181818182,Female,No,No,Yes,No,Fiber optic,Yes,Yes,No,No,No,No,Month-to-month,No,Electronic check,13-24
0,0,0,0,1,59,20.6,1286.0,1,21.796610169491526,Female,Yes,Yes,Yes,No,No,No internet service,No internet service,No internet service,No internet service,No internet service,No internet service,Two year,No,Mailed check,49-72
0,1,1,0,1,61,103.9,6449.15,6,105.72377049180328,Male,Yes,Yes,Yes,No,Fiber optic,No,Yes,Yes,Yes,Yes,Yes,One year,No,Credit card (automatic),49-72
1,1,0,0,1,59,82.95,4903.15,4,83.1042372881356,Male,Yes,No,Yes,No,Fiber optic,Yes,Yes,Yes,No,No,No,One year,Yes,Credit card (automatic),49-72
0,1,1,1,1,36,94.8,3565.65,4,99.04583333333333,Female,No,No,Yes,No,Fiber optic,No,Yes,No,No,Yes,Yes,Month-to-month,Yes,Credit card (automatic),25-48
0,0,0,1,0,5,20.25,109.8,1,21.96,Male,No,No,Yes,No,No,No internet service,No internet service,No internet service,No internet service,No internet service,No internet service,Month-to-month,No,Mailed check,0-12
0,0,0,1,0,1,50.15,50.15,2,50.15,Male,No,No,Yes,Yes,DSL,No,No,No,No,No,No,Month-to-month,Yes,Electronic check,0-12
1,0,0,1,0,12,73.3,828.05,2,69.00416666666666,Male,No,No,Yes,Yes,Fiber optic,No,No,No,No,No,No,Month-to-month,Yes,Credit card (automatic),0-12
0,0,0,1,0,1,20.65,20.65,1,20.65,Male,No,No,Yes,No,No,No internet service,No internet service,No internet service,No internet service,No internet service,No internet service,Month-to-month,No,Electronic check,0-12
0,1,1,0,1,40,70.75,2921.75,5,73.04375,Male,Yes,No,Yes,Yes,DSL,No,Yes,No,Yes,Yes,No,One year,No,Credit card (automatic),25-48
0,1,1,1,1,42,92.15,3875.4,4,92.27142857142857,Female,Yes,Yes,Yes,No,Fiber optic,No,No,Yes,No,Yes,Yes,Month-to-month,Yes,Electronic check,25-48
0,0,0,0,1,69,19.7,1396.9,1,20.244927536231884,Female,Yes,Yes,Yes,No,No,No internet service,No internet service,No internet service,No internet service,No internet service,No internet service,Two year,No,Bank transfer (automatic),49-72
0,1,1,1,1,28,64.4,1802.15,4,64.3625,Male,Yes,Yes,Yes,Yes,DSL,No,Yes,No,No,No,Yes,Month-to-month,No,Electronic check,25-48
0,1,1,0,1,58,99.15,5720.95,5,98.63706896551724,Male,No,No,Yes,No,Fiber optic,Yes,Yes,No,No,Yes,Yes,One year,No,Bank transfer (automatic),49-72
0,1,1,0,1,71,116.25,8564.75,8,120.63028169014085,Male,Yes,No,Yes,Yes,Fiber optic,Yes,Yes,Yes,Yes,Yes,Yes,Two year,Yes,Electronic check,49-72
0,1,1,0,1,70,80.6,5460.2,6,78.00285714285714,Female,Yes,Yes,Yes,Yes,DSL,Yes,No,No,Yes,Yes,Yes,Two year,Yes,Bank transfer (automatic),49-72
0,0,0,0,1,52,24.8,1229.1,2,23.63653846153846,Male,Yes,Yes,Yes,Yes,No,No internet service,No internet service,No internet service,No internet service,No internet service,No internet service,Two year,No,Mailed check,49-72
0,0,0,1,0,18,25.55,467.85,0,25.991666666666667,Male,Yes,Yes,No,No phone service,DSL,No,No,No,No,No,No,Month-to-month,No,Credit card (automatic),13-24
0,1,1,0,1,72,82.3,5980.55,7,83.06319444444445,Male,Yes,No,Yes,Yes,DSL,Yes,Yes,Yes,Yes,No,Yes,Two year,Yes,Bank transfer (automatic),49-72
0,1,0,1,0,18,49.4,874.8,2,48.599999999999994,Male,No,No,Yes,No,DSL,Yes,No,No,No,No,No,Month-to-month,No,Electronic check,13-24
0,1,1,0,1,57,70.35,4124.65,5,72.36228070175439,Female,Yes,No,Yes,No,DSL,Yes,Yes,No,Yes,Yes,No,Two year,Yes,Credit card (automatic),49-72
0,1,0,1,1,27,56.7,1652.95,3,61.220370370370375,Female,No,No,Yes,No,DSL,Yes,Yes,No,No,No,No,Month-to-month,Yes,Mailed check,25-48
0,1,1,1,1,24,104.65,2542.45,6,105.93541666666665,Male,Yes,No,Yes,Yes,Fiber optic,No,Yes,Yes,No,Yes,Yes,Month-to-month,Yes,Electronic check,13-24
0,0,0,0,0,10,20.45,242.4,1,24.240000000000002,Male,Yes,Yes,Yes,No,No,No internet service,No internet service,No internet service,No internet service,No internet service,No internet service,One year,No,Mailed check,0-12
0,0,0,0,1,72,24.9,1859.2,2,25.822222222222223,Female,Yes,Yes,Yes,Yes,No,No internet service,No internet service,No internet service,No internet service,No internet service,No internet service,Two year,No,Mailed check,49-72
0,0,0,1,0,7,25.05,152.95,2,21.849999999999998,Male,No,No,Yes,Yes,No,No internet service,No internet service,No internet service,No internet service,No internet service,No internet service,Month-to-month,Yes,Bank transfer (automatic),0-12
0,1,1,0,1,54,70.7,3770.0,5,69.81481481481481,Male,Yes,Yes,Yes,Yes,DSL,No,Yes,No,Yes,Yes,No,One year,Yes,Electronic check,49-72
1,1,0,1,1,44,85.15,3670.5,4,83.42045454545455,Female,Yes,No,Yes,No,Fiber optic,Yes,Yes,No,Yes,No,No,Month-to-month,Yes,Electronic check,25-48
0,0,1,0,1,56,80.9,4557.5,2,81.38392857142857,Male,Yes,No,Yes,No,Fiber optic,No,No,No,No,No,Yes,One year,Yes,Electronic check,49-72
0,0,0,1,0,1,19.55,19.55,1,19.55,Male,No,No,Yes,No,No,No internet service,No internet service,No internet service,No internet service,No internet service,No internet service,Month-to-month,No,Mailed check,0-12
0,1,1,0,1,72,111.6,8012.75,7,111.28819444444444,Female,No,No,Yes,Yes,Fiber optic,No,Yes,Yes,Yes,Yes,Yes,Two year,Yes,Bank transfer (automatic),49-72
0,1,0,1,0,12,78.3,909.25,3,75.77083333333333,Female,No,Yes,Yes,Yes,Fiber optic,Yes,No,No,No,No,No,Month-to-month,Yes,Electronic check,0-12
0,1,0,0,1,28,54.35,1426.45,3,50.94464285714286,Male,Yes,No,Yes,No,DSL,Yes,No,No,Yes,No,No,One year,No,Mailed check,25-48
0,1,1,0,1,72,104.15,7303.05,6,101.43125,Female,Yes,Yes,Yes,Yes,Fiber optic,Yes,Yes,No,No,Yes,Yes,One year,Yes,Electronic check,49-72
1,1,0,1,0,5,50.35,237.25,2,47.45,Male,No,No,Yes,No,DSL,No,No,Yes,No,No,No,Month-to-month,No,Electronic check,0-12
0,1,0,1,1,30,95.0,2852.4,6,95.08,Male,No,No,Yes,Yes,Fiber optic,Yes,Yes,Yes,Yes,No,No,Month-to-month,Yes,Credit card (automatic),25-48
0,1,1,1,0,22,100.65,2415.95,5,109.81590909090909,Male,No,No,Yes,Yes,Fiber optic,No,Yes,No,No,Yes,Yes,Month-to-month,Yes,Electronic check,13-24
0,1,1,1,1,65,104.25,6812.95,6,104.81461538461538,Male,Yes,No,Yes,Yes,Fiber optic,Yes,No,Yes,No,Yes,Yes,Month-to-month,Yes,Electronic check,49-72
0,0,1,1,1,49,84.5,3906.7,3,79.72857142857143,Female,No,No,Yes,Yes,Fiber optic,No,No,No,No,No,Yes,Month-to-month,Yes,Electronic check,49-72
0,1,0,1,0,13,81.15,952.3,3,73.25384615384615,Female,No,No,Yes,No,Fiber optic,No,Yes,Yes,No,No,No,Month-to-month,Yes,Electronic check,13-24
0,1,1,0,1,54,109.75,6110.2,7,113.15185185185184,Male,Yes,No,Yes,No,Fiber optic,Yes,Yes,Yes,Yes,Yes,Yes,Two year,No,Bank transfer (automatic),49-72
0,0,0,0,1,57,20.75,1123.15,1,19.704385964912284,Male,Yes,Yes,Yes,No,No,No internet service,No internet service,No internet service,No internet service,No internet service,No internet service,Two year,No,Mailed check,49-72
0,0,0,1,0,1,44.15,44.15,1,44.15,Female,No,No,Yes,No,DSL,No,No,No,No,No,No,Month-to-month,No,Bank transfer (automatic),0-12
0,1,1,0,1,71,90.3,6287.3,8,88.55352112676057,Male,Yes,Yes,Yes,Yes,DSL,Yes,Yes,Yes,Yes,Yes,Yes,Two year,No,Credit card (automatic),49-72
0,1,0,1,0,1,48.45,48.45,2,48.45,Female,No,No,Yes,No,DSL,Yes,No,No,No,No,No,Month-to-month,Yes,Bank transfer (automatic),0-12
0,1,1,0,1,70,79.4,5528.9,7,78.9842857142857,Male,Yes,No,Yes,Yes,DSL,Yes,Yes,Yes,Yes,Yes,No,One year,No,Bank transfer (automatic),49-72
0,1,1,0,1,52,66.25,3330.1,6,64.04038461538461,Female,Yes,No,No,No phone service,DSL,Yes,Yes,Yes,Yes,Yes,Yes,Two year,No,Credit card (automatic),49-72
0,1,0,1,1,56,90.55,5116.6,5,91.36785714285715,Female,Yes,No,Yes,Yes,Fiber optic,No,Yes,Yes,Yes,No,No,Month-to-month,No,Electronic check,49-72
0,1,0,1,0,11,29.6,346.45,1,31.495454545454546,Female,Yes,Yes,No,No phone service,DSL,Yes,No,No,No,No,No,Month-to-month,Yes,Electronic check,0-12
0,0,0,1,0,5,19.95,107.05,1,21.41,Male,No,No,Yes,No,No,No internet service,No internet service,No internet service,No internet service,No internet service,No internet service,Month-to-month,No,Mailed check,0-12
0,1,0,1,0,12,34.0,442.45,2,36.87083333333333,Male,No,No,No,No phone service,DSL,No,Yes,No,Yes,No,No,Month-to-month,No,Mailed check,0-12
0,0,1,1,0,6,91.1,455.3,3,75.88333333333334,Female,No,No,Yes,No,Fiber optic,No,No,No,No,Yes,Yes,Month-to-month,Yes,Electronic check,0-12
1,0,1,1,0,2,79.75,159.4,2,79.7,Female,No,No,Yes,No,Fiber optic,No,No,No,No,No,Yes,Month-to-month,Yes,Bank transfer (automatic),0-12
0,1,1,0,1,50,103.05,5153.5,5,103.07,Female,Yes,Yes,Yes,No,Fiber optic,No,No,Yes,Yes,Yes,Yes,One year,No,Mailed check,49-72
0,1,0,1,1,41,80.25,3439.0,3,83.8780487804878,Male,Yes,No,Yes,Yes,Fiber optic,No,Yes,No,No,No,No,Month-to-month,Yes,Electronic check,25-48
0,1,1,0,1,68,86.5,5882.75,7,86.51102941176471,Male,No,Yes,Yes,Yes,DSL,Yes,Yes,No,Yes,Yes,Yes,Two year,Yes,Bank transfer (automatic),49-72
0,0,1,1,0,22,80.0,1706.45,2,77.56590909090909,Female,Yes,No,Yes,No,Fiber optic,No,No,No,No,Yes,No,Month-to-month,Yes,Credit card (automatic),13-24
0,1,1,0,1,51,106.8,5498.8,6,107.81960784313726,Male,Yes,No,Yes,Yes,Fiber optic,No,Yes,Yes,No,Yes,Yes,One year,Yes,Bank transfer (automatic),49-72
0,1,1,0,1,30,68.95,2038.7,5,67.95666666666666,Female,No,No,Yes,Yes,DSL,No,Yes,Yes,No,Yes,No,One year,Yes,Credit card (automatic),25-48
0,1,1,0,1,40,89.6,3488.15,4,87.20375,Male,No,No,Yes,No,Fiber optic,No,Yes,No,Yes,No,Yes,One year,Yes,Credit card (automatic),25-48
0,1,1,0,1,65,99.35,6347.55,6,97.65461538461538,Male,Yes,No,Yes,Yes,Fiber optic,Yes,Yes,Yes,No,Yes,No,Two year,Yes,Electronic check,49-72
1,0,0,0,1,68,19.5,1193.55,1,17.55220588235294,Male,Yes,Yes,Yes,No,No,No internet service,No internet service,No internet service,No internet service,No internet service,No internet service,One year,No,Bank transfer (automatic),49-72
0,1,1,1,0,10,59.65,638.95,3,63.895,Male,No,No,Yes,No,DSL,No,Yes,No,No,Yes,No,Month-to-month,Yes,Mailed check,0-12
0,1,1,0,1,64,94.6,5948.7,5,92.9484375,Female,Yes,No,Yes,Yes,Fiber optic,Yes,No,Yes,No,Yes,No,Two year,Yes,Credit card (automatic),49-72
0,1,1,0,1,58,106.45,6145.85,6,105.96293103448276,Female,No,No,Yes,No,Fiber optic,Yes,Yes,Yes,No,Yes,Yes,One year,Yes,Electronic check,49-72
0,0,0,0,0,15,19.5,239.75,1,15.983333333333333,Male,Yes,Yes,Yes,No,No,No internet service,No internet service,No internet service,No internet service,No internet service,No internet service,One year,Yes,Mailed check,13-24
0,1,1,0,1,71,106.75,7283.25,7,102.58098591549296,Female,No,No,Yes,Yes,Fiber optic,Yes,Yes,Yes,No,Yes,Yes,Two year,Yes,Credit card (automatic),49-72
0,1,1,1,0,4,98.1,396.3,5,99.075,Female,No,Yes,Yes,No,Fiber optic,No,No,Yes,Yes,Yes,Yes,Month-to-month,Yes,Bank transfer (automatic),0-12
0,1,1,0,1,72,86.6,6350.5,7,88.20138888888889,Female,No,No,Yes,Yes,DSL,No,Yes,Yes,Yes,Yes,Yes,Two year,No,Bank transfer (automatic),49-72
0,0,1,1,1,25,94.7,2362.1,4,94.484,Male,No,No,Yes,Yes,Fiber optic,No,No,No,No,Yes,Yes,Month-to-month,Yes,Bank transfer (automatic),25-48
0,1,1,0,1,44,77.55,3471.1,5,78.88863636363637,Female,No,Yes,Yes,Yes,DSL,No,Yes,No,No,Yes,Yes,One year,Yes,Mailed check,25-48
0,1,1,1,0,5,75.15,392.65,5,78.53,Male,No,No,Yes,No,DSL,No,No,Yes,Yes,Yes,Yes,Month-to-month,No,Bank transfer (automatic),0-12
0,0,0,1,1,33,44.55,1462.6,1,44.32121212121212,Male,Yes,No,Yes,No,DSL,No,No,No,No,No,No,Month-to-month,Yes,Credit card (automatic),25-48
0,1,0,1,0,1,49.9,49.9,2,49.9,Male,No,Yes,Yes,No,DSL,No,Yes,No,No,No,No,Month-to-month,Yes,Electronic check,0-12
0,0,1,1,0,14,92.9,1337.45,3,95.53214285714286,Male,No,No,Yes,No,Fiber optic,No,No,No,No,Yes,Yes,Month-to-month,Yes,Electronic check,13-24
0,0,0,1,0,20,20.35,442.6,1,22.130000000000003,Female,Yes,Yes,Yes,No,No,No internet service,No internet service,No internet service,No internet service,No internet service,No internet service,Month-to-month,No,Mailed check,13-24
0,1,1,1,0,8,66.7,579.0,4,72.375,Male,No,No,Yes,No,DSL,Yes,No,Yes,No,No,Yes,Month-to-month,Yes,Electronic check,0-12
0,1,0,1,0,3,29.8,94.4,1,31.46666666666667,Male,Yes,No,No,No phone service,DSL,No,Yes,No,No,No,No,Month-to-month,No,Credit card (automatic),0-12
0,0,0,0,1,67,19.4,1284.2,1,19.16716417910448,Male,Yes,Yes,Yes,No,No,No internet service,No internet service,No internet service,No internet service,No internet service,No internet service,Two year,Yes,Credit card (automatic),49-72
0,1,1,0,1,72,87.55,6463.15,8,89.76597222222222,Male,Yes,Yes,Yes,Yes,DSL,Yes,Yes,Yes,Yes,Yes,Yes,Two year,Yes,Bank transfer (automatic),49-72
1,0,0,1,0,1,71.15,71.15,1,71.15,Female,No,No,Yes,No,Fiber optic,No,No,No,No,No,No,Month-to-month,Yes,Electronic check,0-12
0,1,1,1,1,40,71.35,2847.2,5,71.17999999999999,Female,Yes,Yes,Yes,No,DSL,Yes,Yes,No,Yes,No,Yes,Month-to-month,Yes,Mailed check,25-48
0,0,0,0,1,60,23.95,1506.4,2,25.10666666666667,Male,Yes,Yes,Yes,Yes,No,No internet service,No internet service,No internet service,No internet service,No internet service,No internet service,One year,No,Credit card (automatic),49-72
0,0,1,1,1,56,44.85,2564.95,2,45.802678571428565,Female,No,No,No,No phone service,DSL,No,No,No,No,Yes,Yes,Month-to-month,Yes,Credit card (automatic),49-72
0,1,0,0,1,24,83.15,2033.05,4,84.71041666666666,Female,Yes,Yes,Yes,Yes,Fiber optic,No,Yes,Yes,No,No,No,One year,No,Bank transfer (automatic),13-24
0,1,1,0,1,72,68.4,4855.35,5,67.43541666666667,Male,Yes,Yes,Yes,No,DSL,Yes,Yes,No,Yes,Yes,No,Two year,No,Bank transfer (automatic),49-72
0,0,0,0,0,12,19.8,202.25,1,16.854166666666668,Male,Yes,No,Yes,No,No,No internet service,No internet service,No internet service,No internet service,No internet service,No internet service,One year,No,Bank transfer (automatic),0-12
0,1,1,0,1,52,44.25,2276.1,3,43.771153846153844,Male,Yes,Yes,No,No phone service,DSL,Yes,No,Yes,No,No,Yes,One year,No,Bank transfer (automatic),49-72
0,0,0,1,0,4,25.15,99.95,0,24.9875,Female,Yes,No,No,No phone service,DSL,No,No,No,No,No,No,Month-to-month,Yes,Electronic check,0-12
0,1,0,1,0,6,49.15,295.65,2,49.275,Male,Yes,Yes,Yes,No,DSL,Yes,No,No,No,No,No,Month-to-month,Yes,Electronic check,0-12
0,1,1,1,0,6,47.95,305.1,3,50.85,Female,No,No,No,No phone service,DSL,No,No,Yes,No,Yes,Yes,Month-to-month,Yes,Electronic check,0-12
1,1,1,0,1,66,110.9,7432.05,7,112.60681818181818,Male,No,No,Yes,Yes,Fiber optic,No,Yes,Yes,Yes,Yes,Yes,One year,No,Credit card (automatic),49-72
0,0,0,0,1,71,19.45,1378.45,1,19.414788732394367,Male,Yes,Yes,Yes,No,No,No internet service,No internet service,No internet service,No internet service,No internet service,No internet service,Two year,No,Mailed check,49-72
0,0,0,0,0,12,19.8,229.6,1,19.133333333333333,Female,Yes,Yes,Yes,No,No,No internet service,No internet service,No internet service,No internet service,No internet service,No internet service,One year,No,Bank transfer (automatic),0-12
0,0,0,1,0,3,74.4,229.55,2,76.51666666666667,Male,No,No,Yes,Yes,Fiber optic,No,No,No,No,No,No,Month-to-month,Yes,Electronic check,0-12
0,1,0,1,0,13,56.0,764.55,3,58.81153846153846,Female,No,Yes,Yes,No,DSL,Yes,Yes,No,No,No,No,Month-to-month,Yes,Electronic check,13-24
0,1,1,0,1,53,104.05,5566.4,7,105.02641509433961,Female,Yes,Yes,Yes,Yes,Fiber optic,Yes,Yes,Yes,Yes,No,Yes,Two year,Yes,Bank transfer (automatic),49-72
0,0,0,0,0,11,20.05,237.7,1,21.60909090909091,Female,No,No,Yes,No,No,No internet service,No internet service,No internet service,No internet service,No internet service,No internet service,One year,No,Credit card (automatic),0-12
0,0,1,1,0,13,85.95,1215.65,3,93.51153846153846,Female,No,No,Yes,Yes,Fiber optic,No,No,No,No,No,Yes,Month-to-month,Yes,Electronic check,13-24
0,0,0,0,0,11,25.2,245.15,2,22.286363636363635,Female,No,No,Yes,Yes,No,No internet service,No internet service,No internet service,No internet service,No internet service,No internet service,One year,No,Electronic check,0-12
0,1,1,1,0,12,99.7,1238.45,6,103.20416666666667,Female,No,No,Yes,Yes,Fiber optic,Yes,Yes,Yes,No,No,Yes,Month-to-month,Yes,Bank transfer (automatic),0-12
0,0,0,0,1,33,20.1,620.55,1,18.804545454545455,Male,Yes,Yes,Yes,No,No,No internet service,No internet service,No internet service,No internet service,No internet service,No internet service,One year,No,Credit card (automatic),25-48
0,0,0,0,1,63,19.35,1263.85,1,20.06111111111111,Female,Yes,Yes,Yes,No,No,No internet service,No internet service,No internet service,No internet service,No internet service,No internet service,Two year,No,Electronic check,49-72
0,1,0,1,0,13,73.75,956.65,2,73.58846153846153,Male,No,No,Yes,No,Fiber optic,Yes,No,No,No,No,No,Month-to-month,Yes,Credit card (automatic),13-24
0,1,0,1,0,18,55.2,1058.1,3,58.78333333333333,Male,No,No,Yes,No,DSL,No,No,Yes,Yes,No,No,Month-to-month,No,Credit card (automatic),13-24
1,1,0,1,0,6,74.4,434.1,2,72.35000000000001,Female,No,No,Yes,No,Fiber optic,No,No,Yes,No,No,No,Month-to-month,No,Electronic check,0-12
1,0,1,1,1,46,80.4,3605.2,2,78.37391304347825,Male,Yes,No,Yes,No,Fiber optic,No,No,No,No,No,Yes,Month-to-month,Yes,Electronic check,25-48
0,1,0,1,0,10,79.85,887.35,3,88.735,Male,No,No,Yes,No,Fiber optic,Yes,No,Yes,No,No,No,Month-to-month,Yes,Mailed check,0-12
0,0,0,1,1,34,70.0,2416.1,1,71.06176470588235,Female,No,No,Yes,No,Fiber optic,No,No,No,No,No,No,Month-to-month,Yes,Credit card (automatic),25-48
1,0,0,0,1,67,25.1,1672.15,2,24.957462686567165,Male,No,No,Yes,Yes,No,No internet service,No internet service,No internet service,No internet service,No internet service,No internet service,Two year,No,Credit card (automatic),49-72
0,1,1,1,0,4,74.4,299.7,5,74.925,Male,No,No,Yes,No,DSL,No,No,Yes,Yes,Yes,Yes,Month-to-month,Yes,Electronic check,0-12
0,1,1,0,0,20,68.7,1416.2,5,70.81,Male,No,No,Yes,Yes,DSL,No,Yes,No,Yes,Yes,No,One year,Yes,Electronic check,13-24
0,0,0,1,0,1,70.0,70.0,1,70.0,Male,Yes,No,Yes,No,Fiber optic,No,No,No,No,No,No,Month-to-month,No,Electronic check,0-12
0,0,0,1,0,1,20.5,20.5,1,20.5,Female,No,No,Yes,No,No,No internet service,No internet service,No internet service,No internet service,No internet service,No internet service,Month-to-month,No,Mailed check,0-12
0,1,0,1,0,14,75.35,1025.95,2,73.28214285714286,Female,No,No,Yes,No,Fiber optic,No,No,Yes,No,No,No,Month-to-month,No,Electronic check,13-24
0,1,0,1,1,46,84.8,3958.85,4,86.06195652173913,Female,No,Yes,Yes,Yes,Fiber optic,No,No,Yes,Yes,No,No,Month-to-month,Yes,Bank transfer (automatic),25-48
0,1,1,1,0,14,69.2,944.65,5,67.475,Male,Yes,Yes,Yes,Yes,DSL,Yes,Yes,No,No,No,Yes,Month-to-month,No,Mailed check,13-24
0,0,0,1,0,8,19.2,156.85,1,19.60625,Female,No,No,Yes,No,No,No internet service,No internet service,No internet service,No internet service,No internet service,No internet service,Month-to-month,No,Mailed check,0-12
0,0,0,1,0,8,45.15,438.4,1,54.8,Male,No,No,Yes,No,DSL,No,No,No,No,No,No,Month-to-month,Yes,Mailed check,0-12
0,1,1,1,1,36,94.7,3512.5,4,97.56944444444444,Male,No,Yes,Yes,No,Fiber optic,No,Yes,No,No,Yes,Yes,Month-to-month,Yes,Electronic check,25-48
1,1,0,1,0,5,79.9,343.95,3,68.78999999999999,Male,Yes,No,Yes,Yes,Fiber optic,No,No,Yes,No,No,No,Month-to-month,Yes,Bank transfer (automatic),0-12
0,1,0,1,0,22,51.1,1232.9,2,56.040909090909096,Male,Yes,Yes,Yes,No,DSL,No,No,No,Yes,No,No,Month-to-month,Yes,Electronic check,13-24
0,1,0,0,1,42,33.55,1445.3,2,34.41190476190476,Female,Yes,No,No,No phone service,DSL,No,Yes,No,Yes,No,No,One year,No,Mailed check,25-48
0,0,0,1,0,6,19.55,122.9,1,20.483333333333334,Male,Yes,Yes,Yes,No,No,No internet service,No internet service,No internet service,No internet service,No internet service,No internet service,Month-to-month,No,Mailed check,0-12
1,1,1,1,1,26,85.8,2193.65,3,84.37115384615385,Female,No,No,Yes,No,Fiber optic,Yes,No,No,No,Yes,No,Month-to-month,Yes,Credit card (automatic),25-48
0,1,1,1,1,57,39.3,2111.45,2,37.04298245614035,Male,No,No,No,No phone service,DSL,No,Yes,No,No,Yes,No,Month-to-month,Yes,Electronic check,49-72
0,1,1,0,1,42,80.45,3375.9,6,80.37857142857143,Male,Yes,No,Yes,Yes,DSL,Yes,No,No,Yes,Yes,Yes,One year,No,Credit card (automatic),25-48
0,0,1,1,0,1,79.65,79.65,2,79.65,Female,No,No,Yes,No,Fiber optic,No,No,No,No,Yes,No,Month-to-month,Yes,Electronic check,0-12
1,1,1,1,0,16,91.55,1540.05,4,96.253125,Male,Yes,No,Yes,No,Fiber optic,No,No,Yes,Yes,No,Yes,Month-to-month,Yes,Electronic check,13-24
0,1,1,1,0,18,95.05,1679.4,5,93.30000000000001,Female,No,No,Yes,Yes,Fiber optic,No,No,Yes,Yes,No,Yes,Month-to-month,Yes,Bank transfer (automatic),13-24
1,1,1,1,0,22,69.75,1545.4,5,70.24545454545455,Female,No,No,Yes,No,DSL,Yes,No,Yes,Yes,No,Yes,Month-to-month,Yes,Mailed check,13-24
0,0,0,0,1,56,24.45,1385.85,2,24.74732142857143,Female,Yes,Yes,Yes,Yes,No,No internet service,No internet service,No internet service,No internet service,No internet service,No internet service,Two year,Yes,Mailed check,49-72
0,1,1,1,0,4,68.65,261.25,4,65.3125,Female,No,No,Yes,No,DSL,No,Yes,No,No,Yes,Yes,Month-to-month,Yes,Bank transfer (automatic),0-12
1,0,0,0,1,26,19.3,504.2,1,19.392307692307693,Male,No,No,Yes,No,No,No internet service,No internet service,No internet service,No internet service,No internet service,No internet service,One year,No,Credit card (automatic),25-48
1,1,1,1,1,34,56.25,1765.95,4,51.93970588235294,Female,No,No,No,No phone service,DSL,No,Yes,Yes,No,Yes,Yes,Month-to-month,Yes,Electronic check,25-48
0,1,0,1,1,26,49.15,1237.3,2,47.58846153846154,Male,No,No,Yes,No,DSL,No,No,No,Yes,No,No,Month-to-month,No,Bank transfer (automatic),25-48
0,0,0,1,1,26,69.05,1815.65,1,69.83269230769231,Female,No,No,Yes,No,Fiber optic,No,No,No,No,No,No,Month-to-month,Yes,Credit card (automatic),25-48
0,1,1,1,1,32,101.35,3334.9,5,104.215625,Female,No,No,Yes,Yes,Fiber optic,No,No,Yes,No,Yes,Yes,Month-to-month,Yes,Electronic check,25-48
0,1,0,1,0,4,84.8,371.9,4,92.975,Male,Yes,Yes,Yes,Yes,Fiber optic,No,Yes,Yes,No,No,No,Month-to-month,Yes,Bank transfer (automatic),0-12
0,1,0,1,0,1,74.0,74.0,2,74.0,Male,No,No,Yes,No,Fiber optic,No,No,No,Yes,No,No,Month-to-month,No,Electronic check,0-12
1,1,1,1,0,7,84.35,609.65,3,87.09285714285714,Female,No,No,Yes,No,Fiber optic,No,No,Yes,No,Yes,No,Month-to-month,Yes,Electronic check,0-12
0,0,0,0,1,53,20.8,1021.8,1,19.279245283018867,Female,Yes,No,Yes,No,No,No internet service,No internet service,No internet service,No internet service,No internet service,No internet service,One year,No,Bank transfer (automatic),49-72
0,1,0,1,0,3,30.4,82.15,1,27.383333333333336,Male,No,No,No,No phone service,DSL,No,No,No,Yes,No,No,Month-to-month,No,Electronic check,0-12
0,0,0,0,1,67,19.95,1311.75,1,19.578358208955223,Male,No,No,Yes,No,No,No internet service,No internet service,No internet service,No internet service,No internet service,No internet service,Two year,No,Bank transfer (automatic),49-72
0,0,1,1,1,50,95.7,4729.75,4,94.595,Female,No,No,Yes,Yes,Fiber optic,No,No,No,No,Yes,Yes,Month-to-month,Yes,Electronic check,49-72
0,0,0,1,0,1,19.65,19.65,1,19.65,Male,No,No,Yes,No,No,No internet service,No internet service,No internet service,No internet service,No internet service,No internet service,Month-to-month,No,Mailed check,0-12
0,0,0,1,0,9,20.25,186.15,1,20.683333333333334,Female,No,No,Yes,No,No,No internet service,No internet service,No internet service,No internet service,No internet service,No internet service,Month-to-month,No,Mailed check,0-12
0,0,0,1,0,2,44.6,80.55,1,40.275,Female,Yes,No,Yes,No,DSL,No,No,No,No,No,No,Month-to-month,Yes,Credit card (automatic),0-12
1,0,0,1,0,1,25.25,25.25,0,25.25,Female,No,No,No,No phone service,DSL,No,No,No,No,No,No,Month-to-month,No,Electronic check,0-12
0,1,1,0,1,43,104.3,4451.85,6,103.53139534883722,Male,Yes,Yes,Yes,Yes,Fiber optic,No,No,Yes,Yes,Yes,Yes,One year,Yes,Credit card (automatic),25-48
0,1,1,0,1,70,48.4,3442.8,4,49.182857142857145,Male,No,No,No,No phone service,DSL,Yes,No,Yes,Yes,No,Yes,Two year,No,Bank transfer (automatic),49-72
1,0,0,0,1,71,19.8,1388.45,1,19.555633802816903,Male,Yes,Yes,Yes,No,No,No internet service,No internet service,No internet service,No internet service,No internet service,No internet service,Two year,No,Credit card (automatic),49-72
0,1,1,1,1,44,92.95,4122.9,4,93.70227272727271,Male,Yes,Yes,Yes,No,Fiber optic,No,No,Yes,No,Yes,Yes,Month-to-month,Yes,Bank transfer (automatic),25-48
0,0,0,1,0,2,70.7,140.7,1,70.35,Male,No,No,Yes,No,Fiber optic,No,No,No,No,No,No,Month-to-month,No,Credit card (automatic),0-12
0,1,0,1,0,4,77.95,305.55,3,76.3875,Female,No,No,Yes,Yes,Fiber optic,No,Yes,No,No,No,No,Month-to-month,No,Bank transfer (automatic),0-12
0,1,0,1,0,3,55.1,154.65,3,51.550000000000004,Female,No,Yes,Yes,No,DSL,Yes,No,No,Yes,No,No,Month-to-month,Yes,Mailed check,0-12
1,1,0,1,1,28,64.45,1867.6,5,66.7,Female,No,No,Yes,Yes,DSL,No,Yes,Yes,Yes,No,No,Month-to-month,No,Bank transfer (automatic),25-48
0,1,0,1,1,29,75.3,2263.4,2,78.04827586206896,Male,Yes,No,Yes,No,Fiber optic,No,No,Yes,No,No,No,Month-to-month,Yes,Credit card (automatic),25-48
1,0,0,1,0,1,70.05,70.05,1,70.05,Male,No,No,Yes,No,Fiber optic,No,No,No,No,No,No,Month-to-month,Yes,Electronic check,0-12
1,1,1,1,0,9,99.45,919.4,5,102.15555555555555,Male,No,No,Yes,Yes,Fiber optic,No,Yes,No,No,Yes,Yes,Month-to-month,Yes,Credit card (automatic),0-12
0,1,1,0,1,71,108.05,7532.15,7,106.08661971830985,Male,No,No,Yes,Yes,Fiber optic,Yes,No,Yes,Yes,Yes,Yes,Two year,Yes,Electronic check,49-72
0,1,1,0,1,41,73.0,3001.2,5,73.19999999999999,Male,Yes,No,Yes,Yes,DSL,No,No,Yes,No,Yes,Yes,One year,Yes,Electronic check,25-48
0,1,1,0,1,56,100.3,5614.45,5,100.25803571428571,Male,Yes,No,Yes,Yes,Fiber optic,No,Yes,No,No,Yes,Yes,One year,No,Credit card (automatic),49-72
1,0,0,1,0,1,25.7,25.7,0,25.7,Female,No,No,No,No phone service,DSL,No,No,No,No,No,No,Month-to-month,Yes,Mailed check,0-12
0,1,0,0,1,52,39.1,1982.1,3,38.11730769230769,Female,No,No,No,No phone service,DSL,Yes,Yes,No,Yes,No,No,Two year,No,Mailed check,49-72
0,1,1,1,1,67,102.95,6886.25,6,102.77985074626865,Female,No,No,Yes,Yes,Fiber optic,Yes,Yes,Yes,No,Yes,No,Month-to-month,Yes,Credit card (automatic),49-72
0,0,0,0,1,29,19.4,554.25,1,19.112068965517242,Female,No,No,Yes,No,No,No internet service,No internet service,No internet service,No internet service,No internet service,No internet service,Two year,No,Mailed check,25-48
0,1,1,0,1,42,67.7,2882.25,5,68.625,Female,No,No,Yes,No,DSL,Yes,Yes,No,Yes,No,Yes,One year,Yes,Mailed check,25-48
0,1,0,1,0,16,50.15,762.25,2,47.640625,Female,No,No,Yes,No,DSL,Yes,No,No,No,No,No,Month-to-month,Yes,Electronic check,13-24
0,1,0,1,0,14,31.1,419.7,1,29.978571428571428,Male,No,No,No,No phone service,DSL,No,Yes,No,No,No,No,Month-to-month,Yes,Mailed check,13-24
1,1,0,1,0,18,74.7,1294.6,2,71.92222222222222,Female,No,No,Yes,No,Fiber optic,No,Yes,No,No,No,No,Month-to-month,Yes,Electronic check,13-24
1,1,1,1,0,12,99.45,1200.15,5,100.0125,Male,No,No,Yes,Yes,Fiber optic,No,No,Yes,No,Yes,Yes,Month-to-month,Yes,Electronic check,0-12
0,0,0,0,1,39,19.9,791.15,1,20.285897435897436,Male,No,No,Yes,No,No,No internet service,No internet service,No internet service,No internet service,No internet service,No internet service,One year,No,Mailed check,25-48
0,0,0,1,1,32,69.75,2347.9,1,73.371875,Male,Yes,Yes,Yes,No,Fiber optic,No,No,No,No,No,No,Month-to-month,Yes,Bank transfer (automatic),25-48
0,1,0,0,1,62,43.7,2618.3,4,42.230645161290326,Male,No,No,No,No phone service,DSL,Yes,Yes,Yes,Yes,No,No,Two year,Yes,Bank transfer (automatic),49-72
0,0,0,1,0,1,20.95,20.95,1,20.95,Male,No,No,Yes,No,No,No internet service,No internet service,No internet service,No internet service,No internet service,No internet service,Month-to-month,No,Bank transfer (automatic),0-12
1,1,1,0,1,45,62.7,2791.5,4,62.03333333333333,Male,No,No,Yes,No,DSL,Yes,No,Yes,No,No,Yes,One year,No,Credit card (automatic),25-48
0,1,0,1,0,16,80.55,1248.9,3,78.05625,Male,No,No,Yes,Yes,Fiber optic,No,Yes,No,No,No,No,Month-to-month,Yes,Mailed check,13-24
0,0,1,1,0,1,62.8,62.8,3,62.8,Male,No,No,Yes,No,DSL,No,No,No,No,Yes,Yes,Month-to-month,Yes,Mailed check,0-12
0,1,1,0,1,72,92.0,6782.15,8,94.19652777777777,Male,Yes,No,Yes,Yes,DSL,Yes,Yes,Yes,Yes,Yes,Yes,Two year,Yes,Credit card (automatic),49-72
0,0,1,1,0,3,35.15,99.75,1,33.25,Male,Yes,No,No,No phone service,DSL,No,No,No,No,No,Yes,Month-to-month,Yes,Electronic check,0-12
0,1,0,0,1,29,58.0,1734.5,4,59.810344827586206,Female,No,No,Yes,No,DSL,Yes,No,Yes,Yes,No,No,One year,No,Credit card (automatic),25-48
0,0,0,0,0,15,19.65,332.65,1,22.176666666666666,Male,Yes,Yes,Yes,No,No,No internet service,No internet service,No internet service,No internet service,No internet service,No internet service,One year,No,Mailed check,13-24
1,1,1,0,1,68,107.15,7379.8,6,108.5264705882353,Male,Yes,Yes,Yes,Yes,Fiber optic,No,No,Yes,Yes,Yes,Yes,One year,Yes,Credit card (automatic),49-72
0,1,1,0,0,0,56.05,0.0,5,56.05,Female,Yes,Yes,No,No phone service,DSL,Yes,Yes,Yes,Yes,Yes,No,Two year,No,Credit card (automatic),0-12
1,0,1,1,0,22,85.35,1961.6,3,89.16363636363636,Female,Yes,Yes,Yes,Yes,Fiber optic,No,No,No,No,Yes,No,Month-to-month,No,Bank transfer (automatic),13-24
0,0,1,1,0,1,84.5,84.5,3,84.5,Male,No,No,Yes,Yes,Fiber optic,No,No,No,No,Yes,No,Month-to-month,No,Electronic check,0-12
0,1,1,0,1,45,73.55,3349.1,5,74.42444444444445,Female,No,No,Yes,Yes,DSL,Yes,No,No,Yes,No,Yes,Two year,No,Mailed check,25-48
0,0,1,1,1,26,88.8,2274.35,3,87.475,Female,No,No,Yes,No,Fiber optic,No,No,No,No,Yes,Yes,Month-to-month,Yes,Bank transfer (automatic),25-48
0,1,1,0,1,72,91.95,6614.9,8,91.8736111111111,Male,Yes,Yes,Yes,Yes,DSL,Yes,Yes,Yes,Yes,Yes,Yes,Two year,Yes,Credit card (automatic),49-72
0,1,1,0,1,67,111.3,7567.2,7,112.94328358208955,Male,Yes,No,Yes,Yes,Fiber optic,No,Yes,Yes,Yes,Yes,Yes,Two year,Yes,Bank transfer (automatic),49-72
0,1,1,1,0,10,95.25,1021.55,5,102.155,Male,No,No,Yes,Yes,Fiber optic,No,Yes,Yes,No,No,Yes,Month-to-month,Yes,Electronic check,0-12
0,0,1,1,0,1,89.9,89.9,3,89.9,Male,No,No,Yes,No,Fiber optic,No,No,No,No,Yes,Yes,Month-to-month,Yes,Electronic check,0-12
0,1,0,1,1,51,30.05,1529.45,1,29.98921568627451,Male,Yes,No,No,No phone service,DSL,No,Yes,No,No,No,No,Month-to-month,Yes,Credit card (automatic),49-72
0,0,1,1,0,1,93.3,93.3,4,93.3,Male,No,Yes,Yes,Yes,Fiber optic,No,No,No,No,Yes,Yes,Month-to-month,Yes,Electronic check,0-12
0,0,0,0,1,56,25.15,1327.15,2,23.699107142857144,Male,Yes,No,Yes,Yes,No,No internet service,No internet service,No internet service,No internet service,No internet service,No internet service,Two year,Yes,Credit card (automatic),49-72
0,1,1,0,1,72,95.9,6954.15,5,96.58541666666666,Female,Yes,Yes,Yes,Yes,Fiber optic,Yes,Yes,No,No,Yes,No,Two year,Yes,Bank transfer (automatic),49-72
0,0,0,1,0,10,24.0,226.55,2,22.655,Male,No,No,Yes,Yes,No,No internet service,No internet service,No internet service,No internet service,No internet service,No internet service,Month-to-month,Yes,Electronic check,0-12
0,0,0,0,0,22,20.3,475.1,1,21.595454545454547,Male,No,No,Yes,No,No,No internet service,No internet service,No internet service,No internet service,No internet service,No internet service,One year,No,Mailed check,13-24
0,0,0,1,0,5,20.55,96.1,1,19.22,Female,No,No,Yes,No,No,No internet service,No internet service,No internet service,No internet service,No internet service,No internet service,Month-to-month,No,Credit card (automatic),0-12
1,0,0,1,1,30,77.9,2351.45,2,78.38166666666666,Male,Yes,No,Yes,Yes,Fiber optic,No,No,No,No,No,No,Month-to-month,No,Mailed check,25-48
0,1,1,0,1,44,53.95,2375.4,4,53.98636363636364,Male,No,No,No,No phone service,DSL,No,Yes,Yes,No,Yes,Yes,One year,Yes,Mailed check,25-48
0,1,1,1,0,18,101.3,1794.65,5,99.70277777777778,Male,No,No,Yes,No,Fiber optic,No,Yes,Yes,No,Yes,Yes,Month-to-month,No,Credit card (automatic),13-24
1,0,0,1,0,2,44.3,89.3,1,44.65,Female,No,No,Yes,No,DSL,No,No,No,No,No,No,Month-to-month,Yes,Electronic check,0-12
0,1,1,0,1,54,44.1,2369.7,3,43.88333333333333,Female,No,No,No,No phone service,DSL,Yes,No,No,Yes,No,Yes,One year,No,Bank transfer (automatic),49-72
0,1,1,1,0,1,94.4,94.4,4,94.4,Female,No,No,Yes,No,Fiber optic,No,No,Yes,No,Yes,Yes,Month-to-month,No,Electronic check,0-12
0,0,0,0,1,70,20.35,1458.1,1,20.83,Male,Yes,Yes,Yes,No,No,No internet service,No internet service,No internet service,No internet service,No internet service,No internet service,Two year,No,Credit card (automatic),49-72
1,1,1,1,0,10,84.6,865.55,3,86.55499999999999,Female,No,No,Yes,No,Fiber optic,No,No,Yes,No,No,Yes,Month-to-month,Yes,Credit card (automatic),0-12
0,1,1,1,1,29,94.65,2649.15,4,91.35000000000001,Male,Yes,Yes,Yes,No,Fiber optic,Yes,No,No,No,Yes,Yes,Month-to-month,No,Credit card (automatic),25-48
1,1,1,1,0,9,100.5,918.6,5,102.06666666666666,Male,No,No,Yes,Yes,Fiber optic,No,No,Yes,No,Yes,Yes,Month-to-month,Yes,Electronic check,0-12
0,1,1,0,1,60,84.95,4984.85,7,83.08083333333335,Male,No,Yes,Yes,Yes,DSL,Yes,No,Yes,Yes,Yes,Yes,Two year,Yes,Electronic check,49-72
0,1,1,1,1,27,89.2,2383.6,4,88.28148148148148,Female,No,No,Yes,No,Fiber optic,No,No,Yes,Yes,No,Yes,Month-to-month,Yes,Electronic check,25-48
0,0,0,0,1,42,19.35,867.3,1,20.65,Male,Yes,Yes,Yes,No,No,No internet service,No internet service,No internet service,No internet service,No internet service,No internet service,Two year,No,Mailed check,25-48
0,1,0,1,1,64,91.8,5960.5,5,93.1328125,Male,Yes,Yes,Yes,Yes,Fiber optic,Yes,Yes,Yes,No,No,No,Month-to-month,Yes,Electronic check,49-72
0,0,0,0,1,65,24.75,1715.1,2,26.386153846153846,Male,Yes,Yes,Yes,Yes,No,No internet service,No internet service,No internet service,No internet service,No internet service,No internet service,Two year,No,Credit card (automatic),49-72
0,0,0,1,0,2,70.15,123.8,1,61.9,Female,No,No,Yes,No,Fiber optic,No,No,No,No,No,No,Month-to-month,Yes,Electronic check,0-12
0,1,1,1,1,68,44.95,3085.35,3,45.37279411764706,Female,No,No,No,No phone service,DSL,No,Yes,No,Yes,No,Yes,Month-to-month,No,Electronic check,49-72
1,1,1,0,1,70,113.0,7987.6,8,114.10857142857144,Female,Yes,No,Yes,Yes,Fiber optic,Yes,Yes,Yes,Yes,Yes,Yes,Two year,Yes,Credit card (automatic),49-72
1,0,0,1,1,52,72.95,3829.75,2,73.64903846153847,Male,No,No,Yes,Yes,Fiber optic,No,No,No,No,No,No,Month-to-month,Yes,Bank transfer (automatic),49-72
0,1,1,0,1,68,70.8,4859.95,5,71.46985294117647,Male,Yes,Yes,Yes,Yes,DSL,No,Yes,No,Yes,No,Yes,Two year,No,Credit card (automatic),49-72
0,0,0,0,1,70,19.45,1303.5,1,18.62142857142857,Female,Yes,No,Yes,No,No,No internet service,No internet service,No internet service,No internet service,No internet service,No internet service,Two year,No,Bank transfer (automatic),49-72
0,1,0,0,1,67,60.5,3870.0,4,57.76119402985075,Female,No,No,Yes,No,DSL,Yes,Yes,No,Yes,No,No,One year,No,Credit card (automatic),49-72
0,1,1,1,1,28,85.45,2289.9,3,81.78214285714286,Male,Yes,Yes,Yes,No,Fiber optic,No,No,Yes,No,Yes,No,Month-to-month,No,Electronic check,25-48
0,1,0,1,1,24,84.85,2048.8,4,85.36666666666667,Male,No,No,Yes,Yes,Fiber optic,No,Yes,Yes,No,No,No,Month-to-month,Yes,Bank transfer (automatic),13-24
0,1,0,1,0,2,80.15,194.55,3,97.275,Female,Yes,No,Yes,No,Fiber optic,Yes,No,No,Yes,No,No,Month-to-month,Yes,Electronic check,0-12
0,1,1,0,1,68,78.45,5333.35,7,78.43161764705883,Female,Yes,Yes,Yes,Yes,DSL,Yes,Yes,Yes,Yes,No,Yes,One year,Yes,Electronic check,49-72
0,1,1,0,1,58,86.1,4890.5,7,84.31896551724138,Male,Yes,No,Yes,Yes,DSL,Yes,Yes,Yes,No,Yes,Yes,Two year,Yes,Electronic check,49-72
0,1,1,1,1,25,104.95,2566.5,6,102.66,Female,Yes,No,Yes,Yes,Fiber optic,No,No,Yes,Yes,Yes,Yes,Month-to-month,Yes,Bank transfer (automatic),25-48
0,1,0,1,0,10,35.75,389.8,2,38.980000000000004,Male,No,No,No,No phone service,DSL,No,Yes,No,Yes,No,No,Month-to-month,No,Electronic check,0-12
0,1,1,0,1,56,99.75,5608.4,6,100.14999999999999,Female,Yes,Yes,Yes,Yes,Fiber optic,No,Yes,Yes,Yes,No,Yes,One year,Yes,Credit card (automatic),49-72
0,1,0,1,1,31,90.55,2929.75,5,94.50806451612904,Male,Yes,No,Yes,Yes,Fiber optic,Yes,Yes,No,Yes,No,No,Month-to-month,Yes,Credit card (automatic),25-48
0,0,0,0,1,63,19.5,1215.1,1,19.287301587301585,Female,No,Yes,Yes,No,No,No internet service,No internet service,No internet service,No internet service,No internet service,No internet service,Two year,No,Credit card (automatic),49-72
0,1,0,0,0,22,55.15,1193.05,3,54.22954545454545,Male,No,No,Yes,No,DSL,No,Yes,No,Yes,No,No,One year,Yes,Credit card (automatic),13-24
0,0,0,0,0,7,20.65,134.05,1,19.150000000000002,Female,Yes,Yes,Yes,No,No,No internet service,No internet service,No internet service,No internet service,No internet service,No internet service,One year,No,Mailed check,0-12
1,1,1,1,1,40,55.8,2109.35,4,52.73375,Female,No,No,No,No phone service,DSL,Yes,Yes,No,No,Yes,Yes,Month-to-month,Yes,Electronic check,25-48
0,1,0,1,1,54,79.85,4308.25,3,79.7824074074074,Male,No,No,Yes,Yes,Fiber optic,No,Yes,No,No,No,No,Month-to-month,Yes,Bank transfer (automatic),49-72
0,0,0,0,1,43,25.7,1188.2,2,27.632558139534886,Female,No,No,Yes,Yes,No,No internet service,No internet service,No internet service,No internet service,No internet service,No internet service,Two year,Yes,Credit card (automatic),25-48
0,1,1,1,0,3,91.5,242.95,4,80.98333333333333,Female,Yes,No,Yes,Yes,Fiber optic,No,Yes,No,No,No,Yes,Month-to-month,Yes,Credit card (automatic),0-12
1,1,0,1,0,14,78.85,1043.8,3,74.55714285714285,Female,No,No,Yes,No,Fiber optic,Yes,Yes,No,No,No,No,Month-to-month,No,Electronic check,13-24
0,0,0,0,0,1,19.65,19.65,1,19.65,Male,Yes,Yes,Yes,No,No,No internet service,No internet service,No internet service,No internet service,No internet service,No internet service,One year,No,Mailed check,0-12
1,1,0,1,1,68,84.65,5683.6,4,83.58235294117648,Male,Yes,Yes,Yes,Yes,Fiber optic,No,Yes,Yes,No,No,No,Month-to-month,Yes,Electronic check,49-72
0,0,0,0,1,62,20.45,1297.35,1,20.924999999999997,Male,Yes,Yes,Yes,No,No,No internet service,No internet service,No internet service,No internet service,No internet service,No internet service,Two year,No,Bank transfer (automatic),49-72
0,1,1,0,1,63,90.45,5825.5,4,92.46825396825396,Male,No,No,Yes,Yes,Fiber optic,No,Yes,No,No,No,Yes,One year,No,Credit card (automatic),49-72
0,1,1,1,1,29,80.1,2211.8,6,76.26896551724138,Male,Yes,Yes,Yes,Yes,DSL,No,Yes,Yes,No,Yes,Yes,Month-to-month,No,Credit card (automatic),25-48
0,0,1,1,1,29,87.8,2621.75,3,90.40517241379311,Female,Yes,Yes,Yes,No,Fiber optic,No,No,No,No,Yes,Yes,Month-to-month,Yes,Credit card (automatic),25-48
0,0,1,1,0,23,44.95,996.85,2,43.34130434782609,Female,No,No,No,No phone service,DSL,No,No,No,No,Yes,Yes,Month-to-month,Yes,Electronic check,13-24
0,1,0,1,0,2,80.55,188.1,3,94.05,Female,No,Yes,Yes,Yes,Fiber optic,Yes,No,No,No,No,No,Month-to-month,No,Credit card (automatic),0-12
0,0,1,1,0,8,80.0,624.6,2,78.075,Female,No,No,Yes,No,Fiber optic,No,No,No,No,Yes,No,Month-to-month,Yes,Bank transfer (automatic),0-12
0,0,1,1,1,36,80.4,2937.65,2,81.60138888888889,Female,Yes,No,Yes,No,Fiber optic,No,No,No,No,No,Yes,Month-to-month,No,Electronic check,25-48
1,1,1,0,1,66,104.9,6891.45,6,104.41590909090908,Female,Yes,Yes,Yes,Yes,Fiber optic,No,Yes,Yes,No,Yes,Yes,One year,Yes,Electronic check,49-72
0,1,1,1,0,16,89.45,1430.25,4,89.390625,Female,Yes,Yes,Yes,No,Fiber optic,No,Yes,Yes,No,Yes,No,Month-to-month,Yes,Credit card (automatic),13-24
0,1,0,0,0,0,61.9,0.0,5,61.9,Male,No,Yes,Yes,Yes,DSL,Yes,Yes,No,Yes,No,No,Two year,Yes,Bank transfer (automatic),0-12
1,1,0,1,1,65,85.75,5688.45,4,87.51461538461538,Male,Yes,Yes,Yes,Yes,Fiber optic,Yes,Yes,No,No,No,No,Month-to-month,Yes,Electronic check,49-72
1,1,1,0,1,49,103.0,5166.2,7,105.43265306122449,Female,No,No,Yes,Yes,Fiber optic,Yes,Yes,Yes,Yes,No,Yes,One year,No,Bank transfer (automatic),49-72
0,1,0,1,0,9,91.75,865.8,5,96.19999999999999,Female,Yes,No,Yes,Yes,Fiber optic,Yes,Yes,Yes,No,No,No,Month-to-month,No,Bank transfer (automatic),0-12
0,1,0,1,1,29,85.8,2440.25,4,84.14655172413794,Male,Yes,No,Yes,Yes,Fiber optic,No,Yes,Yes,No,No,No,Month-to-month,Yes,Electronic check,25-48
1,1,0,1,0,1,76.4,76.4,2,76.4,Female,Yes,No,Yes,No,Fiber optic,No,Yes,No,No,No,No,Month-to-month,Yes,Mailed check,0-12
1,1,1,1,0,23,94.75,2293.6,4,99.72173913043478,Female,No,No,Yes,No,Fiber optic,No,Yes,No,No,Yes,Yes,Month-to-month,Yes,Electronic check,13-24
0,1,0,0,1,72,84.05,6052.25,4,84.05902777777777,Female,Yes,No,Yes,Yes,Fiber optic,Yes,Yes,No,No,No,No,Two year,Yes,Bank transfer (automatic),49-72
0,0,0,0,1,65,19.55,1218.65,1,18.74846153846154,Male,No,No,Yes,No,No,No internet service,No internet service,No internet service,No internet service,No internet service,No internet service,Two year,Yes,Credit card (automatic),49-72
0,1,1,1,0,9,102.6,897.75,6,99.75,Male,Yes,Yes,Yes,Yes,Fiber optic,No,Yes,Yes,No,Yes,Yes,Month-to-month,Yes,Credit card (automatic),0-12
1,1,1,1,1,27,104.3,2867.75,6,106.21296296296296,Female,Yes,No,Yes,Yes,Fiber optic,Yes,No,No,Yes,Yes,Yes,Month-to-month,Yes,Bank transfer (automatic),25-48
1,1,1,0,1,71,56.45,3985.35,4,56.131690140845066,Male,No,No,No,No phone service,DSL,Yes,Yes,No,No,Yes,Yes,One year,Yes,Electronic check,49-72
0,0,0,0,1,24,19.7,494.05,1,20.585416666666667,Female,Yes,Yes,Yes,No,No,No internet service,No internet service,No internet service,No internet service,No internet service,No internet service,Two year,Yes,Mailed check,13-24
1,0,0,0,1,64,25.65,1740.8,2,27.2,Male,Yes,No,Yes,Yes,No,No internet service,No internet service,No internet service,No internet service,No internet service,No internet service,Two year,No,Credit card (automatic),49-72
0,1,1,0,1,72,61.2,4390.25,5,60.97569444444444,Male,No,No,No,No phone service,DSL,Yes,No,Yes,Yes,Yes,Yes,Two year,Yes,Credit card (automatic),49-72
0,0,1,0,1,58,82.5,4828.05,3,83.24224137931034,Male,Yes,Yes,Yes,Yes,Fiber optic,No,No,No,No,Yes,No,Two year,No,Bank transfer (automatic),49-72
0,1,1,0,0,17,54.6,934.8,4,54.98823529411764,Male,Yes,No,No,No phone service,DSL,No,No,Yes,Yes,Yes,Yes,One year,No,Electronic check,13-24
0,0,1,1,0,5,80.1,398.55,2,79.71000000000001,Male,No,No,Yes,No,Fiber optic,No,No,No,No,Yes,No,Month-to-month,Yes,Mailed check,0-12
0,1,0,0,1,61,68.05,4158.25,5,68.16803278688525,Male,Yes,Yes,Yes,No,DSL,Yes,Yes,Yes,Yes,No,No,Two year,Yes,Bank transfer (automatic),49-72
1,1,1,0,1,69,87.3,6055.55,4,87.76159420289855,Female,Yes,No,Yes,No,Fiber optic,Yes,Yes,No,No,No,Yes,One year,No,Credit card (automatic),49-72
0,1,1,0,1,50,114.35,5791.1,8,115.822,Male,No,No,Yes,Yes,Fiber optic,Yes,Yes,Yes,Yes,Yes,Yes,One year,No,Credit card (automatic),49-72
0,0,0,0,1,45,24.65,1171.3,2,26.028888888888886,Female,Yes,Yes,Yes,Yes,No,No internet service,No internet service,No internet service,No internet service,No internet service,No internet service,Two year,Yes,Credit card (automatic),25-48
0,0,0,1,0,10,19.8,196.75,1,19.675,Female,Yes,Yes,Yes,No,No,No internet service,No internet service,No internet service,No internet service,No internet service,No internet service,Month-to-month,Yes,Bank transfer (automatic),0-12
0,1,0,1,1,29,84.45,2467.1,4,85.07241379310345,Male,Yes,No,Yes,Yes,Fiber optic,Yes,Yes,No,No,No,No,Month-to-month,Yes,Electronic check,25-48
1,1,1,0,1,66,105.95,6975.25,6,105.68560606060606,Female,Yes,No,Yes,Yes,Fiber optic,No,No,Yes,Yes,Yes,Yes,One year,Yes,Credit card (automatic),49-72
0,0,0,0,0,12,20.05,264.55,1,22.045833333333334,Female,Yes,No,Yes,No,No,No internet service,No internet service,No internet service,No internet service,No internet service,No internet service,Two year,Yes,Electronic check,0-12
0,0,0,0,1,58,24.35,1423.85,2,24.54913793103448,Female,No,No,Yes,Yes,No,No internet service,No internet service,No internet service,No internet service,No internet service,No internet service,Two year,No,Credit card (automatic),49-72
0,0,1,1,0,8,66.25,546.45,3,68.30625,Male,No,No,Yes,No,DSL,No,No,No,No,Yes,Yes,Month-to-month,Yes,Electronic check,0-12
0,0,0,0,1,54,24.05,1230.9,2,22.794444444444448,Male,Yes,Yes,Yes,Yes,No,No internet service,No internet service,No internet service,No internet service,No internet service,No internet service,Two year,Yes,Bank transfer (automatic),49-72
0,1,1,0,1,42,84.35,3571.6,7,85.03809523809524,Female,Yes,No,Yes,Yes,DSL,Yes,No,Yes,Yes,Yes,Yes,Two year,No,Credit card (automatic),25-48
0,1,1,1,1,38,99.25,3777.15,5,99.39868421052631,Male,No,Yes,Yes,Yes,Fiber optic,No,No,Yes,No,Yes,Yes,Month-to-month,Yes,Bank transfer (automatic),25-48
0,0,1,1,0,12,84.45,1059.55,3,88.29583333333333,Male,No,No,Yes,Yes,Fiber optic,No,No,No,No,Yes,No,Month-to-month,Yes,Electronic check,0-12
0,1,0,1,0,14,80.05,1112.3,3,79.45,Female,No,No,Yes,No,Fiber optic,No,Yes,No,Yes,No,No,Month-to-month,Yes,Credit card (automatic),13-24
0,1,1,0,1,68,88.0,6161.9,8,90.61617647058823,Female,Yes,Yes,Yes,Yes,DSL,Yes,Yes,Yes,Yes,Yes,Yes,Two year,No,Credit card (automatic),49-72
0,0,0,1,0,9,76.85,663.55,2,73.72777777777777,Female,No,No,Yes,Yes,Fiber optic,No,No,No,No,No,No,Month-to-month,Yes,Electronic check,0-12
0,1,1,1,0,6,83.55,477.55,3,79.59166666666667,Male,Yes,Yes,Yes,No,Fiber optic,No,Yes,No,No,No,Yes,Month-to-month,Yes,Credit card (automatic),0-12
0,1,1,0,1,67,90.6,6056.15,4,90.39029850746267,Male,Yes,No,Yes,No,Fiber optic,Yes,Yes,No,No,No,Yes,One year,Yes,Credit card (automatic),49-72
1,1,1,0,1,52,106.5,5621.85,6,108.11250000000001,Female,Yes,No,Yes,Yes,Fiber optic,No,Yes,Yes,No,Yes,Yes,One year,Yes,Electronic check,49-72
0,1,0,1,1,40,80.0,3168.75,3,79.21875,Male,Yes,No,Yes,No,Fiber optic,No,Yes,Yes,No,No,No,Month-to-month,Yes,Electronic check,25-48
0,0,0,1,0,1,69.95,69.95,1,69.95,Female,No,No,Yes,No,Fiber optic,No,No,No,No,No,No,Month-to-month,Yes,Mailed check,0-12
0,1,1,1,0,10,95.1,865.1,4,86.51,Male,No,No,Yes,No,Fiber optic,No,No,No,Yes,Yes,Yes,Month-to-month,Yes,Credit card (automatic),0-12
0,0,0,0,1,42,25.25,1108.2,2,26.385714285714286,Female,Yes,No,Yes,Yes,No,No internet service,No internet service,No internet service,No internet service,No internet service,No internet service,Two year,No,Electronic check,25-48
1,0,0,1,0,20,71.3,1389.2,1,69.46000000000001,Male,No,No,Yes,No,Fiber optic,No,No,No,No,No,No,Month-to-month,No,Credit card (automatic),13-24
0,0,0,0,1,46,19.95,907.05,1,19.718478260869563,Male,No,No,Yes,No,No,No internet service,No internet service,No internet service,No internet service,No internet service,No internet service,Two year,No,Electronic check,25-48
0,0,1,1,0,7,96.2,639.7,4,91.38571428571429,Male,No,No,Yes,Yes,Fiber optic,No,No,No,No,Yes,Yes,Month-to-month,No,Electronic check,0-12
0,0,0,0,1,70,25.15,1790.15,2,25.57357142857143,Male,Yes,Yes,Yes,Yes,No,No internet service,No internet service,No internet service,No internet service,No internet service,No internet service,Two year,No,Credit card (automatic),49-72
1,1,1,0,1,66,102.4,6471.85,5,98.05833333333334,Female,No,No,Yes,Yes,Fiber optic,Yes,No,No,No,Yes,Yes,Two year,Yes,Bank transfer (automatic),49-72
0,1,1,1,0,16,90.8,1442.2,4,90.1375,Male,Yes,Yes,Yes,Yes,Fiber optic,No,No,Yes,No,Yes,No,Month-to-month,Yes,Bank transfer (automatic),13-24
0,0,0,0,0,22,25.25,555.4,2,25.245454545454546,Female,Yes,Yes,Yes,Yes,No,No internet service,No internet service,No internet service,No internet service,No internet service,No internet service,Two year,No,Credit card (automatic),13-24
1,0,0,1,0,1,69.65,69.65,1,69.65,Female,No,No,Yes,No,Fiber optic,No,No,No,No,No,No,Month-to-month,Yes,Electronic check,0-12
1,1,0,1,0,3,30.75,82.85,1,27.616666666666664,Female,Yes,No,No,No phone service,DSL,No,Yes,No,No,No,No,Month-to-month,Yes,Electronic check,0-12
1,1,0,1,0,11,55.6,580.8,3,52.8,Female,No,No,Yes,Yes,DSL,Yes,No,No,No,No,No,Month-to-month,Yes,Electronic check,0-12
0,0,0,1,0,2,20.0,40.9,1,20.45,Female,No,No,Yes,No,No,No internet service,No internet service,No internet service,No internet service,No internet service,No internet service,Month-to-month,Yes,Mailed check,0-12
0,1,1,1,0,17,93.85,1625.65,4,95.62647058823529,Male,No,No,Yes,No,Fiber optic,Yes,No,No,No,Yes,Yes,Month-to-month,No,Electronic check,13-24
0,0,0,1,0,1,70.1,70.1,1,70.1,Female,No,No,Yes,No,Fiber optic,No,No,No,No,No,No,Month-to-month,Yes,Electronic check,0-12
0,0,0,1,0,1,20.2,20.2,1,20.2,Male,No,No,Yes,No,No,No internet service,No internet service,No internet service,No internet service,No internet service,No internet service,Month-to-month,No,Mailed check,0-12
0,0,0,1,0,1,44.0,44.0,1,44.0,Male,No,Yes,Yes,No,DSL,No,No,No,No,No,No,Month-to-month,No,Electronic check,0-12
0,0,0,0,1,64,24.7,1642.75,2,25.66796875,Female,No,No,Yes,Yes,No,No internet service,No internet service,No internet service,No internet service,No internet service,No internet service,One year,No,Mailed check,49-72
1,1,0,1,0,2,78.55,149.55,3,74.775,Female,No,No,Yes,Yes,Fiber optic,No,No,Yes,No,No,No,Month-to-month,Yes,Electronic check,0-12
1,1,0,1,0,1,80.3,80.3,3,80.3,Male,Yes,No,Yes,Yes,Fiber optic,Yes,No,No,No,No,No,Month-to-month,Yes,Electronic check,0-12
0,1,1,0,1,72,53.8,3952.45,4,54.89513888888889,Female,Yes,Yes,No,No phone service,DSL,Yes,No,Yes,No,Yes,Yes,Two year,Yes,Credit card (automatic),49-72
0,1,1,0,1,72,116.95,8594.4,8,119.36666666666666,Male,Yes,No,Yes,Yes,Fiber optic,Yes,Yes,Yes,Yes,Yes,Yes,Two year,Yes,Credit card (automatic),49-72
0,1,1,0,1,67,67.85,4627.65,5,69.06940298507462,Male,Yes,Yes,Yes,No,DSL,Yes,No,Yes,Yes,No,Yes,Two year,No,Mailed check,49-72
1,1,1,0,1,72,73.45,5329.0,5,74.01388888888889,Male,Yes,No,Yes,Yes,DSL,No,No,Yes,No,Yes,Yes,Two year,Yes,Credit card (automatic),49-72
1,1,1,1,1,65,108.8,7082.45,6,108.96076923076923,Female,Yes,No,Yes,Yes,Fiber optic,No,Yes,Yes,No,Yes,Yes,Month-to-month,Yes,Bank transfer (automatic),49-72
0,0,0,0,1,72,19.75,1567.0,1,21.76388888888889,Female,No,Yes,Yes,No,No,No internet service,No internet service,No internet service,No internet service,No internet service,No internet service,Two year,Yes,Mailed check,49-72
0,1,1,1,0,20,89.4,1871.15,4,93.5575,Female,No,No,Yes,No,Fiber optic,Yes,No,Yes,No,Yes,No,Month-to-month,Yes,Bank transfer (automatic),13-24
1,0,1,1,0,2,86.85,156.35,3,78.175,Male,Yes,No,Yes,Yes,Fiber optic,No,No,No,No,Yes,No,Month-to-month,Yes,Mailed check,0-12
0,1,1,0,1,70,99.35,6944.5,6,99.20714285714286,Male,Yes,No,Yes,Yes,Fiber optic,Yes,Yes,Yes,No,Yes,No,Two year,Yes,Credit card (automatic),49-72
0,1,1,0,1,68,44.8,2983.65,3,43.87720588235294,Male,Yes,Yes,No,No phone service,DSL,Yes,Yes,No,No,Yes,No,One year,No,Mailed check,49-72
1,1,0,1,1,49,88.2,4159.45,5,84.88673469387754,Male,Yes,No,Yes,Yes,Fiber optic,Yes,Yes,Yes,No,No,No,Month-to-month,Yes,Electronic check,49-72
0,1,1,0,1,68,54.1,3794.5,4,55.8014705882353,Male,Yes,No,No,No phone service,DSL,Yes,No,Yes,No,Yes,Yes,Two year,Yes,Bank transfer (automatic),49-72
0,0,0,0,1,30,19.7,625.05,1,20.834999999999997,Male,No,No,Yes,No,No,No internet service,No internet service,No internet service,No internet service,No internet service,No internet service,One year,No,Mailed check,25-48
0,1,1,0,1,34,64.35,2053.05,4,60.38382352941177,Female,No,No,Yes,No,DSL,Yes,Yes,No,No,No,Yes,One year,No,Electronic check,25-48
0,1,1,0,1,58,99.25,5846.65,5,100.80431034482758,Female,Yes,Yes,Yes,No,Fiber optic,Yes,Yes,No,No,Yes,Yes,One year,No,Credit card (automatic),49-72
0,0,0,1,0,12,21.05,235.8,1,19.650000000000002,Male,No,Yes,Yes,No,No,No internet service,No internet service,No internet service,No internet service,No internet service,No internet service,Month-to-month,No,Credit card (automatic),0-12
0,1,0,1,0,19,55.0,1046.5,3,55.078947368421055,Male,No,No,Yes,No,DSL,No,No,Yes,Yes,No,No,Month-to-month,Yes,Credit card (automatic),13-24
0,1,1,1,1,24,89.55,2259.35,4,94.13958333333333,Female,No,No,Yes,Yes,Fiber optic,No,No,No,Yes,No,Yes,Month-to-month,Yes,Electronic check,13-24
0,1,1,1,0,22,94.7,1914.9,4,87.0409090909091,Male,Yes,No,Yes,No,Fiber optic,No,No,Yes,No,Yes,Yes,Month-to-month,Yes,Credit card (automatic),13-24
1,0,1,1,1,59,93.85,5574.75,4,94.48728813559322,Male,Yes,No,Yes,Yes,Fiber optic,No,No,No,No,Yes,Yes,Month-to-month,Yes,Bank transfer (automatic),49-72
0,0,0,0,0,22,25.25,566.5,2,25.75,Male,No,No,Yes,Yes,No,No internet service,No internet service,No internet service,No internet service,No internet service,No internet service,Two year,No,Mailed check,13-24
0,1,1,0,1,56,54.05,2959.8,4,52.853571428571435,Male,Yes,No,No,No phone service,DSL,No,No,Yes,Yes,Yes,Yes,One year,Yes,Bank transfer (automatic),49-72
1,0,1,1,1,32,90.95,2897.95,3,90.5609375,Female,No,No,Yes,No,Fiber optic,No,No,No,No,Yes,Yes,Month-to-month,No,Electronic check,25-48
0,0,0,1,0,1,19.2,19.2,1,19.2,Male,No,No,Yes,No,No,No internet service,No internet service,No internet service,No internet service,No internet service,No internet service,Month-to-month,No,Electronic check,0-12
0,1,1,0,1,72,106.1,7848.5,6,109.00694444444444,Male,Yes,Yes,Yes,Yes,Fiber optic,Yes,No,Yes,No,Yes,Yes,One year,Yes,Bank transfer (automatic),49-72
0,1,1,0,1,70,76.1,5264.25,6,75.20357142857142,Male,Yes,No,Yes,Yes,DSL,No,Yes,Yes,Yes,Yes,No,Two year,No,Credit card (automatic),49-72
0,1,1,1,0,18,99.85,1776.95,5,98.71944444444445,Female,No,No,Yes,Yes,Fiber optic,No,No,No,Yes,Yes,Yes,Month-to-month,Yes,Bank transfer (automatic),13-24
0,1,1,0,1,70,79.15,5536.5,7,79.09285714285714,Male,Yes,No,Yes,Yes,DSL,Yes,Yes,Yes,Yes,Yes,No,Two year,No,Mailed check,49-72
0,1,1,0,1,66,75.1,5013.0,6,75.95454545454545,Male,Yes,Yes,Yes,No,DSL,Yes,Yes,Yes,Yes,Yes,No,One year,Yes,Electronic check,49-72
0,1,0,0,1,51,34.2,1782.0,2,34.94117647058823,Female,Yes,Yes,No,No phone service,DSL,Yes,No,No,Yes,No,No,Two year,No,Bank transfer (automatic),49-72
0,0,0,1,0,6,19.85,138.85,1,23.141666666666666,Male,Yes,Yes,Yes,No,No,No internet service,No internet service,No internet service,No internet service,No internet service,No internet service,Month-to-month,No,Credit card (automatic),0-12
1,0,1,1,0,2,93.85,196.75,4,98.375,Male,No,No,Yes,Yes,Fiber optic,No,No,No,No,Yes,Yes,Month-to-month,Yes,Electronic check,0-12
0,1,0,0,1,67,50.55,3260.1,2,48.65820895522388,Male,No,No,Yes,No,DSL,No,No,No,Yes,No,No,Two year,No,Bank transfer (automatic),49-72
0,1,0,1,0,3,55.35,165.2,3,55.06666666666666,Female,No,No,Yes,No,DSL,Yes,Yes,No,No,No,No,Month-to-month,No,Electronic check,0-12
0,0,0,0,1,71,19.9,1355.1,1,19.085915492957746,Male,No,No,Yes,No,No,No internet service,No internet service,No internet service,No internet service,No internet service,No internet service,Two year,Yes,Credit card (automatic),49-72
0,1,0,0,0,17,56.1,946.95,3,55.70294117647059,Male,No,No,Yes,No,DSL,Yes,Yes,No,No,No,No,One year,No,Mailed check,13-24
0,1,1,1,1,45,100.85,4740.0,5,105.33333333333333,Male,No,No,Yes,Yes,Fiber optic,No,Yes,No,No,Yes,Yes,Month-to-month,Yes,Credit card (automatic),25-48
0,0,0,0,0,8,19.75,145.0,1,18.125,Female,Yes,Yes,Yes,No,No,No internet service,No internet service,No internet service,No internet service,No internet service,No internet service,One year,Yes,Mailed check,0-12
0,1,1,0,1,71,85.75,6223.8,8,87.65915492957747,Female,Yes,No,Yes,Yes,DSL,Yes,Yes,Yes,Yes,Yes,Yes,Two year,No,Credit card (automatic),49-72
0,1,0,0,1,68,86.45,5762.95,4,84.74926470588235,Female,Yes,No,Yes,Yes,Fiber optic,No,Yes,Yes,No,No,No,One year,No,Credit card (automatic),49-72
0,0,1,1,0,2,80.65,144.15,2,72.075,Female,No,No,Yes,No,Fiber optic,No,No,No,No,Yes,No,Month-to-month,Yes,Electronic check,0-12
0,0,0,0,1,37,19.8,813.3,1,21.98108108108108,Female,No,No,Yes,No,No,No internet service,No internet service,No internet service,No internet service,No internet service,No internet service,Two year,No,Mailed check,25-48
0,1,1,1,1,31,88.65,2683.2,4,86.55483870967741,Male,Yes,No,Yes,Yes,Fiber optic,No,No,Yes,No,Yes,No,Month-to-month,No,Credit card (automatic),25-48
1,1,1,1,1,64,103.5,6548.65,6,102.32265625,Male,No,No,Yes,Yes,Fiber optic,Yes,Yes,No,No,Yes,Yes,Month-to-month,Yes,Bank transfer (automatic),49-72
0,1,1,0,1,52,80.95,4233.95,6,81.42211538461538,Female,No,No,Yes,Yes,DSL,No,No,Yes,Yes,Yes,Yes,Two year,Yes,Bank transfer (automatic),49-72
1,1,1,0,1,54,65.25,3529.95,4,65.36944444444444,Male,No,No,Yes,No,DSL,No,No,Yes,Yes,No,Yes,One year,No,Bank transfer (automatic),49-72
1,1,0,1,1,42,74.15,3229.4,2,76.89047619047619,Female,Yes,No,Yes,No,Fiber optic,Yes,No,No,No,No,No,Month-to-month,Yes,Credit card (automatic),25-48
0,0,0,1,1,27,19.4,529.8,1,19.62222222222222,Male,No,No,Yes,No,No,No internet service,No internet service,No internet service,No internet service,No internet service,No internet service,Month-to-month,Yes,Electronic check,25-48
1,1,0,1,0,5,80.7,374.8,3,74.96000000000001,Female,No,No,Yes,No,Fiber optic,Yes,Yes,No,No,No,No,Month-to-month,No,Electronic check,0-12
0,1,1,0,1,71,84.2,5956.85,7,83.8992957746479,Male,Yes,No,Yes,Yes,DSL,No,Yes,Yes,Yes,Yes,Yes,Two year,No,Credit card (automatic),49-72
0,1,1,1,0,7,89.35,631.85,4,90.26428571428572,Male,No,No,Yes,Yes,Fiber optic,No,No,Yes,No,Yes,No,Month-to-month,Yes,Credit card (automatic),0-12
0,1,0,1,0,4,29.15,110.05,1,27.5125,Female,No,No,No,No phone service,DSL,Yes,No,No,No,No,No,Month-to-month,Yes,Mailed check,0-12
0,0,1,1,0,9,59.9,542.4,3,60.266666666666666,Male,No,No,Yes,Yes,DSL,No,No,No,No,No,Yes,Month-to-month,No,Mailed check,0-12
0,1,1,0,1,72,108.65,7726.35,7,107.31041666666667,Female,Yes,Yes,Yes,No,Fiber optic,Yes,Yes,Yes,Yes,Yes,Yes,Two year,Yes,Bank transfer (automatic),49-72
0,1,1,0,1,62,84.95,5150.55,7,83.0733870967742,Female,Yes,No,Yes,Yes,DSL,Yes,Yes,No,Yes,Yes,Yes,Two year,Yes,Electronic check,49-72
0,0,0,0,1,71,23.9,1626.4,2,22.907042253521126,Male,Yes,Yes,Yes,Yes,No,No internet service,No internet service,No internet service,No internet service,No internet service,No internet service,Two year,No,Credit card (automatic),49-72
0,1,1,1,0,14,89.95,1178.4,4,84.17142857142858,Male,No,No,Yes,Yes,Fiber optic,No,No,No,Yes,Yes,No,Month-to-month,Yes,Electronic check,13-24
0,0,0,1,0,2,70.35,120.25,1,60.125,Female,Yes,No,Yes,No,Fiber optic,No,No,No,No,No,No,Month-to-month,Yes,Electronic check,0-12
0,1,1,1,1,48,103.85,4946.05,6,103.04270833333334,Female,No,No,Yes,Yes,Fiber optic,No,No,Yes,Yes,Yes,Yes,Month-to-month,Yes,Electronic check,25-48
0,1,1,0,1,72,112.75,8192.6,8,113.78611111111111,Female,No,No,Yes,Yes,Fiber optic,Yes,Yes,Yes,Yes,Yes,Yes,Two year,Yes,Credit card (automatic),49-72
0,1,0,1,0,19,34.95,610.2,2,32.11578947368421,Male,Yes,Yes,No,No phone service,DSL,Yes,Yes,No,No,No,No,Month-to-month,Yes,Mailed check,13-24
0,1,0,1,0,18,50.3,908.75,2,50.486111111111114,Female,Yes,No,Yes,No,DSL,No,No,No,Yes,No,No,Month-to-month,Yes,Mailed check,13-24
0,1,1,0,1,54,80.6,4299.95,6,79.6287037037037,Female,No,No,Yes,No,DSL,Yes,No,Yes,Yes,Yes,Yes,Two year,No,Electronic check,49-72
0,1,1,1,1,33,107.55,3645.5,6,110.46969696969697,Female,No,No,Yes,Yes,Fiber optic,No,Yes,Yes,No,Yes,Yes,Month-to-month,No,Electronic check,25-48
0,1,1,1,0,6,78.65,483.3,6,80.55,Male,No,No,Yes,No,DSL,Yes,No,Yes,Yes,Yes,Yes,Month-to-month,No,Credit card (automatic),0-12
0,1,1,1,1,57,49.9,2782.4,4,48.8140350877193,Female,Yes,No,No,No phone service,DSL,Yes,No,Yes,Yes,No,Yes,Month-to-month,Yes,Bank transfer (automatic),49-72
0,0,0,0,0,17,20.5,365.8,1,21.51764705882353,Male,No,No,Yes,No,No,No internet service,No internet service,No internet service,No internet service,No internet service,No internet service,One year,Yes,Mailed check,13-24
0,1,0,1,0,1,74.3,74.3,2,74.3,Female,No,No,Yes,No,Fiber optic,No,Yes,No,No,No,No,Month-to-month,Yes,Credit card (automatic),0-12
0,0,0,0,0,1,20.35,20.35,1,20.35,Female,Yes,Yes,Yes,No,No,No internet service,No internet service,No internet service,No internet service,No internet service,No internet service,Two year,No,Mailed check,0-12
0,0,0,0,1,57,19.6,1170.55,1,20.5359649122807,Male,No,Yes,Yes,No,No,No internet service,No internet service,No internet service,No internet service,No internet service,No internet service,Two year,Yes,Mailed check,49-72
0,0,0,1,0,1,19.7,19.7,1,19.7,Male,No,No,Yes,No,No,No internet service,No internet service,No internet service,No internet service,No internet service,No internet service,Month-to-month,No,Mailed check,0-12
0,1,0,0,1,39,89.55,3474.45,5,89.08846153846153,Female,Yes,Yes,Yes,Yes,Fiber optic,No,Yes,Yes,Yes,No,No,One year,Yes,Electronic check,25-48
0,0,0,1,1,33,68.25,2171.15,1,65.79242424242425,Male,No,No,Yes,No,Fiber optic,No,No,No,No,No,No,Month-to-month,No,Electronic check,25-48
0,1,1,0,1,60,95.4,5812.0,5,96.86666666666666,Male,Yes,Yes,Yes,Yes,Fiber optic,Yes,No,Yes,No,Yes,No,One year,Yes,Bank transfer (automatic),49-72
1,1,1,1,1,24,93.15,2231.05,4,92.96041666666667,Male,Yes,No,Yes,No,Fiber optic,No,No,Yes,No,Yes,Yes,Month-to-month,Yes,Electronic check,13-24
0,1,0,0,1,33,80.1,2603.3,3,78.88787878787879,Male,No,No,Yes,Yes,Fiber optic,Yes,No,No,No,No,No,One year,No,Bank transfer (automatic),25-48
1,1,1,0,1,70,105.55,7195.35,6,102.79071428571429,Female,Yes,No,Yes,Yes,Fiber optic,No,Yes,No,Yes,Yes,Yes,One year,Yes,Bank transfer (automatic),49-72
0,0,1,1,1,36,95.0,3440.25,4,95.5625,Male,Yes,No,Yes,Yes,Fiber optic,No,No,No,No,Yes,Yes,Month-to-month,Yes,Bank transfer (automatic),25-48
0,1,1,0,1,72,108.5,8003.8,7,111.16388888888889,Female,Yes,No,Yes,Yes,Fiber optic,No,Yes,Yes,Yes,Yes,Yes,One year,Yes,Bank transfer (automatic),49-72
1,0,1,1,0,1,79.2,79.2,2,79.2,Female,No,No,Yes,No,Fiber optic,No,No,No,No,Yes,No,Month-to-month,Yes,Electronic check,0-12
0,1,0,1,0,3,50.15,160.85,2,53.61666666666667,Male,No,No,Yes,No,DSL,Yes,No,No,No,No,No,Month-to-month,Yes,Mailed check,0-12
0,0,0,1,0,1,20.0,20.0,1,20.0,Female,Yes,Yes,Yes,No,No,No internet service,No internet service,No internet service,No internet service,No internet service,No internet service,Month-to-month,No,Electronic check,0-12
1,1,0,1,1,56,76.85,4275.75,3,76.35267857142857,Female,Yes,No,Yes,Yes,Fiber optic,No,No,No,Yes,No,No,Month-to-month,Yes,Bank transfer (automatic),49-72
0,1,1,0,1,66,95.3,6273.4,5,95.05151515151515,Male,Yes,No,Yes,Yes,Fiber optic,No,Yes,Yes,No,No,Yes,One year,No,Electronic check,49-72
1,1,1,1,1,57,104.9,5913.95,6,103.75350877192982,Male,No,No,Yes,Yes,Fiber optic,No,Yes,No,Yes,Yes,Yes,Month-to-month,Yes,Bank transfer (automatic),49-72
1,0,1,0,1,62,84.45,4959.15,3,79.98629032258064,Female,No,No,Yes,Yes,Fiber optic,No,No,No,No,Yes,No,One year,No,Electronic check,49-72
0,0,0,1,0,7,19.4,168.65,1,24.092857142857145,Male,No,No,Yes,No,No,No internet service,No internet service,No internet service,No internet service,No internet service,No internet service,Month-to-month,Yes,Mailed check,0-12
0,1,1,1,1,24,54.15,1240.25,4,51.677083333333336,Female,No,No,No,No phone service,DSL,No,Yes,Yes,No,Yes,Yes,Month-to-month,Yes,Credit card (automatic),13-24
0,0,0,0,1,60,19.95,1258.15,1,20.96916666666667,Male,Yes,No,Yes,No,No,No internet service,No internet service,No internet service,No internet service,No internet service,No internet service,Two year,No,Mailed check,49-72
0,1,0,0,1,63,63.55,4014.2,5,63.717460317460315,Female,Yes,Yes,Yes,No,DSL,Yes,Yes,Yes,Yes,No,No,Two year,No,Mailed check,49-72
0,1,1,1,1,55,103.65,5676.65,6,103.21181818181817,Female,Yes,No,Yes,Yes,Fiber optic,No,Yes,Yes,No,Yes,Yes,Month-to-month,Yes,Credit card (automatic),49-72
0,1,1,0,1,68,110.2,7467.5,7,109.81617647058823,Male,Yes,Yes,Yes,Yes,Fiber optic,Yes,Yes,Yes,No,Yes,Yes,Two year,Yes,Electronic check,49-72
1,0,0,0,0,23,20.75,485.2,1,21.09565217391304,Male,Yes,No,Yes,No,No,No internet service,No internet service,No internet service,No internet service,No internet service,No internet service,One year,Yes,Electronic check,13-24
0,1,0,1,1,28,74.9,2068.55,2,73.87678571428572,Male,No,Yes,Yes,No,Fiber optic,Yes,No,No,No,No,No,Month-to-month,Yes,Bank transfer (automatic),25-48
0,1,1,0,1,71,84.4,5969.3,7,84.07464788732395,Female,Yes,No,Yes,No,DSL,Yes,Yes,Yes,Yes,Yes,Yes,Two year,Yes,Credit card (automatic),49-72
1,0,0,0,1,64,20.05,1198.05,1,18.71953125,Male,No,No,Yes,No,No,No internet service,No internet service,No internet service,No internet service,No internet service,No internet service,Two year,Yes,Bank transfer (automatic),49-72
0,1,0,1,0,18,77.8,1358.6,3,75.47777777777777,Female,No,No,Yes,No,Fiber optic,No,Yes,Yes,No,No,No,Month-to-month,No,Electronic check,13-24
0,1,1,1,0,6,89.75,552.65,4,92.10833333333333,Female,No,No,Yes,Yes,Fiber optic,No,Yes,No,No,Yes,No,Month-to-month,Yes,Electronic check,0-12
1,0,1,1,0,9,85.05,746.5,3,82.94444444444444,Male,No,No,Yes,Yes,Fiber optic,No,No,No,No,No,Yes,Month-to-month,Yes,Electronic check,0-12
0,1,1,1,0,18,90.1,1612.75,4,89.59722222222223,Female,No,No,Yes,Yes,Fiber optic,No,No,No,Yes,No,Yes,Month-to-month,Yes,Electronic check,13-24
0,1,1,0,1,59,79.85,4786.1,7,81.12033898305086,Female,No,No,Yes,Yes,DSL,Yes,Yes,Yes,Yes,No,Yes,One year,No,Credit card (automatic),49-72
0,0,0,1,0,1,20.2,20.2,1,20.2,Male,No,No,Yes,No,No,No internet service,No internet service,No internet service,No internet service,No internet service,No internet service,Month-to-month,Yes,Mailed check,0-12
0,1,1,0,1,71,100.45,7159.7,6,100.84084507042253,Female,Yes,Yes,Yes,Yes,Fiber optic,Yes,No,Yes,Yes,No,Yes,Two year,No,Electronic check,49-72
0,0,1,1,0,12,78.1,947.3,2,78.94166666666666,Female,No,No,Yes,No,Fiber optic,No,No,No,No,No,Yes,Month-to-month,No,Bank transfer (automatic),0-12
0,1,1,0,0,17,96.65,1588.25,4,93.42647058823529,Male,Yes,No,Yes,No,Fiber optic,No,No,Yes,No,Yes,Yes,One year,Yes,Bank transfer (automatic),13-24
1,0,0,1,1,38,24.85,955.75,0,25.151315789473685,Male,Yes,No,No,No phone service,DSL,No,No,No,No,No,No,Month-to-month,Yes,Electronic check,25-48
0,0,0,0,0,22,20.15,419.9,1,19.086363636363636,Male,Yes,Yes,Yes,No,No,No internet service,No internet service,No internet service,No internet service,No internet service,No internet service,One year,No,Mailed check,13-24
0,0,0,1,0,7,19.3,144.95,1,20.707142857142856,Female,No,No,Yes,No,No,No internet service,No internet service,No internet service,No internet service,No internet service,No internet service,Month-to-month,No,Mailed check,0-12
0,1,0,0,1,71,71.1,5224.95,6,73.59084507042253,Female,Yes,Yes,Yes,Yes,DSL,Yes,Yes,Yes,Yes,No,No,Two year,No,Mailed check,49-72
0,1,1,1,1,43,91.65,3954.1,4,91.95581395348837,Female,No,No,Yes,No,Fiber optic,No,Yes,Yes,No,Yes,No,Month-to-month,Yes,Electronic check,25-48
0,0,0,1,0,17,25.1,382.8,0,22.51764705882353,Male,No,No,No,No phone service,DSL,No,No,No,No,No,No,Month-to-month,No,Credit card (automatic),13-24
1,0,1,1,0,6,84.35,474.9,3,79.14999999999999,Female,Yes,No,Yes,Yes,Fiber optic,No,No,No,No,No,Yes,Month-to-month,Yes,Electronic check,0-12
0,0,1,1,0,9,88.4,788.6,3,87.62222222222222,Female,No,No,Yes,No,Fiber optic,No,No,No,No,Yes,Yes,Month-to-month,Yes,Mailed check,0-12
0,1,1,0,1,64,105.65,6903.1,6,107.8609375,Male,No,No,Yes,Yes,Fiber optic,No,Yes,No,Yes,Yes,Yes,One year,Yes,Credit card (automatic),49-72
0,1,1,0,1,72,79.35,5753.25,6,79.90625,Male,Yes,No,Yes,No,DSL,Yes,Yes,No,Yes,Yes,Yes,Two year,Yes,Bank transfer (automatic),49-72
0,1,1,1,1,28,89.9,2433.5,4,86.91071428571429,Female,Yes,No,Yes,No,Fiber optic,No,Yes,Yes,No,No,Yes,Month-to-month,No,Credit card (automatic),25-48
0,0,1,1,0,5,80.6,415.55,2,83.11,Male,No,No,Yes,No,Fiber optic,No,No,No,No,Yes,No,Month-to-month,Yes,Electronic check,0-12
0,1,1,0,1,72,84.3,5997.1,7,83.29305555555555,Male,No,No,Yes,Yes,DSL,Yes,No,Yes,Yes,Yes,Yes,Two year,No,Credit card (automatic),49-72
0,0,0,1,0,1,19.55,19.55,1,19.55,Female,No,No,Yes,No,No,No internet service,No internet service,No internet service,No internet service,No internet service,No internet service,Month-to-month,No,Mailed check,0-12
1,1,0,1,1,51,29.45,1459.35,1,28.61470588235294,Male,Yes,No,No,No phone service,DSL,No,Yes,No,No,No,No,Month-to-month,Yes,Credit card (automatic),49-72
0,1,1,1,1,35,95.5,3418.2,5,97.66285714285713,Male,No,No,Yes,Yes,Fiber optic,No,No,Yes,Yes,Yes,No,Month-to-month,No,Electronic check,25-48
0,0,1,1,0,2,80.2,146.05,2,73.025,Female,No,No,Yes,No,Fiber optic,No,No,No,No,Yes,No,Month-to-month,Yes,Electronic check,0-12
0,0,0,1,0,10,45.25,428.7,1,42.87,Female,No,No,Yes,No,DSL,No,No,No,No,No,No,Month-to-month,No,Mailed check,0-12
0,1,0,1,1,30,82.05,2570.2,3,85.67333333333333,Male,Yes,Yes,Yes,No,Fiber optic,No,Yes,Yes,No,No,No,Month-to-month,No,Bank transfer (automatic),25-48
0,1,0,1,1,43,50.2,2169.4,2,50.45116279069768,Female,Yes,Yes,Yes,No,DSL,No,Yes,No,No,No,No,Month-to-month,No,Mailed check,25-48
0,1,1,1,1,35,100.25,3527.6,5,100.78857142857143,Female,No,No,Yes,Yes,Fiber optic,No,No,Yes,No,Yes,Yes,Month-to-month,Yes,Electronic check,25-48
0,0,0,0,1,27,19.15,501.35,1,18.56851851851852,Female,No,No,Yes,No,No,No internet service,No internet service,No internet service,No internet service,No internet service,No internet service,One year,No,Mailed check,25-48
0,1,0,1,1,53,90.8,4921.2,5,92.85283018867923,Female,No,No,Yes,Yes,Fiber optic,Yes,Yes,Yes,No,No,No,Month-to-month,No,Electronic check,49-72
1,0,0,1,1,27,70.55,1943.9,1,71.9962962962963,Male,Yes,No,Yes,No,Fiber optic,No,No,No,No,No,No,Month-to-month,Yes,Electronic check,25-48
0,1,1,0,1,72,109.25,8109.8,7,112.63611111111112,Female,Yes,No,Yes,Yes,Fiber optic,No,Yes,Yes,Yes,Yes,Yes,One year,Yes,Electronic check,49-72
0,0,0,1,0,3,24.75,66.95,0,22.316666666666666,Male,No,No,No,No phone service,DSL,No,No,No,No,No,No,Month-to-month,No,Electronic check,0-12
0,1,0,1,1,45,87.25,3941.7,4,87.59333333333333,Female,No,No,Yes,Yes,Fiber optic,No,No,Yes,Yes,No,No,Month-to-month,Yes,Electronic check,25-48
0,1,1,0,1,67,94.1,6302.8,5,94.07164179104478,Female,Yes,Yes,Yes,Yes,Fiber optic,No,Yes,No,Yes,Yes,No,Two year,No,Credit card (automatic),49-72
0,1,1,1,1,49,99.4,5025.0,5,102.55102040816327,Female,Yes,No,Yes,No,Fiber optic,No,Yes,Yes,No,Yes,Yes,Month-to-month,No,Electronic check,49-72
0,0,0,1,0,2,19.65,31.2,1,15.6,Male,No,No,Yes,No,No,No internet service,No internet service,No internet service,No internet service,No internet service,No internet service,Month-to-month,Yes,Electronic check,0-12
0,0,0,1,0,1,45.1,45.1,1,45.1,Male,No,No,Yes,No,DSL,No,No,No,No,No,No,Month-to-month,Yes,Bank transfer (automatic),0-12
0,1,0,1,1,38,81.85,3141.7,3,82.67631578947368,Male,No,Yes,Yes,Yes,Fiber optic,No,Yes,No,No,No,No,Month-to-month,Yes,Mailed check,25-48
0,1,1,1,0,3,95.1,307.4,4,102.46666666666665,Female,No,No,Yes,No,Fiber optic,No,Yes,No,No,Yes,Yes,Month-to-month,Yes,Electronic check,0-12
0,1,1,1,0,13,45.55,597.0,3,45.92307692307692,Male,No,No,No,No phone service,DSL,Yes,No,No,Yes,Yes,No,Month-to-month,Yes,Credit card (automatic),13-24
0,1,1,1,1,25,95.15,2395.7,4,95.82799999999999,Female,Yes,No,Yes,No,Fiber optic,No,No,No,Yes,Yes,Yes,Month-to-month,Yes,Electronic check,25-48
0,1,1,0,1,50,104.4,5232.9,6,104.65799999999999,Female,Yes,No,Yes,Yes,Fiber optic,Yes,No,Yes,No,Yes,Yes,One year,Yes,Mailed check,49-72
0,1,0,0,0,2,59.5,130.5,4,65.25,Male,Yes,Yes,Yes,No,DSL,Yes,Yes,No,Yes,No,No,Two year,No,Mailed check,0-12
1,0,1,1,0,16,86.6,1281.0,3,80.0625,Male,No,No,Yes,Yes,Fiber optic,No,No,No,No,Yes,No,Month-to-month,Yes,Electronic check,13-24
1,1,1,0,1,60,110.0,6668.35,7,111.13916666666667,Female,Yes,No,Yes,No,Fiber optic,Yes,Yes,Yes,Yes,Yes,Yes,Two year,Yes,Bank transfer (automatic),49-72
0,1,1,0,1,68,105.75,7322.5,6,107.68382352941177,Male,Yes,Yes,Yes,No,Fiber optic,No,Yes,Yes,Yes,Yes,Yes,One year,No,Credit card (automatic),49-72
1,1,0,1,1,43,33.45,1500.25,2,34.88953488372093,Female,No,No,No,No phone service,DSL,Yes,Yes,No,No,No,No,Month-to-month,Yes,Credit card (automatic),25-48
0,1,0,1,0,17,66.7,1077.05,5,63.35588235294117,Male,Yes,Yes,Yes,Yes,DSL,No,Yes,Yes,Yes,No,No,Month-to-month,Yes,Mailed check,13-24
0,1,0,0,1,56,80.3,4513.65,3,80.60089285714285,Female,Yes,No,Yes,No,Fiber optic,Yes,No,Yes,No,No,No,Two year,No,Bank transfer (automatic),49-72
0,1,1,1,0,1,40.1,40.1,2,40.1,Female,Yes,Yes,No,No phone service,DSL,No,No,No,Yes,Yes,No,Month-to-month,No,Electronic check,0-12
0,1,1,0,1,72,118.75,8672.45,8,120.45069444444445,Female,Yes,Yes,Yes,Yes,Fiber optic,Yes,Yes,Yes,Yes,Yes,Yes,Two year,Yes,Bank transfer (automatic),49-72
0,0,0,1,0,15,19.9,320.45,1,21.363333333333333,Female,No,No,Yes,No,No,No internet service,No internet service,No internet service,No internet service,No internet service,No internet service,Month-to-month,No,Mailed check,13-24
0,0,0,0,1,30,25.35,723.3,2,24.11,Male,No,Yes,Yes,Yes,No,No internet service,No internet service,No internet service,No internet service,No internet service,No internet service,One year,No,Bank transfer (automatic),25-48
0,1,1,1,0,22,39.2,849.9,2,38.63181818181818,Female,Yes,Yes,No,No phone service,DSL,No,Yes,No,No,Yes,No,Month-to-month,No,Electronic check,13-24
0,1,1,0,1,48,102.5,4904.25,6,102.171875,Female,No,No,Yes,No,Fiber optic,Yes,No,Yes,Yes,Yes,Yes,Two year,Yes,Credit card (automatic),25-48
1,0,0,1,0,5,69.35,341.6,1,68.32000000000001,Female,Yes,No,Yes,No,Fiber optic,No,No,No,No,No,No,Month-to-month,Yes,Electronic check,0-12
0,0,0,0,0,19,20.5,398.55,1,20.976315789473684,Female,No,Yes,Yes,No,No,No internet service,No internet service,No internet service,No internet service,No internet service,No internet service,Two year,No,Mailed check,13-24
0,1,0,0,1,28,54.3,1546.3,3,55.225,Female,No,No,Yes,No,DSL,Yes,No,No,Yes,No,No,One year,No,Mailed check,25-48
0,1,1,0,1,54,65.3,3512.9,4,65.0537037037037,Male,No,No,Yes,No,DSL,Yes,Yes,No,No,Yes,No,Two year,Yes,Bank transfer (automatic),49-72
1,0,0,1,1,24,70.0,1732.6,1,72.19166666666666,Male,No,No,Yes,No,Fiber optic,No,No,No,No,No,No,Month-to-month,No,Credit card (automatic),13-24
0,0,0,0,1,39,19.35,779.2,1,19.97948717948718,Male,No,Yes,Yes,No,No,No internet service,No internet service,No internet service,No internet service,No internet service,No internet service,One year,No,Bank transfer (automatic),25-48
0,0,0,1,1,28,19.55,543.8,1,19.42142857142857,Female,Yes,Yes,Yes,No,No,No internet service,No internet service,No internet service,No internet service,No internet service,No internet service,Month-to-month,Yes,Bank transfer (automatic),25-48
1,1,0,1,0,18,73.55,1359.45,2,75.525,Female,No,No,Yes,No,Fiber optic,No,Yes,No,No,No,No,Month-to-month,Yes,Electronic check,13-24
0,1,1,1,1,33,93.35,3092.0,5,93.6969696969697,Male,Yes,No,Yes,Yes,Fiber optic,No,Yes,Yes,No,No,Yes,Month-to-month,Yes,Electronic check,25-48
0,1,1,0,1,43,85.1,3662.25,7,85.1686046511628,Female,No,No,Yes,Yes,DSL,No,Yes,Yes,Yes,Yes,Yes,One year,No,Credit card (automatic),25-48
0,1,1,0,1,71,77.55,5574.35,5,78.51197183098591,Female,Yes,Yes,Yes,No,DSL,Yes,No,Yes,No,Yes,Yes,Two year,No,Credit card (automatic),49-72
0,0,0,1,0,11,44.05,483.7,1,43.97272727272727,Female,Yes,No,Yes,No,DSL,No,No,No,No,No,No,Month-to-month,Yes,Electronic check,0-12
0,1,0,1,0,16,49.45,799.0,2,49.9375,Male,No,No,Yes,No,DSL,No,No,No,Yes,No,No,Month-to-month,Yes,Mailed check,13-24
0,0,0,1,0,3,76.1,257.6,2,85.86666666666667,Female,No,No,Yes,Yes,Fiber optic,No,No,No,No,No,No,Month-to-month,No,Electronic check,0-12
0,1,1,0,1,63,67.25,4234.15,5,67.20873015873015,Male,Yes,No,Yes,Yes,DSL,No,Yes,No,Yes,No,Yes,Two year,No,Mailed check,49-72
0,0,0,1,0,18,20.25,401.95,1,22.330555555555556,Female,Yes,Yes,Yes,No,No,No internet service,No internet service,No internet service,No internet service,No internet service,No internet service,Month-to-month,Yes,Mailed check,13-24
0,1,1,0,1,64,111.45,7266.95,7,113.54609375,Female,Yes,Yes,Yes,Yes,Fiber optic,No,Yes,Yes,Yes,Yes,Yes,One year,Yes,Electronic check,49-72
0,1,1,0,1,53,54.9,3045.75,4,57.466981132075475,Male,No,No,No,No phone service,DSL,No,No,Yes,Yes,Yes,Yes,One year,No,Credit card (automatic),49-72
0,0,0,0,1,47,20.15,1046.2,1,22.25957446808511,Female,No,No,Yes,No,No,No internet service,No internet service,No internet service,No internet service,No internet service,No internet service,Two year,No,Mailed check,25-48
0,1,1,1,1,24,70.3,1706.45,5,71.10208333333334,Male,Yes,Yes,Yes,No,DSL,Yes,Yes,No,Yes,No,Yes,Month-to-month,Yes,Credit card (automatic),13-24
1,1,1,1,0,22,40.05,880.2,2,40.00909090909091,Male,Yes,Yes,No,No phone service,DSL,Yes,No,No,No,No,Yes,Month-to-month,No,Mailed check,13-24
0,0,0,1,0,1,19.9,19.9,1,19.9,Male,Yes,Yes,Yes,No,No,No internet service,No internet service,No internet service,No internet service,No internet service,No internet service,Month-to-month,No,Mailed check,0-12
0,1,1,1,0,12,98.9,1120.95,5,93.41250000000001,Female,No,No,Yes,No,Fiber optic,Yes,No,No,Yes,Yes,Yes,Month-to-month,Yes,Bank transfer (automatic),0-12
0,1,0,1,1,43,75.2,3198.6,2,74.38604651162791,Male,No,No,Yes,No,Fiber optic,Yes,No,No,No,No,No,Month-to-month,Yes,Electronic check,25-48
0,1,1,1,0,20,88.7,1761.45,4,88.0725,Male,No,No,Yes,Yes,Fiber optic,No,No,Yes,No,Yes,No,Month-to-month,Yes,Electronic check,13-24
1,1,1,1,1,24,101.25,2440.15,5,101.67291666666667,Male,No,No,Yes,Yes,Fiber optic,No,Yes,No,No,Yes,Yes,Month-to-month,Yes,Electronic check,13-24
0,0,0,0,1,48,19.95,936.7,1,19.514583333333334,Female,No,Yes,Yes,No,No,No internet service,No internet service,No internet service,No internet service,No internet service,No internet service,One year,No,Mailed check,25-48
0,1,1,0,1,62,70.75,4263.45,5,68.76532258064516,Female,Yes,Yes,Yes,No,DSL,Yes,No,Yes,Yes,Yes,No,One year,Yes,Bank transfer (automatic),49-72
0,1,0,0,0,17,55.85,937.5,3,55.14705882352941,Female,No,Yes,Yes,Yes,DSL,No,No,Yes,No,No,No,One year,Yes,Mailed check,13-24
0,1,0,1,0,23,30.35,678.75,1,29.51086956521739,Male,Yes,Yes,No,No phone service,DSL,No,No,No,Yes,No,No,Month-to-month,Yes,Bank transfer (automatic),13-24
0,1,1,0,1,66,92.15,6056.9,4,91.77121212121212,Female,No,No,Yes,Yes,Fiber optic,No,No,Yes,No,Yes,No,One year,Yes,Bank transfer (automatic),49-72
0,0,0,0,1,56,24.95,1468.9,2,26.230357142857144,Female,Yes,Yes,Yes,Yes,No,No internet service,No internet service,No internet service,No internet service,No internet service,No internet service,Two year,Yes,Credit card (automatic),49-72
0,1,0,1,0,20,82.4,1592.35,3,79.61749999999999,Female,Yes,No,Yes,Yes,Fiber optic,Yes,No,No,No,No,No,Month-to-month,No,Electronic check,13-24
0,0,0,0,0,0,19.85,0.0,1,19.85,Male,Yes,Yes,Yes,No,No,No internet service,No internet service,No internet service,No internet service,No internet service,No internet service,Two year,No,Mailed check,0-12
0,0,1,1,0,7,79.3,523.15,2,74.73571428571428,Female,No,No,Yes,No,Fiber optic,No,No,No,No,No,Yes,Month-to-month,Yes,Electronic check,0-12
0,0,0,1,0,10,45.8,436.2,1,43.62,Male,No,No,Yes,No,DSL,No,No,No,No,No,No,Month-to-month,Yes,Credit card (automatic),0-12
0,1,1,1,1,25,79.0,1902.0,6,76.08,Male,No,No,Yes,No,DSL,Yes,Yes,No,Yes,Yes,Yes,Month-to-month,Yes,Mailed check,25-48
1,1,1,1,0,19,88.2,1775.8,4,93.46315789473684,Male,No,No,Yes,Yes,Fiber optic,No,Yes,No,No,Yes,No,Month-to-month,Yes,Electronic check,13-24
0,1,0,1,0,1,54.3,54.3,3,54.3,Male,No,No,Yes,Yes,DSL,No,Yes,No,No,No,No,Month-to-month,No,Electronic check,0-12
0,0,0,0,1,34,24.95,894.3,2,26.302941176470586,Female,Yes,Yes,Yes,Yes,No,No internet service,No internet service,No internet service,No internet service,No internet service,No internet service,Two year,No,Credit card (automatic),25-48
0,1,0,1,0,15,79.75,1111.85,3,74.12333333333332,Female,No,No,Yes,Yes,Fiber optic,No,Yes,No,No,No,No,Month-to-month,Yes,Electronic check,13-24
0,1,1,0,1,72,114.55,8306.05,8,115.36180555555555,Male,Yes,Yes,Yes,Yes,Fiber optic,Yes,Yes,Yes,Yes,Yes,Yes,Two year,No,Bank transfer (automatic),49-72
0,1,0,0,1,54,60.0,3273.95,4,60.6287037037037,Female,Yes,Yes,Yes,Yes,DSL,Yes,No,No,Yes,No,No,Two year,No,Bank transfer (automatic),49-72
0,1,0,0,1,55,56.8,3112.05,4,56.582727272727276,Female,Yes,No,Yes,No,DSL,Yes,Yes,No,Yes,No,No,Two year,No,Mailed check,49-72
0,1,1,1,0,23,98.7,2249.1,5,97.78695652173913,Female,No,No,Yes,Yes,Fiber optic,No,Yes,No,No,Yes,Yes,Month-to-month,Yes,Credit card (automatic),13-24
1,1,1,1,1,68,100.2,6851.65,5,100.7595588235294,Female,Yes,No,Yes,Yes,Fiber optic,No,Yes,No,No,Yes,Yes,Month-to-month,Yes,Electronic check,49-72
0,0,0,1,1,29,76.0,2215.25,2,76.38793103448276,Female,No,No,Yes,Yes,Fiber optic,No,No,No,No,No,No,Month-to-month,Yes,Credit card (automatic),25-48
0,0,0,0,1,40,20.15,777.35,1,19.43375,Female,Yes,Yes,Yes,No,No,No internet service,No internet service,No internet service,No internet service,No internet service,No internet service,Two year,No,Bank transfer (automatic),25-48
0,1,0,1,0,12,84.5,916.9,4,76.40833333333333,Female,Yes,Yes,Yes,Yes,Fiber optic,No,Yes,Yes,No,No,No,Month-to-month,Yes,Electronic check,0-12
0,1,1,1,0,5,96.55,500.1,5,100.02000000000001,Male,No,No,Yes,Yes,Fiber optic,No,Yes,Yes,No,No,Yes,Month-to-month,No,Electronic check,0-12
0,1,1,1,0,9,58.5,539.85,5,59.983333333333334,Female,No,No,No,No phone service,DSL,Yes,No,Yes,Yes,Yes,Yes,Month-to-month,No,Mailed check,0-12
0,1,1,0,1,63,104.5,6590.8,7,104.61587301587302,Male,No,No,Yes,Yes,Fiber optic,Yes,Yes,Yes,Yes,Yes,No,One year,No,Credit card (automatic),49-72
0,1,0,1,0,1,51.25,51.25,2,51.25,Male,No,No,Yes,No,DSL,Yes,No,No,No,No,No,Month-to-month,No,Mailed check,0-12
1,1,1,1,1,43,55.55,2342.2,4,54.46976744186046,Female,Yes,No,No,No phone service,DSL,No,Yes,Yes,No,Yes,Yes,Month-to-month,No,Credit card (automatic),25-48
0,1,1,0,1,71,109.25,7707.7,7,108.55915492957746,Female,Yes,No,Yes,Yes,Fiber optic,No,Yes,Yes,Yes,Yes,Yes,Two year,No,Electronic check,49-72
0,0,0,1,0,2,46.05,80.35,1,40.175,Male,No,No,Yes,No,DSL,No,No,No,No,No,No,Month-to-month,No,Bank transfer (automatic),0-12
1,1,1,1,1,25,102.8,2660.2,6,106.40799999999999,Female,No,No,Yes,Yes,Fiber optic,Yes,Yes,No,No,Yes,Yes,Month-to-month,Yes,Mailed check,25-48
0,0,0,0,1,24,20.4,482.8,1,20.116666666666667,Female,Yes,No,Yes,No,No,No internet service,No internet service,No internet service,No internet service,No internet service,No internet service,One year,No,Credit card (automatic),13-24
0,0,0,1,0,6,20.65,109.3,1,18.216666666666665,Male,No,No,Yes,No,No,No internet service,No internet service,No internet service,No internet service,No internet service,No internet service,Month-to-month,No,Mailed check,0-12
