customerID,churn_prediction,churn_probability,risk_level,estimated_ltv,ltv_segment,retention_priority
7590-VHVEG,Yes,0.6092959642410278,High,99.82509280443192,Low,Medium
5575-GNVDE,No,0.03623785451054573,Low,2594.9350502274933,Medium,Low
3668-QPYBK,No,0.3923094868659973,Medium,107.7,Low,Low
7795-CFOCW,No,0.035029757767915726,Low,2393.318894957006,Medium,Low
9237-HQITU,Yes,0.6171445846557617,High,141.4,Low,Medium
9305-CDSKC,Yes,0.8780631422996521,High,797.2,Low,Medium
1452-KIOVK,No,0.43580907583236694,Medium,2261.8164680600166,Medium,Medium
6713-OKOMC,No,0.17310716211795807,Low,445.1003715619445,Low,Low
7892-POOKP,Yes,0.5111498236656189,Medium,2934.4,Medium,Medium
6388-TABGU,No,0.030261021107435226,Low,4134.71012397781,High,Monitor
9763-GRSKD,No,0.16802886128425598,Low,898.6917502731085,Medium,Low
7469-LKBCI,No,0.0031000799499452114,Low,756.5900836387649,Low,Low
8091-TTVAX,No,0.18646761775016785,Low,6799.955694705248,High,Monitor
0280-XJGEX,Yes,0.5241710543632507,Medium,5081.3,High,High
5129-JLPIS,Yes,0.5865651369094849,Medium,2899.204268336296,Medium,Medium
3655-SNQYZ,No,0.03600022941827774,Low,10434.401376441121,High,Monitor
8191-XWSZG,No,0.027472499758005142,Low,1314.7923145599661,Medium,Low
9959-WOFKT,No,0.031379975378513336,Low,10056.142159050703,High,Monitor
4190-MFLUW,No,0.20082475244998932,Low,552.0,Low,Low
4183-MYFRB,No,0.48511171340942383,Medium,2169.2441412448884,Medium,Medium
8779-QRDMV,Yes,0.8650162220001221,High,39.65,Low,Medium
1680-VDCWW,No,0.03496823087334633,Low,466.89154834449295,Low,Low
1066-JKSGK,No,0.4061172306537628,Medium,20.15,Low,Low
3638-WEABW,No,0.027766341343522072,Low,4871.883107684553,High,Monitor
6322-HRPFA,No,0.08751141279935837,Low,3246.7059187829495,High,Monitor
6865-JZNKO,No,0.17097458243370056,Low,1934.070633548498,Medium,Low
6467-CHFZW,Yes,0.5805562138557434,Medium,4669.45,High,High
8665-UTDHZ,No,0.4784682095050812,Medium,30.2,Low,Low
5248-YGIJN,No,0.0024261223152279854,Low,8658.745019065216,High,Monitor
8773-HHUOZ,No,0.2375371754169464,Low,1099.9,Medium,Low
3841-NFECX,No,0.009783335030078888,Low,9130.627016076445,High,Monitor
4929-XIHVW,Yes,0.7066552042961121,High,359.0865679383278,Low,Medium
6827-IEAUQ,No,0.04302086681127548,Low,2545.7000359252097,Medium,Low
7310-EGVHZ,No,0.3195720911026001,Medium,102.66786255836486,Low,Low
3413-BMNZE,Yes,0.6364375948905945,High,143.9571929872036,Low,Medium
6234-RAAPL,No,0.004006750416010618,Low,9580.793415202574,High,Monitor
6047-YHPVI,Yes,0.5797398686408997,Medium,348.5,Low,Low
6572-ADKRS,No,0.1817389279603958,Low,3808.0355691313744,High,Monitor
5380-WJKOV,Yes,0.5655017495155334,Medium,3615.8999999999996,High,High
8168-UQWWF,Yes,0.888055682182312,High,1076.35,Medium,High
8865-TNMNX,No,0.06616364419460297,Low,1050.759097161889,Medium,Low
9489-DEDVP,No,0.04126977175474167,Low,6436.259163069725,High,Monitor
9867-JCZSP,No,0.027773139998316765,Low,594.8344881404191,Low,Low
4671-VJLCL,No,0.024631725624203682,Low,6899.745761013775,High,Monitor
4080-IIARD,No,0.24654318392276764,Low,1335.0804563105107,Medium,Low
3714-NTNFO,No,0.4721757471561432,Medium,4408.106896191835,High,High
5948-UJZLF,No,0.3597038686275482,Medium,287.7075068205595,Low,Low
7760-OYPDY,Yes,0.7108885049819946,High,161.3,Low,Medium
7639-LIAYI,No,0.026740066707134247,Low,6009.819512322545,High,Monitor
2954-PIBKO,No,0.014058675616979599,Low,5944.305263020099,High,Monitor
8012-SOUDQ,No,0.47853896021842957,Medium,4163.12115304172,High,High
9420-LOJKX,Yes,0.6430808901786804,High,1486.5,Medium,High
6575-SUVOI,No,0.10192155838012695,Low,2111.998710155487,Medium,Low
7495-OOKFY,Yes,0.6644681692123413,High,645.2,Low,Medium
4667-QONEA,No,0.06527908891439438,Low,5330.56632233709,High,Monitor
1658-BYGOY,Yes,0.7065030932426453,High,1718.1000000000001,Medium,High
8769-KKTPH,No,0.16024832427501678,Low,7282.1250538319355,High,Monitor
5067-XJQFU,No,0.22127407789230347,Low,8171.133915030957,High,Monitor
3957-SQXML,No,0.014083588495850563,Low,1438.6667472086847,Medium,Low
5954-BDFSG,No,0.0438031330704689,Low,10206.98791667819,High,Monitor
0434-CSFON,Yes,0.5864953398704529,Medium,4972.843310058117,High,High
1215-FIGMP,No,0.21065951883792877,Low,5819.770255538821,High,Monitor
0526-SXDJP,No,0.009288082830607891,Low,4032.215321107954,High,Monitor
0557-ASKVU,No,0.08873607963323593,Low,1574.0730872154236,Medium,Low
5698-BQJOH,Yes,0.7755395174026489,High,849.6,Low,Medium
5122-CYFXA,No,0.3192366063594818,Medium,533.4689012467861,Low,Low
8627-ZYGSZ,No,0.17786718904972076,Low,4486.695345407725,High,Monitor
3410-YOQBQ,No,0.037938643246889114,Low,4283.886226916314,High,Monitor
3170-NMYVV,No,0.009637379087507725,Low,1486.4393634732812,Medium,Low
7410-OIEDU,No,0.46066418290138245,Medium,1056.8957899719476,Medium,Medium
2273-QCKXA,No,0.28086036443710327,Low,260.6927947461605,Low,Low
0731-EBJQB,No,0.03384219482541084,Low,1297.3154307067393,Medium,Low
1891-QRQSA,No,0.124012291431427,Low,9488.645478630066,High,Monitor
8028-PNXHQ,No,0.009160538204014301,Low,2080.1685667652637,Medium,Low
5630-AHZIL,No,0.2332819700241089,Low,490.21987760066986,Low,Low
2673-CXQEU,No,0.20646576583385468,Low,7240.226394504309,High,Monitor
6416-JNVRK,No,0.13465829193592072,Low,3137.775192645192,Medium,Low
5590-ZSKRV,No,0.14385874569416046,Low,717.9287172868848,Low,Low
0191-ZHSKZ,No,0.2028406411409378,Low,2600.0259724482894,Medium,Low
3887-PBQAO,No,0.04318314418196678,Low,1462.8786787882445,Medium,Low
5919-TMRGD,Yes,0.865118145942688,High,79.35,Low,Medium
8108-UXRQN,No,0.28121209144592285,Low,774.0583726644516,Low,Low
9191-MYQKX,Yes,0.5488786101341248,Medium,526.0500000000001,Low,Low
9919-YLNNG,No,0.41833844780921936,Medium,4721.858814704418,High,High
0318-ZOPWS,No,0.01820572093129158,Low,1462.1457133576273,Medium,Low
4445-ZJNMU,Yes,0.859576940536499,High,977.3640588283539,Medium,High
4808-YNLEU,No,0.053381506353616714,Low,2881.2380725614726,Medium,Low
1862-QRWPE,No,0.013818497769534588,Low,1479.9515525054185,Medium,Low
2796-NNUFI,No,0.00794850755482912,Low,1392.6942545827478,Medium,Low
3016-KSVCP,No,0.19049134850502014,Low,1142.6755019277334,Medium,Low
4767-HZZHQ,No,0.28962796926498413,Low,2811.2161507308483,Medium,Low
2424-WVHPL,Yes,0.55452561378479,Medium,274.3616199016571,Low,Low
7233-PAHHL,No,0.027429679408669472,Low,7504.701766312122,High,Monitor
6067-NGCEU,No,0.15032275021076202,Low,7784.389951534569,High,Monitor
9848-JQJTX,No,0.08908861130475998,Low,9470.663018864394,High,Monitor
8637-XJIVR,Yes,0.5295791625976562,Medium,947.4000000000001,Medium,Medium
9803-FTJCG,No,0.013695544563233852,Low,5537.563434151373,High,Monitor
0278-YXOOG,No,0.1299581676721573,Low,105.25,Low,Low
3212-KXOCR,No,0.021462678909301758,Low,1585.182809829712,Medium,Low
4598-XLKNJ,Yes,0.6966999769210815,High,2462.5,Medium,High
6380-ARCEH,No,0.3646429777145386,Medium,97.20527110099792,Low,Low
3679-XASPY,No,0.3957329988479614,Medium,89.9679590344429,Low,Low
7123-WQUHX,No,0.10912869870662689,Low,4625.593283474445,High,Monitor
5386-THSLQ,No,0.06189163401722908,Low,3519.0700328461826,High,Monitor
3192-NQECA,No,0.28077536821365356,Low,7480.0,High,Monitor
6180-YBIQI,No,0.34483233094215393,Medium,217.02344614863395,Low,Low
6728-DKUCO,No,0.0349835604429245,Low,8704.877546158434,High,Monitor
9750-BOOHV,No,0.046317245811223984,Low,1309.8424204654991,Medium,Low
8597-CWYHH,No,0.20401406288146973,Low,4958.2652780056,High,Monitor
2848-YXSMW,No,0.007881514728069305,Low,1858.7303667426108,Medium,Low
0486-HECZI,No,0.354011595249176,Medium,5321.25,High,High
4549-ZDQYY,No,0.0424652099609375,Low,3679.2696929931644,High,Monitor
5712-AHQNN,No,0.31030726432800293,Medium,4320.212035346031,High,High
4846-WHAFZ,Yes,0.5794306397438049,Medium,2830.5,Medium,Medium
5256-SKJGO,No,0.040955375880002975,Low,4751.132075446844,High,Monitor
3071-VBYPO,No,0.3017835319042206,Medium,645.9584979504347,Low,Low
9560-BBZXK,No,0.040485817939043045,Low,1832.8299684718252,Medium,Low
5299-RULOA,Yes,0.8302385210990906,High,1002.5,Medium,High
8402-OOOHJ,No,0.009415746666491032,Low,1337.583555952087,Medium,Low
9445-ZUEQE,No,0.26953208446502686,Low,2673.8151984214783,Medium,Low
1091-SOZGA,No,0.22376911342144012,Low,6518.414109766483,High,Monitor
2928-HLDBA,No,0.09169568121433258,Low,237.0113963931799,Low,Low
0404-SWRVG,Yes,0.7521330118179321,High,223.20000000000002,Low,Medium
6497-TILVL,No,0.1555882692337036,Low,611.7700484991074,Low,Low
7219-TLZHO,No,0.07094702869653702,Low,199.62452671006324,Low,Low
4622-YNKIJ,No,0.044256821274757385,Low,4975.6705379426485,High,Monitor
4412-YLTKF,Yes,0.5169844031333923,Medium,2107.35,Medium,Medium
6734-PSBAW,No,0.0052405488677322865,Low,2257.8380417799576,Medium,Low
3930-ZGWVE,No,0.35481491684913635,Medium,96.20443235337734,Low,Low
2639-UGMAZ,No,0.0668191984295845,Low,4640.0866749838,High,Monitor
2876-GZYZC,Yes,0.6838468313217163,High,1280.390189087391,Medium,High
6207-WIOLX,No,0.2011284977197647,Low,1465.0,Medium,Low
8587-XYZSF,No,0.0160481259226799,Low,4580.580413630604,High,Monitor
3091-FYHKI,Yes,0.7752299308776855,High,35.45,Low,Medium
2372-HWUHI,No,0.4937018156051636,Medium,88.7,Low,Low
7799-LGRDP,No,0.019533315673470497,Low,1709.8518508926034,Medium,Low
7850-VWJUU,No,0.26855653524398804,Low,2054.1495591402054,Medium,Low
3774-VBNXY,No,0.013119838200509548,Low,1771.239502440393,Medium,Low
6217-KDYWC,No,0.01767387054860592,Low,1579.2862112939358,Medium,Low
0390-DCFDQ,Yes,0.7975113987922668,High,70.45,Low,Medium
3146-MSEGF,No,0.0035861930809915066,Low,8445.221656781248,High,Monitor
4080-OGPJL,No,0.2560749351978302,Low,569.2,Low,Low
1095-WGNGG,No,0.05260460078716278,Low,8461.673322170973,High,Monitor
2636-SJDOU,No,0.05362468585371971,Low,6352.553267790377,High,Monitor
1131-QQZEB,No,0.01361711323261261,Low,2267.422883313894,Medium,Low
5716-EZXZN,No,0.03411183878779411,Low,8734.359336833655,High,Monitor
6837-BJYDQ,No,0.030606893822550774,Low,286.8012585729361,Low,Low
2135-RXIHG,Yes,0.7067084312438965,High,45.65,Low,Medium
6440-DKQGE,No,0.05374293401837349,Low,2667.402969069779,Medium,Low
3466-BYAVD,No,0.19865992665290833,Low,1376.6588105857372,Medium,Low
3780-YVMFA,No,0.3098553419113159,Medium,832.2564978718757,Low,Low
3874-EQOEP,Yes,0.7727997303009033,High,665.0,Low,Medium
1679-JRFBR,No,0.07567331194877625,Low,8770.09117575288,High,Monitor
9073-ZZIAY,No,0.028959253802895546,Low,7344.758597941696,High,Monitor
3077-RSNTJ,No,0.11614179611206055,Low,222.67203969955443,Low,Low
6551-GNYDG,Yes,0.5118710398674011,Medium,1369.5377972483636,Medium,Medium
9167-APMXZ,No,0.42307254672050476,Medium,2142.5906711608172,Medium,Medium
2749-CTKAJ,No,0.03873315081000328,Low,675.7343241341412,Low,Low
6371-NZYEG,No,0.032927364110946655,Low,2519.2260045409203,Medium,Low
7554-NEWDD,No,0.025907190516591072,Low,857.8204448893666,Low,Low
8992-VONJD,No,0.258284330368042,Low,977.2164649963379,Medium,Low
0867-MKZVY,No,0.3315189480781555,Medium,1648.0,Medium,Medium
4482-EWFMI,Yes,0.6019338369369507,High,305.87126939296724,Low,Medium
4648-YPBTM,No,0.03675136715173721,Low,5625.117775219679,High,Monitor
2907-ILJBN,No,0.030554141849279404,Low,466.24701613485814,Low,Low
6345-FZOQH,No,0.009791404940187931,Low,1846.0236250005662,Medium,Low
3376-BMGFE,Yes,0.5629131197929382,Medium,283.6,Low,Low
5997-OPVFA,No,0.0024261223152279854,Low,8543.614891387895,High,Monitor
3445-HXXGF,No,0.41837409138679504,Medium,2627.3999999999996,Medium,Medium
1159-WFSGR,No,0.13229674100875854,Low,432.60687890052793,Low,Low
7654-YWJUF,No,0.06386280059814453,Low,4569.184708595276,High,Monitor
1875-QIVME,Yes,0.6805877685546875,High,208.8,Low,Medium
6727-IOTLZ,No,0.04114283621311188,Low,3033.1802697360517,Medium,Low
0691-JVSYA,No,0.20366887748241425,Low,5027.049999999999,High,Monitor
5918-VUKWP,No,0.026877935975790024,Low,897.5719009883702,Medium,Low
1744-JHKYS,No,0.0794558897614479,Low,976.2246371373534,Medium,Low
2656-FMOKZ,Yes,0.5826586484909058,Medium,1116.75,Medium,Medium
2070-FNEXE,No,0.37595537304878235,Medium,535.15,Low,Low
5947-SGKCL,Yes,0.5707836747169495,Medium,1851.5576392114162,Medium,Medium
3712-PKXZA,No,0.019090956076979637,Low,1495.4421702314169,Medium,Low
6317-YPKDH,No,0.44732534885406494,Medium,29.95,Low,Low
6582-OIVSP,Yes,0.5123318433761597,Medium,177.8482049703598,Low,Low
9367-WXLCH,Yes,0.6964524984359741,High,676.0,Low,Medium
5524-KHNJP,No,0.10092233866453171,Low,3273.222662217915,High,Monitor
1918-ZBFQJ,Yes,0.622851550579071,High,1030.25,Medium,High
1024-GUALD,Yes,0.6748297214508057,High,24.8,Low,Medium
4827-USJHP,No,0.17347578704357147,Low,1292.8837253868578,Medium,Low
8167-GJLRN,No,0.30458390712738037,Medium,218.04389533996581,Low,Low
0956-SYCWG,No,0.07210543751716614,Low,474.2475378334522,Low,Low
8017-UVSZU,No,0.129691481590271,Low,2559.556772851944,Medium,Low
7100-FQPRV,No,0.09878262877464294,Low,3869.2703478932385,High,Monitor
2472-OVKUP,Yes,0.6753110885620117,High,546.0,Low,Medium
2984-RGEYA,No,0.012511850334703922,Low,1830.8193829413503,Medium,Low
9680-NIAUV,No,0.011470543220639229,Low,10501.000353808702,High,Monitor
2146-EGVDT,No,0.008987476117908955,Low,1597.7370010621846,Medium,Low
2604-IJPDU,No,0.4604777991771698,Medium,2243.5452109366656,Medium,Medium
9178-JHUVJ,No,0.021599648520350456,Low,1144.3067632958293,Medium,Low
6168-YBYNP,No,0.37477347254753113,Medium,6987.363842990994,High,High
7255-SSFBC,No,0.024852916598320007,Low,10709.046242684126,High,Monitor
3645-DEYGF,No,0.36644554138183594,Medium,99.62753009796143,Low,Low
9323-HGFWY,No,0.2234332114458084,Low,3700.8858690440657,High,Monitor
8544-GOQSH,No,0.3885592520236969,Medium,1414.3749912530184,Medium,Medium
3363-DTIVD,No,0.049049533903598785,Low,9902.997720715402,High,Monitor
7018-WBJNK,No,0.4798226058483124,Medium,1262.279339772463,Medium,Medium
9142-KZXOP,No,0.23949670791625977,Low,3343.563909959793,High,Monitor
7674-YTAFD,No,0.08511915057897568,Low,3516.086686934531,High,Monitor
6348-SNFUS,No,0.004498830530792475,Low,5317.212956329621,High,Monitor
1285-OKIPP,Yes,0.8107141256332397,High,79.9,Low,Medium
7825-ECJRF,Yes,0.5866530537605286,Medium,2025.3999999999999,Medium,Medium
1347-KTTTA,No,0.13670799136161804,Low,7618.131195420027,High,Monitor
7841-TZDMQ,Yes,0.5262457728385925,Medium,92.0,Low,Low
4195-NZGTA,Yes,0.540526807308197,Medium,94.86018869280815,Low,Low
7157-SMCFK,No,0.011840672232210636,Low,1673.1375213619322,Medium,Low
4709-LKHYG,No,0.019389281049370766,Low,815.346572548151,Low,Low
2504-DSHIH,No,0.4547562301158905,Medium,2280.3629553556443,Medium,Medium
0699-NDKJM,No,0.16410359740257263,Low,3643.403481915593,High,Monitor
9286-BHDQG,No,0.0035558645613491535,Low,4340.138331086375,High,Monitor
0230-WEQUW,No,0.012490911409258842,Low,5077.032345941663,High,Monitor
2040-LDIWQ,No,0.030522992834448814,Low,7432.119136080146,High,Monitor
6496-JDSSB,Yes,0.5800988078117371,Medium,841.5525722503662,Low,Low
9408-SSNVZ,Yes,0.5932324528694153,Medium,280.6,Low,Low
4443-EMBNA,No,0.007539594080299139,Low,2346.7714811163023,Medium,Low
6469-MRVET,No,0.1544622778892517,Low,225.15834383964537,Low,Low
0742-MOABM,No,0.25964510440826416,Low,200.2,Low,Low
5961-VUSRV,No,0.043408557772636414,Low,454.32053288519387,Low,Low
6778-JFCMK,No,0.08516732603311539,Low,1769.8863996326925,Medium,Low
6341-JVQGF,No,0.11781138926744461,Low,3374.725269131363,High,Monitor
2232-DMLXU,Yes,0.5983613729476929,Medium,55.2,Low,Low
4811-JBUVU,No,0.24325093626976013,Low,3105.1904449760914,Medium,Low
0945-TSONX,No,0.014240842312574387,Low,6027.146147617697,High,Monitor
2651-ZCBXV,No,0.2140960395336151,Low,7869.06306552887,High,Monitor
3316-UWXUY,No,0.10844040662050247,Low,5175.164931885898,High,Monitor
8937-RDTHP,Yes,0.7107610106468201,High,84.6,Low,Medium
7083-MIOPC,No,0.003473383141681552,Low,1942.3119357931428,Medium,Low
1984-GPTEH,No,0.08212121576070786,Low,867.8579085417091,Low,Low
1251-KRREG,Yes,0.5359165072441101,Medium,108.8,Low,Low
0621-JFHOL,No,0.051033467054367065,Low,970.1458250045777,Medium,Low
9903-LYSAB,Yes,0.5580699443817139,Medium,1510.663101410866,Medium,Medium
0094-OIFMO,Yes,0.6766575574874878,High,1045.0,Medium,High
9227-UAQFT,No,0.010503953322768211,Low,785.0211261250079,Low,Low
7301-ABVAD,No,0.010466843843460083,Low,8291.845711755752,High,Monitor
6614-FHDBO,No,0.026276519522070885,Low,10414.334497636557,High,Monitor
7576-ASEJU,No,0.10044905543327332,Low,3869.057466709614,High,Monitor
9058-HRZSV,No,0.24221844971179962,Low,6565.207470083237,High,Monitor
4522-AKYLR,No,0.30263903737068176,Medium,941.6922845125198,Medium,Medium
0221-WMXNQ,No,0.396371990442276,Medium,574.300223121047,Low,Low
0303-UNCIP,No,0.1201099157333374,Low,3351.314265727997,High,Monitor
9947-OTFQU,Yes,0.533662736415863,Medium,1116.0,Medium,Medium
0322-YINQP,No,0.48238280415534973,Medium,48.55,Low,Low
0959-WHOKV,No,0.2593853175640106,Low,5037.850242733955,High,Monitor
4075-JFPGR,No,0.11040669679641724,Low,5766.62368619442,High,Monitor
4629-NRXKX,Yes,0.5829662680625916,Medium,140.8,Low,Low
9514-JDSKI,Yes,0.7707947492599487,High,40.2,Low,Medium
3282-ZISZV,No,0.14336739480495453,Low,3538.8017886579037,High,Monitor
3675-YDUPJ,No,0.1454557329416275,Low,300.27622220665216,Low,Low
4111-BNXIF,No,0.029516033828258514,Low,5376.865684452653,High,Monitor
7017-VFHAY,No,0.03366430848836899,Low,9690.50571423173,High,Monitor
6655-LHBYW,No,0.19496957957744598,Low,6822.162742903828,High,Monitor
4959-JOSRX,Yes,0.5849994421005249,Medium,89.2,Low,Low
5046-NUHWD,No,0.22484058141708374,Low,1514.2930430173874,Medium,Low
7273-TEFQD,Yes,0.7811159491539001,High,123.44999999999999,Low,Medium
3606-TWKGI,Yes,0.712340772151947,High,1389.7,Medium,High
7529-ZDFXI,No,0.37715786695480347,Medium,5457.224193924665,High,High
7605-BDWDC,No,0.017563533037900925,Low,2720.7369890734553,Medium,Low
1950-KSVVJ,No,0.1784905195236206,Low,6215.424289655685,High,Monitor
0123-CRBRT,No,0.016581719741225243,Low,7453.439611779153,High,Monitor
6292-TOSSS,No,0.019183747470378876,Low,1831.1357925117015,Medium,Low
3197-ARFOY,Yes,0.6510539054870605,High,2214.836039543152,Medium,High
6323-AYBRX,No,0.05548728257417679,Low,1141.65,Medium,Low
7014-ZZXAW,No,0.007174687460064888,Low,2299.5743318982422,Medium,Low
4385-GZQXV,Yes,0.6395893096923828,High,1511.2,Medium,High
7633-MVPUY,No,0.02442845329642296,Low,4804.7195979729295,High,Monitor
6366-ZGQGL,No,0.49938011169433594,Medium,24.8,Low,Low
4716-HHKQH,No,0.4457990527153015,Medium,2496.9632684409617,Medium,Medium
5940-AHUHD,Yes,0.7032873034477234,High,70.6,Low,Medium
6432-TWQLB,Yes,0.7173908948898315,High,427.0,Low,Medium
4484-GLZOU,Yes,0.6049402356147766,High,5462.599999999999,High,Critical
3179-GBRWV,No,0.17575982213020325,Low,1685.15639731586,Medium,Low
8645-KWHJO,No,0.44268932938575745,Medium,953.9125213027,Medium,Medium
4130-MZLCC,No,0.2683587968349457,Low,474.656776919961,Low,Low
0314-TKOSI,No,0.14774435758590698,Low,612.9113920748233,Low,Low
8229-MYEJZ,No,0.2068106234073639,Low,755.6677764892579,Low,Low
2080-SRCDE,No,0.2800595164299011,Low,135.11892969608306,Low,Low
9577-WJVCQ,No,0.05318514630198479,Low,4011.9244127031416,High,Monitor
9512-UIBFX,No,0.2973197102546692,Low,1712.7,Medium,Low
6202-DYYFX,No,0.10700273513793945,Low,2486.413505554199,Medium,Low
3808-HFKDE,No,0.3319909870624542,Medium,1064.757198342681,Medium,Medium
5583-SXDAG,Yes,0.772204577922821,High,70.0,Low,Medium
3488-PGMQJ,Yes,0.5444806218147278,Medium,596.0,Low,Low
3580-REOAC,No,0.2347630113363266,Low,448.5,Low,Low
7534-BFESC,Yes,0.5632278919219971,Medium,1826.3999999999999,Medium,Medium
3727-OWVYD,No,0.040101829916238785,Low,2846.9492161095145,Medium,Low
2294-SALNE,No,0.057688165456056595,Low,2977.9120068609714,Medium,Low
4847-TAJYI,Yes,0.8107629418373108,High,637.5499868810176,Low,Medium
1563-IWQEX,No,0.05067848041653633,Low,348.6098036147654,Low,Low
8203-XJZRC,No,0.24669323861598969,Low,111.77677150815725,Low,Low
6556-DBKZF,No,0.08300160616636276,Low,7073.2554684251545,High,Monitor
6851-WEFYX,Yes,0.6433544754981995,High,3743.699213218689,High,Critical
2985-JUUBZ,No,0.3019205629825592,Medium,3294.250932177901,High,High
6390-DSAZX,Yes,0.6933861374855042,High,73.6,Low,Medium
0895-LMRSF,No,0.18173061311244965,Low,2129.968198508024,Medium,Low
8098-LLAZX,Yes,0.8898832201957703,High,381.8,Low,Medium
8266-VBFQL,Yes,0.6264985799789429,High,564.1871702194214,Low,Medium
8181-YHCMF,No,0.013987143523991108,Low,5527.35780589208,High,Monitor
2240-HSJQD,No,0.31713178753852844,Medium,3445.6565791398284,High,High
1248-DYXUB,No,0.013231317512691021,Low,1876.9247198164464,Medium,Low
0265-EDXBD,Yes,0.5340882539749146,Medium,2396.8,Medium,Medium
4115-BNPJY,No,0.025967292487621307,Low,3957.066105261445,High,Monitor
3167-SNQPL,No,0.36423760652542114,Medium,4229.544196599722,High,High
4091-TVOCN,No,0.10116291791200638,Low,4629.401042573154,High,Monitor
1098-TDVUQ,No,0.3022015392780304,Medium,99.84572221338749,Low,Low
7277-OZCGZ,No,0.2605437636375427,Low,2354.1914670884607,Medium,Low
1557-EMYVT,No,0.1350218951702118,Low,7335.527543056011,High,Monitor
2799-ARNLO,Yes,0.5776578187942505,Medium,522.4865815997123,Low,Low
7563-BIUPC,Yes,0.7443670630455017,High,403.0,Low,Medium
5027-YOCXN,No,0.14052505791187286,Low,6747.57260852158,High,Monitor
3973-SKMLN,No,0.008519133552908897,Low,1886.4312618151305,Medium,Low
2321-OMBXY,No,0.1038585752248764,Low,3051.4,Medium,Low
2840-XANRC,No,0.4850155711174011,Medium,2235.6000000000004,Medium,Medium
6745-JEFZB,No,0.24591761827468872,Low,3616.491227567196,High,Monitor
5020-ZSTTY,No,0.1361415982246399,Low,4452.3,High,Monitor
9880-TDQAC,No,0.03850708529353142,Low,5704.549797177315,High,Monitor
8705-WZCYL,Yes,0.579407274723053,Medium,157.85532455444334,Low,Low
7102-JJVTX,No,0.053332384675741196,Low,989.4965532571077,Medium,Low
8626-PTQGE,No,0.011133120395243168,Low,5568.604946886376,High,Monitor
4983-CLMLV,No,0.30889707803726196,Medium,5766.257620513439,High,High
5701-YVSVF,No,0.499003142118454,Medium,1161.095837110281,Medium,Medium
5804-LEPIM,Yes,0.6081610321998596,High,140.7,Low,Medium
5697-GOMBF,No,0.35533416271209717,Medium,1144.0610213518141,Medium,Medium
2739-CACDQ,No,0.4755088686943054,Medium,1665.145152014494,Medium,Medium
9385-EHGDO,No,0.013018994592130184,Low,1164.9477509763092,Medium,Low
9498-FIMXL,No,0.02152683399617672,Low,379.0402174472809,Low,Low
2379-GYFLQ,No,0.1260269284248352,Low,5360.680533909798,High,Monitor
0122-OAHPZ,Yes,0.7067012786865234,High,516.9499999999999,Low,Medium
2868-SNELZ,Yes,0.6634035110473633,High,161.2,Low,Medium
4322-RCYMT,No,0.2634841799736023,Low,5154.4,High,Monitor
6680-NENYN,No,0.31713590025901794,Medium,4497.8,High,High
2088-IEBAU,No,0.03015139140188694,Low,8046.011716350168,High,Monitor
7982-VCELR,No,0.23258624970912933,Low,3849.304941165447,High,Monitor
1343-EHPYB,No,0.4576636552810669,Medium,6514.200000000001,High,High
6035-BXTTY,No,0.09931420534849167,Low,2044.1348720662295,Medium,Low
6885-PKOAM,No,0.00557803874835372,Low,8134.770396255888,High,Monitor
7520-HQWJU,No,0.058194600045681,Low,4832.848645361513,High,Monitor
9639-BUJXT,No,0.02213144488632679,Low,1532.0556645579636,Medium,Low
5924-SNGKP,No,0.023255715146660805,Low,1067.5988612193614,Medium,Low
0021-IKXGC,Yes,0.8685593008995056,High,128.96124643087387,Low,Medium
2034-GDRCN,Yes,0.7425850033760071,High,180.8,Low,Medium
8966-SNIZF,No,0.026701537892222404,Low,1815.8357221119106,Medium,Low
6243-OZGFH,No,0.3882829248905182,Medium,1198.8300951570272,Medium,Medium
4654-DLAMQ,No,0.08315114676952362,Low,7275.2120651602745,High,Monitor
0513-RBGPE,No,0.022746654227375984,Low,3796.516242748499,High,Monitor
5160-UXJED,No,0.05491627752780914,Low,1264.0088082671166,Medium,Low
4115-NZRKS,Yes,0.6774102449417114,High,796.6032599806786,Low,Medium
0219-YTZUE,Yes,0.8098855018615723,High,339.2,Low,Medium
0623-IIHUG,No,0.47605618834495544,Medium,879.9,Low,Low
4572-DVCGN,Yes,0.6504504680633545,High,802.5,Low,Medium
3351-NGXYI,No,0.3577573895454407,Medium,1074.07195135355,Medium,Medium
8984-EYLLL,No,0.18576869368553162,Low,8792.748279750347,High,Monitor
9057-MSWCO,No,0.26207688450813293,Low,830.25,Low,Low
9833-TGFHX,No,0.1816006302833557,Low,5031.798945593833,High,Monitor
9294-TDIPC,No,0.05135200172662735,Low,215.97613739073276,Low,Low
5229-DTFYB,No,0.03760325163602829,Low,6332.83516972065,High,Monitor
0104-PPXDV,No,0.04750077426433563,Low,3492.3285326540467,High,Monitor
5176-LMJXE,No,0.008651074022054672,Low,1454.7832902923226,Medium,Low
3583-KRKMD,No,0.2694852948188782,Low,1698.876396739483,Medium,Low
1010-DIAUQ,Yes,0.6442018151283264,High,482.5,Low,Medium
9069-LGEUL,No,0.14314556121826172,Low,1687.0605416297913,Medium,Low
7302-ZHMHP,No,0.11105562746524811,Low,121.28970840424299,Low,Low
9571-EDEBV,No,0.14126962423324585,Low,8020.715018832684,High,Monitor
3520-FJGCV,No,0.015995511785149574,Low,10766.373728951812,High,Monitor
6563-VRERX,No,0.020536893978714943,Low,921.9232798084618,Medium,Low
0259-GBZSH,Yes,0.8537117838859558,High,171.3,Low,Medium
6122-EFVKN,No,0.020661449059844017,Low,1698.2724767066538,Medium,Low
2805-EDJPQ,No,0.14475513994693756,Low,6609.728097483516,High,Monitor
6862-CQUMB,No,0.2982434928417206,Low,3960.3328020274635,High,Monitor
7156-MXBJE,No,0.11458266526460648,Low,4563.488182231784,High,Monitor
6158-HDPXZ,No,0.49988171458244324,Medium,101.41799121201039,Low,Low
9601-BRXPO,Yes,0.5494572520256042,Medium,2623.75,Medium,Medium
2863-IMQDR,No,0.033007025718688965,Low,7549.232083463669,High,Monitor
5686-CMAWK,No,0.09850287437438965,Low,2413.2085077762604,Medium,Low
5651-CRHKQ,No,0.07305489480495453,Low,4493.032016813755,High,Monitor
6905-NIQIN,No,0.4612783193588257,Medium,50.65,Low,Low
8204-YJCLA,No,0.005784917622804642,Low,6211.803296113014,High,Monitor
5167-ZFFMM,Yes,0.8572468757629395,High,90.85,Low,Medium
6583-SZVGP,No,0.2640314996242523,Low,7098.196677374839,High,Monitor
4895-TMWIR,No,0.1813875287771225,Low,219.45,Low,Low
0533-BNWKF,No,0.43148958683013916,Medium,4699.75,High,High
1708-PBBOA,No,0.11224125325679779,Low,2882.757496610284,Medium,Low
8782-LKFPK,No,0.2756483554840088,Low,4370.488331985474,High,Monitor
5522-JBWMO,No,0.47368574142456055,Medium,182.94696426391602,Low,Low
3597-MVHJT,Yes,0.5305709838867188,Medium,2850.4644836425778,Medium,Medium
9774-NRNAU,No,0.1318267285823822,Low,2731.326560497284,Medium,Low
0224-RLWWD,Yes,0.5596843361854553,Medium,205.63590344190595,Low,Low
9967-ATRFS,No,0.12582525610923767,Low,482.47646442055697,Low,Low
3951-NJCVI,Yes,0.5142243504524231,Medium,4269.137852936983,High,High
2977-CEBSX,No,0.017147481441497803,Low,8067.440863108634,High,Monitor
0177-PXBAT,No,0.34150245785713196,Medium,4060.9132792890073,High,High
6599-CEBNN,No,0.36215195059776306,Medium,2514.3,Medium,Medium
2519-ERQOJ,No,0.21052293479442596,Low,2060.432686561346,Medium,Low
5876-QMYLD,No,0.0179954394698143,Low,697.4202972635627,Low,Low
2277-AXSDC,No,0.02844849042594433,Low,862.2577077690512,Low,Low
9442-JTWDL,No,0.03547530993819237,Low,452.6146404288709,Low,Low
0979-PHULV,Yes,0.5692741870880127,Medium,6862.05,High,High
3067-SVMTC,No,0.01912475749850273,Low,4459.171112670004,High,Monitor
5495-GPSRW,No,0.019364522770047188,Low,857.6444536343216,Low,Low
7606-BPHHN,No,0.0030181475449353456,Low,1899.3657762866467,Medium,Low
4742-DRORA,No,0.05947277322411537,Low,6800.715569213033,High,Monitor
0111-KLBQG,No,0.3831802010536194,Medium,3354.101320666075,High,High
4800-VHZKI,Yes,0.5231069922447205,Medium,19.9,Low,Low
7989-CHGTL,No,0.4371519386768341,Medium,19.6,Low,Low
0334-GDDSO,Yes,0.8048349618911743,High,244.04999999999998,Low,Medium
4163-NCJAK,No,0.0342523455619812,Low,1408.0503618121147,Medium,Low
5233-AOZUF,Yes,0.5009864568710327,Medium,2397.9563903450967,Medium,Medium
5973-EJGDP,No,0.2817178964614868,Low,4831.301650464535,High,Monitor
1996-DBMUS,No,0.20951971411705017,Low,3726.284593185783,High,Monitor
7916-VCCPB,No,0.2685045301914215,Low,1493.4922589808702,Medium,Low
4686-GEFRM,No,0.05438634380698204,Low,9148.96962879002,High,Monitor
5249-QYHEX,No,0.0158536396920681,Low,1577.7639136552812,Medium,Low
0578-SKVMF,No,0.3870648741722107,Medium,1832.6,Medium,Medium
5564-NEMQO,Yes,0.8012129068374634,High,75.3,Low,Medium
2233-FAGXV,No,0.1305285394191742,Low,248.2689389526844,Low,Low
5605-IYGFG,Yes,0.5311328172683716,Medium,685.4522362828254,Low,Low
7663-ZTEGJ,No,0.12677572667598724,Low,3969.5824081927535,High,Monitor
3935-TBRZZ,No,0.028413105756044388,Low,1430.437398184836,Medium,Low
8111-BKVDS,No,0.19255076348781586,Low,604.1791035562754,Low,Low
2055-SIFSS,No,0.18234974145889282,Low,3094.139815121889,Medium,Low
2806-MLNTI,No,0.30514687299728394,Medium,6341.548763775825,High,High
8734-DKSTZ,Yes,0.639531672000885,High,1045.3935167491436,Medium,High
4360-PNRQB,No,0.3890266418457031,Medium,1637.9375152587888,Medium,Medium
6152-ONASV,No,0.021794307976961136,Low,4644.765778724104,High,Monitor
9063-ZGTUY,No,0.1390589028596878,Low,1183.3999999999999,Medium,Low
7781-HVGMK,No,0.0041094277985394,Low,6252.769567380846,High,Monitor
2181-UAESM,No,0.296248197555542,Low,332.5932030439377,Low,Low
2957-LOLHO,No,0.2476927936077118,Low,544.8,Low,Low
6048-NJXHX,No,0.027115749195218086,Low,1270.8971348814666,Medium,Low
2320-SLKMB,No,0.17475229501724243,Low,1375.7935629189014,Medium,Low
4980-URKXC,No,0.02277565188705921,Low,995.1015318978579,Medium,Low
4376-KFVRS,No,0.01807251200079918,Low,10899.331920151411,High,Monitor
5886-VLQVU,No,0.21057429909706116,Low,3570.329395356774,High,Monitor
3577-AMVUX,No,0.3800608217716217,Medium,259.8159105688333,Low,Low
0771-WLCLA,No,0.3427097201347351,Medium,2252.64562266469,Medium,Medium
5628-RKIFK,No,0.36100509762763977,Medium,5365.2895940154785,High,High
0206-TBWLC,No,0.19357368350028992,Low,7300.581326240302,High,Monitor
2937-FTHUR,No,0.2594583034515381,Low,1454.322611618042,Medium,Low
1910-FMXJM,No,0.4070116877555847,Medium,3180.4575618267063,Medium,Medium
7752-XUSCI,Yes,0.5688064098358154,Medium,6354.0,High,High
4110-PFEUZ,Yes,0.788530170917511,High,69.55,Low,Medium
0732-OCQOC,No,0.015164717100560665,Low,1894.682972079143,Medium,Low
5168-MSWXT,Yes,0.6766607761383057,High,941.8183487653732,Medium,High
1090-ESELR,No,0.011233157478272915,Low,10099.557645265013,High,Monitor
8592-PLTMQ,No,0.02627120167016983,Low,1869.4132158249615,Medium,Low
5760-WRAHC,No,0.13442343473434448,Low,1896.7437925636768,Medium,Low
8847-GEOOQ,No,0.11085192859172821,Low,3933.160283392668,High,Monitor
0256-LTHVJ,No,0.44032347202301025,Medium,2269.4,Medium,Medium
4785-FCIFB,No,0.01156580075621605,Low,2067.22706707716,Medium,Low
8313-NDOIA,Yes,0.6834078431129456,High,2697.4384388387207,Medium,High
5149-CUZUJ,No,0.05382758006453514,Low,3655.9930137440565,High,Monitor
0942-KOWSM,No,0.038774024695158005,Low,4288.009411311149,High,Monitor
4237-CLSMM,No,0.11228948086500168,Low,146.5252622961998,Low,Low
1452-VOQCH,Yes,0.8607956171035767,High,137.82549493312834,Low,Medium
4719-UMSIY,No,0.04873570427298546,Low,230.054060466215,Low,Low
6614-VBEGU,No,0.17818553745746613,Low,2009.250086541474,Medium,Low
0880-TKATG,Yes,0.7750570178031921,High,404.6,Low,Medium
3811-VBYBZ,Yes,0.8625676035881042,High,698.6,Low,Medium
1480-BKXGA,No,0.031126338988542557,Low,11054.10692064911,High,Monitor
2996-XAUVF,No,0.034524835646152496,Low,3731.514727976918,High,Monitor
9076-AXYIK,No,0.057315483689308167,Low,8844.35413876772,High,Monitor
5968-XQIVE,No,0.09104624390602112,Low,7436.797823059559,High,Monitor
8896-RAZCR,No,0.007501555141061544,Low,1349.617257264629,Medium,Low
4640-UHDOS,No,0.290166974067688,Low,727.35,Low,Low
4933-IKULF,No,0.0637233704328537,Low,583.0593488067389,Low,Low
3583-EKAPL,Yes,0.666414737701416,High,55.0,Low,Medium
1304-BCCFO,No,0.2577681243419647,Low,942.4100573390722,Medium,Low
4104-PVRPS,No,0.06767445802688599,Low,1586.2358942985536,Medium,Low
9399-APLBT,Yes,0.7924119830131531,High,74.7,Low,Medium
2359-KMGLI,Yes,0.6034438610076904,High,1926.0,Medium,High
3780-DDGSE,No,0.14437034726142883,Low,3052.1738105446098,Medium,Low
4431-EDMIQ,No,0.2076905518770218,Low,889.7669513374567,Low,Low
0306-JAELE,Yes,0.7221733927726746,High,480.5,Low,Medium
6227-HWPWX,No,0.26550090312957764,Low,1035.0,Medium,Low
0486-LGCCH,No,0.014834645204246044,Low,680.7539813216775,Low,Low
0447-BEMNG,No,0.17846162617206573,Low,2174.3999999999996,Medium,Low
4612-SSVHJ,Yes,0.5032788515090942,Medium,1871.7476252675058,Medium,Medium
5168-MQQCA,No,0.061055537313222885,Low,9034.505690418184,High,Monitor
5949-XIKAE,Yes,0.6793426871299744,High,668.4,Low,Medium
7971-HLVXI,No,0.09551461040973663,Low,7918.296370089054,High,Monitor
9094-AZPHK,Yes,0.7425389885902405,High,1656.9583217561246,Medium,High
3649-JPUGY,No,0.010562257841229439,Low,8483.140414926409,High,Monitor
4472-LVYGI,No,0.03538187965750694,Low,1216.5763733759522,Medium,Low
8372-JUXUI,Yes,0.8486461043357849,High,74.35,Low,Medium
3552-CTCYF,No,0.04401905834674835,Low,9006.883264446258,High,Monitor
6778-YSNIH,No,0.48852014541625977,Medium,299.06386852264404,Low,Low
0388-EOPEX,No,0.47593891620635986,Medium,148.8,Low,Low
5756-OZRIO,No,0.08835417777299881,Low,4607.740978963673,High,Monitor
6579-JPICP,No,0.24104851484298706,Low,113.29566178321838,Low,Low
8205-OTCHB,No,0.3060084879398346,Medium,962.5,Medium,Medium
4134-BSXLX,No,0.0779307633638382,Low,2042.1240990668534,Medium,Low
0505-SPOOW,No,0.016681965440511703,Low,1853.2727300226688,Medium,Low
6235-VDHOM,Yes,0.5119909644126892,Medium,142.25,Low,Low
7783-YKGDV,Yes,0.749176561832428,High,1196.4,Medium,High
4374-YMUSQ,No,0.23975397646427155,Low,5013.043202832341,High,Monitor
4513-CXYIX,No,0.01457318663597107,Low,7638.274652123451,High,Monitor
3957-HHLMR,No,0.048252273350954056,Low,5308.647421330214,High,Monitor
7803-XOCCZ,No,0.12209586054086685,Low,4813.327057529241,High,Monitor
5736-YEJAX,No,0.031373683363199234,Low,7329.026660563052,High,Monitor
5609-CEBID,Yes,0.6149056553840637,High,1882.0,Medium,High
8981-FJGLA,Yes,0.5334092378616333,Medium,1076.3644766807556,Medium,Medium
7218-HKQFK,Yes,0.6590349674224854,High,188.4,Low,Medium
4636-QRJKY,Yes,0.7534295916557312,High,483.0,Low,Medium
1135-LMECX,No,0.3689531087875366,Medium,95.0076847434044,Low,Low
4332-MUOEZ,No,0.12427358329296112,Low,2876.972013145685,Medium,Low
8535-SFUTN,No,0.42079639434814453,Medium,6863.38734292984,High,High
5956-VKDTT,Yes,0.7086869478225708,High,371.75,Low,Medium
8677-HDZEE,No,0.3491714894771576,Medium,6316.979198607803,High,High
2475-MROZF,No,0.2306145578622818,Low,3288.5497020184994,High,Monitor
9412-GHEEC,Yes,0.5010613203048706,Medium,4192.0,High,High
3482-ABPKK,No,0.03466640040278435,Low,2149.411373497546,Medium,Low
6705-LXORM,Yes,0.5139158368110657,Medium,554.551173788309,Low,Low
0257-ZESQC,No,0.254024475812912,Low,2030.4,Medium,Low
7531-GQHME,No,0.08442605286836624,Low,350.74354583993556,Low,Low
5174-ITUMV,No,0.21908044815063477,Low,8049.5070491790775,High,Monitor
4109-CYRBD,No,0.2652807831764221,Low,1723.8690695285798,Medium,Low
0913-XWSCN,No,0.3104315996170044,Medium,5056.248589396477,High,High
6825-UYPFK,No,0.28860294818878174,Low,1738.8,Medium,Low
8397-MVTAZ,Yes,0.6927570700645447,High,3401.7,High,Critical
0750-EBAIU,No,0.0864863321185112,Low,5745.29746633023,High,Monitor
8606-CIQUL,No,0.027066094800829887,Low,11036.810388643295,High,Monitor
3571-DPYUH,No,0.10291451215744019,Low,6512.0479483842855,High,Monitor
7601-GNDYK,No,0.008142678067088127,Low,1152.5696842372417,Medium,Low
0356-OBMAC,No,0.08103333413600922,Low,7797.714478075504,High,Monitor
8067-NIOYM,No,0.012829001992940903,Low,1006.3033933907748,Medium,Low
1403-GYAFU,No,0.010014671832323074,Low,1879.8809399142863,Medium,Low
4234-XTNEA,Yes,0.7616631388664246,High,274.2301922857761,Low,Medium
1297-VQDRP,No,0.23837736248970032,Low,8265.494387310744,High,Monitor
9282-IZGQK,Yes,0.9175730347633362,High,85.0,Low,Medium
5348-CAGXB,Yes,0.7267681956291199,High,1221.4074484884738,Medium,High
0621-HJWXJ,No,0.15185001492500305,Low,5552.649787697196,High,Monitor
5844-QVTAT,No,0.04723411798477173,Low,2597.1199896454814,Medium,Low
8905-IAZPF,No,0.16091300547122955,Low,7562.954052320123,High,Monitor
5394-MEITZ,No,0.017185671254992485,Low,6737.156037524342,High,Monitor
6859-QNXIQ,No,0.020543767139315605,Low,10801.835998477041,High,Monitor
2782-LFZVW,No,0.30613672733306885,Medium,893.8694395422935,Low,Low
2866-IKBTM,No,0.3162806034088135,Medium,99.75028522014618,Low,Low
1342-JPNKI,Yes,0.7385203838348389,High,860.5,Low,Medium
2817-NTQDO,No,0.2525496184825897,Low,592.15,Low,Low
7129-AZJDE,No,0.21617810428142548,Low,3426.8928640037775,High,Monitor
6986-IJDHX,No,0.3155394196510315,Medium,3365.7,High,High
2560-PPCHE,No,0.13922753930091858,Low,7913.339763957262,High,Monitor
4676-MQUEA,No,0.1439550518989563,Low,6141.771762537956,High,Monitor
8138-EALND,No,0.1024685874581337,Low,402.60747238621116,Low,Low
3580-HYCSP,No,0.01259725634008646,Low,10555.452543016523,High,Monitor
1352-HNSAW,No,0.023666614666581154,Low,11031.939344269036,High,Monitor
2075-PUEPR,No,0.03043462336063385,Low,1514.5161609113218,Medium,Low
1982-FEBTD,No,0.01578519120812416,Low,1193.5015785217286,Medium,Low
5301-GAUUY,No,0.37496715784072876,Medium,2571.2,Medium,Medium
5791-KAJFD,No,0.06154349818825722,Low,4624.226613994688,High,Monitor
2654-VBVPB,No,0.36487990617752075,Medium,95.73333920240401,Low,Low
1154-HYWWO,No,0.049045026302337646,Low,3488.4490537166594,High,Monitor
2501-XWWTZ,No,0.4355224668979645,Medium,1009.9579369425774,Medium,Medium
3716-UVSPD,No,0.3463459312915802,Medium,242.65087352395057,Low,Low
6815-ABQFQ,No,0.33124807476997375,Medium,6866.683727771044,High,High
7343-EOBEU,No,0.1861758828163147,Low,186.03749499320986,Low,Low
3701-SFMUH,No,0.20051048696041107,Low,822.2465143531562,Low,Low
6103-LIANB,No,0.10014770179986954,Low,8019.3472881019115,High,Monitor
7319-VENRZ,No,0.21813037991523743,Low,751.7452994287014,Low,Low
5846-NEQVZ,No,0.009814032353460789,Low,6714.062219386175,High,Monitor
6967-QIQRV,No,0.12106277048587799,Low,2603.2644442498686,Medium,Low
5781-RFZRP,No,0.007343458943068981,Low,6969.546138424426,High,Monitor
0939-YAPAF,Yes,0.667860746383667,High,3508.75,High,Critical
0308-IVGOK,No,0.10905849188566208,Low,876.328443133831,Low,Low
7293-LSCDV,No,0.00634632958099246,Low,1614.0679957335815,Medium,Low
7025-WCBNE,No,0.04138319566845894,Low,4172.4054769158365,High,Monitor
5756-JYOJT,No,0.13504530489444733,Low,1387.5267165482046,Medium,Low
4710-FDUIZ,No,0.2035035938024521,Low,5616.8,High,Monitor
6030-REHUX,No,0.44708549976348877,Medium,3471.5434341073033,High,High
9548-LIGTA,No,0.013994688168168068,Low,6862.027532575279,High,Monitor
5150-LJNSR,No,0.0896761566400528,Low,4110.6370340973135,High,Monitor
8270-RKSAP,Yes,0.5483142733573914,Medium,825.5630623698235,Low,Low
6522-YRBXD,No,0.2753584384918213,Low,3720.33915784359,High,Monitor
2640-LYMOV,No,0.1956060230731964,Low,134.13804987967012,Low,Low
1218-VKFPE,No,0.0353098064661026,Low,228.0,Low,Low
3627-FHKBK,Yes,0.531028687953949,Medium,75.3,Low,Low
2865-TCHJW,Yes,0.8394410014152527,High,356.8,Low,Medium
1423-BMPBQ,No,0.4050341248512268,Medium,86.82610976696014,Low,Low
2393-DIVAI,No,0.14480262994766235,Low,162.62368440628052,Low,Low
5192-EBGOV,Yes,0.9182925820350647,High,85.7,Low,Medium
4568-KNYWR,No,0.025954073294997215,Low,4767.601716738194,High,Monitor
8752-IMQOS,No,0.02136482484638691,Low,336.5468042470515,Low,Low
0742-LAFQK,No,0.024288104847073555,Low,9460.604025705905,High,Monitor
0795-LAFGP,No,0.013106392696499825,Low,8559.564370405675,High,Monitor
0619-OLYUR,No,0.019840558990836143,Low,10689.116194774211,High,Monitor
5512-IDZEI,No,0.04661889001727104,Low,1430.2702756628394,Medium,Low
0459-SPZHJ,No,0.021093549206852913,Low,7222.228527389467,High,Monitor
0215-BQKGS,No,0.3053244650363922,Medium,2880.3668855845926,Medium,Medium
9244-ZVAPM,Yes,0.543707013130188,Medium,170.44176120758058,Low,Low
0719-SYFRB,No,0.1755770444869995,Low,739.8,Low,Low
8208-EUMTE,No,0.02411453239619732,Low,2162.255629553646,Medium,Low
5172-MIGPM,No,0.25561538338661194,Low,554.9664697140455,Low,Low
1710-RCXUS,No,0.1417136788368225,Low,5538.4040294051165,High,Monitor
0374-FIUCA,No,0.008816586807370186,Low,1811.2833990991114,Medium,Low
5839-SUYVZ,No,0.3590904474258423,Medium,1479.4788428664208,Medium,Medium
5173-ZXXXL,No,0.03103947825729847,Low,271.86914890520274,Low,Low
1096-ADRUX,No,0.10758379846811295,Low,5695.642835564911,High,Monitor
2001-MCUUW,No,0.21279431879520416,Low,7050.617534309626,High,Monitor
2731-GJRDG,No,0.3033682107925415,Medium,4421.392150092125,High,High
4723-BEGSG,No,0.004845184274017811,Low,8308.323954783753,High,Monitor
6516-NKQBO,No,0.024460313841700554,Low,4974.449149891734,High,Monitor
8672-OAUPW,No,0.055767837911844254,Low,2982.528107471019,Medium,Low
8207-DMRVL,No,0.03145834803581238,Low,10910.314709579945,High,Monitor
3419-SNJJD,No,0.2718733549118042,Low,6841.25,High,Monitor
6543-CPZMK,No,0.40058931708335876,Medium,269.55,Low,Low
4765-OXPPD,No,0.18544341623783112,Low,585.0,Low,Low
2804-ETQDK,No,0.005743276793509722,Low,1846.667415885441,Medium,Low
6689-VRRTK,No,0.23884353041648865,Low,5834.099764323234,High,Monitor
7138-GIRSH,No,0.028008967638015747,Low,5096.28104197979,High,Monitor
9396-ZSFLL,No,0.21943971514701843,Low,961.5322194904089,Medium,Low
6464-KEXXH,No,0.3475480079650879,Medium,300.8464767932892,Low,Low
7134-MJPDY,No,0.3093036711215973,Medium,7640.557409101724,High,High
5240-CAOYT,No,0.10348634421825409,Low,5461.288623382151,High,Monitor
4059-IIEBK,Yes,0.6601408123970032,High,710.0256351172924,Low,Medium
4881-JVQOD,No,0.40325626730918884,Medium,469.2049757868051,Low,Low
0516-UXRMT,No,0.08602264523506165,Low,6716.6793860733505,High,Monitor
4851-BQDNX,No,0.1463228017091751,Low,4273.262948575616,High,Monitor
5148-HKFIR,No,0.015776481479406357,Low,859.3408795565366,Low,Low
1009-IRMNA,No,0.18685553967952728,Low,140.0,Low,Low
3003-CMDUU,No,0.44672322273254395,Medium,2694.615712141991,Medium,Medium
5016-IBERQ,No,0.447170615196228,Medium,2217.2052540183067,Medium,Medium
6797-UCJHZ,No,0.21914511919021606,Low,7883.72904639244,High,Monitor
2469-DTSGX,No,0.01957658678293228,Low,10665.942578056454,High,Monitor
4554-YGZIH,No,0.3105281591415405,Medium,4412.45,High,High
5099-BAILX,Yes,0.5167061686515808,Medium,4762.25,High,High
9931-KGHOA,No,0.10925167798995972,Low,2823.9469462633133,Medium,Low
1775-KWJKQ,No,0.0036907941102981567,Low,8617.641171580553,High,Monitor
7665-VIGUD,No,0.026290714740753174,Low,441.2798074603081,Low,Low
9411-TPQQV,No,0.07021552324295044,Low,2790.6369184851646,Medium,Low
7207-RMRDB,No,0.34374433755874634,Medium,6857.5,High,High
7954-MLBUN,No,0.049884017556905746,Low,5350.686826895178,High,Monitor
2077-DDHJK,No,0.024158300831913948,Low,6481.692235304416,High,Monitor
4913-EHYUI,No,0.3458540439605713,Medium,5854.8,High,High
0195-IESCP,Yes,0.8231111168861389,High,852.5,Low,Medium
9574-BOSMD,No,0.008674747310578823,Low,2331.511874039471,Medium,Low
4580-TMHJU,No,0.3886025846004486,Medium,2414.45,Medium,Medium
0970-ETWGE,Yes,0.8534960150718689,High,89.55,Low,Medium
4908-XAXAY,No,0.11948278546333313,Low,5352.023660713434,High,Monitor
8404-VLQFB,No,0.14318248629570007,Low,508.55785332620144,Low,Low
1626-ERCMM,Yes,0.7065030932426453,High,1891.0,Medium,High
0887-HJGAR,Yes,0.6044014692306519,High,45.7,Low,Medium
2391-IPLOP,No,0.09585585445165634,Low,4238.183676849306,High,Monitor
5644-PDMZC,Yes,0.7054364681243896,High,179.0,Low,Medium
3509-GWQGF,No,0.23142805695533752,Low,2002.8002160787582,Medium,Low
9576-ANLXO,Yes,0.5551339983940125,Medium,208.64999999999998,Low,Low
2024-BASKD,Yes,0.7647479772567749,High,74.6,Low,Medium
5845-BZZIB,No,0.005955298896878958,Low,1183.0271638121458,Medium,Low
1140-UKVZG,No,0.11578114330768585,Low,553.1717658758164,Low,Low
4160-AMJTL,No,0.16409051418304443,Low,157.2,Low,Low
5183-SNMJQ,Yes,0.5742895007133484,Medium,1193.9104108929632,Medium,Medium
8100-PNJMH,No,0.018550509586930275,Low,8134.6428933568295,High,Monitor
7838-LAZFO,No,0.07742048799991608,Low,4418.391186547279,High,Monitor
4464-JCOLN,No,0.029168177396059036,Low,39.7,Low,Low
2085-JVGAD,No,0.030558405444025993,Low,871.3188186952844,Low,Low
5650-VDUDS,No,0.4491889774799347,Medium,97.0,Low,Low
8095-WANWK,No,0.1653708517551422,Low,679.1018137484789,Low,Low
3030-ZKIWL,No,0.39771249890327454,Medium,92.50518638193607,Low,Low
9565-FLVCG,No,0.016736336052417755,Low,6162.013707861304,High,Monitor
8755-OGKNA,No,0.021519292145967484,Low,1569.4289712756872,Medium,Low
2800-VEQXM,Yes,0.5496921539306641,Medium,426.21306896209717,Low,Low
7538-GWHML,Yes,0.5243710875511169,Medium,139.3,Low,Low
5533-RJFTJ,No,0.2155580073595047,Low,1621.9408890664577,Medium,Low
3859-CVCET,No,0.377905935049057,Medium,182.6,Low,Low
0214-JHPFW,No,0.022876517847180367,Low,5401.465694442391,High,Monitor
5642-MHDQT,No,0.04199375584721565,Low,1280.2470873571933,Medium,Low
3088-FVYWK,No,0.01683720014989376,Low,1957.025428868085,Medium,Low
3276-HDUEG,Yes,0.8019812107086182,High,75.05,Low,Medium
9092-GDZKO,No,0.09355393052101135,Low,681.8511089593172,Low,Low
0823-HSCDJ,No,0.38543701171875,Medium,2555.7999999999997,Medium,Medium
3729-OWRVL,No,0.17524702847003937,Low,9357.025769799948,High,Monitor
2324-AALNO,No,0.03656057268381119,Low,1462.2292552873494,Medium,Low
0822-GAVAP,Yes,0.7610208988189697,High,69.4,Low,Medium
5760-IFJOZ,Yes,0.6339389085769653,High,560.9477689146996,Low,Medium
2826-UWHIS,No,0.2402953803539276,Low,4034.039736235142,High,Monitor
1448-PWKYE,Yes,0.8030720353126526,High,80.0,Low,Medium
7501-IWUNG,No,0.023154566064476967,Low,6231.988632586598,High,Monitor
4957-TREIR,No,0.21645323932170868,Low,495.9624683260918,Low,Low
7251-LJBQN,No,0.317974716424942,Medium,4999.121478050947,High,High
8040-MNRTF,Yes,0.7093684077262878,High,195.08343726396558,Low,Medium
1536-HBSWP,No,0.3565369248390198,Medium,242.55284470319748,Low,Low
5313-FPXWG,No,0.029765566810965538,Low,1541.013204677403,Medium,Low
0067-DKWBL,Yes,0.586446225643158,Medium,98.5,Low,Low
0946-FKYTX,No,0.07509969174861908,Low,1899.2739913403989,Medium,Low
5076-YVXCM,No,0.3014746904373169,Medium,4602.942064905167,High,High
8262-COGGB,No,0.28763508796691895,Low,107.85717470645905,Low,Low
6663-JOCQO,No,0.09591492265462875,Low,3149.1388248428702,Medium,Low
9620-QJREV,No,0.017541997134685516,Low,1208.1241435065865,Medium,Low
2276-YDAVZ,Yes,0.738503634929657,High,225.29999999999998,Low,Medium
2682-KEVRP,No,0.04334600269794464,Low,671.2709517508746,Low,Low
2480-JZOSN,No,0.43286609649658203,Medium,90.91789064407348,Low,Low
0078-XZMHT,No,0.011141029186546803,Low,8151.632192754373,High,Monitor
5896-NPFWW,Yes,0.5341838598251343,Medium,150.45,Low,Low
9978-HYCIN,No,0.07359173148870468,Low,4937.030588920415,High,Monitor
8338-QIUNR,No,0.0054758330807089806,Low,6375.2605704031885,High,Monitor
1525-LNLOJ,No,0.029582036659121513,Low,5652.058969907463,High,Monitor
9450-TRJUU,No,0.4855401813983917,Medium,3166.9140035003425,Medium,Medium
1766-GKNMI,Yes,0.6228245496749878,High,2654.2331743955615,Medium,High
6942-LBFDP,No,0.3316791355609894,Medium,123.50396258533002,Low,Low
1456-TWCGB,No,0.2585190236568451,Low,416.1076285094023,Low,Low
7133-VBDCG,No,0.30127498507499695,Medium,1996.2499999999998,Medium,Medium
7596-ZYWBB,No,0.011180039495229721,Low,5288.408071506024,High,Monitor
8329-UTMVM,No,0.3041839301586151,Medium,3699.355820506811,High,High
3014-WJKSM,No,0.26172327995300293,Low,2517.253422117233,Medium,Low
3347-YJZZE,No,0.1440100371837616,Low,2734.288776129484,Medium,Low
1029-QFBEN,No,0.30319109559059143,Medium,19.55,Low,Low
7929-DMBCV,No,0.26135972142219543,Low,1978.979175388813,Medium,Low
9661-JALZV,No,0.015581057406961918,Low,2016.163549169153,Medium,Low
5433-KYGHE,No,0.34966322779655457,Medium,1539.5737744569778,Medium,Medium
4312-KFRXN,No,0.003846506355330348,Low,2436.0551697257906,Medium,Low
5575-TPIZQ,No,0.2208256721496582,Low,4517.680347967148,High,Monitor
0114-IGABW,No,0.01737603172659874,Low,5509.458307646215,High,Monitor
9944-AEXBM,No,0.3619227111339569,Medium,3068.7079187482595,Medium,Medium
1853-ARAAQ,No,0.20389221608638763,Low,1549.6041615203023,Medium,Low
6952-OMNWB,No,0.25110170245170593,Low,5824.843869248032,High,Monitor
4697-LUPSU,No,0.028408724814653397,Low,275.913725104928,Low,Low
8434-VGEQQ,No,0.008695969358086586,Low,1742.4611479125917,Medium,Low
4952-YSOGZ,Yes,0.8579028844833374,High,343.8,Low,Medium
1589-AGTLK,Yes,0.6276538968086243,High,136.05,Low,Medium
5244-IRFIH,Yes,0.6249505281448364,High,3118.5,Medium,High
6549-YMFAW,No,0.13641357421875,Low,301.3572692871094,Low,Low
4950-HKQTE,No,0.018436869606375694,Low,1195.8847721479833,Medium,Low
6786-OBWQR,Yes,0.6790004968643188,High,559.9668589711189,Low,Medium
2684-EIWEO,No,0.36104023456573486,Medium,2751.0,Medium,Medium
2753-JMMCV,No,0.038912348449230194,Low,6534.504889881611,High,Monitor
6439-GTPCA,No,0.32844623923301697,Medium,3926.25,High,High
6621-YOBKI,No,0.05936069414019585,Low,216.6020592454821,Low,Low
1216-JWVUX,No,0.4160825312137604,Medium,2152.0146133601665,Medium,Medium
7564-GHCVB,No,0.008295704610645771,Low,7573.061389212683,High,Monitor
1173-NOEYG,No,0.3024141490459442,Medium,2811.374186781049,Medium,Medium
7595-EHCDL,No,0.15742875635623932,Low,1875.0046295702457,Medium,Low
6647-ZEDXT,No,0.20412229001522064,Low,4368.356316813827,High,Monitor
2521-NPUZR,No,0.028410427272319794,Low,9425.133124291897,High,Monitor
1307-TVUFB,No,0.3076784610748291,Medium,3662.3142846822734,High,High
7503-MIOGA,No,0.003265088191255927,Low,8618.559163824375,High,Monitor
4381-MHQDC,No,0.02265985682606697,Low,4579.6506233513355,High,Monitor
6923-JHPMP,No,0.4708383083343506,Medium,416.326348567009,Low,Low
5138-WVKYJ,Yes,0.6576686501502991,High,985.5,Medium,High
4018-PPNDW,No,0.014190444722771645,Low,2040.292246772349,Medium,Low
1635-FJFCC,No,0.3586171269416809,Medium,389.7674933493137,Low,Low
2499-AJYUA,No,0.016526425257325172,Low,10592.852929955721,High,Monitor
6919-ELBGL,No,0.030106540769338608,Low,10952.14207532555,High,Monitor
3966-HRMZA,Yes,0.5202791690826416,Medium,441.16829016208646,Low,Low
6425-JWTDV,No,0.003850275883451104,Low,1384.2211725418456,Medium,Low
8405-IGQFX,No,0.0525534562766552,Low,6696.960735147446,High,Monitor
8224-IVVPA,No,0.1176789328455925,Low,1831.0656270459294,Medium,Low
9477-LGWQI,No,0.032320454716682434,Low,7471.928373306991,High,Monitor
1410-RSCMR,No,0.20578275620937347,Low,839.4544020667671,Low,Low
3115-CZMZD,No,0.0135774752125144,Low,479.401347046718,Low,Low
0139-IVFJG,No,0.3649733364582062,Medium,524.9479543060064,Low,Low
6683-VLCTZ,Yes,0.7611275315284729,High,1971.0,Medium,High
5730-DBDSI,No,0.02068684995174408,Low,1763.2192573428154,Medium,Low
0030-FNXPP,No,0.17601461708545685,Low,157.6866591051221,Low,Low
2189-WWOEW,No,0.45083531737327576,Medium,1288.5,Medium,Medium
5684-FJVYR,No,0.0037253524642437696,Low,8665.521945716533,High,Monitor
4013-GUXND,No,0.3615245223045349,Medium,100.48173961639405,Low,Low
1894-IGFSG,No,0.44705939292907715,Medium,1963.5,Medium,Medium
7379-POKDZ,Yes,0.6030002236366272,High,210.89999999999998,Low,Medium
1266-NZYUI,No,0.005078237038105726,Low,6409.452476496062,High,Monitor
7969-FFOWG,No,0.013858635909855366,Low,1764.481115489453,Medium,Low
4718-DHSMV,No,0.3613235652446747,Medium,530.9876981854438,Low,Low
5175-WLYXL,No,0.3777627944946289,Medium,2029.0804219245908,Medium,Medium
7817-OMJNA,No,0.058143433183431625,Low,516.1664875566959,Low,Low
8728-SKJLR,No,0.28226152062416077,Low,3364.0024925619364,High,Monitor
3137-NYQQI,No,0.0884944424033165,Low,1810.386721587181,Medium,Low
7706-DZNKK,No,0.08324829488992691,Low,337.43543421700593,Low,Low
0236-HFWSV,Yes,0.7448961138725281,High,1400.25,Medium,High
3900-AQPHZ,No,0.4124673008918762,Medium,19.9,Low,Low
5842-POCOP,Yes,0.61663419008255,High,444.5,Low,Medium
2037-XJFUP,No,0.21621821820735931,Low,3161.4,Medium,Low
8823-RLPWL,No,0.00812654197216034,Low,10600.819155138732,High,Monitor
9505-SQFSW,No,0.3603304326534271,Medium,275.5721013844013,Low,Low
7314-OXENN,Yes,0.8358678221702576,High,164.0,Low,Medium
3758-CKOQL,No,0.16552157700061798,Low,7384.4702951312065,High,Monitor
0322-CHQRU,No,0.3755931258201599,Medium,90.7,Low,Low
5676-CFLYY,No,0.0228684451431036,Low,6927.99238917008,High,Monitor
7521-AFHAB,No,0.2501333951950073,Low,425.564143371582,Low,Low
0285-INHLN,No,0.13288220763206482,Low,1763.0981947928667,Medium,Low
4678-DVQEO,Yes,0.5057406425476074,Medium,52.2,Low,Low
5125-CNDSP,No,0.029309477657079697,Low,3030.720422485471,Medium,Low
0691-IFBQW,No,0.36640721559524536,Medium,5060.0,High,High
4992-LTJNE,No,0.008145431987941265,Low,5297.989382665604,High,Monitor
2202-OUTMO,No,0.08711612969636917,Low,2402.193901047856,Medium,Low
0810-BDHAW,No,0.09429528564214706,Low,2733.686995267868,Medium,Low
0229-LFJAF,No,0.0032661529257893562,Low,6680.940298769251,High,Monitor
7131-ZQZNK,No,0.0164505448192358,Low,5003.77043742165,High,Monitor
3442-ZHHCC,No,0.09183847904205322,Low,6067.2514515399935,High,Monitor
5726-CVNYA,No,0.011676142923533916,Low,629.6374855112285,Low,Low
9871-ELEYA,No,0.02684028260409832,Low,3880.1221171639863,High,Monitor
4257-GAESD,No,0.32497650384902954,Medium,452.256343960762,Low,Low
5173-WXOQV,No,0.3043960928916931,Medium,396.3466250181198,Low,Low
2040-OBMLJ,No,0.06728863716125488,Low,3447.130220127106,High,Monitor
6286-ZHAOK,No,0.0858536809682846,Low,651.138630707562,Low,Low
3807-XHCJH,No,0.39064455032348633,Medium,93.12265396118164,Low,Low
3009-JWMPU,No,0.37848100066185,Medium,5998.5,High,High
5671-RQRLP,No,0.13535909354686737,Low,6865.342029756308,High,Monitor
1450-GALXR,Yes,0.8911110162734985,High,985.0,Medium,High
8859-AXJZP,No,0.01841237023472786,Low,1488.8828541219234,Medium,Low
3174-AKMAS,No,0.02869763784110546,Low,4449.7826796144245,High,Monitor
3138-BKYAV,Yes,0.6931476593017578,High,512.0999999999999,Low,Medium
9926-PJHDQ,No,0.05561772733926773,Low,7270.285404968262,High,Monitor
7382-DFJTU,No,0.16701781749725342,Low,1269.4836988449097,Medium,Low
2798-NYLMZ,No,0.3364824652671814,Medium,9435.645881485938,High,High
4289-DTDKW,Yes,0.607745885848999,High,4052.0,High,Critical
1820-TQVEV,Yes,0.8677361011505127,High,69.55,Low,Medium
2239-JALAW,No,0.3624741733074188,Medium,5988.5,High,High
4853-RULSV,No,0.1692305952310562,Low,7280.0,High,Monitor
8098-TDCBU,No,0.028335493057966232,Low,1649.3286912068725,Medium,Low
3551-GAEGL,No,0.052634064108133316,Low,1379.199093413353,Medium,Low
4785-NKHCX,No,0.1728930026292801,Low,199.75097178369762,Low,Low
3196-NVXLZ,No,0.4194534718990326,Medium,2409.685417664051,Medium,Medium
6275-YDUVO,Yes,0.8165163397789001,High,172.4,Low,Medium
0036-IHMOT,No,0.12093538045883179,Low,6797.40801255703,High,Monitor
0115-TFERT,Yes,0.5041517019271851,Medium,2335.2000000000003,Medium,Medium
4178-EGMON,No,0.02072221226990223,Low,8228.234687685966,High,Monitor
4220-TINQT,No,0.2946586310863495,Low,6937.4283275038,High,Monitor
5318-YKDPV,No,0.02054775506258011,Low,5264.017484483124,High,Monitor
7975-TZMLR,No,0.3670561909675598,Medium,5628.778080534935,High,High
0295-QVKPB,No,0.2996024787425995,Low,588.4925289064646,Low,Low
4335-BSMJS,No,0.016153691336512566,Low,2208.7976343244313,Medium,Low
2311-QYMUQ,No,0.49120330810546875,Medium,1431.2,Medium,Medium
3643-AHCFP,Yes,0.8150656223297119,High,669.1999999999999,Low,Medium
9146-JRIOX,No,0.11502544581890106,Low,493.3665991559625,Low,Low
3104-OWCGK,No,0.07434403896331787,Low,5457.0,High,Monitor
5337-IIWKZ,No,0.14770512282848358,Low,1754.252551446855,Medium,Low
9101-BWFSS,No,0.22930660843849182,Low,5427.5,High,Monitor
9650-VBUOG,No,0.013349463231861591,Low,1545.0743027050048,Medium,Low
3487-EARAT,No,0.10529862344264984,Low,5982.568464034795,High,Monitor
2672-TGEFF,No,0.40875765681266785,Medium,3600.6139204502106,High,High
9231-ZJYAM,Yes,0.6790933609008789,High,315.4,Low,Medium
4250-WAROZ,No,0.1417926400899887,Low,6075.167017869651,High,Monitor
8184-WMOFI,No,0.06916529685258865,Low,5224.339173656703,High,Monitor
6982-SSHFK,No,0.42579013109207153,Medium,44.4,Low,Low
6092-QZVPP,No,0.12271697074174881,Low,3268.0848955035212,High,Monitor
4625-LAMOB,No,0.009550378657877445,Low,1382.5241346091032,Medium,Low
0727-BMPLR,No,0.3824930489063263,Medium,5500.0,High,High
0392-BZIUW,No,0.02980692684650421,Low,10004.88654434681,High,Monitor
1038-ZAGBI,No,0.08635280281305313,Low,237.60000000000002,Low,Low
6549-NNDYT,No,0.2662985622882843,Low,536.8581361204386,Low,Low
3027-ZTDHO,Yes,0.8534960150718689,High,89.9,Low,Medium
0422-OHQHQ,No,0.04140336439013481,Low,544.6399303413928,Low,Low
6916-HIJSE,No,0.015425724908709526,Low,7520.237053795903,High,Monitor
2316-ESMLS,No,0.051140520721673965,Low,775.2563008569181,Low,Low
9778-OGKQZ,No,0.0024462719447910786,Low,8826.598631545901,High,Monitor
7408-OFWXJ,No,0.003543239086866379,Low,8613.163611119986,High,Monitor
6007-TCTST,No,0.024578260257840157,Low,11048.49209909141,High,Monitor
2252-NKNSI,No,0.015360884368419647,Low,6440.008496704698,High,Monitor
8713-IGZSO,No,0.2037765383720398,Low,168.41691812872887,Low,Low
7905-TVXTA,No,0.2679135799407959,Low,604.4085667848586,Low,Low
7695-PKLCZ,No,0.0069288997910916805,Low,1882.590981302783,Medium,Low
2382-BCKQJ,No,0.3404576778411865,Medium,6209.3,High,High
8374-UULRV,No,0.003137116553261876,Low,8254.321226894202,High,Monitor
2207-NHRJK,No,0.4707554578781128,Medium,50.8,Low,Low
3224-DFQNQ,No,0.09648128598928452,Low,6838.957986563444,High,Monitor
5275-PMFUT,No,0.004455280024558306,Low,6213.871148505807,High,Monitor
4795-UXVCJ,No,0.012109977193176746,Low,749.5226694189013,Low,Low
9777-IQHWP,No,0.02923860028386116,Low,8153.658753603698,High,Monitor
0947-MUGVO,No,0.49054816365242004,Medium,1473.0,Medium,Medium
9944-HKVVB,Yes,0.733140230178833,High,285.29999999999995,Low,Medium
4124-MMETB,Yes,0.5281423330307007,Medium,2082.3,Medium,Medium
3671-SHRSP,Yes,0.5895785689353943,Medium,322.4,Low,Low
0979-MOZQI,No,0.046091072261333466,Low,3310.858756363392,High,Monitor
2732-ISEZX,No,0.1251879632472992,Low,210.1018805205822,Low,Low
3313-QKNKB,No,0.19451601803302765,Low,5047.45,High,Monitor
0323-XWWTN,No,0.01811506599187851,Low,701.3222941875457,Low,Low
1937-OTUKY,No,0.008788645267486572,Low,9406.486920833588,High,Monitor
1573-LGXBA,No,0.1306338757276535,Low,6578.029985073209,High,Monitor
1764-VUUMT,No,0.010059579275548458,Low,1790.6834734428674,Medium,Low
5073-WXOYN,No,0.37043076753616333,Medium,3048.0,Medium,Medium
4713-ZBURT,No,0.07493525743484497,Low,6699.994916009903,High,Monitor
3050-GBUSH,Yes,0.5793262124061584,Medium,192.2366868495941,Low,Low
0207-MDKNV,Yes,0.6027687191963196,High,1576.5,Medium,High
7876-AEHIG,No,0.06078653410077095,Low,3745.5742796860636,High,Monitor
7945-HLKEA,No,0.07933375984430313,Low,4600.3576686009765,High,Monitor
9342-VNIMQ,No,0.23450689017772675,Low,2054.4551907107234,Medium,Low
9851-KIELU,Yes,0.7237333059310913,High,1101.0,Medium,High
3523-BRGUW,No,0.018831968307495117,Low,729.0385161399842,Low,Low
3908-BLSYF,Yes,0.6623443365097046,High,503.40000000000003,Low,Medium
3199-NPKCN,No,0.16670125722885132,Low,8566.203821599483,High,Monitor
5170-PTRKA,No,0.0324731208384037,Low,2169.8495472878217,Medium,Low
4661-NJEUX,Yes,0.5078152418136597,Medium,79.25982640981674,Low,Low
2123-AGEEN,Yes,0.7137917876243591,High,735.2999762833118,Low,Medium
1258-YMZNM,No,0.3430267572402954,Medium,3854.6465198993683,High,High
0048-LUMLS,No,0.18310515582561493,Low,4268.409717464448,High,Monitor
7549-MYGPK,No,0.25233781337738037,Low,6334.65,High,Monitor
5898-IGSLP,No,0.21874861419200897,Low,3186.8944925159217,Medium,Low
3804-RVTGV,No,0.4607560634613037,Medium,5192.5,High,High
6259-WJQLC,No,0.3963884115219116,Medium,2888.9173989534374,Medium,Medium
9227-LUNBG,Yes,0.540526807308197,Medium,24.6,Low,Low
7997-EASSD,No,0.05029791221022606,Low,6040.989714342356,High,Monitor
0730-KOAVE,No,0.3457452952861786,Medium,3199.17731192708,Medium,Medium
8975-SKGRX,No,0.02304505743086338,Low,10965.287251974642,High,Monitor
0678-RLHVP,No,0.222391277551651,Low,7563.988415706158,High,Monitor
4315-MURBD,Yes,0.8056157827377319,High,1186.8000000000002,Medium,High
2267-FPIMA,No,0.1919582486152649,Low,5177.6748479843145,High,Monitor
1051-GEJLJ,No,0.2396768182516098,Low,127.95781226456165,Low,Low
9734-YWGEX,Yes,0.7654837369918823,High,884.6999999999999,Low,Medium
2719-BDAQO,Yes,0.5066899657249451,Medium,1595.4499999999998,Medium,Medium
5285-MVEHD,No,0.3783190846443176,Medium,6701.39405593872,High,High
0379-DJQHR,No,0.05268052965402603,Low,7299.996533903479,High,Monitor
0781-LKXBR,Yes,0.8651415705680847,High,904.5,Medium,High
5543-QDCRY,No,0.44592034816741943,Medium,413.10055418014525,Low,Low
0297-RBCSG,No,0.1473248153924942,Low,1910.3178797692058,Medium,Low
4694-PHWFW,No,0.08491860330104828,Low,269.1352431848645,Low,Low
0835-JKADZ,No,0.06378523260354996,Low,10398.443428948522,High,Monitor
1907-UBQFC,Yes,0.5390810370445251,Medium,728.5,Low,Low
7508-SMHXL,No,0.4308079183101654,Medium,1638.9485716223717,Medium,Medium
3865-YIOTT,No,0.09978305548429489,Low,8785.356213757395,High,Monitor
5993-BQHEA,No,0.032348740845918655,Low,473.416892952472,Low,Low
6024-RUGGH,No,0.0037634000182151794,Low,2416.9238956689833,Medium,Low
6513-EECDB,Yes,0.8860011100769043,High,73.55,Low,Medium
3956-CJUST,No,0.27838295698165894,Low,2060.6595502614978,Medium,Low
4079-WWQQQ,No,0.0036679666955024004,Low,6287.029554794635,High,Monitor
6103-BOCOU,Yes,0.5792876482009888,Medium,2301.908920741081,Medium,Medium
5149-TGWDZ,No,0.3030361235141754,Medium,3069.9608794391156,Medium,Medium
7471-WNSUF,No,0.022009219974279404,Low,1732.4217280514538,Medium,Low
8942-DBMHZ,No,0.07873900234699249,Low,358.438724412024,Low,Low
4301-VVZKA,Yes,0.6109704971313477,High,1382.3969470977784,Medium,High
9199-PWQVC,No,0.06800595670938492,Low,5912.459103003144,High,Monitor
4824-GUCBY,No,0.32668337225914,Medium,2127.4598109185695,Medium,Medium
5393-HJZSM,No,0.13422942161560059,Low,2837.949770784378,Medium,Low
7074-IEVOJ,Yes,0.7658188939094543,High,238.20000000000002,Low,Medium
9625-QSTYE,Yes,0.5240270495414734,Medium,1054.95,Medium,Medium
0862-PRCBS,No,0.054189182817935944,Low,9410.06893478334,High,Monitor
8812-ZRHFP,No,0.15827235579490662,Low,3466.708258098364,High,Monitor
5146-CBVOE,No,0.2625022530555725,Low,1533.9164847731588,Medium,Low
0454-OKRCT,No,0.027218744158744812,Low,4541.548061299323,High,Monitor
5787-KXGIY,No,0.0025050437543541193,Low,1851.6396637329833,Medium,Low
4750-ZRXIU,Yes,0.8626682162284851,High,338.4,Low,Medium
4198-VFOEA,No,0.06702042371034622,Low,779.3773651599885,Low,Low
6630-UJZMY,Yes,0.8060064315795898,High,429.8997874259949,Low,Medium
5709-LVOEQ,No,0.05088084563612938,Low,1841.6708071276544,Medium,Low
6400-BWQKW,Yes,0.5618621706962585,Medium,474.29999999999995,Low,Low
2692-AQCPF,No,0.1426854431629181,Low,8134.84405439496,High,Monitor
0347-UBKUZ,No,0.0877874419093132,Low,407.41817943602797,Low,Low
0835-DUUIQ,No,0.037468984723091125,Low,748.3353344589472,Low,Low
0811-GSDTP,No,0.23176468908786774,Low,530.9237677440047,Low,Low
7567-ECMCM,No,0.3303513526916504,Medium,2237.22866692543,Medium,Medium
6115-ZTBFQ,No,0.0038010384887456894,Low,6282.024767495692,High,Monitor
6353-BRMMA,No,0.3577026426792145,Medium,6022.578929382562,High,High
6680-WKXRZ,Yes,0.5396488308906555,Medium,223.20000000000002,Low,Low
6231-WFGFH,No,0.183340921998024,Low,182.44906659424305,Low,Low
9904-EHEVJ,No,0.4061238765716553,Medium,3248.7035032510757,High,High
7028-DVOIQ,Yes,0.6750137805938721,High,3466.75,High,Critical
6169-PPETC,No,0.012324160896241665,Low,1203.436512839049,Medium,Low
4208-UFFGW,No,0.4426219165325165,Medium,89.9,Low,Low
8584-KMVXD,No,0.3845222294330597,Medium,883.9807167291641,Low,Low
8467-WYNSR,No,0.09601043909788132,Low,1511.0589488342405,Medium,Low
0851-DFJKB,No,0.20203639566898346,Low,1166.4897268518805,Medium,Low
5382-SOYZL,Yes,0.7113363742828369,High,2256.9114648342133,Medium,High
9448-REEVD,No,0.4437803030014038,Medium,44.7,Low,Low
3261-CQXOL,No,0.006835223641246557,Low,2413.5750453999267,Medium,Low
8388-FYNPZ,No,0.2661309540271759,Low,476.8824101537466,Low,Low
4002-BQWPQ,No,0.10930101573467255,Low,2480.637851782143,Medium,Low
5651-YLPRD,No,0.45433393120765686,Medium,3037.0910911381243,Medium,Medium
2826-DXLQO,No,0.325361430644989,Medium,329.22537620067595,Low,Low
4378-BZYFP,No,0.03323548659682274,Low,586.3240702971816,Low,Low
9489-UTFKA,No,0.1925293207168579,Low,782.24978621006,Low,Low
4849-PYRLQ,No,0.02688506431877613,Low,5812.736056927592,High,Monitor
9117-SHLZX,Yes,0.6044014692306519,High,45.7,Low,Medium
9889-TMAHG,Yes,0.6463158130645752,High,802.4,Low,Medium
4541-RMRLG,No,0.04800539091229439,Low,134.75,Low,Low
7764-BDPEE,No,0.15803630650043488,Low,167.87965805679562,Low,Low
3429-IFLEM,No,0.005645783618092537,Low,7337.7691672913725,High,Monitor
3158-MOERK,Yes,0.8582701683044434,High,192.0,Low,Medium
7294-TMAOP,Yes,0.8306312561035156,High,90.55,Low,Medium
5002-GCQFH,No,0.22360779345035553,Low,5035.836451508105,High,Monitor
0556-FJEGU,No,0.022886497899889946,Low,5709.695755933225,High,Monitor
8919-FYFQZ,No,0.3945563733577728,Medium,1335.4,Medium,Medium
0604-THJFP,No,0.019178124144673347,Low,6268.89211530909,High,Monitor
2834-JRTUA,No,0.4305298924446106,Medium,7671.55,High,High
5875-YPQFJ,Yes,0.8205428123474121,High,69.9,Low,Medium
5879-SESNB,Yes,0.5549783110618591,Medium,1028.6772925555706,Medium,Medium
6646-QVXLR,No,0.2849423289299011,Low,6432.5,High,Monitor
6461-PPAXN,No,0.04491804912686348,Low,2553.031038405746,Medium,Low
3318-ISQFQ,No,0.08437028527259827,Low,497.128676623106,Low,Low
1106-HRLKZ,No,0.009193163365125656,Low,1250.075535953045,Medium,Low
2483-XSSMZ,No,0.08579253405332565,Low,2391.0879269465804,Medium,Low
8603-IJWDN,Yes,0.901856005191803,High,86.6,Low,Medium
8165-ZJRNM,No,0.005330835003405809,Low,2276.9614240480587,Medium,Low
9369-XFEHK,No,0.37593069672584534,Medium,2659.7999999999997,Medium,Medium
2604-XVDAM,No,0.1893254518508911,Low,738.6452712535857,Low,Low
3717-OFRTN,No,0.3103654086589813,Medium,101.47169907391071,Low,Low
9046-JBFWA,No,0.010889932513237,Low,630.698746754229,Low,Low
3280-NMUVX,No,0.01718422956764698,Low,897.5582692056895,Medium,Low
1206-EHBDD,No,0.02441893145442009,Low,6376.939835301041,High,Monitor
8361-LBRDI,No,0.014618534594774246,Low,1988.1569283828142,Medium,Low
4883-KCPZJ,No,0.015164830721914768,Low,1152.3101125825197,Medium,Low
9108-EQPNQ,No,0.015360141173005104,Low,877.7784075692297,Low,Low
7277-KAMWT,No,0.012283140793442726,Low,734.1040924191475,Low,Low
3842-IYKUE,No,0.24059465527534485,Low,2985.5,Medium,Low
6641-XRPSU,No,0.36240658164024353,Medium,2380.0,Medium,Medium
1374-DMZUI,Yes,0.8781239986419678,High,377.2,Low,Medium
2545-LXYVJ,No,0.0037995888851583004,Low,1985.3123642418534,Medium,Low
3234-VKACU,No,0.3033623695373535,Medium,434.44175252914425,Low,Low
8357-EQXFO,Yes,0.8137162327766418,High,667.4499999999999,Low,Medium
1989-PRJHP,No,0.44623416662216187,Medium,2038.5,Medium,Medium
8120-JDCAM,Yes,0.5306107997894287,Medium,474.0761132478714,Low,Low
8917-FAEMR,No,0.013292931951582432,Low,1204.5172472182662,Medium,Low
7047-YXDMZ,No,0.09495062381029129,Low,528.605925142765,Low,Low
2858-EIMXH,No,0.2861372232437134,Low,5901.13496582508,High,Monitor
9524-EGPJC,Yes,0.5341255068778992,Medium,1621.8,Medium,Medium
6993-OHLXR,Yes,0.5243710875511169,Medium,137.9,Low,Low
8818-XYFCQ,No,0.38451871275901794,Medium,3185.6,Medium,Medium
6419-ZTTLE,No,0.05004379153251648,Low,713.7890959084034,Low,Low
0929-HYQEW,No,0.3353966474533081,Medium,350.4291487812996,Low,Low
6614-YOLAC,No,0.006042130291461945,Low,5563.245097401738,High,Monitor
7426-RHZGU,Yes,0.6631848812103271,High,1056.903419351578,Medium,High
4065-JJAVA,No,0.41229569911956787,Medium,224.04817736148834,Low,Low
4695-VADHF,No,0.19359168410301208,Low,1034.1000000000001,Medium,Low
3863-IUBJR,No,0.17431488633155823,Low,643.8,Low,Low
7649-SIJJF,No,0.005745758302509785,Low,7598.454354239255,High,Monitor
9361-YNQWJ,No,0.018656350672245026,Low,1848.9374205231666,Medium,Low
3748-FVMZZ,No,0.4741348922252655,Medium,286.5653853982687,Low,Low
9391-TTOYH,No,0.055898260325193405,Low,558.9599035419524,Low,Low
1452-XRSJV,No,0.0922359749674797,Low,2268.998120867461,Medium,Low
3422-WJOYD,No,0.038768310099840164,Low,2148.7153081528845,Medium,Low
8242-SOQUO,Yes,0.6494415998458862,High,601.6537789583207,Low,Medium
7460-ITWWP,No,0.29508522152900696,Low,4238.658974558115,High,Monitor
7147-AYBAA,No,0.3371105492115021,Medium,2882.7556371778246,Medium,Medium
7868-TMWMZ,No,0.07814725488424301,Low,9033.691247105598,High,Monitor
4822-RVYBB,Yes,0.8778936266899109,High,804.8,Low,Medium
6732-FZUGP,No,0.07299361377954483,Low,5515.974872627855,High,Monitor
8436-BJUMM,Yes,0.5130800008773804,Medium,2177.5,Medium,Medium
4184-TJFAN,Yes,0.5751133561134338,Medium,264.9,Low,Low
8329-GWVPJ,No,0.1759820580482483,Low,3832.351508706808,High,Monitor
1352-VHKAJ,No,0.10091178119182587,Low,2319.4482987999913,Medium,Low
4145-UQXUQ,Yes,0.6931567788124084,High,736.8,Low,Medium
2632-TACXW,No,0.015594367869198322,Low,2025.048636797443,Medium,Low
8146-QQKZH,No,0.008003156632184982,Low,7760.028599111735,High,Monitor
1767-CJKBA,No,0.007920889183878899,Low,2254.2284563556314,Medium,Low
6445-TNRXS,No,0.10039103031158447,Low,10276.043571758271,High,Monitor
4581-LNWUM,No,0.35054248571395874,Medium,830.4750209629535,Low,Low
4869-EPIUS,No,0.14337164163589478,Low,5362.014810299874,High,Monitor
9948-YPTDG,No,0.3206551969051361,Medium,3019.1,Medium,Medium
1236-WFCDV,No,0.41978028416633606,Medium,1266.3,Medium,Medium
1915-OAKWD,No,0.02247910387814045,Low,535.1938395418227,Low,Low
7296-PIXQY,No,0.44060611724853516,Medium,1218.416703414917,Medium,Medium
4883-QICIH,No,0.4336984157562256,Medium,2232.0,Medium,Medium
3354-OADJP,No,0.0567936897277832,Low,1048.0273079872131,Medium,Low
3524-WQDSG,No,0.4879835546016693,Medium,4574.959398168326,High,High
0810-DHDBD,No,0.04030425474047661,Low,4700.209821790457,High,Monitor
4026-SKKHW,No,0.3114239275455475,Medium,358.35568584501743,Low,Low
2829-HYVZP,No,0.020894860848784447,Low,806.8353810623288,Low,Low
8329-IBCTI,No,0.3689531087875366,Medium,19.65,Low,Low
1271-SJBGZ,Yes,0.5437824130058289,Medium,523.8,Low,Low
3845-JHAMY,No,0.2957286536693573,Low,718.0097967684269,Low,Low
7013-PSXHK,No,0.16346071660518646,Low,4040.6065656095743,High,Monitor
5669-SRAIP,No,0.49825841188430786,Medium,197.5,Low,Low
5981-ITEMU,No,0.395962119102478,Medium,3884.0,High,High
3486-NPGST,No,0.012653845362365246,Low,935.4314078779892,Medium,Low
6941-PMGEP,Yes,0.7314950227737427,High,400.0,Low,Medium
1624-WOIWJ,No,0.48347988724708557,Medium,847.0,Low,Low
2074-GKOWZ,Yes,0.7587524056434631,High,179.1,Low,Medium
0376-YMCJC,No,0.4367593824863434,Medium,2083.7999999999997,Medium,Medium
6100-FJZDG,No,0.0223254207521677,Low,756.5285037670285,Low,Low
4829-ZLJTK,No,0.011438670568168163,Low,10759.54304227531,High,Monitor
1730-VFMWO,No,0.07575233280658722,Low,1985.183397358656,Medium,Low
7143-BQIBA,No,0.152015820145607,Low,939.2220911756158,Medium,Low
3800-LYTRK,No,0.05411887913942337,Low,1412.0269411832096,Medium,Low
0634-SZPQA,No,0.41089609265327454,Medium,2071.15,Medium,Medium
9646-NMHXE,No,0.014012339524924755,Low,1388.5417806800453,Medium,Low
7030-NJVDP,No,0.2181895673274994,Low,2560.659486696124,Medium,Low
5536-RTPWK,No,0.4538443386554718,Medium,4853.45,High,High
8883-GRDWQ,No,0.08050185441970825,Low,1675.834798336029,Medium,Low
6166-ILMNY,No,0.4957832992076874,Medium,139.5,Low,Low
3097-NNSPB,Yes,0.5079611539840698,Medium,98.1,Low,Low
7771-ZONAT,No,0.029991986230015755,Low,2569.6509147547185,Medium,Low
0655-RBDUG,Yes,0.9048226475715637,High,686.35,Low,Medium
2111-DWYHN,No,0.27508077025413513,Low,112.8747744858265,Low,Low
4194-WHFCB,No,0.17995265126228333,Low,6177.895457533003,High,Monitor
4121-AGSIN,No,0.02573270909488201,Low,1707.4345835261047,Medium,Low
4361-BKAXE,No,0.3324306309223175,Medium,4694.5,High,High
9845-PEEKO,No,0.07001947611570358,Low,6440.506979799271,High,Monitor
0455-XFASS,Yes,0.5869690179824829,Medium,381.00782879590986,Low,Low
0301-KOBTQ,No,0.009696180000901222,Low,1118.1341981835665,Medium,Low
1751-NCDLI,Yes,0.670413613319397,High,4742.577685940266,High,Critical
4367-NUYAO,No,0.028998877853155136,Low,600.0786934867501,Low,Low
9878-TNQGW,Yes,0.7420734763145447,High,161.9,Low,Medium
9170-ARBTB,No,0.027228744700551033,Low,1247.9957992464306,Medium,Low
4441-NIHPT,Yes,0.5361142158508301,Medium,965.9,Medium,Medium
8999-BOHSE,Yes,0.6871398091316223,High,986.7,Medium,High
7241-AJHFS,No,0.15007393062114716,Low,3251.776119886339,High,Monitor
7029-RPUAV,Yes,0.5673448443412781,Medium,1707.65,Medium,Medium
4546-FOKWR,No,0.48412472009658813,Medium,1427.3700630366802,Medium,Medium
9036-CSKBW,No,0.16431298851966858,Low,6557.4848326027395,High,Monitor
5832-TRLPB,No,0.13548249006271362,Low,2966.846732485294,Medium,Low
8590-YFFQO,No,0.014650900848209858,Low,6082.462175757811,High,Monitor
8659-IOOPU,No,0.028347203508019447,Low,9474.410561782866,High,Monitor
1338-CECEE,No,0.061119548976421356,Low,3580.2597307413816,High,Monitor
7439-DKZTW,Yes,0.8520433306694031,High,152.0574582874775,Low,Medium
4646-QZXTF,No,0.21504873037338257,Low,951.413743942976,Medium,Low
4607-CHPCA,No,0.25293946266174316,Low,2260.0,Medium,Low
9742-XOKTS,No,0.08380977809429169,Low,6984.388012459874,High,Monitor
6921-OZMFH,No,0.3397614657878876,Medium,499.151718133688,Low,Low
9578-FOMUK,No,0.14119790494441986,Low,499.78975174427035,Low,Low
4712-UYOOI,No,0.08981578052043915,Low,509.2221063375473,Low,Low
8824-RWFXJ,Yes,0.5123978853225708,Medium,168.45,Low,Low
7722-CVFXN,No,0.17014960944652557,Low,6728.403133034706,High,Monitor
8717-VCTXJ,No,0.016221078112721443,Low,1051.8945350747556,Medium,Low
7363-QTBIW,Yes,0.6642105579376221,High,878.4252480268478,Low,Medium
4159-NAAIX,No,0.035444241017103195,Low,8395.2530091092,High,Monitor
0971-QIFJK,No,0.009396801702678204,Low,2249.7810614090413,Medium,Low
9397-TZSHA,No,0.008358809165656567,Low,2282.8649590685964,Medium,Low
3391-JSQEW,No,0.13250161707401276,Low,2267.0302634224295,Medium,Low
0343-QLUZP,No,0.019638357684016228,Low,3307.735704857111,High,Monitor
9763-PDTKK,Yes,0.675773561000824,High,377.6,Low,Medium
2176-LVPNX,No,0.008950910530984402,Low,8516.448256530985,High,Monitor
7627-JKIAZ,No,0.37768644094467163,Medium,2921.15,Medium,Medium
3312-UUMZW,No,0.457302451133728,Medium,3485.073916232586,High,High
1271-UODNO,No,0.03973773121833801,Low,3341.19295617342,High,Monitor
8461-EFQYM,No,0.06225172430276871,Low,1194.3847482278943,Medium,Low
6900-RBKER,No,0.052449192851781845,Low,6685.602072785795,High,Monitor
6891-JPYFF,No,0.21748606860637665,Low,5546.157547675073,High,Monitor
1459-QNFQT,No,0.019449962303042412,Low,5565.225453831255,High,Monitor
1047-NNCBF,No,0.26689013838768005,Low,1721.325404420495,Medium,Low
3696-XRIEN,No,0.0714777410030365,Low,5044.237036406994,High,Monitor
4081-DYXAV,No,0.32783687114715576,Medium,852.15,Low,Low
0074-HDKDG,No,0.058622345328330994,Low,2235.8663623332977,Medium,Low
8791-GFXLZ,No,0.18979589641094208,Low,827.0430676862597,Low,Low
8111-SLLHI,Yes,0.6344729661941528,High,4120.35,High,Critical
0927-LCSMG,No,0.40594393014907837,Medium,522.5500000000001,Low,Low
9330-DHBFL,No,0.04678643122315407,Low,2281.5547871775925,Medium,Low
0098-BOWSO,No,0.06589579582214355,Low,632.5297293663025,Low,Low
3452-ABWRL,No,0.3656456172466278,Medium,4371.867167815566,High,High
5859-HZYLF,No,0.007508758455514908,Low,954.0489746138453,Medium,Low
8257-RZAHR,No,0.22185102105140686,Low,905.8000000000001,Medium,Low
5293-WXJAK,Yes,0.8411404490470886,High,1144.55,Medium,High
3156-QLHBO,No,0.06699851155281067,Low,146.26167191565037,Low,Low
2208-NQBCT,No,0.23322142660617828,Low,2507.7250245377422,Medium,Low
1779-PWPMG,No,0.022911231964826584,Low,10943.357454125584,High,Monitor
6621-NRZAK,No,0.01595352031290531,Low,1732.3423102498055,Medium,Low
0831-JNISG,No,0.007428548764437437,Low,1877.4699536271394,Medium,Low
0774-IFUVM,No,0.21231567859649658,Low,1024.5558012366296,Medium,Low
3082-WQRVY,No,0.03661728277802467,Low,502.26564472094174,Low,Low
9553-DLCLU,No,0.019332055002450943,Low,3249.879928980768,High,Monitor
1641-BYBTK,No,0.06288539618253708,Low,234.7782899826765,Low,Low
2460-NGXBJ,Yes,0.5209324359893799,Medium,1043.3552848815918,Medium,Medium
2446-ZKVAF,No,0.16102159023284912,Low,1308.323842048645,Medium,Low
0841-NULXI,Yes,0.7752299308776855,High,35.55,Low,Medium
3522-CDKHF,No,0.2755683362483978,Low,2744.167543679476,Medium,Low
1430-SFQSA,No,0.051047973334789276,Low,1437.792305791378,Medium,Low
0411-EZJZE,Yes,0.6279475092887878,High,315.2469753921032,Low,Medium
7851-WZEKY,Yes,0.8805295825004578,High,190.3,Low,Medium
8844-TONUD,Yes,0.6503575444221497,High,1256.45,Medium,High
8807-ARQET,No,0.2972232401371002,Low,1824.4922535628082,Medium,Low
8992-CEUEN,No,0.1249818205833435,Low,117.81455609202386,Low,Low
4320-QMLLA,No,0.2727915048599243,Low,623.2743157505989,Low,Low
8777-PVYGU,No,0.03796100243926048,Low,4085.9092905178663,High,Monitor
8292-ITGYJ,No,0.015655187889933586,Low,1691.5883908443152,Medium,Low
6870-ZWMNX,No,0.048733461648225784,Low,7064.39320564568,High,Monitor
0621-CXBKL,No,0.007332972716540098,Low,1436.6089618448168,Medium,Low
5268-DSMNQ,No,0.08946885913610458,Low,7143.1383029714225,High,Monitor
5334-JLAXU,No,0.14686369895935059,Low,6127.6807555675505,High,Monitor
4086-YQSNZ,Yes,0.7000100016593933,High,241.20000000000002,Low,Medium
6242-MBHPK,Yes,0.5706140995025635,Medium,2432.307594823837,Medium,Medium
5868-CZJDR,Yes,0.6145251989364624,High,31.35,Low,Medium
9359-UGBTK,No,0.07036465406417847,Low,5654.5594073414795,High,Monitor
0135-NMXAP,Yes,0.7312185764312744,High,1077.0,Medium,High
4782-OSFXZ,No,0.007895905524492264,Low,7840.828206714988,High,Monitor
6479-OAUSD,No,0.01783912070095539,Low,732.0400179766118,Low,Low
7129-ACFOG,No,0.41638484597206116,Medium,457.39097172021866,Low,Low
4189-NAKJS,No,0.0739554688334465,Low,1913.1511469796299,Medium,Low
5562-BETPV,No,0.08332790434360504,Low,235.8012801557779,Low,Low
1282-IHQAC,No,0.06359579414129257,Low,3578.4832632169123,High,Monitor
9127-FHJBZ,No,0.007166699506342411,Low,10924.391910150647,High,Monitor
6270-OMFIW,No,0.1515815705060959,Low,5664.0,High,Monitor
1641-RQDAY,Yes,0.5204238891601562,Medium,3501.6966491699222,High,High
0107-WESLM,No,0.4417421221733093,Medium,19.85,Low,Low
6994-ORCWG,No,0.12811729311943054,Low,1327.0956421792507,Medium,Low
1346-UFHAX,No,0.45159196853637695,Medium,1303.235855102539,Medium,Medium
3992-YWPKO,Yes,0.7546194791793823,High,659.4000000000001,Low,Medium
2933-XEUJM,No,0.025110866874456406,Low,5496.269264245034,High,Monitor
0125-LZQXK,Yes,0.5659306049346924,Medium,1520.25,Medium,Medium
5461-QKNTN,No,0.3664010763168335,Medium,4413.390271019935,High,High
4835-YSJMR,No,0.03379173204302788,Low,3097.012121862173,Medium,Low
8399-YNDCH,No,0.20187152922153473,Low,1261.05,Medium,Low
3164-YAXFY,No,0.24761003255844116,Low,3306.3957644999027,High,Monitor
0887-WBJVH,No,0.1536969095468521,Low,5901.89428563416,High,Monitor
4660-IRIBM,No,0.34890156984329224,Medium,1925.5893120646479,Medium,Medium
5673-FSSMF,Yes,0.7471523880958557,High,60.15,Low,Medium
7670-ZBPOQ,No,0.03602948412299156,Low,4247.104799931496,High,Monitor
8089-UZWLX,No,0.09063828736543655,Low,9658.408068791032,High,Monitor
0080-OROZO,No,0.2424658089876175,Low,4375.973221495748,High,Monitor
3916-NRPAP,Yes,0.5349608659744263,Medium,496.22312271595,Low,Low
6807-SIWJI,No,0.2907260060310364,Low,4876.70853921175,High,Monitor
8221-HVAYI,No,0.01927986368536949,Low,4047.853138227761,High,Monitor
1579-KLYDT,Yes,0.8245452046394348,High,633.15,Low,Medium
5232-NXPAY,No,0.027856623753905296,Low,5236.175784676522,High,Monitor
8967-SZQAS,No,0.1858198642730713,Low,952.7523270845413,Medium,Low
4468-KAZHE,No,0.2641187310218811,Low,1464.9172568321228,Medium,Low
0455-ENTCR,No,0.04491938650608063,Low,7580.594935208559,High,Monitor
8944-AILEF,No,0.12021364271640778,Low,394.4210678949952,Low,Low
5542-NKVRU,No,0.00864261295646429,Low,1365.1959787476808,Medium,Low
7126-RBHSD,No,0.321774959564209,Medium,1662.3717341423037,Medium,Medium
5370-IIVVL,No,0.26062577962875366,Low,4793.675272345543,High,Monitor
6789-HJBWG,No,0.2917802631855011,Low,802.7163299918175,Low,Low
3927-NLNRY,No,0.20792801678180695,Low,4995.25,High,Monitor
9087-EYCPR,No,0.014255213551223278,Low,2091.446871869266,Medium,Low
6791-YBNAK,No,0.16750451922416687,Low,587.5215572029352,Low,Low
6358-LYNGM,Yes,0.8607956171035767,High,74.9,Low,Medium
6077-BDPXA,Yes,0.6082234978675842,High,375.3487297475338,Low,Medium
0013-MHZWF,No,0.21804559230804443,Low,950.2058153629304,Medium,Low
5494-HECPR,Yes,0.8731783628463745,High,80.25,Low,Medium
8268-YDIXR,No,0.09216547757387161,Low,6231.177429167927,High,Monitor
9824-BEMCV,Yes,0.5021892786026001,Medium,1173.0,Medium,Medium
1373-ORVIZ,No,0.3308892250061035,Medium,729.8499999999999,Low,Low
4291-SHSBH,Yes,0.5708581805229187,Medium,665.930881267786,Low,Low
6980-IMXXE,No,0.00798131711781025,Low,1874.7306574612855,Medium,Low
9866-QEVEE,No,0.3866816461086273,Medium,1634.0,Medium,Medium
9897-KXHCM,Yes,0.7350056767463684,High,240.89999999999998,Low,Medium
0040-HALCW,No,0.010521214455366135,Low,1586.0488134026527,Medium,Low
0784-GTUUK,No,0.03229702636599541,Low,1748.2953474856913,Medium,Low
7979-CORPM,No,0.4645405411720276,Medium,2173.2,Medium,Medium
2294-DMMUS,No,0.14776729047298431,Low,4728.13876631707,High,Monitor
0872-JCPIB,No,0.18621058762073517,Low,1438.78992318362,Medium,Low
3055-MJDSB,No,0.3025438189506531,Medium,324.34453232288365,Low,Low
9091-WTUUY,No,0.01869100145995617,Low,6062.935555573553,High,Monitor
1618-CFHME,Yes,0.7729410529136658,High,151.8,Low,Medium
3165-HDOEW,Yes,0.6190506815910339,High,45.85,Low,Medium
6581-NQCBA,No,0.47351253032684326,Medium,799.2,Low,Low
7115-IRDHS,No,0.0045213052071630955,Low,2363.725195839442,Medium,Low
8496-DMZUK,No,0.042210087180137634,Low,3751.010497426987,High,Monitor
2040-VZIKE,No,0.30064818263053894,Medium,5364.82778469026,High,High
9068-VPWQQ,No,0.025701316073536873,Low,6358.271740012616,High,Monitor
0178-SZBHO,No,0.29746925830841064,Low,4465.96408405304,High,Monitor
0384-RVBPI,No,0.12033526599407196,Low,1627.9024532198907,Medium,Low
1689-MRZQR,Yes,0.5525329113006592,Medium,2662.2,Medium,Medium
1299-AURJA,No,0.011375460773706436,Low,2315.0566268533466,Medium,Low
4525-VZCZG,No,0.14924828708171844,Low,6796.524825748801,High,Monitor
1543-LLLFT,No,0.09272447973489761,Low,7066.522203704714,High,Monitor
5835-BEQEU,Yes,0.7930769324302673,High,230.85000000000002,Low,Medium
2788-CJQAQ,No,0.029311703518033028,Low,479.40864839889105,Low,Low
5565-FILXA,Yes,0.7460125684738159,High,1538.4,Medium,High
0319-QZTCO,No,0.43322041630744934,Medium,375.71976937651635,Low,Low
2120-SMPEX,No,0.05832802504301071,Low,617.5981417723,Low,Low
0096-FCPUF,No,0.12367526441812515,Low,2274.1376726701856,Medium,Low
0668-OGMHD,No,0.2557477355003357,Low,725.7671372294426,Low,Low
5552-ZNFSJ,Yes,0.6054235100746155,High,45.3,Low,Medium
2223-KAGMX,No,0.31015390157699585,Medium,291.0,Low,Low
6507-ZJSUR,Yes,0.5188285708427429,Medium,2341.4817346036434,Medium,Medium
9408-HRXRK,No,0.23231349885463715,Low,5216.08341357261,High,Monitor
5593-SUAOO,No,0.08368733525276184,Low,2909.8967768847942,Medium,Low
7321-PKUYW,Yes,0.6213464140892029,High,991.6500000000001,Medium,High
2833-SLKDQ,Yes,0.5050048232078552,Medium,45.05,Low,Low
6766-HFKLA,No,0.06473138928413391,Low,8095.673295021057,High,Monitor
7595-EUIVN,Yes,0.7265418171882629,High,75.8,Low,Medium
7617-EYGLW,No,0.2940588593482971,Low,101.83333111405372,Low,Low
2026-TGDHM,Yes,0.6421251893043518,High,555.1,Low,Medium
9220-ZNKJI,No,0.032489169389009476,Low,6945.959082198143,High,Monitor
4030-VPZBD,Yes,0.5094069242477417,Medium,61.8,Low,Low
2226-ICFDO,No,0.004308219533413649,Low,8237.518174609915,High,Monitor
0723-VSOBE,No,0.1776105910539627,Low,1876.5086134314538,Medium,Low
5529-GIBVH,No,0.01324524451047182,Low,1424.2445997547356,Medium,Low
4187-CINZD,No,0.1683495044708252,Low,4381.5,High,Monitor
9992-UJOEL,No,0.499208927154541,Medium,251.73874578475952,Low,Low
4741-WWJQZ,No,0.4877687394618988,Medium,406.6320131927729,Low,Low
6625-UTXEW,No,0.31588125228881836,Medium,825.3665149211884,Low,Low
6818-WOBHJ,No,0.2803523540496826,Low,6092.799999999999,High,Monitor
6244-BESBM,No,0.05209650844335556,Low,8734.569897508622,High,Monitor
1004-NOZNR,No,0.1577460914850235,Low,6266.948046326637,High,Monitor
1251-STYSZ,Yes,0.57435142993927,Medium,525.9497864842415,Low,Low
2612-PHGOX,No,0.02673191949725151,Low,6647.976822230219,High,Monitor
2408-TZMJL,No,0.33660706877708435,Medium,6498.85,High,High
8480-PPONV,No,0.06953877955675125,Low,9744.455056533217,High,Monitor
8780-IHCRN,No,0.010525415651500225,Low,2138.3231641005723,Medium,Low
4598-ZADCK,No,0.08756155520677567,Low,3427.680407691002,High,Monitor
1257-SXUXQ,No,0.04814806580543518,Low,208.3311207205057,Low,Low
9681-KYGYB,No,0.28716349601745605,Low,4699.033077907562,High,Monitor
7182-OVLBJ,No,0.1272430121898651,Low,8390.004863607885,High,Monitor
5095-ETBRJ,No,0.01810145378112793,Low,4462.524098205567,High,Monitor
7005-CYUIL,No,0.013160024769604206,Low,9411.605444909632,High,Monitor
4821-WQOYN,No,0.002623854437842965,Low,1928.3342526191848,Medium,Low
4730-AWNAU,No,0.06779035180807114,Low,2864.221507743001,Medium,Low
3452-FLHYD,No,0.023516573011875153,Low,769.2379335448146,Low,Low
2388-LAESQ,No,0.02206002175807953,Low,10964.793756026029,High,Monitor
9531-NSBMR,No,0.013591468334197998,Low,920.8603708148003,Medium,Low
6260-ONULR,Yes,0.6079561114311218,High,210.52213721275328,Low,Medium
4389-UEFCZ,No,0.030385436490178108,Low,10051.064074806869,High,Monitor
8711-LOBKY,No,0.017268022522330284,Low,1639.323514070362,Medium,Low
9134-CEQMF,Yes,0.751522421836853,High,626.5,Low,Medium
8985-OOPOS,No,0.1556319296360016,Low,824.9120881676673,Low,Low
8800-ZKRFW,No,0.265360027551651,Low,3698.842782229185,High,Monitor
2616-FLVQC,No,0.03408888354897499,Low,1704.405495838821,Medium,Low
9968-FFVVH,No,0.030611997470259666,Low,5134.726734888553,High,Monitor
3108-PCCGG,No,0.009827985428273678,Low,8087.2806391339755,High,Monitor
7993-PYKOF,No,0.35536155104637146,Medium,600.0,Low,Low
8390-FESFV,No,0.023025697097182274,Low,7220.303886286914,High,Monitor
3022-BEXHZ,No,0.2103787362575531,Low,9557.741228675843,High,Monitor
5027-XWQHA,No,0.37976378202438354,Medium,268.5,Low,Low
6248-TKCQV,No,0.04661260545253754,Low,7486.2325760126105,High,Monitor
6729-GDNGC,No,0.3070306181907654,Medium,1949.5357746720315,Medium,Medium
6198-ZFIOJ,Yes,0.5842753052711487,Medium,566.5727215290069,Low,Low
5989-OMNJE,No,0.08988045901060104,Low,2011.4746267318726,Medium,Low
4566-QVRRW,No,0.3102033734321594,Medium,484.54999999999995,Low,Low
1291-CUOCY,No,0.02089480683207512,Low,10562.136824744939,High,Monitor
9795-SHUHB,No,0.008004853501915932,Low,5226.818820628524,High,Monitor
3230-IUALN,No,0.016165653243660927,Low,5557.573970094323,High,Monitor
0042-RLHYP,No,0.008744532242417336,Low,1827.965585155785,Medium,Low
8519-IMDHU,Yes,0.6120904684066772,High,1284.0,Medium,High
4945-RVMTE,No,0.15724098682403564,Low,1968.517795407772,Medium,Low
0201-OAMXR,No,0.31773900985717773,Medium,8088.5,High,High
1866-NXPSP,No,0.09650737047195435,Low,3538.9064179301263,High,Monitor
3372-KWFBM,Yes,0.6281394958496094,High,1385.6,Medium,High
7831-QGOXH,Yes,0.6236745119094849,High,1533.6000000000001,Medium,High
6393-WRYZE,Yes,0.7135645151138306,High,3320.1000000000004,High,Critical
3941-XTSKM,No,0.14677797257900238,Low,2355.963761240244,Medium,Low
1661-CZBAU,No,0.06966792047023773,Low,4197.68473251164,High,Monitor
6599-RCLCJ,No,0.4789484739303589,Medium,5148.849999999999,High,High
9831-BPFRI,No,0.12425200641155243,Low,3492.45,High,Monitor
5158-RIVOP,No,0.008562005124986172,Low,727.2052982293069,Low,Low
9788-YTFGE,No,0.10204992443323135,Low,247.1346240453422,Low,Low
9277-JOOMO,No,0.14589326083660126,Low,199.86615470051765,Low,Low
1907-YLNYW,No,0.2671053111553192,Low,826.9044544756413,Low,Low
1725-MIMXW,No,0.38846269249916077,Medium,19.45,Low,Low
8947-YRTDV,No,0.09036853909492493,Low,4068.396749925613,High,Monitor
3161-ONRWK,No,0.0264954324811697,Low,4720.26330925338,High,Monitor
0114-RSRRW,No,0.1143733486533165,Low,305.509510166198,Low,Low
4565-NLZBV,No,0.006620568223297596,Low,2337.833271839097,Medium,Low
0031-PVLZI,No,0.1657336950302124,Low,81.4,Low,Low
7206-GZCDC,Yes,0.8771534562110901,High,69.25,Low,Medium
6682-VCIXC,No,0.04723631963133812,Low,2789.699663426727,Medium,Low
4791-QRGMF,No,0.3868013918399811,Medium,5870.5,High,High
6475-VHUIZ,No,0.11674663424491882,Low,1535.248970553279,Medium,Low
3910-MRQOY,No,0.0075813946314156055,Low,1858.8701026596127,Medium,Low
0661-WCQNQ,No,0.0504932701587677,Low,1878.4170426428318,Medium,Low
7537-RBWEA,Yes,0.6017029881477356,High,85.25301908850669,Low,Medium
4656-CAURT,No,0.012133589014410973,Low,2220.3756130345164,Medium,Low
0121-SNYRK,No,0.03417332097887993,Low,2180.283173248172,Medium,Low
1768-ZAIFU,Yes,0.7828278541564941,High,25.2,Low,Medium
4671-LXRDQ,Yes,0.5581101179122925,Medium,90.0,Low,Low
3733-LSYCE,No,0.2685324251651764,Low,1460.9464905828236,Medium,Low
6265-FRMTQ,No,0.010792006738483906,Low,1116.7162335008381,Medium,Low
1934-SJVJK,No,0.4061172306537628,Medium,20.15,Low,Low
3838-OZURD,Yes,0.5475603938102722,Medium,6930.0,High,High
1371-DWPAZ,No,0.02534322254359722,Low,1311.108297034353,Medium,Low
9269-CQOOL,Yes,0.5244565606117249,Medium,164.10000000000002,Low,Low
2017-CCBLH,No,0.010490695014595985,Low,634.9644663929939,Low,Low
7690-KPNCU,No,0.08085782825946808,Low,5480.92002774775,High,Monitor
0536-BGFMZ,No,0.04075281322002411,Low,691.987403973937,Low,Low
2293-IJWPS,No,0.32806769013404846,Medium,6555.116162627935,High,High
2845-HSJCY,Yes,0.6333780288696289,High,1221.5,Medium,High
5469-NUJUR,No,0.02178405039012432,Low,847.4197966732085,Low,Low
1184-PJVDB,Yes,0.6978711485862732,High,799.5,Low,Medium
2625-TRCZQ,No,0.33296769857406616,Medium,2730.858922594786,Medium,Medium
4102-HLENU,No,0.011145180091261864,Low,5956.589654248209,High,Monitor
7266-GSSJX,No,0.09664420783519745,Low,335.7917556986213,Low,Low
7722-VJRQD,No,0.005890761502087116,Low,5842.582994074747,High,Monitor
7073-QETQY,No,0.01781320571899414,Low,1582.9500151634218,Medium,Low
9415-DPEWS,Yes,0.5637699961662292,Medium,1590.3,Medium,Medium
5624-RYAMH,No,0.16199463605880737,Low,273.54662758111954,Low,Low
0196-JTUQI,Yes,0.5448454022407532,Medium,882.1657545089722,Low,Low
7130-YXBRO,No,0.25844672322273254,Low,5845.476676180959,High,Monitor
9272-LSVYH,No,0.37746530771255493,Medium,963.5248519837857,Medium,Medium
7943-RQCHR,Yes,0.8513646125793457,High,852.75,Low,Medium
3793-MMFUH,Yes,0.7605253458023071,High,1235.6499999999999,Medium,High
3249-ZPQRG,Yes,0.658104419708252,High,313.8,Low,Medium
2568-BRGYX,Yes,0.5795080661773682,Medium,280.8,Low,Low
3084-DOWLE,No,0.00301163038238883,Low,8825.350320115685,High,Monitor
1084-MNSMJ,No,0.013977505266666412,Low,6383.8181591928005,High,Monitor
7721-JXEAW,No,0.2521806061267853,Low,2421.95,Medium,Low
7249-WBIYX,Yes,0.760373055934906,High,856.0,Low,Medium
4238-HFHSN,No,0.29460152983665466,Low,5358.8409059435135,High,Monitor
6250-CGGUN,No,0.09432220458984375,Low,5474.870471191407,High,Monitor
5478-JJVZK,No,0.12966927886009216,Low,2327.718845504522,Medium,Low
7596-IIWYC,No,0.010878018103539944,Low,1027.4632832016796,Medium,Low
6567-HOOPW,Yes,0.891072690486908,High,79.2,Low,Medium
9793-WECQC,No,0.2809029221534729,Low,2603.079709112644,Medium,Low
4291-HPAXL,No,0.35969609022140503,Medium,96.11019565463067,Low,Low
8999-YPYBV,No,0.011564454063773155,Low,5796.738919193297,High,Monitor
1839-FBNFR,No,0.014581892639398575,Low,1243.6031863465905,Medium,Low
3164-AALRN,No,0.23555420339107513,Low,350.0,Low,Low
3071-MVJCD,No,0.004843713250011206,Low,7891.232697588578,High,Monitor
1697-BCSHV,No,0.1363743394613266,Low,4220.5411647439005,High,Monitor
0562-KBDVM,No,0.014863278716802597,Low,4176.4903464615345,High,Monitor
1131-SUEKT,No,0.13453976809978485,Low,7027.904717966914,High,Monitor
3717-OEAUQ,No,0.49654537439346313,Medium,354.96545218229295,Low,Low
4538-WNTMJ,No,0.02859235554933548,Low,1438.539448748529,Medium,Low
3334-CTHOL,Yes,0.5700604915618896,Medium,49.95,Low,Low
4704-ERYFC,No,0.44288885593414307,Medium,1523.5,Medium,Medium
9432-RUVSL,No,0.04991814121603966,Low,7257.201372608542,High,Monitor
8060-HIWJJ,No,0.028337907046079636,Low,7557.536499483883,High,Monitor
7684-XSZIY,No,0.00388895720243454,Low,2330.53196015954,Medium,Low
9089-UOWJG,No,0.23387104272842407,Low,968.4217479407788,Medium,Low
8621-MNIHH,Yes,0.5325018167495728,Medium,3204.5,Medium,Medium
8039-ACLPL,No,0.0051984963938593864,Low,6591.422480950132,High,Monitor
9885-AIBVB,No,0.4969934821128845,Medium,2747.147755408287,Medium,Medium
1934-MKPXS,No,0.010737978853285313,Low,901.9099995005877,Medium,Low
2592-YKDIF,No,0.2886815071105957,Low,107.20198798179628,Low,Low
2272-JKMSI,No,0.07586193829774857,Low,8098.333966839314,High,Monitor
0471-LVHGK,No,0.22601665556430817,Low,2993.0,Medium,Low
9518-RWHZL,No,0.24570916593074799,Low,6403.2,High,Monitor
8714-CTZJW,Yes,0.650251030921936,High,505.26021252870555,Low,Medium
3569-EDBPQ,No,0.3202162981033325,Medium,2368.4385315299032,Medium,Medium
3131-NWVFJ,No,0.037027016282081604,Low,499.6134619802237,Low,Low
7521-YXVZY,No,0.17809374630451202,Low,158.2321785673499,Low,Low
5419-CONWX,Yes,0.8225589990615845,High,399.2,Low,Medium
6240-EURKS,No,0.41490811109542847,Medium,630.0,Low,Low
2373-NTKOD,No,0.3690505027770996,Medium,780.8024251461029,Low,Low
1970-KKFWL,No,0.0235223937779665,Low,1361.546277399361,Medium,Low
6960-HVYXR,Yes,0.820081353187561,High,76.0,Low,Medium
9337-SRRNI,No,0.0083446204662323,Low,2271.9331464529037,Medium,Low
0895-UADGO,No,0.024383457377552986,Low,1399.5292073719202,Medium,Low
5678-VFNEQ,No,0.06681373715400696,Low,8556.836279547215,High,Monitor
5977-CKHON,No,0.28229743242263794,Low,4378.190235775709,High,Monitor
7024-OHCCK,Yes,0.8507214784622192,High,187.7,Low,Medium
2692-BUCFV,Yes,0.5028783082962036,Medium,3244.647973740101,High,High
7861-UVUFT,Yes,0.5701127648353577,Medium,1264.5,Medium,Medium
1830-GGFNM,No,0.03580494225025177,Low,8333.701425045729,High,Monitor
5302-BDJNT,No,0.30847373604774475,Medium,3738.7445492446423,High,High
5223-UZAVK,No,0.11889573931694031,Low,7479.69708815813,High,Monitor
4859-ZSRDZ,No,0.03709152340888977,Low,4501.594090819359,High,Monitor
5651-WYIPH,No,0.18770694732666016,Low,1140.256852054596,Medium,Low
9350-VLHMB,No,0.2382914423942566,Low,6409.116008001566,High,Monitor
3498-LZGQZ,No,0.013710114173591137,Low,1659.7488315258174,Medium,Low
8785-CJSHH,No,0.3962380290031433,Medium,6349.532668232918,High,High
5357-TZHPP,Yes,0.7337633967399597,High,759.6,Low,Medium
3870-SPZSI,No,0.04042668640613556,Low,10517.014314442873,High,Monitor
0680-DFNNY,Yes,0.7737747430801392,High,1516.5,Medium,High
7560-QRBXH,No,0.017320454120635986,Low,1192.8534832835196,Medium,Low
7077-XJMET,No,0.2653203010559082,Low,1216.6589980602266,Medium,Low
8752-GHJFU,No,0.030721575021743774,Low,7602.083381175995,High,Monitor
6896-SRVYQ,No,0.3461075723171234,Medium,3539.1397347062825,High,High
7767-UXAGJ,Yes,0.7362717986106873,High,50.45,Low,Medium
4652-ODEVH,No,0.013179265893995762,Low,1679.3164067734033,Medium,Low
6510-UPNKS,No,0.0401567742228508,Low,856.0493439912797,Low,Low
6718-BDGHG,No,0.07833827286958694,Low,3505.787156052887,High,Monitor
9046-DQMTP,No,0.06257501989603043,Low,842.9594100229442,Low,Low
6439-LAJXL,No,0.1589602530002594,Low,968.4881433337928,Medium,Low
1571-SAVHK,Yes,0.8464787602424622,High,1199.4,Medium,High
9052-VKDUW,No,0.16852004826068878,Low,7656.783440321684,High,Monitor
9546-CQJSU,Yes,0.87296462059021,High,182.8,Low,Medium
1666-JZPZT,No,0.12211038172245026,Low,1581.0995477735996,Medium,Low
5777-KJIRB,No,0.06538010388612747,Low,2573.575797356665,Medium,Low
0506-LVNGN,Yes,0.5641913414001465,Medium,377.75,Low,Low
7677-SJJJK,No,0.04466140642762184,Low,387.3348561450839,Low,Low
2480-EJWYP,No,0.23162901401519775,Low,6574.160189151764,High,Monitor
3253-HKOKL,No,0.11581500619649887,Low,6279.805058541894,High,Monitor
7055-HNEOJ,No,0.37834683060646057,Medium,375.529481112957,Low,Low
5514-YQENT,No,0.06767475605010986,Low,7044.220820760727,High,Monitor
3211-AAPKX,Yes,0.608109176158905,High,2202.7250441372394,Medium,High
8445-DNBAE,Yes,0.6224236488342285,High,163.43617825508116,Low,Medium
2951-QOQTK,Yes,0.6527925133705139,High,323.2,Low,Medium
2958-NHPPS,No,0.08154693245887756,Low,594.4484787493944,Low,Low
6806-YDEUL,No,0.09768286347389221,Low,222.5711049735546,Low,Low
1735-XMJVH,No,0.16297855973243713,Low,251.97818921506408,Low,Low
6890-PFRQX,No,0.1468852311372757,Low,1606.748858615756,Medium,Low
0222-CNVPT,No,0.17686553299427032,Low,2778.6137719392773,Medium,Low
5899-OUVKV,No,0.3948766589164734,Medium,3272.6049343943596,High,High
8681-ICONS,No,0.05013296753168106,Low,716.5385253228246,Low,Low
1621-YNCJH,No,0.09120577573776245,Low,6130.863059592247,High,Monitor
3473-XIIIT,Yes,0.714377760887146,High,1600.0,Medium,High
6362-QHAFM,No,0.28529107570648193,Low,5477.435718011856,High,Monitor
7893-IXHRQ,No,0.3420659899711609,Medium,20.55,Low,Low
3070-BDOQC,No,0.08263713866472244,Low,8172.96501916945,High,Monitor
2952-QAYZF,Yes,0.8335118293762207,High,426.5,Low,Medium
6234-PFPXL,No,0.44261521100997925,Medium,2430.519207584858,Medium,Medium
9824-QCJPK,No,0.01155394408851862,Low,957.2270534187555,Medium,Low
4763-PGDPO,Yes,0.5170209407806396,Medium,281.6,Low,Low
4283-IVYCI,No,0.13986434042453766,Low,919.7448665365578,Medium,Low
1866-OBPNR,Yes,0.5649106502532959,Medium,269.34599294662473,Low,Low
8205-MQUGY,No,0.2914160192012787,Low,799.5739911317826,Low,Low
8970-ANWXO,No,0.13472256064414978,Low,2462.0205338299274,Medium,Low
9480-BQJEI,No,0.05332295224070549,Low,6771.139498098194,High,Monitor
5394-SVGJV,No,0.3436796963214874,Medium,3655.6,High,High
6979-TNDEU,No,0.027380749583244324,Low,265.64573764801025,Low,Low
9777-WJJPR,No,0.29386577010154724,Low,3123.742796882987,Medium,Low
9283-LZQOH,No,0.49452972412109375,Medium,967.2,Medium,Medium
7079-QRCBC,Yes,0.7806885838508606,High,2370.0,Medium,High
9495-SKLKD,No,0.3264710009098053,Medium,4705.500644776225,High,High
6048-UWKAL,No,0.06761808693408966,Low,9631.153287291527,High,Monitor
5067-DGXLL,No,0.10994268208742142,Low,148.6419641263783,Low,Low
5469-CTCWN,No,0.10534319281578064,Low,6466.0,High,Monitor
9851-QXEEQ,Yes,0.6620785593986511,High,4292.7,High,Critical
6281-FKEWS,No,0.1880926489830017,Low,2636.088666808605,Medium,Low
8898-KASCD,No,0.04727711156010628,Low,1792.8815842084584,Medium,Low
9242-TKFSV,No,0.004375453572720289,Low,6242.763791337981,High,Monitor
9290-SHCMB,Yes,0.6751474142074585,High,1447.8218376040459,Medium,High
0743-HNPFG,No,0.042252931743860245,Low,4358.884296130389,High,Monitor
2277-BKJKN,No,0.11190974712371826,Low,9157.565274047853,High,Monitor
9809-IMGCQ,Yes,0.7735772132873535,High,2127.4,Medium,High
5208-HFSBT,No,0.39498329162597656,Medium,110.1,Low,Low
5035-PGZXH,No,0.2832305431365967,Low,6899.411735916137,High,Monitor
8695-WDYEA,No,0.380218505859375,Medium,241.8328094482422,Low,Low
6543-JXSOO,No,0.04345172271132469,Low,1991.137956161052,Medium,Low
8016-ZMGMO,No,0.06366871297359467,Low,5472.168860229849,High,Monitor
8605-ITULD,No,0.3162806034088135,Medium,99.75028522014618,Low,Low
3254-YRILK,Yes,0.6449364423751831,High,1675.8,Medium,High
6416-YJTTB,No,0.41087988018989563,Medium,1155.5102971494198,Medium,Medium
2667-WYLWJ,No,0.03415767848491669,Low,158.0,Low,Low
4472-VESGY,No,0.21240083873271942,Low,5567.617146070302,High,Monitor
3195-TQDZX,No,0.14703187346458435,Low,164.385627374053,Low,Low
3128-YOVTD,No,0.14669863879680634,Low,4441.882816435397,High,Monitor
0529-ONKER,Yes,0.5936816930770874,Medium,1134.75,Medium,Medium
1728-CXQBE,No,0.2929604649543762,Low,6431.8308570683,High,Monitor
7041-TXQJH,No,0.1994958221912384,Low,1680.4816076874733,Medium,Low
5014-GSOUQ,No,0.016741445288062096,Low,730.1341959960758,Low,Low
5724-BIDBU,No,0.10174798965454102,Low,3308.768985271454,High,Monitor
0481-SUMCB,No,0.34714627265930176,Medium,5397.018098974228,High,High
1769-GRUIK,No,0.4470231831073761,Medium,1515.6999100863932,Medium,Medium
5240-IJOQT,Yes,0.8823099136352539,High,74.7,Low,Medium
8819-WFGGJ,No,0.020998859778046608,Low,4949.9350804641845,High,Monitor
7427-AUFPY,No,0.020288556814193726,Low,1523.131916606426,Medium,Low
2811-POVEX,No,0.37265610694885254,Medium,2367.281404042244,Medium,Medium
1092-GANHU,No,0.4502778649330139,Medium,1303.0500000000002,Medium,Medium
7898-PDWQE,No,0.007111758459359407,Low,7624.277150876821,High,Monitor
9972-EWRJS,No,0.0064667765982449055,Low,1748.7623492116109,Medium,Low
9314-IJWSQ,Yes,0.6856847405433655,High,1347.1236040115357,Medium,High
0661-XEYAN,Yes,0.734601616859436,High,25.8,Low,Medium
5799-JRCZO,No,0.029492150992155075,Low,1682.6976733356714,Medium,Low
1921-KYSAY,No,0.1661827266216278,Low,3498.998379445076,High,Monitor
6198-RTPMF,No,0.4976454973220825,Medium,1853.3081616878508,Medium,Medium
2924-KHUVI,No,0.27085840702056885,Low,6510.582246088981,High,Monitor
1925-GMVBW,No,0.1514004021883011,Low,207.38233041018248,Low,Low
7881-EVUAD,Yes,0.5657394528388977,Medium,85.2,Low,Low
6184-DYUOB,No,0.11236163973808289,Low,163.18627116680148,Low,Low
9207-ZPANB,No,0.0771711990237236,Low,3242.587631510198,High,Monitor
5766-XQXMQ,No,0.1528588831424713,Low,1996.6499999999999,Medium,Low
9327-QSDED,No,0.21110035479068756,Low,554.5394772931933,Low,Low
1656-DRSMG,No,0.2718449831008911,Low,7400.4769716382025,High,Monitor
3012-VFFMN,No,0.08758371323347092,Low,257.5983779303729,Low,Low
2984-AFWNC,Yes,0.5803487300872803,Medium,526.4083868980408,Low,Low
0640-YJTPY,No,0.004268718883395195,Low,2013.8485656827688,Medium,Low
8096-LOIST,No,0.3370656371116638,Medium,1291.341467165947,Medium,Medium
9764-REAFF,No,0.003528970992192626,Low,1525.6416064098476,Medium,Low
3703-VAVCL,Yes,0.6484555602073669,High,180.0,Low,Medium
7107-UBYKY,No,0.0718323364853859,Low,1044.6519040130079,Medium,Low
4881-GQJTW,No,0.10373421758413315,Low,379.80085601210595,Low,Low
8519-QJGJD,No,0.3966970443725586,Medium,1054.8999999999999,Medium,Medium
7876-DNYAP,No,0.0071314056403934956,Low,1838.0111560396851,Medium,Low
7905-NJMXS,No,0.22050614655017853,Low,749.6610323488712,Low,Low
2882-WDTBA,No,0.045161306858062744,Low,6962.646744132042,High,Monitor
2091-GPPIQ,No,0.02860870212316513,Low,7524.9922312170265,High,Monitor
6326-MTTXK,Yes,0.6524676084518433,High,806.8,Low,Medium
5071-FBJFS,No,0.23885546624660492,Low,430.9134202867746,Low,Low
2796-UUZZO,No,0.12578381597995758,Low,5480.097357460856,High,Monitor
2429-AYKKO,No,0.0063468171283602715,Low,1902.5763763200493,Medium,Low
9798-OPFEM,No,0.02329375594854355,Low,1465.2040419876575,Medium,Low
0330-IVZHA,Yes,0.5010483860969543,Medium,349.75,Low,Low
3794-NFNCH,No,0.1363772451877594,Low,1759.0868264436722,Medium,Low
5193-QLVZB,No,0.06042108312249184,Low,8961.351397030056,High,Monitor
7114-AEOZE,No,0.019331282004714012,Low,1658.1905772529544,Medium,Low
2886-KEFUM,No,0.1962457001209259,Low,6772.5,High,Monitor
5522-NYKPB,No,0.30221137404441833,Medium,2507.140257817507,Medium,Medium
4237-RLAQD,Yes,0.6044014692306519,High,45.85,Low,Medium
9957-YODKZ,Yes,0.7857991456985474,High,588.6445741653442,Low,Medium
6518-KZXCB,No,0.017358560115098953,Low,1150.98071257025,Medium,Low
2245-ADZFJ,No,0.029525751248002052,Low,4373.170817687363,High,Monitor
7776-QGYJC,No,0.21325545012950897,Low,3563.21808488667,High,Monitor
9313-QOLTZ,No,0.04148881509900093,Low,663.5973025865852,Low,Low
9651-GTSAQ,No,0.4097456634044647,Medium,5623.299999999999,High,High
3186-BAXNB,Yes,0.6758544445037842,High,91.7,Low,Medium
4672-FOTSD,No,0.22315829992294312,Low,1120.4556259810925,Medium,Low
0637-YLETY,Yes,0.5222266316413879,Medium,1529.6,Medium,Medium
9818-XQCUV,No,0.11083360016345978,Low,149.26721742004156,Low,Low
7338-ERIVA,No,0.0338921919465065,Low,2279.2278810337184,Medium,Low
1157-BQCUW,Yes,0.8607956171035767,High,74.95,Low,Medium
8259-NFJTV,No,0.15315088629722595,Low,418.6099307388067,Low,Low
3223-DWFIO,Yes,0.5000097155570984,Medium,485.44595735669134,Low,Low
2660-EMUBI,Yes,0.8345872163772583,High,953.5,Medium,High
6968-GMKPR,No,0.252224862575531,Low,4851.136374741793,High,Monitor
4751-ERMAN,No,0.04702645540237427,Low,7153.300926303864,High,Monitor
1436-ZMJAN,No,0.2665932774543762,Low,976.3498547315597,Medium,Low
3292-PBZEJ,Yes,0.7028847336769104,High,1423.9918440103531,Medium,High
0799-DDIHE,No,0.27908003330230713,Low,894.7715667486191,Medium,Low
3070-FNFZQ,No,0.013437600806355476,Low,952.2209506452083,Medium,Low
2812-SFXMJ,No,0.4028153419494629,Medium,91.89131436347962,Low,Low
7675-OZCZG,No,0.46962180733680725,Medium,135.0,Low,Low
5014-WUQMG,No,0.09674908220767975,Low,5558.328958398103,High,Monitor
5312-TSZVC,No,0.02525169588625431,Low,524.5956501100212,Low,Low
2003-CKLOR,No,0.32159969210624695,Medium,6567.0,High,High
0993-OSGPT,No,0.024312922731041908,Low,4834.305054836347,High,Monitor
9254-RBFON,No,0.18747270107269287,Low,1676.1999999999998,Medium,Low
1205-WNWPJ,No,0.2644118666648865,Low,416.5,Low,Low
9391-EOYLI,Yes,0.530743420124054,Medium,965.4000000000001,Medium,Medium
7108-DGVUU,No,0.16669383645057678,Low,2222.676623117924,Medium,Low
2782-JEEBU,No,0.18144360184669495,Low,932.8081820011139,Medium,Low
5127-BZENZ,No,0.03631483018398285,Low,4405.187276864052,High,Monitor
2720-FVBQP,No,0.3508949279785156,Medium,484.34215965271,Low,Low
9906-NHHVC,No,0.05255742371082306,Low,4694.016267955303,High,Monitor
4522-XRWWI,No,0.08522120863199234,Low,4262.027445186674,High,Monitor
3766-EJLFL,No,0.28424444794654846,Low,9288.675430834293,High,Monitor
5939-SXWHM,No,0.016862090677022934,Low,1882.9566483646631,Medium,Low
8152-UOBNY,No,0.27004870772361755,Low,6275.505576181412,High,Monitor
7351-KYHQH,No,0.3714579641819,Medium,699.5928313583136,Low,Low
7643-RCHXS,No,0.039447396993637085,Low,1665.130628836155,Medium,Low
8246-SHFGA,No,0.09238719940185547,Low,473.6037805557251,Low,Low
8387-MOJJT,No,0.3947380483150482,Medium,3273.9,High,High
0620-XEFWH,No,0.026739154011011124,Low,185.47580168135465,Low,Low
6485-QXWWE,No,0.011784477159380913,Low,2228.6464862525463,Medium,Low
2761-OCIAX,Yes,0.6340208053588867,High,149.4,Low,Medium
7321-VGNKU,Yes,0.6171445846557617,High,302.303270816803,Low,Medium
5327-CNLUQ,No,0.03951141983270645,Low,6884.912242037059,High,Monitor
7552-KEYGT,No,0.018009895458817482,Low,988.5997570507229,Medium,Low
5816-JMLGY,No,0.03069993667304516,Low,7498.361402195693,High,Monitor
3068-OMWZA,Yes,0.9249513745307922,High,88.8,Low,Medium
2927-QRRQV,No,0.20141422748565674,Low,5260.933720421792,High,Monitor
6032-KRXXO,No,0.4850248694419861,Medium,2707.5,Medium,Medium
7459-RRWQZ,No,0.21095776557922363,Low,969.7500000000001,Medium,Low
6265-SXWBU,No,0.09419611096382141,Low,7647.518668502569,High,Monitor
7941-RCJOW,No,0.019662152975797653,Low,1730.7245178237558,Medium,Low
6374-NTQLP,No,0.019284015521407127,Low,9945.420815621315,High,Monitor
4154-AQUGT,Yes,0.5231631994247437,Medium,1157.6499999999999,Medium,Medium
2387-KDZQY,No,0.030214602127671242,Low,575.6122379668058,Low,Low
3584-WKTTW,No,0.1787373572587967,Low,6788.392173573375,High,Monitor
3399-BMLVW,No,0.01827520877122879,Low,4510.964396864176,High,Monitor
1971-DTCZB,No,0.00230394653044641,Low,8726.170945513342,High,Monitor
3092-IGHWF,No,0.10554111748933792,Low,5855.8,High,Monitor
3374-PZLXD,No,0.045284006744623184,Low,782.6474304027855,Low,Low
3813-DHBBB,No,0.012867254205048084,Low,4620.715921558068,High,Monitor
2812-REYAT,No,0.027558401226997375,Low,1216.4194486647846,Medium,Low
6518-PPLMZ,No,0.02288406528532505,Low,1483.1451792031526,Medium,Low
4939-KYYPY,No,0.11568216234445572,Low,1920.5861726917328,Medium,Low
8017-LXHFA,Yes,0.5038288831710815,Medium,2179.25,Medium,Medium
5930-GBIWP,No,0.02341385930776596,Low,7533.70249119401,High,Monitor
6022-KOUQO,No,0.35264167189598083,Medium,170.93455658853054,Low,Low
6352-TWCAU,Yes,0.5456199049949646,Medium,3025.75,Medium,Medium
2361-UPSND,No,0.08258047699928284,Low,4024.8378198862074,High,Monitor
6035-RIIOM,No,0.10314474999904633,Low,7340.983927202225,High,Monitor
2929-QNSRW,No,0.27026307582855225,Low,5502.0,High,Monitor
1262-OPMFY,Yes,0.5062134861946106,Medium,681.75,Low,Low
9504-DSHWM,No,0.1137058213353157,Low,1498.811692261696,Medium,Low
5035-BVCXS,No,0.43320295214653015,Medium,1093.0193755924702,Medium,Medium
6267-DCFFZ,Yes,0.5637831091880798,Medium,2937.1879861056805,Medium,Medium
3533-UVMOM,No,0.01784922368824482,Low,6497.006341903657,High,Monitor
2439-LYPMQ,Yes,0.6336162686347961,High,4124.345825028419,High,Critical
4248-QPAVC,No,0.39631885290145874,Medium,1450.9499999999998,Medium,Medium
1899-VXWXM,No,0.3438400626182556,Medium,5092.799999999999,High,High
1478-VPOAD,No,0.48053184151649475,Medium,180.31623204946516,Low,Low
9995-HOTOH,No,0.04078781604766846,Low,5075.2444524765015,High,Monitor
2988-PLAHS,No,0.23802945017814636,Low,849.448079520464,Low,Low
1371-OJCEK,No,0.03996935859322548,Low,1449.3209534190596,Medium,Low
4999-IEZLT,No,0.03416851535439491,Low,2285.0248466737567,Medium,Low
8883-ANODQ,No,0.049529291689395905,Low,7664.473466753961,High,Monitor
4690-LLKUA,No,0.36084988713264465,Medium,765.8499999999999,Low,Low
2351-RRBUE,No,0.0490134134888649,Low,380.20447613745927,Low,Low
5980-BDHPY,No,0.0024261223152279854,Low,8356.528433912246,High,Monitor
1498-DQNRX,No,0.044875193387269974,Low,689.4053644675762,Low,Low
9469-WEJBT,No,0.22579632699489594,Low,3762.6458111360666,High,Monitor
3331-HQDTW,No,0.4217675030231476,Medium,3733.2,High,High
9490-DFPMD,Yes,0.5358453989028931,Medium,3555.3,High,High
2581-VKIRT,No,0.033430684357881546,Low,4624.223482094705,High,Monitor
5442-XSDCW,Yes,0.5246456265449524,Medium,874.5,Low,Low
7426-WEIJX,No,0.17244526743888855,Low,5258.943333604932,High,Monitor
2851-MMUTZ,No,0.09901983290910721,Low,1819.5902182929217,Medium,Low
3049-NDXFL,Yes,0.8585768938064575,High,85.8,Low,Medium
8580-AECUZ,Yes,0.8858122825622559,High,79.1,Low,Medium
3307-TLCUD,No,0.1882949322462082,Low,752.3359259843826,Low,Low
6625-FLENO,No,0.008827310986816883,Low,1697.1039991285652,Medium,Low
2967-MXRAV,No,0.029964307323098183,Low,237.64005226790906,Low,Low
7963-GQRMY,No,0.3089260160923004,Medium,132.89999999999998,Low,Low
8189-HBVRW,No,0.23273274302482605,Low,5230.407201600075,High,Monitor
4163-KIUHY,No,0.09316055476665497,Low,1035.2905387878418,Medium,Low
1228-FZFRV,No,0.2749665081501007,Low,5297.5,High,Monitor
3500-NSDOA,No,0.03207513689994812,Low,6459.097927379608,High,Monitor
1171-TYKUR,No,0.0834311991930008,Low,1333.4850852429865,Medium,Low
3761-FLYZI,No,0.3154805302619934,Medium,7518.854309844971,High,High
2058-DCJBE,Yes,0.5797398686408997,Medium,348.75,Low,Low
5364-XYIRR,Yes,0.5792959332466125,Medium,4827.150000000001,High,High
4829-AUOAX,No,0.41852957010269165,Medium,4418.3,High,High
1219-NNDDO,Yes,0.689115583896637,High,834.9988042652607,Low,Medium
8388-DMKAE,No,0.014146480709314346,Low,641.1248103752732,Low,Low
4403-BWPAY,No,0.048821184784173965,Low,630.2708154082299,Low,Low
9659-QEQSY,No,0.32365453243255615,Medium,5673.56611994505,High,High
5405-ZMYXQ,Yes,0.5616575479507446,Medium,793.0020815372467,Low,Low
5047-LHVLY,Yes,0.6606493592262268,High,50.15,Low,Medium
1442-OKRJE,No,0.21000908315181732,Low,7785.7507568746805,High,Monitor
4737-AQCPU,No,0.003646745579317212,Low,6915.289671449549,High,Monitor
9158-VCTQB,No,0.3324306309223175,Medium,4657.599999999999,High,High
2808-CHTDM,No,0.014058456756174564,Low,1171.2311856500805,Medium,Low
6311-UEUME,Yes,0.6372140645980835,High,2288.1000000000004,Medium,High
0793-TWELN,Yes,0.5700209140777588,Medium,527.3769424200059,Low,Low
3283-WCWXT,No,0.015759149566292763,Low,752.3932224243879,Low,Low
1060-ENTOF,No,0.09917306900024414,Low,8201.165902328492,High,Monitor
0999-QXNSA,No,0.2867113947868347,Low,516.0477221310139,Low,Low
5451-MHQOF,No,0.022959601134061813,Low,1655.8636530272663,Medium,Low
4836-WNFNO,No,0.004019686486572027,Low,2397.588188108057,Medium,Low
9225-BZLNZ,No,0.012780209071934223,Low,8157.851692238823,High,Monitor
0354-VXMJC,No,0.007245467510074377,Low,917.7917320832611,Medium,Low
4422-QVIJA,No,0.1005786880850792,Low,2025.8858727551997,Medium,Low
9365-SRSZE,No,0.35072875022888184,Medium,2179.686520028114,Medium,Medium
6839-ITVZJ,No,0.164648175239563,Low,1561.3,Medium,Low
8332-OSJDW,No,0.041324347257614136,Low,620.5084467887879,Low,Low
4735-BJKOU,No,0.008426795713603497,Low,1285.5248015929012,Medium,Low
0274-JKUJR,No,0.19081877171993256,Low,697.6718917056918,Low,Low
5740-YHGTW,No,0.24039217829704285,Low,7273.09845804274,High,Monitor
8917-SZTTJ,No,0.02052207477390766,Low,1640.921789536625,Medium,Low
1696-MZVAU,No,0.07665097713470459,Low,1264.5247539281845,Medium,Low
7359-WWYJV,No,0.028232339769601822,Low,10909.651409120857,High,Monitor
0375-HVGXO,Yes,0.7637606263160706,High,34.7,Low,Medium
4906-ZHGPK,No,0.08272380381822586,Low,4596.017124840618,High,Monitor
8593-WHYHV,Yes,0.8621446490287781,High,255.89999999999998,Low,Medium
3795-GWTRD,No,0.015681192278862,Low,6544.416862159967,High,Monitor
1298-PHBTI,No,0.039202019572257996,Low,7976.21604976654,High,Monitor
6223-DHJGV,No,0.02479316107928753,Low,1108.9562546845525,Medium,Low
6961-MJKBO,No,0.010349971242249012,Low,1446.8702341143041,Medium,Low
6097-EQISJ,No,0.23932193219661713,Low,6761.7,High,Monitor
4423-YLHDV,Yes,0.6779481172561646,High,2192.4,Medium,High
8158-WPEZG,No,0.3671225905418396,Medium,527.5224778831005,Low,Low
0107-YHINA,Yes,0.917353093624115,High,99.75,Low,Medium
4918-FYJNT,No,0.20023567974567413,Low,5408.782096602023,High,Monitor
0727-BNRLG,No,0.06190360337495804,Low,8936.372715130448,High,Monitor
4854-CIDCF,Yes,0.5295870900154114,Medium,429.9899604141712,Low,Low
8640-SDGKB,No,0.35699841380119324,Medium,297.6,Low,Low
3280-MRDOF,No,0.050215594470500946,Low,3648.122458130121,High,Monitor
6435-SRWBJ,Yes,0.7490299344062805,High,538.3566375672817,Low,Medium
9964-WBQDJ,No,0.007174687460064888,Low,2313.798503023386,Medium,Low
6303-KFWSL,No,0.12863217294216156,Low,2179.966869339347,Medium,Low
1702-CCFNJ,No,0.08900262415409088,Low,3525.5381340488793,High,Monitor
8932-CZHRQ,No,0.11453850567340851,Low,6034.510036274791,High,Monitor
0386-CWRGM,No,0.01910090073943138,Low,1349.1066206157207,Medium,Low
5515-RUGKN,No,0.2536083459854126,Low,683.189658343792,Low,Low
0404-AHASP,No,0.004378849174827337,Low,1889.1296801101416,Medium,Low
7279-NMVJC,No,0.04081723466515541,Low,567.3528443619608,Low,Low
2081-VEYEH,Yes,0.6198646426200867,High,570.0636709749699,Low,Medium
6407-UTSLV,Yes,0.6900110840797424,High,323.4624269247055,Low,Medium
4116-TZAQJ,No,0.39531493186950684,Medium,668.25,Low,Low
9060-HJJRW,No,0.14344267547130585,Low,3456.11799724102,High,Monitor
2587-YNLES,No,0.009510466828942299,Low,598.4121508017183,Low,Low
7398-SKNQZ,Yes,0.715496301651001,High,446.6964058399201,Low,Medium
5935-FCCNB,Yes,0.7229479551315308,High,1757.9898157596588,Medium,High
1958-RNRKS,No,0.17416304349899292,Low,1744.2555847764015,Medium,Low
5136-RGMZO,No,0.18887731432914734,Low,2548.3316009014843,Medium,Low
8345-MVDYC,No,0.019300706684589386,Low,5596.028335180879,High,Monitor
8226-BXGES,No,0.0314604826271534,Low,6764.430317948014,High,Monitor
3877-JRJIP,Yes,0.755983829498291,High,59.85,Low,Medium
8375-DKEBR,Yes,0.8771534562110901,High,69.6,Low,Medium
9705-IOVQQ,No,0.11676649749279022,Low,7088.281400978565,High,Monitor
1015-OWJKI,No,0.13455583155155182,Low,117.97026845365764,Low,Low
7511-YMXVQ,Yes,0.6794905662536621,High,408.59999999999997,Low,Medium
2040-XBAVJ,No,0.011711274273693562,Low,10955.03147182502,High,Monitor
7551-JOHTI,No,0.33978796005249023,Medium,19.5,Low,Low
8887-IPQNC,No,0.26872068643569946,Low,503.9046577513218,Low,Low
8646-JCOMS,No,0.07072650641202927,Low,6986.048578132689,High,Monitor
9804-ICWBG,Yes,0.8205428123474121,High,69.9,Low,Medium
1222-KJNZD,No,0.02770942635834217,Low,935.0083662137389,Medium,Low
0106-GHRQR,No,0.27960970997810364,Low,1451.0152002453806,Medium,Low
5318-IXUZF,Yes,0.7577549815177917,High,174.3,Low,Medium
3768-VHXQO,No,0.00856500118970871,Low,2256.2418332904576,Medium,Low
8952-WCVCD,No,0.2917020320892334,Low,5170.230672979355,High,Monitor
2418-TPEUN,No,0.014973992481827736,Low,1576.8843587726356,Medium,Low
3963-RYFNS,No,0.007371897809207439,Low,11158.597020002828,High,Monitor
3198-VELRD,Yes,0.8094503879547119,High,254.25,Low,Medium
8540-ZQGEA,No,0.012074597179889679,Low,1558.0897038370372,Medium,Low
1320-REHCS,No,0.41035041213035583,Medium,6150.822151139379,High,High
4137-JOPHL,No,0.03164263814687729,Low,6569.679728597403,High,Monitor
9436-ZBZCT,Yes,0.7052596211433411,High,1259.3,Medium,High
7801-CEDNV,No,0.033898696303367615,Low,1879.489601880312,Medium,Low
2057-BOYKM,No,0.007523477077484131,Low,9256.15757074356,High,Monitor
3658-QQJYD,No,0.07954248785972595,Low,5427.2799178242685,High,Monitor
1803-BGNBD,No,0.2418755292892456,Low,898.5969525575638,Medium,Low
0134-XWXCE,No,0.131905660033226,Low,4073.122336158156,High,Monitor
6950-TWMYB,No,0.02582160197198391,Low,6186.5535101361575,High,Monitor
5848-FHRFC,No,0.007773750927299261,Low,1840.8592710537837,Medium,Low
2243-FNMMI,No,0.09013208746910095,Low,493.90862501859664,Low,Low
2511-MORQY,No,0.06888645887374878,Low,3358.4176008939744,High,Monitor
5356-KZCKT,No,0.01530677080154419,Low,1995.9179868936537,Medium,Low
9470-XCCEM,No,0.3377269208431244,Medium,3493.9866892784835,High,High
6519-CFDBX,Yes,0.6231386661529541,High,193.4570273399353,Low,Medium
3902-MIVLE,No,0.024731991812586784,Low,6540.966917274893,High,Monitor
0409-WTMPL,No,0.24090732634067535,Low,7425.623252084852,High,Monitor
8763-KIAFH,No,0.024128742516040802,Low,795.4998520955444,Low,Low
3669-WHAFY,No,0.021251820027828217,Low,10880.518470171095,High,Monitor
3055-VTCGS,No,0.06676638126373291,Low,4344.339940524101,High,Monitor
3144-KMTWZ,No,0.1088661253452301,Low,7119.339402869344,High,Monitor
7279-BUYWN,No,0.3472819924354553,Medium,4641.2,High,High
7156-MHUGY,Yes,0.7161877155303955,High,1176.5,Medium,High
7198-GLXTC,Yes,0.6387780904769897,High,158.0,Low,Medium
2007-QVGAW,No,0.025442302227020264,Low,1768.384594845772,Medium,Low
5207-PLSTK,No,0.49779602885246277,Medium,195.64466156065464,Low,Low
2307-FYNNL,No,0.22038590908050537,Low,9128.6559987545,High,Monitor
5605-XNWEN,No,0.00579474400728941,Low,2396.5231535956264,Medium,Low
2155-AMQRX,No,0.10878163576126099,Low,1830.7673291802405,Medium,Low
6181-AXXYF,No,0.003770783543586731,Low,2373.7601545751095,Medium,Low
5091-HFAZW,No,0.48382410407066345,Medium,464.5965974837542,Low,Low
0516-VRYBW,No,0.03925381600856781,Low,362.7,Low,Low
2519-LBNQL,No,0.32062456011772156,Medium,7111.713925820589,High,High
8623-ULFNQ,No,0.22368332743644714,Low,2024.954297336936,Medium,Low
8380-PEFPE,Yes,0.7959047555923462,High,71.65,Low,Medium
5687-DKDTV,No,0.21448709070682526,Low,81.4,Low,Low
1568-LJSZU,No,0.018952928483486176,Low,8440.460959851742,High,Monitor
7530-HDYDS,No,0.27381253242492676,Low,3201.5,Medium,Low
7789-HKSBS,No,0.34071508049964905,Medium,5250.681282377243,High,High
7416-CKTEP,No,0.025369614362716675,Low,1575.6661334037783,Medium,Low
2586-CWXVV,No,0.22038744390010834,Low,1783.80133023262,Medium,Low
3096-IZETN,No,0.3837057948112488,Medium,937.1999999999999,Medium,Medium
2348-KCJLT,No,0.053709372878074646,Low,3404.362482815981,High,Monitor
8401-EMUWF,No,0.1592048555612564,Low,3264.9070981442933,High,Monitor
4193-IBKSW,No,0.004241474438458681,Low,2373.4805641835555,Medium,Low
5377-NDTOU,No,0.005998069420456886,Low,8636.643018702418,High,Monitor
5922-ABDVO,No,0.34176841378211975,Medium,1703.3500000000001,Medium,Medium
2474-LCNUE,No,0.11485219746828079,Low,2085.096813938767,Medium,Low
0839-QNXME,No,0.018308430910110474,Low,1039.0755945682524,Medium,Low
3506-OVLKD,No,0.05449235439300537,Low,1214.267603778839,Medium,Low
9172-ANCRX,Yes,0.8270870447158813,High,987.0,Medium,High
6650-VJONK,Yes,0.547183096408844,Medium,162.98612733483316,Low,Low
2178-PMGCJ,No,0.3238407373428345,Medium,1816.1698036432267,Medium,Medium
7492-TAFJD,No,0.023533957079052925,Low,1173.2763829104601,Medium,Low
2773-MADBQ,No,0.01824215054512024,Low,3162.7522033452988,Medium,Low
6016-LVTJQ,No,0.04674476012587547,Low,820.2083242204039,Low,Low
7860-KSUGX,No,0.006265679374337196,Low,6177.508247143775,High,Monitor
8966-KZXXA,No,0.013349463231861591,Low,1497.9582833491268,Medium,Low
6910-HADCM,Yes,0.777435302734375,High,76.35,Low,Medium
4816-LXZYW,Yes,0.5523263216018677,Medium,1820.45,Medium,Medium
9606-PBKBQ,Yes,0.6294441223144531,High,2720.0,Medium,High
5149-QYTTU,No,0.018262004479765892,Low,7876.598443285004,High,Monitor
2070-XYMFH,No,0.38013404607772827,Medium,2120.1681806623933,Medium,Medium
2085-BOJKI,No,0.21140027046203613,Low,2557.6679663181308,Medium,Low
0817-HSUSE,No,0.35484662652015686,Medium,367.75447818636894,Low,Low
5442-PPTJY,No,0.0139769921079278,Low,702.5916781313717,Low,Low
1927-QEWMY,No,0.003075679764151573,Low,1966.4867655560374,Medium,Low
1663-MHLHE,No,0.10515327006578445,Low,122.28634328842162,Low,Low
5663-QBGIS,No,0.07866812497377396,Low,9255.911757811904,High,Monitor
4450-MDZFX,No,0.20546142756938934,Low,4815.443657161295,High,Monitor
6701-DHKWQ,No,0.020394768565893173,Low,4339.615487219394,High,Monitor
7554-AKDQF,No,0.25030773878097534,Low,479.24071034789085,Low,Low
3536-IQCTX,Yes,0.5462266206741333,Medium,2729.6,Medium,Medium
4911-BANWH,No,0.44755083322525024,Medium,2683.0499999999997,Medium,Medium
8496-EJAUI,No,0.33357080817222595,Medium,1403.1499999999999,Medium,Medium
0794-YVSGE,No,0.005699088331311941,Low,1946.0234041649849,Medium,Low
5423-BHIXO,No,0.24027743935585022,Low,1981.4617767214777,Medium,Low
6908-VVYHM,No,0.3680831789970398,Medium,6235.94955894351,High,High
2959-EEXWB,No,0.1774825155735016,Low,2541.6968397438527,Medium,Low
1839-UMACK,No,0.05408988893032074,Low,1336.4405793875455,Medium,Low
3030-YDNRM,Yes,0.690163254737854,High,737.9476822972297,Low,Medium
7321-KKSDU,No,0.0097475815564394,Low,1143.2041898742318,Medium,Low
3402-XRIUO,No,0.129381462931633,Low,1730.0668481841683,Medium,Low
3132-TVFDZ,Yes,0.5248646140098572,Medium,2556.4500000000003,Medium,Medium
8286-AFUYI,No,0.46899208426475525,Medium,200.72097735702994,Low,Low
8080-DDEMJ,Yes,0.7135787010192871,High,45.1,Low,Medium
8356-WUAOJ,Yes,0.6009595990180969,High,152.74090826511383,Low,Medium
6365-MTGZX,No,0.38084354996681213,Medium,2304.0,Medium,Medium
1349-WXNGG,No,0.3508110046386719,Medium,20.05,Low,Low
8058-DMYRU,No,0.45040076971054077,Medium,5159.648464125395,High,High
9350-ZXYJC,No,0.02337970770895481,Low,694.2038414791226,Low,Low
6990-YNRIO,No,0.3367728888988495,Medium,7062.25,High,High
8958-JPTRR,No,0.05082119256258011,Low,1637.5805402487517,Medium,Low
6959-GQEGV,No,0.19614772498607635,Low,3784.065481723845,High,Monitor
3173-WSSUE,No,0.006589462514966726,Low,1868.3845021229238,Medium,Low
1265-HVPZB,No,0.04007851332426071,Low,4682.46544058323,High,Monitor
4115-UMJFQ,No,0.04764566197991371,Low,2875.310011010617,Medium,Low
7369-TRPFD,No,0.006783493794500828,Low,581.2696437999606,Low,Low
1098-KFQEC,No,0.0241837315261364,Low,1521.340054601431,Medium,Low
7190-XHTWJ,No,0.009486340917646885,Low,962.802963443473,Medium,Low
0621-TWIEM,No,0.39648276567459106,Medium,455.5,Low,Low
3537-RYBHH,No,0.15021155774593353,Low,3514.0593825802207,High,Monitor
2485-ITVKB,Yes,0.7589540481567383,High,70.2,Low,Medium
3669-OYSJI,Yes,0.5580849647521973,Medium,46.2,Low,Low
1612-EOHDH,Yes,0.6180309057235718,High,45.15,Low,Medium
6702-OHFWR,Yes,0.8671322464942932,High,43.3,Low,Medium
5296-BFCYD,No,0.007849439978599548,Low,1403.2134301543238,Medium,Low
4510-PYUSH,No,0.1430654227733612,Low,2171.7,Medium,Low
9359-JANWS,No,0.015851838514208794,Low,5219.691841076315,High,Monitor
7517-SAWMO,No,0.3984968662261963,Medium,1390.8,Medium,Medium
4143-HHPMK,No,0.35479286313056946,Medium,4438.2,High,High
3279-DYZQM,No,0.009305417537689209,Low,1843.4062310934066,Medium,Low
7054-LGEQW,Yes,0.5509705543518066,Medium,45.95,Low,Low
0523-VNGTF,No,0.24100075662136078,Low,2855.9767707437277,Medium,Low
9575-IWCAZ,No,0.06248204782605171,Low,432.98040719479326,Low,Low
7105-MXJLL,No,0.1215115338563919,Low,2218.090998739004,Medium,Low
7064-FRRSW,No,0.36542782187461853,Medium,5505.871747612953,High,High
7940-UQQUG,No,0.09990648180246353,Low,7809.237159597874,High,Monitor
0923-PNFUB,Yes,0.5302895307540894,Medium,251.25,Low,Low
3961-SXAXY,Yes,0.547183096408844,Medium,163.7295076191425,Low,Low
7010-BRBUU,No,0.004759243223816156,Low,2310.8472537193447,Medium,Low
3566-HJGPK,Yes,0.6044014692306519,High,153.66707845926283,Low,Medium
3062-ICYZQ,No,0.24231702089309692,Low,5210.2239806413645,High,Monitor
9938-PRCVK,No,0.01122539583593607,Low,1275.1926328487693,Medium,Low
0973-KYVNF,No,0.005579210817813873,Low,6772.939890137315,High,Monitor
5129-HHMZC,No,0.0216597281396389,Low,5747.210396055877,High,Monitor
9637-CDTKZ,No,0.010927129536867142,Low,10923.677148476243,High,Monitor
3946-JEWRQ,No,0.31589221954345703,Medium,5255.924728393555,High,High
7873-CVMAW,No,0.003137116553261876,Low,8494.132999901007,High,Monitor
0463-WZZKO,No,0.1533997654914856,Low,167.65172919631004,Low,Low
3494-JCHRQ,Yes,0.8205428123474121,High,70.05,Low,Medium
6474-FVJLC,Yes,0.8301647305488586,High,172.0,Low,Medium
4524-QCSSM,No,0.24318747222423553,Low,1363.6500761911273,Medium,Low
5832-EXGTT,No,0.12116766721010208,Low,2063.234238603711,Medium,Low
8840-DQLGN,No,0.3431488275527954,Medium,3517.5,High,High
2039-JONDJ,No,0.04771418869495392,Low,2130.800978842378,Medium,Low
7217-JYHOQ,No,0.08866845816373825,Low,2071.599644346535,Medium,Low
6695-FRVEC,No,0.014618286862969398,Low,5475.20933136344,High,Monitor
4547-LYTDD,No,0.4609902799129486,Medium,1162.4,Medium,Medium
9894-QMIMJ,No,0.05827421694993973,Low,1913.9795843303202,Medium,Low
8069-YQQAJ,No,0.31037747859954834,Medium,564.0835624933243,Low,Low
6770-XUAGN,No,0.44646748900413513,Medium,21.0,Low,Low
4193-ORFCL,Yes,0.6484794020652771,High,45.1,Low,Medium
1636-NTNCO,Yes,0.5482166409492493,Medium,341.91017286181454,Low,Low
3466-WAESX,No,0.29416424036026,Low,1398.239505946636,Medium,Low
9281-PKKZE,No,0.3207741379737854,Medium,2200.811859816313,Medium,Medium
3638-VBZTA,No,0.018550509586930275,Low,7919.489142097533,High,Monitor
7459-IMVYU,No,0.11518433690071106,Low,3029.4571338027718,Medium,Low
7776-QWNFX,No,0.1976945400238037,Low,1512.0,Medium,Low
6689-TCZHQ,Yes,0.6012696027755737,High,394.75,Low,Medium
8563-OYMQY,No,0.39070114493370056,Medium,1878.6443852096797,Medium,Medium
0754-EEBDC,No,0.02139182575047016,Low,546.9832640215755,Low,Low
5777-ZPQNC,No,0.055950749665498734,Low,470.0711087308824,Low,Low
1951-IEYXM,No,0.0028546738903969526,Low,8691.39279709272,High,Monitor
3318-NMQXL,Yes,0.7088725566864014,High,436.70234870910645,Low,Medium
3143-ILDAL,No,0.27529412508010864,Low,5289.2,High,Monitor
1022-RKXDR,No,0.03495560586452484,Low,1306.6262383311987,Medium,Low
2361-FJWNO,No,0.054442908614873886,Low,1848.4806634783745,Medium,Low
2272-UOINI,No,0.22713741660118103,Low,913.5182767808437,Medium,Low
8232-UTFOZ,No,0.005059770308434963,Low,1852.9273819763214,Medium,Low
3750-YHRYO,No,0.030121920630335808,Low,384.88578806780276,Low,Low
6637-KYRCV,No,0.45572754740715027,Medium,252.1018588244915,Low,Low
5668-MEISB,No,0.014721952378749847,Low,10148.112020462751,High,Monitor
0129-QMPDR,No,0.01558015774935484,Low,1144.1672811936587,Medium,Low
7188-CBBBA,No,0.19588671624660492,Low,7129.013823181391,High,Monitor
5356-CSVSQ,No,0.3425731062889099,Medium,448.6186640024185,Low,Low
3221-CJMSG,No,0.08579155802726746,Low,1506.69630830884,Medium,Low
4720-VSTSI,No,0.34451279044151306,Medium,3731.2,High,High
3219-JQRSL,No,0.004252932500094175,Low,8544.505529141798,High,Monitor
2801-NISEI,No,0.10347022116184235,Low,1614.3858680829408,Medium,Low
3946-MHCZW,Yes,0.5061063170433044,Medium,50.9,Low,Low
4623-ZKHLY,No,0.0731506422162056,Low,563.6244162000716,Low,Low
6732-VAILE,No,0.029845550656318665,Low,8017.734598106146,High,Monitor
8201-AAXCB,No,0.2131907194852829,Low,1793.653640474379,Medium,Low
7696-CFTAT,No,0.009715511463582516,Low,1203.1831889525056,Medium,Low
1845-CSBRZ,No,0.3758610188961029,Medium,2197.3215722233053,Medium,Medium
2123-VSCOT,No,0.029203224927186966,Low,5933.766739585995,High,Monitor
6651-AZVTJ,Yes,0.6095619201660156,High,4890.2,High,Critical
4566-GOLUK,No,0.44831469655036926,Medium,5045.45,High,High
2484-DGXPZ,No,0.07649175077676773,Low,606.0500000000001,Low,Low
2018-QKYGT,Yes,0.8324010372161865,High,162.5533756017685,Low,Medium
2792-VPPET,No,0.16395080089569092,Low,164.33405148983002,Low,Low
7409-JURKQ,No,0.19554923474788666,Low,7004.651146662235,High,Monitor
3247-MHJKM,No,0.3646429777145386,Medium,97.20527110099792,Low,Low
1964-SVLEA,No,0.03960902616381645,Low,621.0364262148738,Low,Low
4587-NUKOX,No,0.4842759072780609,Medium,237.29999999999998,Low,Low
7297-DVYGA,No,0.032929617911577225,Low,1242.7061650134624,Medium,Low
2239-CGBUZ,No,0.04633672162890434,Low,3777.8595400974154,High,Monitor
0854-UYHZD,No,0.014563008211553097,Low,716.5170365471394,Low,Low
7243-LCGGZ,No,0.4121880829334259,Medium,94.61161440014838,Low,Low
8267-KFGYD,No,0.30918365716934204,Medium,108.3001040995121,Low,Low
4890-VMUAV,No,0.07558467239141464,Low,5297.648351088166,High,Monitor
9261-WDCAF,No,0.4095590114593506,Medium,357.5556001424789,Low,Low
3764-MNMOI,No,0.002502269111573696,Low,1342.8469543933868,Medium,Low
7442-YGZFK,Yes,0.5876752138137817,Medium,173.002646112442,Low,Low
0420-BWTPW,No,0.26437461376190186,Low,204.0,Low,Low
8229-BUJHX,No,0.005879897624254227,Low,1944.607090368867,Medium,Low
7449-HVPIV,No,0.24908792972564697,Low,5379.294706916809,High,Monitor
5504-WSIUR,No,0.0684150829911232,Low,7326.406465120614,High,Monitor
8183-ONMXC,Yes,0.6158965229988098,High,161.5,Low,Medium
8466-PZBLH,No,0.10470066219568253,Low,9255.759457623959,High,Monitor
9614-RMGHA,No,0.2925357520580292,Low,5970.25,High,Monitor
8735-IJJEG,No,0.1624976545572281,Low,955.0557064473629,Medium,Low
0564-MUUQK,No,0.3038451373577118,Medium,2308.896736294031,Medium,Medium
5054-IEXZT,Yes,0.7751836776733398,High,75.35,Low,Medium
5834-ASPWA,Yes,0.8592806458473206,High,75.45,Low,Medium
0701-RFGFI,No,0.36066097021102905,Medium,5040.557660651208,High,High
0019-EFAEP,No,0.007810309994965792,Low,9705.81157434024,High,Monitor
5619-PTMIK,No,0.17268913984298706,Low,2706.1812400460244,Medium,Low
3737-XBQDD,No,0.4875131845474243,Medium,2297.307037746906,Medium,Medium
5882-CMAZQ,No,0.24397119879722595,Low,326.61391864717007,Low,Low
5846-QFDFI,No,0.19643059372901917,Low,3350.977496373653,High,Monitor
4445-KWOKW,No,0.05493991822004318,Low,3208.444367028773,High,Monitor
3511-APPBJ,No,0.20926637947559357,Low,3247.255904456973,High,Monitor
7967-HYCDE,No,0.39905011653900146,Medium,820.5229405641556,Low,Low
2430-RRYUW,No,0.02173798717558384,Low,4260.105099633336,High,Monitor
3948-XHGNA,No,0.18536320328712463,Low,1189.1999999999998,Medium,Low
3723-BFBGR,No,0.16647803783416748,Low,1589.2620211601256,Medium,Low
0565-IYCGT,No,0.16779445111751556,Low,5423.4,High,Monitor
5447-WZAFP,No,0.1828766018152237,Low,6299.389722055196,High,Monitor
5110-CHOPY,No,0.050093937665224075,Low,4437.959158587456,High,Monitor
5445-UTODQ,Yes,0.7173526287078857,High,567.6999999999999,Low,Medium
4425-OWHWB,No,0.04921537637710571,Low,607.7721896052361,Low,Low
7892-QVYKW,No,0.4386003911495209,Medium,2257.134839105606,Medium,Medium
9675-ICXCT,No,0.011623501777648926,Low,7734.259705352783,High,Monitor
1024-VRZHF,Yes,0.6707872152328491,High,824.45,Low,Medium
4703-MQYKT,No,0.010503953322768211,Low,877.0589403569699,Low,Low
9497-QCMMS,Yes,0.930353045463562,High,93.55,Low,Medium
5692-ICXLW,Yes,0.5629614591598511,Medium,3049.5363739252093,Medium,Medium
0602-DDUML,No,0.019250649958848953,Low,5617.524411968887,High,Monitor
2208-MPXIO,No,0.008465384133160114,Low,1375.9366156160831,Medium,Low
1960-UYCNN,Yes,0.6745085716247559,High,1138.518351316452,Medium,High
0348-SDKOL,No,0.4120725095272064,Medium,5921.799999999999,High,High
3190-FZATL,No,0.10811116546392441,Low,386.05909349396825,Low,Low
7336-RLLRH,No,0.07996224611997604,Low,3075.5706288143992,Medium,Low
4373-MAVJG,Yes,0.5319864153862,Medium,1272.6000000000001,Medium,Medium
8901-HJXTF,No,0.1830451339483261,Low,350.4,Low,Low
7710-JSYOA,No,0.03711644932627678,Low,8593.7888466686,High,Monitor
5419-KLXBN,No,0.3763265907764435,Medium,2228.75,Medium,Medium
3424-NMNBO,No,0.35413092374801636,Medium,6313.299999999999,High,High
9885-MFVSU,No,0.01933235302567482,Low,2713.1446904942395,Medium,Low
4514-GFCFI,Yes,0.675445020198822,High,1356.0,Medium,High
0607-MVMGC,No,0.11123859137296677,Low,4383.629531152546,High,Monitor
3365-SAIGS,No,0.4530320465564728,Medium,1694.5450350612402,Medium,Medium
9828-AOQLM,Yes,0.7299200296401978,High,45.7,Low,Medium
8022-BECSI,No,0.05519477650523186,Low,653.4181885659696,Low,Low
8000-REIQB,Yes,0.8326724767684937,High,69.95,Low,Medium
9993-LHIEB,No,0.015725968405604362,Low,6148.741833048313,High,Monitor
0266-CLZKZ,No,0.06780567765235901,Low,9442.221923744679,High,Monitor
7615-ESMYF,Yes,0.6611103415489197,High,89.2,Low,Medium
3858-VOBET,Yes,0.5501389503479004,Medium,1723.8500000000001,Medium,Medium
7020-OZKXZ,No,0.41168397665023804,Medium,946.0071585774422,Medium,Medium
3977-QCRSL,No,0.11688775569200516,Low,207.51827033683657,Low,Low
0017-DINOC,No,0.024349270388484,Low,3499.185911482573,High,Monitor
1447-PJGGA,No,0.0930771455168724,Low,5429.25,High,Monitor
8565-CLBZW,No,0.4544732868671417,Medium,2156.3999999999996,Medium,Medium
9139-WQQDY,No,0.14350585639476776,Low,4922.05,High,Monitor
0224-HJAPT,Yes,0.5087323188781738,Medium,235.75,Low,Low
8086-OVPWV,Yes,0.7638409733772278,High,160.4,Low,Medium
9430-FRQOC,Yes,0.7539248466491699,High,348.4,Low,Medium
7639-OPLNG,No,0.024723725393414497,Low,7402.475474301726,High,Monitor
3074-GQWYX,Yes,0.7003645896911621,High,379.5,Low,Medium
1492-QGCLU,No,0.1554877609014511,Low,4976.348193344474,High,Monitor
6845-RGTYS,No,0.3996727466583252,Medium,4641.25,High,High
7328-OWMOM,No,0.011750850826501846,Low,861.4656947806478,Low,Low
4418-LZMSV,No,0.15389284491539001,Low,1117.1365331053732,Medium,Low
5155-AZQPB,No,0.10659047216176987,Low,1664.686812634766,Medium,Low
8861-HGGKB,Yes,0.6802545785903931,High,864.5,Low,Medium
1087-GRUYI,No,0.009745901450514793,Low,1260.028406649828,Medium,Low
7065-YUNRY,Yes,0.6113893389701843,High,45.3,Low,Medium
7694-VLBWQ,No,0.29429885745048523,Low,6974.7,High,Monitor
2546-KZAAT,No,0.07520652562379837,Low,4757.553135615588,High,Monitor
0181-RITDD,No,0.04601939395070076,Low,9181.452061061562,High,Monitor
5989-PGKJB,Yes,0.5256141424179077,Medium,1625.4946812987328,Medium,Medium
4795-KTRTH,Yes,0.7625071406364441,High,405.0,Low,Medium
8272-ONJLV,No,0.25912052392959595,Low,1999.225990319252,Medium,Low
1488-PBLJN,No,0.024578260257840157,Low,11148.672726932913,High,Monitor
0308-GIQJT,No,0.09237111359834671,Low,8660.031056843698,High,Monitor
3778-FOAQW,No,0.033388085663318634,Low,717.3267608866095,Low,Low
4452-ROHMO,No,0.017261477187275887,Low,756.2802011311055,Low,Low
6481-OGDOO,No,0.07767043262720108,Low,6070.2,High,Monitor
3090-LETTY,No,0.2647898495197296,Low,390.7663520306349,Low,Low
5349-AZPEW,No,0.28388917446136475,Low,232.8814570784569,Low,Low
3753-TSEMP,Yes,0.5208001136779785,Medium,1322.25,Medium,Medium
8305-VHZBZ,No,0.4727770984172821,Medium,20.2,Low,Low
9720-JJJOR,No,0.0610598549246788,Low,3151.717088976502,Medium,Low
8100-HZZLJ,No,0.18319736421108246,Low,3063.257171352208,Medium,Low
8775-ERLNB,Yes,0.82892906665802,High,150.56342208385468,Low,Medium
8309-IEYJD,Yes,0.791628897190094,High,158.86599915027617,Low,Medium
9172-JITSM,Yes,0.619766116142273,High,2360.7999999999997,Medium,High
6298-QDFNH,Yes,0.5943978428840637,Medium,1745.6999999999998,Medium,Medium
7398-HPYZQ,No,0.005809837486594915,Low,8589.624061174132,High,Monitor
3546-GHEAE,No,0.013010499067604542,Low,596.8766990352422,Low,Low
7361-YPXFS,No,0.11298512667417526,Low,2147.6086515150964,Medium,Low
6557-BZXLQ,No,0.47333940863609314,Medium,1334.4914611309769,Medium,Medium
2550-QHZGP,No,0.02699512057006359,Low,364.1831417866051,Low,Low
7519-JTWQH,No,0.17304936051368713,Low,9817.573095917702,High,Monitor
2538-OIMXF,No,0.4824894666671753,Medium,101.39506103992461,Low,Low
8543-MSDMF,No,0.4214140772819519,Medium,500.89530251026156,Low,Low
9961-JBNMK,No,0.4658510684967041,Medium,2032.8,Medium,Medium
1170-SASML,No,0.268023818731308,Low,6267.664595282078,High,Monitor
4872-JCVCA,No,0.00830471608787775,Low,4512.512692341209,High,Monitor
5346-BZCHP,No,0.015651514753699303,Low,1796.9126547306776,Medium,Low
2038-LLMLM,Yes,0.529661238193512,Medium,5277.868082481622,High,High
6173-ITPWD,No,0.3064967691898346,Medium,3917.45,High,High
9734-UYXQI,Yes,0.6317903399467468,High,98.8,Low,Medium
1216-BGTSP,No,0.26752978563308716,Low,5356.86836848855,High,Monitor
4138-NAXED,No,0.20693328976631165,Low,4516.4304211735725,High,Monitor
2189-UXTKY,No,0.2088232934474945,Low,1742.4,Medium,Low
0744-BIKKF,No,0.003137116553261876,Low,8311.876052415837,High,Monitor
7483-IQWIB,No,0.42880114912986755,Medium,3757.707599130273,High,High
5248-KWLAR,No,0.012508957646787167,Low,8556.125576238706,High,Monitor
4958-GZWIY,No,0.35956403613090515,Medium,340.90000000000003,Low,Low
7996-MHXLW,No,0.008942817337810993,Low,2258.102115454897,Medium,Low
7833-PKIHD,No,0.062012430280447006,Low,4756.347003918887,High,Monitor
7061-OVMIM,No,0.03622230514883995,Low,812.6022472120821,Low,Low
5153-RTHKF,No,0.46256858110427856,Medium,3177.1186296164988,Medium,Medium
1852-QSWCD,No,0.011784359812736511,Low,2175.3859490394593,Medium,Low
4832-VRBMR,No,0.21662135422229767,Low,7674.416087743641,High,Monitor
9079-LWTFD,No,0.2105722725391388,Low,5212.459061250091,High,Monitor
6356-ELRKD,Yes,0.8151423335075378,High,95.6,Low,Medium
8624-GIOUT,No,0.13116775453090668,Low,2927.75,Medium,Low
3392-EHMNK,No,0.042043887078762054,Low,8468.148085421324,High,Monitor
5986-WWXDV,No,0.025078115984797478,Low,981.0268614683301,Medium,Low
3061-BCKYI,No,0.06183129921555519,Low,390.61734287366266,Low,Low
6179-GJPSO,No,0.3943423330783844,Medium,4650.45,High,High
7901-TBKJX,Yes,0.5633932948112488,Medium,5923.51464535594,High,High
7228-PAQPD,No,0.1311226785182953,Low,1443.607796394825,Medium,Low
3177-LASXD,Yes,0.7536747455596924,High,71.35,Low,Medium
7746-QYVCO,No,0.06521151214838028,Low,1520.0952445581556,Medium,Low
5804-HYIEZ,No,0.3194531202316284,Medium,7856.531979596614,High,High
9919-FZDED,No,0.006738622207194567,Low,8059.998764936998,High,Monitor
5934-TSSAU,No,0.3174455165863037,Medium,2040.278115606308,Medium,Medium
3486-KHMLI,No,0.06625828146934509,Low,657.0805226862431,Low,Low
4897-QSUYC,Yes,0.5318217873573303,Medium,20.15,Low,Low
1084-UQCHV,Yes,0.7780370712280273,High,69.75,Low,Medium
8290-YWKHZ,Yes,0.5643683075904846,Medium,2982.4,Medium,Medium
2955-BJZHG,No,0.4252919554710388,Medium,1374.4499999999998,Medium,Medium
3806-DXQOM,No,0.39269959926605225,Medium,134.6,Low,Low
6784-XYJAE,No,0.08378376811742783,Low,2622.2983888685703,Medium,Low
3933-DQPWX,No,0.023769786581397057,Low,2915.152147345245,Medium,Low
6661-EIPZC,No,0.0833841934800148,Low,1578.2409977540374,Medium,Low
8957-THMOA,No,0.013801529072225094,Low,1484.425580540672,Medium,Low
2251-PYLPB,No,0.003982895985245705,Low,7629.195854984969,High,Monitor
5555-RNPGT,No,0.09962914884090424,Low,381.97518265247345,Low,Low
1057-FOGLZ,No,0.10396057367324829,Low,459.34304836392397,Low,Low
9300-RENDD,Yes,0.8671826124191284,High,79.95,Low,Medium
0761-AETCS,No,0.2992987334728241,Low,19.3,Low,Low
8087-LGYHQ,Yes,0.6633278131484985,High,1036.4341150403022,Medium,High
4137-BTIKL,No,0.4098638594150543,Medium,502.8291285485029,Low,Low
2190-BCXEC,No,0.24798999726772308,Low,3509.77593229264,High,Monitor
6227-FBDXH,No,0.17817747592926025,Low,7846.756093740463,High,Monitor
2153-MREFK,No,0.277730792760849,Low,3670.4,High,Monitor
2911-WDXMV,No,0.4022543132305145,Medium,1738.7904904156924,Medium,Medium
7206-PQBBZ,Yes,0.5175589919090271,Medium,975.4041526079178,Medium,Medium
3106-ULWFW,Yes,0.6926098465919495,High,681.6,Low,Medium
0925-VYDLG,Yes,0.6212314367294312,High,225.75,Low,Medium
4547-FZJWE,No,0.07045337557792664,Low,3932.8885618627073,High,Monitor
7422-WNBTY,No,0.41293224692344666,Medium,3409.3666484981773,High,High
0842-IWYCP,No,0.1295609325170517,Low,2302.4574165001513,Medium,Low
3521-HTQTV,No,0.01967046409845352,Low,1501.478421288729,Medium,Low
3744-ZBHON,No,0.12758083641529083,Low,166.33720262646673,Low,Low
3373-DIUUN,No,0.012125800363719463,Low,1141.315841814503,Medium,Low
8383-SGHJU,No,0.07450257241725922,Low,2619.8945663809777,Medium,Low
7607-QKKTJ,No,0.17142195999622345,Low,5219.578965604305,High,Monitor
7707-PYBBH,No,0.10117824375629425,Low,2809.822400268912,Medium,Low
8984-HPEMB,No,0.02272026054561138,Low,11207.051786070317,High,Monitor
4349-GFQHK,Yes,0.5797801613807678,Medium,54.35,Low,Low
4139-DETXS,No,0.004060791339725256,Low,6180.9187679557135,High,Monitor
9779-DPNEJ,Yes,0.5017425417900085,Medium,2002.9120116531851,Medium,Medium
9805-FILKB,No,0.01311312336474657,Low,1168.4213788963855,Medium,Low
5793-YOLJN,No,0.0127126919105649,Low,1652.5928032770753,Medium,Low
0673-IGUQO,No,0.24104851484298706,Low,113.57334722876548,Low,Low
4123-FCVCB,No,0.2280021607875824,Low,1612.8724332511424,Medium,Low
8819-IMISP,Yes,0.5185072422027588,Medium,2726.3665541887285,Medium,Medium
7802-EFKNY,Yes,0.6115406155586243,High,124.75,Low,Medium
8311-UEUAB,No,0.16455711424350739,Low,6572.322508990765,High,Monitor
5858-EAFCZ,No,0.42579013109207153,Medium,197.59177203774453,Low,Low
8035-BUYVG,No,0.13414756953716278,Low,1694.0,Medium,Low
1163-ONYEY,No,0.17303705215454102,Low,3426.4505265712737,High,Monitor
9787-XVQIU,Yes,0.8592806458473206,High,75.3,Low,Medium
8945-MUQUF,No,0.2249992936849594,Low,4834.8,High,Monitor
5656-MJEFC,No,0.016820648685097694,Low,3158.462058379501,Medium,Low
6082-OQFBA,No,0.028798621147871017,Low,680.959285133332,Low,Low
8051-HJRLT,Yes,0.8220016360282898,High,70.55,Low,Medium
8974-OVACP,No,0.42096588015556335,Medium,90.15522508919238,Low,Low
4010-YLMVT,No,0.2673112452030182,Low,6438.227727568149,High,Monitor
1379-FRVEB,Yes,0.6691225171089172,High,1545.6591056585312,Medium,High
8612-GXIDD,No,0.0209236741065979,Low,901.6449282646179,Medium,Low
6288-CHQJB,No,0.015726057812571526,Low,5429.6990941442555,High,Monitor
8160-HOWOX,No,0.40931132435798645,Medium,704.8752278000115,Low,Low
3023-GFLBR,No,0.3768090009689331,Medium,2842.9500000000003,Medium,Medium
6648-INWPS,No,0.1065838411450386,Low,430.4140136055648,Low,Low
4223-BKEOR,No,0.06999199837446213,Low,2085.5822268649936,Medium,Low
4079-VTGLK,No,0.08227559924125671,Low,3894.1001135230063,High,Monitor
1763-WQFUK,No,0.3080679178237915,Medium,361.1554208993912,Low,Low
1391-UBDAR,No,0.4031999409198761,Medium,1062.9403458416464,Medium,Medium
8894-JVDCV,No,0.09558721631765366,Low,8381.732289151847,High,Monitor
2023-VQFDL,No,0.054194942116737366,Low,449.82177659869194,Low,Low
1345-GKDZZ,No,0.07887548208236694,Low,225.34790595173837,Low,Low
2014-MKGMH,No,0.3420312702655792,Medium,5448.847662913799,High,High
5628-FCGYG,Yes,0.6648938059806824,High,1935.1945855021474,Medium,High
2560-WBWXF,No,0.007997787557542324,Low,2217.1644823316483,Medium,Low
0248-IPDFW,Yes,0.6496363282203674,High,155.41931973695756,Low,Medium
7978-DKUQH,No,0.4162259101867676,Medium,2126.2972826004025,Medium,Medium
4335-UPJSI,No,0.013239101506769657,Low,941.7246658857912,Medium,Low
0524-IAVZO,Yes,0.6069701910018921,High,2550.0,Medium,High
2737-YNGYW,Yes,0.7159552574157715,High,161.1,Low,Medium
1784-EZDKJ,No,0.2996777296066284,Low,6344.3330217361445,High,Monitor
9297-FVVDH,No,0.03214947134256363,Low,6779.300872117281,High,Monitor
8007-YYPWD,No,0.02262873947620392,Low,963.3456018269062,Medium,Low
7101-HRBLJ,No,0.002765384502708912,Low,8029.644895610959,High,Monitor
5159-YFPKQ,Yes,0.7214105725288391,High,151.6,Low,Medium
6635-CPNUN,No,0.317002534866333,Medium,3100.665330791473,Medium,Medium
4021-RQSNY,Yes,0.7424099445343018,High,2856.5,Medium,High
5453-YBTWV,No,0.030425788834691048,Low,9429.574865971505,High,Monitor
5039-LZRQT,No,0.032089024782180786,Low,497.22162039279937,Low,Low
2931-VUVJN,No,0.12079831212759018,Low,6541.217024932802,High,Monitor
9061-TIHDA,Yes,0.7913368344306946,High,1238.25,Medium,High
8699-ASUFO,Yes,0.6686242818832397,High,520.8000000000001,Low,Medium
6418-PIQSP,No,0.017113760113716125,Low,6932.730850338936,High,Monitor
8220-OCUFY,No,0.0905110239982605,Low,1922.8105296492577,Medium,Low
3995-WFCSM,No,0.43667519092559814,Medium,327.36988779306415,Low,Low
1895-QTKDO,No,0.4366031289100647,Medium,192.51775490641595,Low,Low
2038-OEQZH,No,0.4745679795742035,Medium,615.4805521458387,Low,Low
1178-PZGAB,No,0.03065304644405842,Low,620.3013097140938,Low,Low
7927-AUXBZ,No,0.34785789251327515,Medium,2554.5,Medium,Medium
2626-VEEWG,No,0.020037434995174408,Low,1756.0705702662467,Medium,Low
2878-RMWXY,No,0.01566709764301777,Low,9815.802538246662,High,Monitor
1657-DYMBM,No,0.012480610981583595,Low,1526.3392601951955,Medium,Low
7311-MQJCH,No,0.06812521070241928,Low,316.36782556921247,Low,Low
7375-WMVMT,No,0.01955689676105976,Low,9027.675592623651,High,Monitor
1136-XGEQU,No,0.08596208691596985,Low,5130.495484632254,High,Monitor
2530-FMFXO,No,0.21186961233615875,Low,7731.241344165802,High,Monitor
6844-DZKRF,No,0.3253556489944458,Medium,303.60287852287297,Low,Low
4695-WJZUE,Yes,0.8710464239120483,High,177.1,Low,Medium
7619-ODSGN,No,0.1739126443862915,Low,1314.0,Medium,Low
5970-GHJAW,No,0.006808701436966658,Low,1393.2399937519804,Medium,Low
8879-XUAHX,No,0.027070339769124985,Low,10968.223752044141,High,Monitor
3689-MOZGR,No,0.255778968334198,Low,1044.1181771278382,Medium,Low
4195-PNGZS,No,0.007956716232001781,Low,2269.180998915061,Medium,Low
5003-XZWWO,No,0.01768587715923786,Low,7963.260379436612,High,Monitor
3988-RQIXO,Yes,0.8885878920555115,High,91.3,Low,Medium
7622-FWGEW,No,0.022047284990549088,Low,6806.679600973428,High,Monitor
6922-NCEDI,No,0.02384384535253048,Low,1435.5341257423163,Medium,Low
2514-GINMM,Yes,0.8671826124191284,High,79.5,Low,Medium
9891-NQDBD,No,0.032933179289102554,Low,1011.9026872299612,Medium,Low
6131-IUNXN,No,0.10232347995042801,Low,492.5983942300081,Low,Low
8548-AWOFC,No,0.09003158658742905,Low,4562.708899178356,High,Monitor
9798-DRYDS,No,0.11506712436676025,Low,1711.0090997457505,Medium,Low
8532-UEFWH,No,0.014236277900636196,Low,1948.2019802574068,Medium,Low
6296-DDOOR,No,0.0914572924375534,Low,1740.3262269616127,Medium,Low
7951-VRDVK,No,0.11228209733963013,Low,4005.126983320713,High,Monitor
5931-FLJJF,Yes,0.5401490926742554,Medium,490.69999999999993,Low,Low
4815-YOSUK,No,0.012541642412543297,Low,8795.81258053109,High,Monitor
2659-VXMWZ,No,0.11785076558589935,Low,7457.099999999999,High,Monitor
0380-NEAVX,No,0.23557507991790771,Low,4310.833939242363,High,Monitor
3207-OYBWH,No,0.2833211123943329,Low,5429.25,High,Monitor
4285-GYRQC,Yes,0.710430383682251,High,603.75,Low,Medium
7216-EWTRS,Yes,0.942129909992218,High,100.8,Low,Medium
4365-MSDYN,No,0.16039137542247772,Low,254.8860916629434,Low,Low
7036-TYDEC,No,0.10695546865463257,Low,9405.039150238037,High,Monitor
5802-ADBRC,No,0.29131460189819336,Low,6107.841066741944,High,Monitor
8076-FEZKJ,No,0.03126903250813484,Low,421.68304639309645,Low,Low
5197-YPYBZ,No,0.015399603173136711,Low,899.6678404770792,Medium,Low
8337-MSSXB,Yes,0.5637282133102417,Medium,1208.2,Medium,Medium
4312-GVYNH,No,0.020568272098898888,Low,4661.292119260877,High,Monitor
8495-LJDFO,No,0.11567328125238419,Low,7550.8843760453165,High,Monitor
0839-JTCUD,No,0.023164046928286552,Low,8041.021252347529,High,Monitor
5494-WOZRZ,No,0.0093001089990139,Low,7771.697385489941,High,Monitor
1302-UHBDD,No,0.4370197355747223,Medium,2102.8404487103226,Medium,Medium
2234-EOFPT,No,0.003151659620925784,Low,7611.597979417908,High,Monitor
8619-IJNDK,No,0.005853247828781605,Low,6075.752387437597,High,Monitor
8378-LKJAF,Yes,0.5961892604827881,Medium,4088.772737812996,High,High
8182-BJDSI,Yes,0.5748471021652222,Medium,2518.6,Medium,Medium
2528-HFYZX,No,0.45524290204048157,Medium,1299.65,Medium,Medium
1153-GNOLC,No,0.1462499350309372,Low,1690.8795304834844,Medium,Low
3298-QEICA,No,0.0201291274279356,Low,1609.4847725838424,Medium,Low
0788-DXBFY,No,0.10176405310630798,Low,1344.6261531412601,Medium,Low
3597-YASZG,No,0.07482092827558517,Low,9630.738896998764,High,Monitor
3496-LFSZU,Yes,0.509696900844574,Medium,489.3982109427452,Low,Low
5242-UOWHD,No,0.00896235927939415,Low,1399.772783727944,Medium,Low
2482-CZGBB,Yes,0.532440721988678,Medium,700.0,Low,Low
6479-SZPLM,No,0.013075381517410278,Low,1160.896411907673,Medium,Low
8097-VBQTZ,No,0.077375128865242,Low,4161.548870953918,High,Monitor
4500-HKANN,No,0.02525951899588108,Low,2769.7081611827016,Medium,Low
9917-KWRBE,No,0.06621719896793365,Low,4090.2925895303483,High,Monitor
3420-ZDBMA,Yes,0.5653544068336487,Medium,543.5825657904148,Low,Low
2212-LYASK,No,0.15472985804080963,Low,1703.0176321059466,Medium,Low
1393-IMKZG,Yes,0.7607560157775879,High,233.43921532630918,Low,Medium
8069-RHUXK,No,0.01238677091896534,Low,3238.0870146766306,High,Monitor
3398-GCPMU,No,0.0035861930809915066,Low,8589.092553830333,High,Monitor
2908-WGAXL,No,0.014605970121920109,Low,1987.2539450909942,Medium,Low
3378-AJRAO,No,0.038808394223451614,Low,1380.027336842567,Medium,Low
1013-QCWAM,Yes,0.5778108239173889,Medium,6908.140013694763,High,High
0866-QLSIR,No,0.04678792133927345,Low,2189.6000000000004,Medium,Low
6050-FFXES,No,0.09773234277963638,Low,9550.443544515967,High,Monitor
7181-BQYBV,Yes,0.8660494685173035,High,102.45,Low,Medium
0362-RAOQO,No,0.014870605431497097,Low,1250.5870224785058,Medium,Low
9554-DFKIC,No,0.12794733047485352,Low,1918.3996071338654,Medium,Low
5527-ACHSO,No,0.1810864955186844,Low,1121.9004123955965,Medium,Low
0829-DDVLK,No,0.03357319533824921,Low,534.6021452844143,Low,Low
1399-UBQIU,No,0.3229447901248932,Medium,1044.572672829032,Medium,Medium
1813-JLKWR,No,0.021168537437915802,Low,1499.7703555047513,Medium,Low
0336-PIKEI,No,0.005384204909205437,Low,7132.785963714124,High,Monitor
7322-OCWHC,No,0.004466129932552576,Low,8922.826238634623,High,Monitor
9537-VHDTA,No,0.3935599625110626,Medium,237.49837951660157,Low,Low
4957-TIALW,No,0.0526314452290535,Low,1729.7685263156889,Medium,Low
2054-PJOCK,No,0.09011868387460709,Low,5712.491280166804,High,Monitor
9150-HEPMB,No,0.03966519609093666,Low,3558.515729992092,High,Monitor
9030-QGZNL,No,0.01876937597990036,Low,657.8078042596579,Low,Low
6204-IEUXJ,Yes,0.6166117787361145,High,240.29999999999998,Low,Medium
3126-WQMGH,No,0.17652298510074615,Low,2813.0159579619763,Medium,Low
4529-CKBCL,Yes,0.7140936255455017,High,160.4,Low,Medium
2506-CLAKW,Yes,0.8048151731491089,High,588.9000000000001,Low,Medium
7176-WRTNX,No,0.19073212146759033,Low,10279.108223295212,High,Monitor
1583-IHQZE,Yes,0.5680329203605652,Medium,1355.4,Medium,Medium
5732-IKGQH,No,0.36352312564849854,Medium,6229.1601143121725,High,High
9239-GZHZE,No,0.02235041931271553,Low,10849.436996282637,High,Monitor
7205-BAIAD,No,0.011769469827413559,Low,1312.5811741173268,Medium,Low
0151-ONTOV,Yes,0.7093684077262878,High,70.9,Low,Medium
4140-MUHUG,Yes,0.6696521639823914,High,260.54999999999995,Low,Medium
0093-EXYQL,No,0.35423901677131653,Medium,4016.7165080875156,High,High
8064-RAVOH,Yes,0.591900646686554,Medium,171.91251657605173,Low,Low
0219-QAERP,No,0.02695710025727749,Low,825.1949929788709,Low,Low
0320-JDNQG,Yes,0.5778868794441223,Medium,2296.5499999999997,Medium,Medium
7180-PISOG,Yes,0.8532174825668335,High,74.5,Low,Medium
9168-INPSZ,Yes,0.5109778642654419,Medium,4888.189932620526,High,High
3571-RFHAR,No,0.44907453656196594,Medium,7094.75,High,High
0015-UOCOJ,No,0.37527427077293396,Medium,518.0706808924675,Low,Low
5334-AFQJB,No,0.00673174811527133,Low,2405.5447949353606,Medium,Low
2754-SDJRD,Yes,0.8700793981552124,High,879.2692896485329,Low,Medium
9578-VRMNM,No,0.3363964557647705,Medium,1043.2,Medium,Medium
1587-FKLZB,Yes,0.5396421551704407,Medium,6567.0,High,High
6140-QNRQQ,Yes,0.7596484422683716,High,71.55,Low,Medium
8963-JLGJT,No,0.30826273560523987,Medium,399.7086784780025,Low,Low
4307-KTUMW,No,0.31816136837005615,Medium,4976.700000000001,High,High
1465-LNTLJ,No,0.22854332625865936,Low,813.2908587336541,Low,Low
5440-FLBQG,No,0.32561275362968445,Medium,7479.6,High,High
2135-DQWAQ,Yes,0.729646623134613,High,564.8668582797051,Low,Medium
4056-QHXHZ,No,0.00613531144335866,Low,10299.378258849867,High,Monitor
7470-MCQTK,No,0.43559253215789795,Medium,633.75,Low,Low
7488-MXJIV,Yes,0.7947073578834534,High,342.6,Low,Medium
7401-JIXNM,No,0.02024204283952713,Low,7077.045635730028,High,Monitor
9339-FIIJL,No,0.011727179400622845,Low,8227.009174332396,High,Monitor
2027-FECZV,Yes,0.6779899001121521,High,1280.4,Medium,High
2672-DZUOY,Yes,0.7025810480117798,High,25.15,Low,Medium
4706-DGAHW,Yes,0.7135787010192871,High,122.87745628356934,Low,Medium
3870-MQAMG,No,0.23788540065288544,Low,5958.9,High,Monitor
6670-MFRPK,No,0.06071491166949272,Low,7250.193095898629,High,Monitor
6177-PEVRA,No,0.025048060342669487,Low,3962.6359836235642,High,Monitor
4800-CZMPC,No,0.2435043454170227,Low,4956.0,High,Monitor
4813-HQMGZ,Yes,0.7214094400405884,High,872.8567882180214,Low,Medium
7579-KKLOE,No,0.0049025085754692554,Low,8658.013506219722,High,Monitor
7377-DMMRI,Yes,0.5328142046928406,Medium,95.6,Low,Low
8402-EIVQS,No,0.16499917209148407,Low,7771.319002431632,High,Monitor
4947-DSMXK,No,0.4905485510826111,Medium,3620.4404393553737,High,High
7245-NIIWQ,Yes,0.5946887135505676,Medium,379.41596015095706,Low,Low
0002-ORFBO,No,0.10129345953464508,Low,1297.8617886543273,Medium,Low
3324-OIRTO,No,0.062267132103443146,Low,8607.754935504496,High,Monitor
5414-OFQCB,No,0.044859711080789566,Low,7229.068539185822,High,Monitor
4967-WPNCF,No,0.003817593911662698,Low,6109.363662427851,High,Monitor
8552-OBVRU,No,0.2549281418323517,Low,5483.1600550711155,High,Monitor
8499-BRXTD,No,0.031225090846419334,Low,595.4685080878437,Low,Low
9154-QDGTH,No,0.3407682776451111,Medium,5309.994423699379,High,High
8197-BFWVU,No,0.0027511389926075935,Low,8945.842950934544,High,Monitor
2577-GVSIL,No,0.1458170861005783,Low,3323.6268203109503,High,Monitor
9367-OIUXP,No,0.06525648385286331,Low,198.89514470547437,Low,Low
6770-UAYGJ,No,0.01381603628396988,Low,1834.8774820119143,Medium,Low
6463-HHXJR,No,0.011243335902690887,Low,9520.38107380271,High,Monitor
7928-VJYAB,Yes,0.5258856415748596,Medium,1254.3285652399063,Medium,Medium
1187-WILMM,No,0.012531442567706108,Low,7750.9125368267305,High,Monitor
9776-OJUZI,No,0.2691567540168762,Low,6622.803926974535,High,Monitor
1306-RPWXZ,No,0.01104805339127779,Low,1487.427615395561,Medium,Low
8949-JTMAY,Yes,0.6710373759269714,High,2859.3999999999996,Medium,High
2774-LVQUS,Yes,0.6225727200508118,High,1245.75,Medium,High
3097-PYWXL,No,0.10888273268938065,Low,186.46673689708112,Low,Low
2266-SJNAT,No,0.05682294815778732,Low,9094.17330250293,High,Monitor
0869-PAPRP,No,0.28843948245048523,Low,2594.0844181239604,Medium,Low
4238-JSSWH,No,0.3847106695175171,Medium,3948.491657054424,High,High
2972-YDYUW,No,0.15455126762390137,Low,6358.667939472199,High,Monitor
1104-FEJAM,No,0.12987039983272552,Low,2139.418077504635,Medium,Low
2809-ILCYT,No,0.0522783026099205,Low,974.7872978806496,Medium,Low
5499-ECUTN,No,0.05544973537325859,Low,3853.000539743155,High,Monitor
4981-FLTMF,No,0.07154262810945511,Low,4079.612523883581,High,Monitor
9121-PHQSR,Yes,0.5439380407333374,Medium,1593.5284178137779,Medium,Medium
3113-IWHLC,No,0.28277796506881714,Low,519.12593729496,Low,Low
3211-ILJTT,No,0.3587052524089813,Medium,1196.8000000000002,Medium,Medium
4612-THJBS,No,0.254752516746521,Low,5866.0,High,Monitor
4277-BWBML,No,0.003232874907553196,Low,1913.6520994942634,Medium,Low
4094-NSEDU,Yes,0.6937459111213684,High,1979.25,Medium,High
0234-TEVTT,No,0.056709304451942444,Low,2669.376975595951,Medium,Low
4304-TSPVK,No,0.1052543967962265,Low,10280.550475394726,High,Monitor
1552-AAGRX,No,0.40419936180114746,Medium,3572.3591274261476,High,High
2637-FKFSY,No,0.49154767394065857,Medium,278.93791338801384,Low,Low
9796-MVYXX,No,0.03888208791613579,Low,1471.553146633506,Medium,Low
7874-ECPQJ,No,0.10179556906223297,Low,188.25399304181337,Low,Low
0020-INWCK,No,0.05984175577759743,Low,8958.733645223081,High,Monitor
7089-RKVSZ,No,0.03424370288848877,Low,477.97344379425044,Low,Low
2683-JXWQQ,No,0.0951913446187973,Low,2232.0094249248505,Medium,Low
9548-ZMVTX,No,0.013851704075932503,Low,8653.130720791965,High,Monitor
8739-XNIKG,Yes,0.8334642648696899,High,503.93401050567627,Low,Medium
9755-JHNMN,No,0.021914653480052948,Low,4884.750856530667,High,Monitor
3981-QSVQI,No,0.11822438985109329,Low,261.82587711960076,Low,Low
2789-HQBOU,Yes,0.7074424028396606,High,382.0920175909996,Low,Medium
9424-CMPOG,No,0.01432104967534542,Low,640.0633782327176,Low,Low
5067-WJEUN,No,0.012500890530645847,Low,4915.938841597736,High,Monitor
3450-WXOAT,No,0.1094844713807106,Low,2320.7078113615516,Medium,Low
9251-WNSOD,No,0.07601267844438553,Low,5864.397374185919,High,Monitor
6974-DAFLI,No,0.05023632571101189,Low,1308.0241326019168,Medium,Low
2616-UUTFK,No,0.1535060852766037,Low,2770.2445937767625,Medium,Low
7064-JHXCE,No,0.006740895099937916,Low,1721.0562812779099,Medium,Low
5103-MHMHY,Yes,0.557305634021759,Medium,45.95,Low,Low
7989-AWGEH,No,0.17617395520210266,Low,2114.5638857364656,Medium,Low
4373-VVHQL,Yes,0.579407274723053,Medium,157.67914673686028,Low,Low
4559-UWIHT,Yes,0.6928351521492004,High,1309.4230480492115,Medium,High
7268-IGMFD,No,0.34221237897872925,Medium,2060.797545683384,Medium,Medium
1846-XWOQN,Yes,0.8164341449737549,High,70.15,Low,Medium
0235-KGSLC,Yes,0.8160760998725891,High,85.55,Low,Medium
6650-BWFRT,No,0.02260616235435009,Low,11182.84051392451,High,Monitor
9570-KYEUA,No,0.035983290523290634,Low,8648.287801973522,High,Monitor
6993-YGFJV,No,0.1287641078233719,Low,10119.332391947508,High,Monitor
2712-SYWAY,No,0.32173195481300354,Medium,130.28893256783485,Low,Low
0730-BGQGF,No,0.006713211070746183,Low,8563.95112896748,High,Monitor
5498-IBWPI,No,0.02887604758143425,Low,3836.0822789937256,High,Monitor
9101-NTIXF,No,0.1151786670088768,Low,141.79320316016674,Low,Low
0013-SMEOE,No,0.02447899989783764,Low,10357.051689068974,High,Monitor
9314-QDMDW,No,0.13238972425460815,Low,1311.443552672863,Medium,Low
9308-ANMVE,No,0.18273548781871796,Low,2870.268365141749,Medium,Low
2884-GBPFB,Yes,0.5139517784118652,Medium,2460.5,Medium,Medium
3757-NJYBX,Yes,0.5182706713676453,Medium,3403.2,High,High
3413-DHLPB,No,0.1846575289964676,Low,6732.550688199699,High,Monitor
7649-PHJVR,No,0.029678501188755035,Low,441.5552307218313,Low,Low
6114-TCFID,No,0.04981084167957306,Low,1595.8896610438824,Medium,Low
3787-TRIAL,No,0.42289862036705017,Medium,637.25094563663,Low,Low
2573-GYRUU,No,0.3153153955936432,Medium,4744.443199387192,High,High
5156-UMKOW,No,0.28964895009994507,Low,215.32145177721975,Low,Low
1247-QBVSH,No,0.09619215875864029,Low,2430.826921781898,Medium,Low
6734-GMPVK,Yes,0.5646159052848816,Medium,801.5756710410118,Low,Low
9822-OAOVB,Yes,0.6849732995033264,High,160.2593832552433,Low,Medium
6161-ERDGD,No,0.05079726129770279,Low,7040.262488265335,High,Monitor
1226-JZNKR,No,0.07306135445833206,Low,378.6406221807003,Low,Low
7318-EIVKO,Yes,0.5181721448898315,Medium,645.2898024916649,Low,Low
3771-PZOBW,No,0.43827998638153076,Medium,2119.688031411171,Medium,Medium
5136-KCKGI,No,0.30216357111930847,Medium,3422.1,High,High
8231-BSWXX,No,0.04664783552289009,Low,6516.899863222986,High,Monitor
6486-LHTMA,No,0.2050146609544754,Low,3676.962043017149,High,Monitor
4083-BFNYK,No,0.22498002648353577,Low,4493.522769808769,High,Monitor
3722-WPXTK,Yes,0.8536009788513184,High,88.35,Low,Medium
7389-KBFIT,Yes,0.5857797265052795,Medium,135.68097963929176,Low,Low
7176-WIONM,No,0.39178067445755005,Medium,780.1184002697468,Low,Low
5141-ZUVBH,Yes,0.5012739896774292,Medium,1115.2891137599945,Medium,Medium
1089-HDMKP,No,0.23562313616275787,Low,850.2305475339293,Low,Low
7623-HKYRK,No,0.04873570427298546,Low,230.6394397549331,Low,Low
0310-SUCIN,No,0.015070964582264423,Low,7023.063786441087,High,Monitor
5197-PYEPU,No,0.09269970655441284,Low,4995.234152591229,High,Monitor
2929-ERCFZ,Yes,0.6909794211387634,High,753.6,Low,Medium
7548-SEPYI,Yes,0.7747514843940735,High,481.25,Low,Medium
8835-VSDSE,Yes,0.6171445846557617,High,141.4,Low,Medium
6619-RPLQZ,No,0.007465542294085026,Low,1434.91424263604,Medium,Low
3275-RHRNE,No,0.13667358458042145,Low,2301.5950191020966,Medium,Low
3503-TYDAY,No,0.2962630093097687,Low,3799.0438454061746,High,Monitor
6901-GOGZG,No,0.03832356259226799,Low,7057.665920586885,High,Monitor
1623-NLDOT,No,0.09202507138252258,Low,1409.1,Medium,Low
7021-XSNYE,No,0.027209579944610596,Low,1506.727064538002,Medium,Low
9621-OUPYD,No,0.028411051258444786,Low,740.513161174953,Low,Low
9898-KZQDZ,No,0.4425978362560272,Medium,3782.0,High,High
8982-NHAVY,No,0.32963311672210693,Medium,3521.962461233139,High,High
4307-KWMXE,No,0.2924056947231293,Low,509.27897848188877,Low,Low
0141-YEAYS,No,0.41520920395851135,Medium,2637.4809859067204,Medium,Medium
2450-ZKEED,No,0.07655872404575348,Low,1187.9736877560615,Medium,Low
3694-DELSO,No,0.22513554990291595,Low,333.4261473074555,Low,Low
3893-JRNFS,No,0.12827755510807037,Low,2921.890353307128,Medium,Low
9603-OAIHC,Yes,0.8251452445983887,High,143.54145369529724,Low,Medium
1133-KXCGE,No,0.03243793919682503,Low,595.1759690657259,Low,Low
5236-PERKL,No,0.1478751301765442,Low,6438.150000000001,High,Monitor
0142-GVYSN,No,0.05930883064866066,Low,642.3761844269932,Low,Low
1049-FYSYG,No,0.309272438287735,Medium,753.7966254502535,Low,Low
7854-FOKSF,Yes,0.6423490643501282,High,35.9,Low,Medium
2519-FAKOD,No,0.48582330346107483,Medium,3771.5,High,High
8406-LNMHF,No,0.038697049021720886,Low,5850.930957403779,High,Monitor
1821-BUCWY,No,0.02285599894821644,Low,2974.573527804762,Medium,Low
8263-JQAIK,Yes,0.7013256549835205,High,48.9,Low,Medium
0023-UYUPN,No,0.06769008934497833,Low,1541.9305169820784,Medium,Low
8314-DPQHL,No,0.13643710315227509,Low,983.627941918373,Medium,Low
1465-WCZVT,No,0.15537527203559875,Low,158.5312554270029,Low,Low
9481-SFCQY,No,0.2252882570028305,Low,1115.1665733873845,Medium,Low
6360-SVNWV,No,0.22112910449504852,Low,2623.765726186335,Medium,Low
0567-GGCAC,No,0.16833576560020447,Low,736.1851039528847,Low,Low
7089-IVVAZ,Yes,0.8227707147598267,High,826.8,Low,Medium
8884-MRNSU,No,0.06122482195496559,Low,562.4795125171541,Low,Low
2171-UDMFD,No,0.06933829188346863,Low,731.0082213371992,Low,Low
9050-IKDZA,Yes,0.6612918972969055,High,328.6282622218132,Low,Medium
2205-YMZZJ,Yes,0.7959232926368713,High,593.6,Low,Medium
9802-CAQUT,No,0.005199211649596691,Low,10503.13023273088,High,Monitor
1254-IZEYF,Yes,0.6235463619232178,High,3098.4500000000003,Medium,High
0187-WZNAB,No,0.19621770083904266,Low,2367.6084183454514,Medium,Low
9492-TOKRI,No,0.4417310953140259,Medium,1620.0,Medium,Medium
1475-VWVDO,Yes,0.5882658958435059,Medium,709.3333064079285,Low,Low
9221-OTIVJ,Yes,0.6929498910903931,High,1467.8999999999999,Medium,High
1357-MVDOZ,No,0.2250906527042389,Low,933.4900553971529,Medium,Low
7602-MVRMB,No,0.0179903507232666,Low,10555.511178302766,High,Monitor
3325-FUYCG,No,0.13320685923099518,Low,2970.7999999999997,Medium,Low
5908-QMGOE,Yes,0.5684166550636292,Medium,1113.0,Medium,Medium
1197-BVMVG,Yes,0.7131245136260986,High,425.94727976322173,Low,Medium
5406-KGRMX,No,0.01261363085359335,Low,2324.8180487010627,Medium,Low
8481-YYXWG,Yes,0.7292333841323853,High,446.75,Low,Medium
5968-HYJRZ,No,0.013179265893995762,Low,1735.2847765352578,Medium,Low
5198-EFNBM,No,0.10655719041824341,Low,6138.937088263036,High,Monitor
7516-GMHUV,No,0.15264059603214264,Low,7388.862529283761,High,Monitor
7140-ADSMJ,No,0.06528186798095703,Low,278.28991479873656,Low,Low
2230-XTUWL,No,0.005375180393457413,Low,1405.0779653593897,Medium,Low
7706-YLMQA,No,0.046595051884651184,Low,1604.3849297344684,Medium,Low
2585-KTFRE,No,0.19616281986236572,Low,410.231976044178,Low,Low
7994-UYIVZ,Yes,0.6921595335006714,High,843.399215734005,Low,Medium
2609-IAICY,Yes,0.8976235389709473,High,77.15,Low,Medium
1740-CSDJP,Yes,0.6994080543518066,High,35.25,Low,Medium
7717-BICXI,No,0.012603972107172012,Low,1719.983720956743,Medium,Low
6559-RAKOZ,No,0.32097136974334717,Medium,5597.68025200367,High,High
2636-OHFMN,Yes,0.5841223001480103,Medium,194.2,Low,Low
4716-MRVEN,No,0.024956371635198593,Low,814.0104708075523,Low,Low
2143-LJULT,No,0.008942817337810993,Low,2292.3306526932865,Medium,Low
1323-OOEPC,No,0.42917636036872864,Medium,5215.200000000001,High,High
3200-MNQTF,No,0.014923850074410439,Low,6426.505576713384,High,Monitor
6164-HXUGH,No,0.13443924486637115,Low,222.1882859364152,Low,Low
5630-IXDXV,Yes,0.5357006192207336,Medium,5294.719434875249,High,High
0320-DWVTU,No,0.025715338066220284,Low,7600.091772697866,High,Monitor
9135-MGVPY,No,0.014559306204319,Low,7847.503842347861,High,Monitor
1212-GLHMD,No,0.4041101038455963,Medium,565.8079533845186,Low,Low
7878-JGDKK,No,0.28915494680404663,Low,368.20888271927834,Low,Low
1088-AUUZZ,No,0.019057713449001312,Low,6033.3073384374375,High,Monitor
0397-GZBBC,No,0.3805885910987854,Medium,5537.15,High,High
6614-YWYSC,No,0.01676759496331215,Low,2114.9394430220127,Medium,Low
9588-OZDMQ,No,0.4904221296310425,Medium,227.58602499961853,Low,Low
7641-EUYET,No,0.36217257380485535,Medium,4632.2,High,High
6476-EPYZR,No,0.07713238894939423,Low,359.5127161592245,Low,Low
9921-ZVRHG,Yes,0.6652951240539551,High,1126.3,Medium,High
1174-FGIFN,No,0.18443186581134796,Low,3417.817652848363,High,Monitor
6620-HVDUJ,No,0.08603046834468842,Low,1782.2967491313816,Medium,Low
4701-MLJPN,No,0.1230178102850914,Low,1712.75,Medium,Low
1032-MAELW,No,0.1772695779800415,Low,6109.118419289589,High,Monitor
7641-TQFHN,No,0.05033481493592262,Low,6213.182024596631,High,Monitor
1552-TKMXS,No,0.05143861100077629,Low,970.5193455968052,Medium,Low
9206-GVPEQ,No,0.3638893961906433,Medium,707.85,Low,Low
8622-ZLFKO,Yes,0.8184764981269836,High,643.3395467698574,Low,Medium
1596-BBVTG,No,0.28693199157714844,Low,2637.25,Medium,Low
6188-UXBBR,No,0.02729186601936817,Low,1005.8680765572935,Medium,Low
2333-KWEWW,No,0.01317677367478609,Low,835.759336507693,Low,Low
5702-SKUOB,No,0.13382114470005035,Low,180.26263338327408,Low,Low
1134-YWTYF,No,0.13900163769721985,Low,1730.5302713513374,Medium,Low
6061-GWWAV,No,0.04588504508137703,Low,3681.946438023448,High,Monitor
0679-TDGAK,No,0.08476630598306656,Low,4604.201726779342,High,Monitor
6585-WCEWR,No,0.00932406634092331,Low,1949.0461259990932,Medium,Low
9067-YGSCA,No,0.026243314146995544,Low,2127.896339997649,Medium,Low
9067-SQTNS,No,0.024367548525333405,Low,1147.5763420045378,Medium,Low
8433-WXGNA,Yes,0.6104540228843689,High,151.4,Low,Medium
1776-SPBWV,No,0.01972600631415844,Low,919.842087277025,Medium,Low
8735-SDUFN,No,0.0066024381667375565,Low,2328.9494580611586,Medium,Low
9668-PUGNU,No,0.014482704922556877,Low,2318.9841695055366,Medium,Low
9405-GPBBG,No,0.08923598378896713,Low,9487.34617099166,High,Monitor
1926-QUZNN,No,0.004269318655133247,Low,2421.4127928949893,Medium,Low
3707-GNWHM,Yes,0.8120384216308594,High,74.25,Low,Medium
7016-NVRIC,No,0.09753657132387161,Low,3588.6434590846297,High,Monitor
5829-NVSQN,No,0.07312169671058655,Low,2345.924600213766,Medium,Low
9565-AXSMR,No,0.0038076203782111406,Low,1457.4454485297204,Medium,Low
8922-LIEGH,Yes,0.610042929649353,High,2242.5,Medium,High
8869-LIHMK,No,0.04307335987687111,Low,10009.814150676131,High,Monitor
8245-UMPYT,Yes,0.7460125684738159,High,1542.4,Medium,High
5186-SAMNZ,Yes,0.8404120206832886,High,69.5,Low,Medium
0447-RXSGD,Yes,0.584345817565918,Medium,2640.119635677338,Medium,Medium
4927-WWOOZ,Yes,0.8622762560844421,High,258.4690182864666,Low,Medium
5788-YPOEG,No,0.02584143541753292,Low,4862.938520360738,High,Monitor
5373-SFODM,No,0.443202406167984,Medium,3069.0,Medium,Medium
0661-KBKPA,No,0.13139699399471283,Low,4994.579840674996,High,Monitor
9081-WWXKP,No,0.004878398030996323,Low,1435.3790985569358,Medium,Low
0784-ZQJZX,No,0.0030190988909453154,Low,1908.9580783696845,Medium,Low
3133-PZNSR,No,0.005378888454288244,Low,9371.38112768624,High,Monitor
5766-ZJYBB,No,0.27290135622024536,Low,19.4,Low,Low
8931-GJJIQ,Yes,0.7767524719238281,High,749.6999999999999,Low,Medium
4277-PVRAN,Yes,0.6728518605232239,High,640.8,Low,Medium
0022-TCJCI,No,0.10702401399612427,Low,2821.5,Medium,Low
0722-SVSFK,Yes,0.7210150957107544,High,870.8605063438416,Low,Medium
3612-YVGSJ,No,0.007174687460064888,Low,2318.539893398434,Medium,Low
9825-YCXWZ,No,0.16477999091148376,Low,5158.3889150261875,High,Monitor
5397-NSKQG,No,0.015474743209779263,Low,4612.996053694934,High,Monitor
8565-HBFNN,No,0.13991066813468933,Low,8503.218916511536,High,Monitor
2000-DHJUY,No,0.026531195268034935,Low,8608.091771110892,High,Monitor
0203-HHYIJ,No,0.061879027634859085,Low,632.5,Low,Low
8670-ERCJH,No,0.03116135112941265,Low,10801.59126676619,High,Monitor
7758-UJWYS,No,0.047509826719760895,Low,2305.6634366363287,Medium,Low
2050-ONYDQ,No,0.010942962020635605,Low,2307.1715916991234,Medium,Low
7055-JCGNI,No,0.07961749285459518,Low,10309.383720198273,High,Monitor
0739-UUAJR,No,0.010393119417130947,Low,5151.3804042086,High,Monitor
4826-DXMUP,No,0.17846253514289856,Low,3234.294214594364,High,Monitor
0952-KMEEH,Yes,0.7048736810684204,High,1275.95,Medium,High
7285-KLOTR,No,0.1463353931903839,Low,1753.9374509632587,Medium,Low
0654-PQKDW,No,0.02392350137233734,Low,5215.188947334886,High,Monitor
7175-NTIXE,No,0.097407266497612,Low,2316.1446199372413,Medium,Low
7963-SHNDT,No,0.015798203647136688,Low,2956.774965697527,Medium,Low
9796-BPKIW,No,0.45535460114479065,Medium,788.1876738995314,Low,Low
0188-GWFLE,No,0.09340271353721619,Low,149.1636535614729,Low,Low
8129-GMVGI,No,0.018322963267564774,Low,1595.182990075648,Medium,Low
2882-DDZPG,No,0.1446456015110016,Low,333.2198583036661,Low,Low
3547-LQRIK,No,0.0682956799864769,Low,1565.0541545003653,Medium,Low
9137-NOQKA,No,0.03543383255600929,Low,149.51802248954772,Low,Low
5843-TTHGI,No,0.19113925099372864,Low,1142.6582247018814,Medium,Low
1849-RJYIG,No,0.29438334703445435,Low,734.0219950675964,Low,Low
8868-GAGIO,No,0.22407576441764832,Low,4198.376364710927,High,Monitor
4061-UKJWL,No,0.4036541283130646,Medium,298.9735192090273,Low,Low
5380-XPJNZ,No,0.012012199498713017,Low,999.6098648006097,Medium,Low
8263-QMNTJ,No,0.03665723279118538,Low,10991.142162023485,High,Monitor
8178-EYZUO,No,0.27308976650238037,Low,4310.2,High,Monitor
3230-JCNZS,No,0.012040261179208755,Low,9376.3923394382,High,Monitor
0277-ORXQS,No,0.017313556745648384,Low,4528.495192956179,High,Monitor
5130-IEKQT,Yes,0.5783984661102295,Medium,2648.75,Medium,Medium
3230-WYKIR,No,0.2023439109325409,Low,1476.0,Medium,Low
7996-BPXHY,No,0.019611917436122894,Low,913.2328495383263,Medium,Low
3227-WLKLI,No,0.020550791174173355,Low,8102.795801632106,High,Monitor
0407-BDJKB,No,0.4116031527519226,Medium,5745.0,High,High
2266-FUBDZ,No,0.011233342811465263,Low,749.4332355983556,Low,Low
8237-ULIXL,No,0.004019686486572027,Low,2383.2026589794086,Medium,Low
9600-UDOPK,Yes,0.5092427134513855,Medium,2821.5,Medium,Medium
8216-AZUUZ,No,0.06491483002901077,Low,6469.981225562096,High,Monitor
9153-BTBVV,No,0.007539594080299139,Low,2370.4762435518205,Medium,Low
4074-SJFFA,Yes,0.6212611794471741,High,54.75,Low,Medium
3269-ATYWD,Yes,0.5158987641334534,Medium,3730.3500000000004,High,High
5186-PEIZU,No,0.019860761240124702,Low,786.9560820767656,Low,Low
1074-AMIOH,No,0.2919156849384308,Low,6197.150762632489,High,Monitor
4910-GMJOT,Yes,0.9397985339164734,High,94.6,Low,Medium
0354-WYROK,No,0.4859474301338196,Medium,3065.9,Medium,Medium
4361-FEBGN,No,0.012051043100655079,Low,1444.972115556523,Medium,Low
7748-UMTRK,Yes,0.5181208848953247,Medium,3331.8861261606216,High,High
0380-ZCSBI,No,0.10381131619215012,Low,307.542642056942,Low,Low
7145-FEJWU,Yes,0.5865864753723145,Medium,1524.7946648597717,Medium,Medium
6463-MVYRY,No,0.024207262322306633,Low,5617.268945442885,High,Monitor
3969-JQABI,No,0.09355217218399048,Low,4139.374324589968,High,Monitor
9624-EGDEQ,No,0.013292931951582432,Low,1201.483198736608,Medium,Low
1051-EQPZR,No,0.020294642075896263,Low,977.6133500918746,Medium,Low
5849-ASHZJ,No,0.022873448207974434,Low,776.4466483611614,Low,Low
5780-INQIK,No,0.2607719302177429,Low,614.307199883461,Low,Low
7576-OYWBN,Yes,0.8098863959312439,High,228.14999999999998,Low,Medium
4526-ZJJTM,No,0.31752505898475647,Medium,2571.9847087144854,Medium,Medium
8384-FZBJK,No,0.3807176649570465,Medium,6107.998817431926,High,High
3750-RNQKR,No,0.08735089749097824,Low,339.90615026280284,Low,Low
0962-CQPWQ,No,0.00919013749808073,Low,1741.322565010935,Medium,Low
3096-YXENJ,No,0.1006665900349617,Low,9320.767797985673,High,Monitor
1265-BCFEO,No,0.025949984788894653,Low,7592.645769369602,High,Monitor
5837-LXSDN,No,0.08583196252584457,Low,1881.4354680642487,Medium,Low
5945-AZYHT,No,0.13753804564476013,Low,8915.90996236801,High,Monitor
8325-QRPZR,Yes,0.5953480005264282,Medium,708.5075865626336,Low,Low
6384-VMJHP,No,0.0033685395028442144,Low,7002.098318791017,High,Monitor
2262-SLNVK,Yes,0.746628999710083,High,176.66784272193908,Low,Medium
7730-CLDSV,No,0.017154699191451073,Low,9429.784534194321,High,Monitor
1135-HIORI,No,0.0772337093949318,Low,8366.90763705522,High,Monitor
0164-APGRB,No,0.030383160337805748,Low,10946.615397052467,High,Monitor
6481-ESCNL,No,0.3355240821838379,Medium,3316.8283212184906,High,High
1790-NESIO,No,0.01923324726521969,Low,745.3834021389484,Low,Low
1550-EENBN,No,0.2996238172054291,Low,3673.3555280476808,High,Monitor
5539-TMZLF,Yes,0.8713179230690002,High,69.75,Low,Medium
4323-SADQS,No,0.2683003544807434,Low,241.5,Low,Low
4446-BZKHU,Yes,0.5193705558776855,Medium,6438.55,High,High
5202-IVJNU,No,0.17881572246551514,Low,1173.9,Medium,Low
5976-JCJRH,Yes,0.5483142733573914,Medium,703.0,Low,Low
8198-RKSZG,No,0.1974760890007019,Low,1513.6782918393612,Medium,Low
0137-OCGAB,Yes,0.8602336645126343,High,80.2,Low,Medium
3351-NQLDI,No,0.18267646431922913,Low,6321.45,High,Monitor
9297-EONCV,No,0.002338093938305974,Low,8764.473962849657,High,Monitor
7593-JNWRU,No,0.3183773458003998,Medium,267.6,Low,Low
4588-YBNIB,No,0.45227107405662537,Medium,19.6,Low,Low
1069-QJOEE,No,0.029593657702207565,Low,729.2330345407128,Low,Low
3336-JORSO,Yes,0.5171961188316345,Medium,3644.85,High,High
7799-DSEWS,No,0.1785922348499298,Low,1567.1593244880437,Medium,Low
8766-PAFNE,No,0.015133699402213097,Low,7485.770185054838,High,Monitor
5315-CKEQK,No,0.12335201352834702,Low,1964.5085677206516,Medium,Low
3130-ICDUP,No,0.4571126699447632,Medium,423.47744661569595,Low,Low
0820-FNRNX,No,0.18890531361103058,Low,1458.5000934928655,Medium,Low
0880-FVFWF,No,0.22262844443321228,Low,5241.389414405823,High,Monitor
4611-ANLQC,No,0.07219474017620087,Low,3560.2398390501735,High,Monitor
4213-HKBJO,No,0.016272490844130516,Low,1454.8631276473402,Medium,Low
2792-LSHWX,Yes,0.5076295733451843,Medium,329.7821614980698,Low,Low
5028-GZLDO,No,0.4914829730987549,Medium,141.4,Low,Low
0014-BMAQU,No,0.026422778144478798,Low,7310.869483921678,High,Monitor
6861-XWTWQ,Yes,0.9047949314117432,High,694.75,Low,Medium
9018-PCIOK,No,0.028478199616074562,Low,5070.99487779662,High,Monitor
4837-QUSFT,No,0.07271476835012436,Low,7624.161391396821,High,Monitor
6877-TJMBR,Yes,0.7342992424964905,High,84.8,Low,Medium
9953-ZMKSM,No,0.014513807371258736,Low,2187.954632733017,Medium,Low
0907-HQNTS,No,0.06432095915079117,Low,10447.561558783054,High,Monitor
7665-NKLAV,No,0.020256564021110535,Low,2419.2376961410046,Medium,Low
6769-DCQLI,No,0.28179916739463806,Low,5460.0,High,Monitor
2433-KMEAS,No,0.4372141659259796,Medium,1197.9,Medium,Medium
4391-LNRXK,No,0.22245478630065918,Low,2531.8675082445147,Medium,Low
8250-ZNGGW,No,0.207057386636734,Low,584.4835752427578,Low,Low
2195-ZRVAX,No,0.3602556586265564,Medium,4009.1,High,High
3550-SAHFP,Yes,0.5659705996513367,Medium,2750.5499999999997,Medium,Medium
2011-TRQYE,No,0.29591891169548035,Low,603.0,Low,Low
8562-GHPPI,No,0.28328409790992737,Low,104.94584916830063,Low,Low
5893-PYOLZ,No,0.027662040665745735,Low,6489.693881765008,High,Monitor
4986-MXSFP,No,0.12305603921413422,Low,145.2332752943039,Low,Low
6131-FOYAS,No,0.17588171362876892,Low,2380.7046992063524,Medium,Low
3027-YNWZU,No,0.012342981062829494,Low,2192.5942113623023,Medium,Low
5609-IMCGG,No,0.37794625759124756,Medium,1580.0713990330696,Medium,Medium
4873-ILOLJ,No,0.4971553683280945,Medium,2168.3999999999996,Medium,Medium
4727-MCYZG,Yes,0.5453259944915771,Medium,207.09284603595734,Low,Low
9481-WHGWY,No,0.031357597559690475,Low,7026.192920573055,High,Monitor
2725-KXXWT,Yes,0.8590546250343323,High,90.75,Low,Medium
9565-DJPIB,Yes,0.690721869468689,High,358.4,Low,Medium
4328-VUFWD,No,0.09740051627159119,Low,2954.9897926211356,Medium,Low
3301-LSLWQ,No,0.17398850619792938,Low,2244.496158441901,Medium,Low
7473-ZBDSN,No,0.0024241404607892036,Low,713.3062278240919,Low,Low
3166-PNEOF,No,0.026938382536172867,Low,7292.358243913949,High,Monitor
5639-NTUPK,No,0.23457184433937073,Low,916.5728414595127,Medium,Low
8780-YRMTT,No,0.009799377992749214,Low,4254.852227595448,High,Monitor
8348-HFYIV,Yes,0.7783727049827576,High,98.5,Low,Medium
5140-FOMCQ,No,0.21996213495731354,Low,7461.543595632911,High,Monitor
6242-SGYTS,No,0.052233774214982986,Low,6966.784837659448,High,Monitor
8166-ORCHU,No,0.1407383531332016,Low,4051.757124772668,High,Monitor
8414-OOEEL,No,0.08010197430849075,Low,7002.1654330194,High,Monitor
8454-AATJP,No,0.023026153445243835,Low,10981.220185106993,High,Monitor
6849-WLEYG,No,0.35969609022140503,Medium,19.75,Low,Low
4659-NZRUF,Yes,0.6827718019485474,High,1807.8500000000001,Medium,High
4531-AUZNK,No,0.06441181898117065,Low,5920.9045850873,High,Monitor
4191-XOVOM,No,0.3602599501609802,Medium,7044.771607518196,High,High
2150-OEGBV,No,0.03342190384864807,Low,775.8386367917061,Low,Low
8429-XIBUM,Yes,0.6692042350769043,High,2229.7,Medium,High
1855-CFULU,No,0.15455637872219086,Low,181.90686763972045,Low,Low
4878-BUNFV,No,0.006686783395707607,Low,1362.8780060090123,Medium,Low
1872-EBWSC,No,0.023386524990200996,Low,828.6390105973929,Low,Low
2608-BHKFN,Yes,0.5536422729492188,Medium,280.2,Low,Low
7026-YMSBE,No,0.028622033074498177,Low,820.6337513811886,Low,Low
7341-LXCAF,Yes,0.7239858508110046,High,298.6,Low,Medium
6997-UVGOX,No,0.006364842876791954,Low,8104.696980228276,High,Monitor
9674-EHPPG,No,0.020232858136296272,Low,2808.382220751047,Medium,Low
9462-MJUAW,No,0.40649110078811646,Medium,201.6,Low,Low
8128-YVJRG,Yes,0.5471271276473999,Medium,557.5500000000001,Low,Low
5440-VHLUL,No,0.30803781747817993,Medium,8132.333059215546,High,High
5781-BKHOP,No,0.006359013728797436,Low,9647.039166436718,High,Monitor
4283-FUTGF,Yes,0.6544097661972046,High,1517.1499999999999,Medium,High
5213-TWWJU,No,0.2970340847969055,Low,2931.8193897008896,Medium,Low
1569-TTNYJ,Yes,0.8114303946495056,High,393.75,Low,Medium
8628-MFKAX,No,0.02176603302359581,Low,11147.011575467885,High,Monitor
2397-BRLOM,Yes,0.6022353172302246,High,643.6,Low,Medium
7629-WIXZF,No,0.1587023288011551,Low,1010.3483084142208,Medium,Low
5445-GLVOT,No,0.2924756407737732,Low,1307.0082785367965,Medium,Low
3976-HXHCE,No,0.004889060743153095,Low,1850.5353870637716,Medium,Low
2466-NEJOJ,No,0.09117334336042404,Low,264.350662817806,Low,Low
0254-KCJGT,No,0.0758855789899826,Low,5135.474966442585,High,Monitor
5472-CVMDX,No,0.012658320367336273,Low,3566.9821921050548,High,Monitor
6461-SZMCV,No,0.00557803874835372,Low,8343.475875809976,High,Monitor
8150-QUDFX,No,0.1486949771642685,Low,141.09042821973563,Low,Low
9508-ILZDG,No,0.4708698093891144,Medium,3581.7901631921527,High,High
2346-DJQTB,No,0.23735150694847107,Low,955.7577666431665,Medium,Low
1697-LYYYX,No,0.00823382381349802,Low,1392.4128075819463,Medium,Low
1942-OQFRW,No,0.46729782223701477,Medium,184.6333749294281,Low,Low
4749-VFKVB,Yes,0.5683211088180542,Medium,50.1,Low,Low
9640-ZSLDC,No,0.09490910172462463,Low,3869.982101225853,High,Monitor
4231-LZUYM,No,0.00502223614603281,Low,2459.3083114285023,Medium,Low
7598-UAASY,Yes,0.6054587364196777,High,152.8,Low,Medium
7938-OUHIO,Yes,0.7764002084732056,High,296.1,Low,Medium
8510-AWCXC,Yes,0.7584171891212463,High,1310.3999999999999,Medium,High
6128-AQBMT,No,0.4249318242073059,Medium,2398.0995685040953,Medium,Medium
3594-BDSOA,No,0.025788865983486176,Low,728.0868856072425,Low,Low
0431-APWVY,No,0.23818600177764893,Low,2522.7999999999997,Medium,Low
5133-VRSAB,No,0.15781085193157196,Low,383.1095089748502,Low,Low
5996-DAOQL,No,0.28763508796691895,Low,107.85717470645905,Low,Low
6838-YAUVY,No,0.060040753334760666,Low,7280.762984588742,High,Monitor
0484-JPBRU,No,0.06765465438365936,Low,1176.5003198608756,Medium,Low
7883-ROJOC,No,0.12463072687387466,Low,1088.924482180178,Medium,Low
0244-LGNFY,No,0.0033809090964496136,Low,8886.882210533135,High,Monitor
7274-CGTOD,No,0.014562413096427917,Low,3742.9269411444666,High,Monitor
4295-YURET,No,0.023477325215935707,Low,5767.093108543753,High,Monitor
3426-NIYYL,No,0.3680373728275299,Medium,773.25,Low,Low
8225-BTJAU,Yes,0.5799281001091003,Medium,792.5,Low,Low
4635-EJYPD,No,0.0037538656033575535,Low,1059.492741923593,Medium,Low
1866-ZSLJM,No,0.06271713227033615,Low,545.7857927307487,Low,Low
4636-TVXVG,No,0.028165161609649658,Low,1469.5572603106498,Medium,Low
4236-UJPWO,Yes,0.5160062313079834,Medium,120.14708399772644,Low,Low
9392-XBGTD,No,0.0097475815564394,Low,1045.7807956784964,Medium,Low
3387-VATUS,Yes,0.8482764363288879,High,474.25,Low,Medium
6402-SSEJG,No,0.08430282771587372,Low,2197.0897484153506,Medium,Low
1143-NMNQJ,Yes,0.8595125675201416,High,171.4,Low,Medium
1169-SAOCL,No,0.2596514821052551,Low,6173.348033201695,High,Monitor
1110-KYLGQ,No,0.1748475432395935,Low,7355.686520665884,High,Monitor
9929-PLVPA,No,0.09874919801950455,Low,191.91309816241264,Low,Low
3518-PZXZQ,Yes,0.6518350839614868,High,170.82111914157866,Low,Medium
2371-JUNGC,No,0.08190587162971497,Low,334.29843659698963,Low,Low
7693-QPEFS,No,0.2926586866378784,Low,4103.003292858601,High,Monitor
0924-BJCRC,No,0.2474970668554306,Low,5770.868324218691,High,Monitor
5074-FBGHB,No,0.2925562858581543,Low,7586.00781621933,High,Monitor
2351-BKRZW,No,0.031013034284114838,Low,4982.4276757240295,High,Monitor
4455-BFSPD,No,0.14141720533370972,Low,7212.2977961659435,High,Monitor
0415-MOSGF,No,0.43297311663627625,Medium,44.4,Low,Low
1724-BQUHA,Yes,0.7787593007087708,High,447.5,Low,Medium
3948-KXDUF,No,0.010266819037497044,Low,6170.55974858813,High,Monitor
2323-ARSVR,No,0.10575293749570847,Low,9823.697270986437,High,Monitor
0815-MFZGM,No,0.054408859461545944,Low,6404.724549919367,High,Monitor
4826-XTSOH,Yes,0.9250333905220032,High,86.05,Low,Medium
5480-XTFFL,No,0.012606446631252766,Low,1148.6463508978486,Medium,Low
8295-FHIVV,No,0.09511591494083405,Low,241.1285075008869,Low,Low
2495-INZWQ,Yes,0.6306480765342712,High,178.2,Low,Medium
9086-YJYXS,No,0.11404532194137573,Low,3445.5484137535095,High,Monitor
1179-INLAT,No,0.038430105894804,Low,282.78041328415276,Low,Low
7909-FIOIY,No,0.2318224310874939,Low,586.6852755248547,Low,Low
4139-SUGLD,No,0.15014469623565674,Low,1097.3999999999999,Medium,Low
6857-VWJDT,Yes,0.8877303600311279,High,95.65,Low,Medium
6351-SCJKT,No,0.21717526018619537,Low,318.26881794780496,Low,Low
5468-BPMMO,No,0.023116931319236755,Low,1016.4814488768578,Medium,Low
5624-BQSSA,No,0.4121880829334259,Medium,20.95,Low,Low
0197-PNKNK,No,0.05419865623116493,Low,6785.525081775338,High,Monitor
2439-QKJUL,No,0.10740524530410767,Low,209.70026269555092,Low,Low
1194-SPVSP,No,0.3103654086589813,Medium,100.9579183191061,Low,Low
9534-NSXEM,No,0.025199484080076218,Low,778.455567844957,Low,Low
2408-WITXK,Yes,0.6065618395805359,High,347.0,Low,Medium
8929-KSWIH,No,0.06262191385030746,Low,4716.459454911947,High,Monitor
2250-IVBWA,No,0.1487169861793518,Low,5601.178929620981,High,Monitor
1810-MVMAI,No,0.09557712078094482,Low,2394.8339198112485,Medium,Low
9506-UXUSK,Yes,0.5250630974769592,Medium,1111.850942271948,Medium,Medium
1229-RCALF,No,0.08868832886219025,Low,8617.610106170177,High,Monitor
3572-UOLYZ,No,0.23424875736236572,Low,4290.414232254028,High,Monitor
1429-UYJSV,No,0.04057154059410095,Low,463.20888780355455,Low,Low
5577-OTWWW,No,0.1850498765707016,Low,296.25,Low,Low
6100-QQHEB,Yes,0.6251444220542908,High,1573.35,Medium,High
6366-XIVKZ,No,0.1938888132572174,Low,1126.3855286568403,Medium,Low
3470-OBUET,No,0.03205123916268349,Low,6677.076999247074,High,Monitor
2770-NSVDG,No,0.31753477454185486,Medium,817.5584283649922,Low,Low
9375-MHRRS,No,0.23833894729614258,Low,529.0268141269684,Low,Low
2634-HCZGT,No,0.10868056118488312,Low,3182.6499999999996,Medium,Low
7503-QQRVF,No,0.3873709738254547,Medium,1188.8,Medium,Medium
4860-YZGZM,No,0.060167811810970306,Low,312.77986258268356,Low,Low
6599-GZWCM,No,0.1011008471250534,Low,1775.6838611453773,Medium,Low
2691-NZETQ,Yes,0.8051820993423462,High,768.15,Low,Medium
4404-HIBDJ,No,0.045767661184072495,Low,1857.5,Medium,Low
5533-NHFRF,No,0.4275723099708557,Medium,463.29473662376404,Low,Low
7037-MTYVW,No,0.019115429371595383,Low,5255.621015959979,High,Monitor
4760-THGOT,No,0.2784895896911621,Low,4453.6647776603695,High,Monitor
7295-JOMMD,Yes,0.8008904457092285,High,392.4,Low,Medium
4016-BJKTZ,No,0.21019132435321808,Low,4786.743954670429,High,Monitor
6584-VQMYT,No,0.04175332933664322,Low,2163.641554695368,Medium,Low
9838-BFCQT,No,0.0034859427250921726,Low,2503.416405477002,Medium,Low
2790-XUYMV,No,0.021395469084382057,Low,7070.411086000875,High,Monitor
0581-MDMPW,No,0.41742077469825745,Medium,2445.72253254354,Medium,Medium
5013-SBUIH,No,0.18031898140907288,Low,5482.5,High,Monitor
1023-BQXZE,No,0.0274979155510664,Low,5973.282719490677,High,Monitor
9163-GHAYE,No,0.18814042210578918,Low,970.7060422807932,Medium,Low
3904-UKFRE,Yes,0.6123755574226379,High,506.69230710268016,Low,Medium
5353-WILCI,No,0.10745324939489365,Low,1869.5634722284972,Medium,Low
0709-TVGUR,Yes,0.677422821521759,High,670.9499999999999,Low,Medium
0058-EVZWM,No,0.1746259480714798,Low,5383.711539179087,High,Monitor
6023-YEBUP,Yes,0.7640784978866577,High,302.85,Low,Medium
7209-JCUDS,Yes,0.7496591806411743,High,949.0,Medium,High
7009-PCARS,No,0.006081864237785339,Low,1278.3060367166997,Medium,Low
0519-DRGTI,No,0.058740850538015366,Low,521.9277421493084,Low,Low
1017-FBQMM,No,0.091781847178936,Low,7730.898421280086,High,Monitor
3001-CBHLQ,Yes,0.6208867430686951,High,3356.8,High,Critical
1985-MBRYP,No,0.006993287708610296,Low,1313.2519655166193,Medium,Low
6158-DWPZT,No,0.22014914453029633,Low,216.9,Low,Low
9372-TXXPS,No,0.010616268962621689,Low,5012.15079126209,High,Monitor
3259-QMXUN,No,0.04268202185630798,Low,6972.001870036124,High,Monitor
1015-JPFYW,No,0.04204631969332695,Low,359.73638898357746,Low,Low
6645-MXQJT,No,0.4501727819442749,Medium,514.5293372392654,Low,Low
4360-QRAVE,No,0.2500387132167816,Low,1520.9664869636297,Medium,Low
8433-WPJTV,No,0.1480465829372406,Low,7815.715520393849,High,Monitor
5804-JMYIO,No,0.008924352005124092,Low,1240.0198571495712,Medium,Low
3763-GCZHZ,No,0.3313901722431183,Medium,6867.3,High,High
6484-LATFU,No,0.007264799904078245,Low,2254.319579896517,Medium,Low
7599-NTMDP,No,0.0109585952013731,Low,4175.391593928635,High,Monitor
0772-GYEQQ,Yes,0.6655961275100708,High,265.04999999999995,Low,Medium
0536-ACXIP,No,0.03296612203121185,Low,10430.125471955538,High,Monitor
0936-NQLJU,No,0.011009239591658115,Low,1336.7938208583741,Medium,Low
4831-EOBFE,No,0.37310782074928284,Medium,2744.8500000000004,Medium,Medium
1575-KRZZE,No,0.21239537000656128,Low,481.65465345382694,Low,Low
3251-YMVWZ,No,0.054436277598142624,Low,1547.539690285176,Medium,Low
4102-OQUPX,Yes,0.8860011100769043,High,74.4,Low,Medium
9170-GYZJC,No,0.12865665555000305,Low,3275.9,High,Monitor
4884-LEVMQ,No,0.008789214305579662,Low,1284.0362536188215,Medium,Low
8857-CUPFQ,No,0.012945643626153469,Low,1668.769112644717,Medium,Low
7610-TVOPG,No,0.16784363985061646,Low,526.8139205396176,Low,Low
3638-DIMPH,No,0.12551768124103546,Low,1029.0279067397116,Medium,Low
1845-ZLLIG,Yes,0.505006730556488,Medium,199.09347477555275,Low,Low
8559-WNQZS,No,0.013115004636347294,Low,504.81315572448074,Low,Low
3999-QGRJH,Yes,0.5371186137199402,Medium,557.6,Low,Low
1699-UOTXU,No,0.042025208473205566,Low,5095.671652793884,High,Monitor
2454-RPBRZ,Yes,0.8674939274787903,High,1177.1999999999998,Medium,High
0635-WKOLD,No,0.06286053359508514,Low,3625.6314069777727,High,Monitor
5993-JSUWV,No,0.011120440438389778,Low,5487.179641612619,High,Monitor
4518-FZBSX,No,0.0153346611186862,Low,1089.7736773481593,Medium,Low
5387-ASZNZ,No,0.025261979550123215,Low,4960.944271268696,High,Monitor
6988-CJEYV,No,0.40371301770210266,Medium,5189.421150916815,High,High
2002-MZHWP,No,0.3911244571208954,Medium,20.5,Low,Low
3097-FQTVJ,No,0.008242866024374962,Low,1296.0434243083,Medium,Low
5465-BUBFA,No,0.008648081682622433,Low,1250.4942085646094,Medium,Low
7299-GNVPL,No,0.17894262075424194,Low,2356.983456850052,Medium,Low
9743-DQKQW,Yes,0.5923126339912415,Medium,136.69771732091905,Low,Low
1215-VFYVK,No,0.24501240253448486,Low,411.56890946626663,Low,Low
9371-BITHB,No,0.012536748312413692,Low,1502.6274931039661,Medium,Low
2265-CYWIV,Yes,0.8402212262153625,High,398.4,Low,Medium
9093-FPDLG,Yes,0.5364888310432434,Medium,1298.176512694359,Medium,Medium
0541-FITGH,No,0.3741472363471985,Medium,357.68049556612965,Low,Low
6985-HAYWX,No,0.2799105942249298,Low,2404.418539267778,Medium,Low
7508-KBIMB,No,0.05049630254507065,Low,1990.9149957820773,Medium,Low
6838-HVLXG,No,0.08606796711683273,Low,354.91692160516976,Low,Low
2277-DJJDL,No,0.48058128356933594,Medium,6248.534717559814,High,High
1897-OKVMW,No,0.012080810964107513,Low,7946.531484639644,High,Monitor
5485-ITNPC,No,0.016778014600276947,Low,7696.410445100069,High,Monitor
0233-FTHAV,No,0.048590462654829025,Low,5656.21962429285,High,Monitor
4644-PIZRT,No,0.0694647878408432,Low,1981.50782610476,Medium,Low
8922-NPKBJ,No,0.020017163828015327,Low,1267.8040291182697,Medium,Low
2740-TVLFN,Yes,0.67305988073349,High,148.52628188729287,Low,Medium
7771-CFQRQ,No,0.02700352482497692,Low,4488.452202787995,High,Monitor
9512-PHSMG,No,0.09575776755809784,Low,316.99306726008655,Low,Low
6963-EZQEE,No,0.027631117030978203,Low,8264.978350085765,High,Monitor
2452-KDRRH,Yes,0.5554491877555847,Medium,7064.264714169502,High,High
2004-OCQXK,Yes,0.8634734153747559,High,81.95,Low,Medium
5027-QPKTE,Yes,0.5708581805229187,Medium,485.44999999999993,Low,Low
4146-SVFUD,No,0.42579013109207153,Medium,198.25856091976166,Low,Low
1564-HJUVY,No,0.25266966223716736,Low,540.8538541942835,Low,Low
3617-XLSGQ,No,0.11015010625123978,Low,9543.68642140925,High,Monitor
7517-LDMPS,Yes,0.5965254306793213,Medium,1220.0036913871763,Medium,Medium
7244-KXYZN,No,0.023704878985881805,Low,730.3828226968645,Low,Low
5226-NOZFC,No,0.47698211669921875,Medium,2498.592700958252,Medium,Medium
2672-HUYVI,Yes,0.6881968379020691,High,546.5999999999999,Low,Medium
1400-WIVLL,No,0.16761384904384613,Low,8309.696039897204,High,Monitor
7508-MYBOG,Yes,0.6867915391921997,High,1205.3999999999999,Medium,High
8148-NLEGT,No,0.023773979395627975,Low,1501.605292148888,Medium,Low
0148-DCDOS,Yes,0.5833913087844849,Medium,2367.5,Medium,Medium
8347-GDTMP,No,0.023784290999174118,Low,1700.4974929615855,Medium,Low
9992-RRAMN,Yes,0.6616218090057373,High,1872.1999999999998,Medium,High
6746-WAUWT,No,0.030404435470700264,Low,603.5123914547264,Low,Low
0310-MVLET,No,0.33662739396095276,Medium,6048.150000000001,High,High
0428-IKYCP,No,0.37567055225372314,Medium,2239.8999717235565,Medium,Medium
4550-VBOFE,Yes,0.6048747897148132,High,7206.5,High,Critical
2187-PKZAY,Yes,0.6411331295967102,High,1131.548437732458,Medium,High
4003-OCTMP,No,0.08692999929189682,Low,2685.2377605438232,Medium,Low
6652-YFFJO,No,0.3399903476238251,Medium,970.9077586352826,Medium,Medium
7225-IILWY,No,0.007135177496820688,Low,2364.590460306965,Medium,Low
5248-RPYWW,No,0.003312709042802453,Low,8647.232622714993,High,Monitor
7923-IYJWY,No,0.12959520518779755,Low,10203.99592026472,High,Monitor
3170-GWYKC,No,0.17104624211788177,Low,6818.99218133837,High,Monitor
5696-QURRL,Yes,0.6044014692306519,High,45.05,Low,Medium
7409-KIUTL,Yes,0.8078573346138,High,71.0,Low,Medium
9830-ECLEN,No,0.037614885717630386,Low,3477.4310685694218,High,Monitor
1732-VHUBQ,No,0.29299360513687134,Low,3315.85,High,Monitor
0495-RVCBF,Yes,0.8683533072471619,High,79.7,Low,Medium
2668-TZSPS,No,0.24104851484298706,Low,113.57334722876548,Low,Low
7854-EDSSA,No,0.18372157216072083,Low,1298.0,Medium,Low
8869-TORSS,No,0.045134223997592926,Low,2896.8,Medium,Low
7446-SFAOA,No,0.020305315032601357,Low,967.8132739592344,Medium,Low
9522-ZSINC,No,0.0937071368098259,Low,476.3165114477277,Low,Low
8234-GSZYK,No,0.020107557997107506,Low,1759.3857221834362,Medium,Low
6505-OZNPG,No,0.02814796008169651,Low,1859.1700639396906,Medium,Low
6164-HAQTX,No,0.006547500845044851,Low,5116.7722959058365,High,Monitor
0679-IDSTG,Yes,0.870790421962738,High,69.25,Low,Medium
7765-LWVVH,No,0.014709948562085629,Low,9096.026013401895,High,Monitor
1658-TJVOA,No,0.46624046564102173,Medium,681.9094889760017,Low,Low
0953-LGOVU,No,0.1702393889427185,Low,602.739010155201,Low,Low
2115-BFTIW,No,0.23419609665870667,Low,1773.75,Medium,Low
4692-NNQRU,No,0.10493727028369904,Low,2513.8676183223724,Medium,Low
7742-MYPGI,No,0.21350139379501343,Low,523.08679189682,Low,Low
0611-DFXKO,No,0.4252849519252777,Medium,1780.0,Medium,Medium
7780-OTDSO,Yes,0.7516833543777466,High,1789.2,Medium,High
9619-GSATL,No,0.10084690153598785,Low,2982.646471717954,Medium,Low
5622-UEJFI,No,0.01661563292145729,Low,1488.4711101710795,Medium,Low
9747-DDZOS,Yes,0.6726749539375305,High,73.5,Low,Medium
0674-DGMAQ,No,0.4393669366836548,Medium,3306.5151485204697,High,High
6203-HBZPA,No,0.01693785935640335,Low,4830.42409889102,High,Monitor
0484-FFVBJ,No,0.16922281682491302,Low,2721.7108039468526,Medium,Low
0301-FIDRB,No,0.00418442115187645,Low,6118.392814332246,High,Monitor
4139-JPIAM,No,0.08308476954698563,Low,2511.491291961819,Medium,Low
2181-TIDSV,No,0.01315929926931858,Low,1829.0993275098501,Medium,Low
2761-XECQW,No,0.4153587520122528,Medium,498.86518860161306,Low,Low
1936-CZAKF,No,0.04343917965888977,Low,3572.687873518467,High,Monitor
9453-PATOS,No,0.002361743710935116,Low,8164.776374644785,High,Monitor
0564-JJHGS,Yes,0.8284900784492493,High,859.5,Low,Medium
3348-CFRNX,No,0.4385358393192291,Medium,2585.7999999999997,Medium,Medium
4402-FTBXC,No,0.2045486718416214,Low,5277.789175611734,High,Monitor
1428-GTBJJ,Yes,0.5191249847412109,Medium,820.05,Low,Low
2931-XIQBR,No,0.11645419150590897,Low,6245.092746783793,High,Monitor
0106-UGRDO,No,0.06105829030275345,Low,10618.013719797134,High,Monitor
5542-TBBWB,Yes,0.8205428123474121,High,145.16434450149538,Low,Medium
1930-QPBVZ,No,0.023335816338658333,Low,8695.938332788646,High,Monitor
2606-PKWJB,No,0.037515249103307724,Low,2074.8801346831024,Medium,Low
5322-ZSMZY,No,0.013343961909413338,Low,1408.0034315399826,Medium,Low
8059-UDZFY,No,0.47825947403907776,Medium,3806.3421864598986,High,High
7740-BTPUX,No,0.17492233216762543,Low,8497.491753578186,High,Monitor
5220-AGAAX,No,0.009709475561976433,Low,2202.4073420763016,Medium,Low
0208-BPQEJ,No,0.07816619426012039,Low,340.101454988122,Low,Low
9435-JMLSX,No,0.004246532451361418,Low,8170.724965342506,High,Monitor
3352-ALMCK,Yes,0.5519216656684875,Medium,4381.971446114779,High,High
5312-IRCFR,No,0.11466825008392334,Low,6928.836635756492,High,Monitor
5294-IMHHT,No,0.16591204702854156,Low,6159.135168835521,High,Monitor
8802-UNOJF,Yes,0.674040675163269,High,1005.5999999999999,Medium,High
6313-GIDIT,No,0.40854766964912415,Medium,2885.8500000000004,Medium,Medium
6176-YJWAS,No,0.008876459673047066,Low,9382.333218600601,High,Monitor
5310-NOOVA,No,0.01475714985281229,Low,1389.4342766504735,Medium,Low
4526-EXKKN,No,0.015319865196943283,Low,1565.3551515877248,Medium,Low
5311-IHLEI,No,0.23640429973602295,Low,844.8312055706979,Low,Low
3987-KQDDU,No,0.3475355803966522,Medium,976.3578607320785,Medium,Medium
3404-JNXAX,No,0.2822589576244354,Low,4465.995535030961,High,Monitor
5131-PONJI,No,0.20984971523284912,Low,4858.177514457703,High,Monitor
2845-AFFTX,Yes,0.7306296825408936,High,4091.7999999999997,High,Critical
3489-VSFRD,No,0.04115705564618111,Low,4067.243448767811,High,Monitor
3345-JHUEO,No,0.09149748831987381,Low,190.9105044156313,Low,Low
5815-HGGHV,No,0.08768853545188904,Low,1985.297365409136,Medium,Low
5260-UMPWX,No,0.0313444621860981,Low,644.1916478443891,Low,Low
2249-YPRNG,Yes,0.6159359812736511,High,2117.0,Medium,High
7410-YTJIK,Yes,0.5046294331550598,Medium,528.15,Low,Low
4626-GYCZP,Yes,0.8474491238594055,High,656.9499999999999,Low,Medium
5649-RXQTV,No,0.3970751464366913,Medium,5407.137363016605,High,High
2674-MIAHT,Yes,0.7191455364227295,High,456.51568055152893,Low,Medium
2576-HXMPA,No,0.23822487890720367,Low,108.90622170418501,Low,Low
7587-AOVVU,No,0.36420464515686035,Medium,3104.588292002678,Medium,Medium
5590-BYNII,Yes,0.7298932671546936,High,2216.5,Medium,High
6898-MDLZW,No,0.1825692057609558,Low,908.6214311420918,Medium,Low
3237-AJGEH,No,0.29480254650115967,Low,93.0,Low,Low
4707-YNOQA,No,0.04023915156722069,Low,1165.23853263855,Medium,Low
9357-UJRUN,No,0.08371800184249878,Low,2041.9806551098825,Medium,Low
1591-NFNLQ,No,0.2543584108352661,Low,4080.0,High,Monitor
8648-PFRMP,Yes,0.6254931092262268,High,753.0503663241864,Low,Medium
7663-CUXZB,No,0.11621718108654022,Low,9123.977095633745,High,Monitor
0258-NOKBL,Yes,0.5288158059120178,Medium,526.7703068733216,Low,Low
1163-VIPRI,No,0.10660432279109955,Low,9448.055540454387,High,Monitor
2815-CPTUL,Yes,0.5560945272445679,Medium,351.25,Low,Low
9348-ROUAI,No,0.01903238706290722,Low,7453.653010757267,High,Monitor
9443-JUBUO,No,0.004455280024558306,Low,6257.023031481542,High,Monitor
0596-BQCEQ,No,0.35174864530563354,Medium,6209.3,High,High
1481-ZUWZA,No,0.3632431626319885,Medium,2646.0,Medium,Medium
3043-TYBNO,No,0.2519029974937439,Low,454.1824992120266,Low,Low
4830-FAXFM,No,0.11661604046821594,Low,585.637320548296,Low,Low
5906-BFOZT,No,0.3860412538051605,Medium,91.33317330479622,Low,Low
2960-NKRSO,No,0.2950456142425537,Low,2426.3449767351153,Medium,Low
8996-ZROXE,No,0.08737078309059143,Low,3635.4079572558403,High,Monitor
5598-IKHQQ,No,0.004019686486572027,Low,2440.7447754940017,Medium,Low
0397-ZXWQF,No,0.008346005342900753,Low,1861.3937653712928,Medium,Low
5266-PFRQK,No,0.026331569999456406,Low,1327.811841186136,Medium,Low
4674-HGNUA,No,0.006713211070746183,Low,8526.01557579376,High,Monitor
6765-MBQNU,No,0.03646663948893547,Low,976.6224084794521,Medium,Low
9786-IJYDL,No,0.1036917120218277,Low,6397.090356779098,High,Monitor
1303-SRDOK,No,0.0316263809800148,Low,5402.53876143992,High,Monitor
3769-MHZNV,No,0.009321414865553379,Low,1141.2033494688571,Medium,Low
6295-OSINB,No,0.01699393428862095,Low,10481.678762526066,High,Monitor
3308-MHOOC,No,0.32582029700279236,Medium,96.86550178527831,Low,Low
2309-OSFEU,No,0.3944423198699951,Medium,339.0,Low,Low
2207-QPJED,No,0.28696000576019287,Low,3715.041596889496,High,Monitor
4177-JPDFU,No,0.20044022798538208,Low,571.110193490982,Low,Low
2239-CFOUJ,No,0.04729246720671654,Low,253.62280402779578,Low,Low
8046-DNVTL,No,0.01968332752585411,Low,3301.365365380049,High,Monitor
2209-XADXF,No,0.48323962092399597,Medium,103.53919743001461,Low,Low
6620-JDYNW,No,0.2275078147649765,Low,1371.6781585514545,Medium,Low
1891-FZYSA,No,0.4647988975048065,Medium,6206.55,High,High
4770-UEZOX,Yes,0.5872041583061218,Medium,334.63893499970436,Low,Low
1038-RQOST,No,0.06682320684194565,Low,506.74065163433556,Low,Low
7613-LLQFO,Yes,0.7979918122291565,High,1013.4000000000001,Medium,High
4568-TTZRT,No,0.0976814553141594,Low,294.04378986954686,Low,Low
9513-DXHDA,No,0.09962552040815353,Low,3088.6271397918463,Medium,Low
2640-PMGFL,No,0.37872686982154846,Medium,2146.5,Medium,Medium
3801-HMYNL,Yes,0.7996655106544495,High,89.15,Low,Medium
0516-QREYC,No,0.10309074074029922,Low,596.4435477778316,Low,Low
9685-WKZGT,Yes,0.6906537413597107,High,1049.3,Medium,High
6022-UGGSO,No,0.4169975221157074,Medium,2380.8,Medium,Medium
8084-OIVBS,No,0.06235871464014053,Low,445.0339084863663,Low,Low
8896-BQTTI,No,0.3222581148147583,Medium,126.66128277778625,Low,Low
3865-QBWSJ,No,0.2575668692588806,Low,3415.4724722087385,High,Monitor
3352-RICWQ,No,0.014887399040162563,Low,644.693372854963,Low,Low
2160-GPFXD,No,0.019798127934336662,Low,5089.506069626659,High,Monitor
2065-MMKGR,No,0.15397518873214722,Low,2779.8131392002106,Medium,Low
5857-TYBCJ,No,0.4980354309082031,Medium,4193.45143737793,High,High
1498-NHTLT,No,0.017881209030747414,Low,7163.021322797984,High,Monitor
4484-CGXFK,Yes,0.5386370420455933,Medium,165.89999999999998,Low,Low
1402-PTHGN,No,0.06066584587097168,Low,1800.228605747223,Medium,Low
4176-RELJR,No,0.01317626517266035,Low,2276.1626178599895,Medium,Low
6214-EDAKZ,No,0.16153515875339508,Low,1213.3,Medium,Low
5199-FPUSP,No,0.04738214239478111,Low,1512.8896566174924,Medium,Low
6377-KSLXC,No,0.11071397364139557,Low,206.19753735512495,Low,Low
1796-JANOW,No,0.1470671147108078,Low,141.9960663691163,Low,Low
0238-WHBIQ,No,0.0036907941102981567,Low,8603.25445843935,High,Monitor
8735-NBLWT,No,0.07595977932214737,Low,296.7025230109691,Low,Low
6651-RLGGM,No,0.007135177496820688,Low,2388.796275964007,Medium,Low
6127-ISGTU,Yes,0.6608963012695312,High,1359.2,Medium,High
1614-JBEBI,No,0.06248968839645386,Low,282.0387807011604,Low,Low
8740-XLHDR,No,0.29487353563308716,Low,216.25,Low,Low
1208-DNHLN,No,0.12953409552574158,Low,1112.05,Medium,Low
1761-AEZZR,Yes,0.8671826124191284,High,79.55,Low,Medium
3923-CSIHK,No,0.29917287826538086,Low,3552.5,High,Monitor
5696-EXCYS,No,0.013533389195799828,Low,791.1326139234006,Low,Low
5795-KTGUD,No,0.09336326271295547,Low,9945.32841179371,High,Monitor
7120-RFMVS,Yes,0.8581608533859253,High,84.5,Low,Medium
7924-GJZFI,No,0.40107181668281555,Medium,1981.5343386232853,Medium,Medium
4702-HDRKD,No,0.022225402295589447,Low,3885.488116760552,High,Monitor
8512-WIWYV,No,0.022165946662425995,Low,889.9870758250356,Low,Low
5897-ZYEKH,No,0.19578838348388672,Low,8094.296960449218,High,Monitor
5456-ITGIC,No,0.006235627923160791,Low,6177.554730728455,High,Monitor
7317-GGVPB,No,0.27301567792892456,Low,7710.599999999999,High,Monitor
1406-PUQVY,Yes,0.5016177892684937,Medium,199.11563389301298,Low,Low
1322-AGOQM,No,0.2013881951570511,Low,1393.8,Medium,Low
3677-IYRBF,Yes,0.8024222254753113,High,60.8,Low,Medium
5692-FPTAH,Yes,0.6113893389701843,High,45.4,Low,Medium
9114-AAFQH,No,0.13367725908756256,Low,3833.6890552908185,High,Monitor
8715-KKTFG,No,0.15858852863311768,Low,7344.313659906387,High,Monitor
1550-LOAHA,No,0.31063881516456604,Medium,2692.8,Medium,Medium
1728-BQDMA,No,0.36886605620384216,Medium,257.2234228104353,Low,Low
0268-QKIWO,No,0.18727003037929535,Low,59.25,Low,Low
0876-WDUUZ,Yes,0.7138747572898865,High,427.0,Low,Medium
5117-ZSMHQ,No,0.006445603910833597,Low,8526.592965001986,High,Monitor
5151-HQRDG,No,0.1150723397731781,Low,2329.141606172919,Medium,Low
0960-HUWBM,No,0.07913825660943985,Low,9067.180979686975,High,Monitor
6465-GSRCL,No,0.15645690262317657,Low,8221.260330164432,High,Monitor
0617-FHSGK,No,0.2902752161026001,Low,3684.8,High,Monitor
0263-FJTQO,No,0.020625226199626923,Low,5182.102117270231,High,Monitor
7319-ZNRTR,No,0.02273198962211609,Low,719.8534360408784,Low,Low
2858-MOFSQ,No,0.1266639530658722,Low,949.45,Medium,Low
7503-EPSZW,No,0.014288580976426601,Low,2108.1526310604067,Medium,Low
7089-XXAYG,No,0.1529107540845871,Low,1339.789203232527,Medium,Low
8118-LSUEL,Yes,0.7232682704925537,High,2447.2000000000003,Medium,High
8070-AAWZP,No,0.21940548717975616,Low,982.4121723845601,Medium,Low
1666-JXLKU,Yes,0.6587929129600525,High,3906.6766143500804,High,Critical
7855-DIWPO,No,0.4631890654563904,Medium,1662.762423938513,Medium,Medium
5133-POWUA,Yes,0.6044014692306519,High,154.51047625541685,Low,Medium
5652-MSDEY,Yes,0.5809286832809448,Medium,947.9679134488106,Medium,Medium
7005-CCBKV,Yes,0.7615920901298523,High,506.40000000000003,Low,Medium
1810-BOHSY,No,0.14708924293518066,Low,5903.047163772583,High,Monitor
1784-BXEFA,No,0.10219385474920273,Low,316.1994977094233,Low,Low
7351-MHQVU,No,0.21980129182338715,Low,544.2067450895905,Low,Low
9224-VTYID,No,0.013584482483565807,Low,6395.994504045695,High,Monitor
9500-IWPXQ,No,0.07469996064901352,Low,5725.02587749362,High,Monitor
5762-TJXGK,No,0.026497386395931244,Low,4427.638685181737,High,Monitor
4504-YOULA,No,0.13499093055725098,Low,2389.2987350702288,Medium,Low
5569-IDSEY,No,0.1923922896385193,Low,8529.069619822503,High,Monitor
4250-FDVOU,No,0.16943304240703583,Low,337.5,Low,Low
7284-ZZLOH,No,0.027388470247387886,Low,3642.664668859541,High,Monitor
5277-ZLOOR,Yes,0.8673640489578247,High,171.1,Low,Medium
2141-RRYGO,No,0.3696122467517853,Medium,274.6,Low,Low
1777-JYQPJ,No,0.46329939365386963,Medium,126.85094840526581,Low,Low
6376-GAHQE,Yes,0.601404070854187,High,311.4,Low,Medium
3401-URHDA,No,0.03909247741103172,Low,3745.6003272369503,High,Monitor
1599-EAHXY,No,0.028125230222940445,Low,1716.3168088339269,Medium,Low
8631-XVRZL,No,0.034286849200725555,Low,414.8594398632645,Low,Low
5052-PNLOS,Yes,0.8445330858230591,High,316.04999999999995,Low,Medium
3853-LYGAM,No,0.3445265293121338,Medium,2002.2262248277666,Medium,Medium
6979-ZNSFF,Yes,0.8390313982963562,High,696.4,Low,Medium
5751-USDBL,No,0.01964801736176014,Low,5631.804254248738,High,Monitor
5680-LQOGP,No,0.021688634529709816,Low,7542.482529992611,High,Monitor
2386-LAHRK,Yes,0.6368590593338013,High,53.5,Low,Medium
8189-DUKMV,No,0.07705310732126236,Low,309.04493559896946,Low,Low
6032-IGALN,Yes,0.6017029881477356,High,25.1,Low,Medium
9931-DCEZH,No,0.06852128356695175,Low,2131.269306087494,Medium,Low
1898-JSNDC,No,0.07882964611053467,Low,2933.1669928550723,Medium,Low
0315-LVCRK,No,0.43766483664512634,Medium,1218.9161311149596,Medium,Medium
3911-RSNHI,No,0.021867360919713974,Low,5800.7762569487095,High,Monitor
2410-CIYFZ,No,0.10482695698738098,Low,150.36918046474455,Low,Low
4248-HCETZ,No,0.3781518042087555,Medium,2389.5,Medium,Medium
5505-OVWQW,No,0.03153452277183533,Low,576.7249523937702,Low,Low
7271-AJDTL,No,0.2868575155735016,Low,5598.887845924497,High,Monitor
1867-TJHTS,No,0.18257121741771698,Low,5019.784901100397,High,Monitor
0516-WJVXC,No,0.23248404264450073,Low,271.0,Low,Low
9174-FKWZE,Yes,0.5031265020370483,Medium,19.45,Low,Low
6860-YRJZP,Yes,0.6985204815864563,High,800.3973500311374,Low,Medium
4429-WYGFR,No,0.08516877889633179,Low,1547.6837271034717,Medium,Low
2817-LVCPP,No,0.02020581252872944,Low,1426.1921736866234,Medium,Low
5038-ETMLM,No,0.02341233193874359,Low,10846.540523403883,High,Monitor
5056-FIMPT,No,0.1267547309398651,Low,5668.767982244492,High,Monitor
4521-WFJAI,No,0.016552384942770004,Low,2065.691174657643,Medium,Low
6569-KTMDU,No,0.14184695482254028,Low,117.4443389773369,Low,Low
8809-RIHDD,No,0.19529655575752258,Low,7444.8,High,Monitor
8809-XKHMD,No,0.00526292622089386,Low,9640.09950644374,High,Monitor
0396-YCHWO,Yes,0.5979069471359253,Medium,3664.5580634593966,High,High
0867-LDTTC,No,0.2485417127609253,Low,714.5825417160988,Low,Low
4822-NGOCH,Yes,0.7447720766067505,High,1097.8500000000001,Medium,High
9391-DXGGG,No,0.11823690682649612,Low,4865.910157077014,High,Monitor
9844-FELAJ,No,0.1327788233757019,Low,8675.877979493142,High,Monitor
2122-SZZZD,No,0.0163873378187418,Low,1088.1653629504144,Medium,Low
5307-DZCVC,No,0.4486716687679291,Medium,2750.4,Medium,Medium
3148-AOIQT,No,0.008942817337810993,Low,2314.9950409781186,Medium,Low
8679-JOEVF,No,0.29670101404190063,Low,950.4,Medium,Low
8395-ETZKQ,No,0.017177851870656013,Low,1555.9803826622665,Medium,Low
6692-YQHXC,No,0.3568674325942993,Medium,1389.1227385401726,Medium,Medium
3889-VWBID,No,0.023556169122457504,Low,7575.360913316905,High,Monitor
5222-JCXZT,No,0.03262944146990776,Low,186.28024367243052,Low,Low
9754-CLVZW,No,0.10545064508914948,Low,1218.6194546297193,Medium,Low
1432-FPAXX,No,0.32263877987861633,Medium,887.4000000000001,Low,Low
2739-CCZMB,No,0.08913574367761612,Low,212.9665256969631,Low,Low
7080-TNUWP,No,0.11746615916490555,Low,7656.088578552008,High,Monitor
0496-AHOOK,No,0.06783411651849747,Low,2617.8377007722856,Medium,Low
8336-TAVKX,No,0.005233290605247021,Low,7521.346760448441,High,Monitor
2468-SJFLM,Yes,0.5229762196540833,Medium,286.95720127820965,Low,Low
3181-VTHOE,No,0.12003087252378464,Low,4112.569087491929,High,Monitor
7168-HDQHG,No,0.020244590938091278,Low,804.0678231239318,Low,Low
4803-AXVYP,Yes,0.6099486351013184,High,3782.9,High,Critical
3884-HCSWG,No,0.4947793483734131,Medium,1190.0,Medium,Medium
4567-AKPIA,No,0.20599797368049622,Low,5512.607452857494,High,Monitor
5077-DXTCG,Yes,0.7175891995429993,High,45.3,Low,Medium
1142-WACZW,No,0.45278361439704895,Medium,59.7,Low,Low
7901-HXJVA,No,0.40106362104415894,Medium,1345.0321170270443,Medium,Medium
5649-ANRML,Yes,0.6675722002983093,High,190.2,Low,Medium
4892-VLANZ,No,0.35481491684913635,Medium,19.8,Low,Low
5924-IFQTT,No,0.2807019352912903,Low,1260.5893946647643,Medium,Low
7968-QUXNS,No,0.013729212805628777,Low,225.838988504,Low,Low
2919-HBCJO,Yes,0.7042365670204163,High,306.6,Low,Medium
4236-XPXAV,Yes,0.8190413117408752,High,495.75,Low,Medium
8903-WMRNW,No,0.39190685749053955,Medium,1897.4908635020256,Medium,Medium
2452-SNHFZ,No,0.15384554862976074,Low,3929.2041201353077,High,Monitor
3629-WEAAM,No,0.19662506878376007,Low,821.7779985457659,Low,Low
6029-CSMJE,No,0.27756109833717346,Low,547.2333469659089,Low,Low
7993-NQLJE,No,0.26680245995521545,Low,1456.8788115441798,Medium,Low
9909-DFRJA,No,0.1699337363243103,Low,3446.842216479778,High,Monitor
9099-FTUHS,No,0.17215821146965027,Low,1521.407559776306,Medium,Low
0581-BXBUB,No,0.47340723872184753,Medium,520.8577402979136,Low,Low
4962-CHQPW,No,0.011816945858299732,Low,811.0352034965531,Low,Low
9467-ROOLM,No,0.008500762283802032,Low,589.5783628709614,Low,Low
3030-YZADT,No,0.20358906686306,Low,404.55,Low,Low
7410-KTVFV,No,0.2217360883951187,Low,891.9,Low,Low
5150-ITWWB,Yes,0.7419877648353577,High,431.38476303219795,Low,Medium
2253-KPMNB,No,0.009740399196743965,Low,4290.438156891614,High,Monitor
1345-ZUKID,No,0.043917249888181686,Low,492.90241457596426,Low,Low
6429-SHBCB,No,0.1521361768245697,Low,1676.4679325580596,Medium,Low
9281-OFDMF,No,0.3343626856803894,Medium,3899.539826452732,High,High
2603-HVKCG,No,0.48357999324798584,Medium,3457.5899321079255,High,High
1834-WULEG,No,0.01731293275952339,Low,724.7929573394358,Low,Low
9097-ZUBYC,No,0.18018899857997894,Low,923.2406612157821,Medium,Low
5148-ORICT,No,0.013995595276355743,Low,6517.826259788871,High,Monitor
4893-GYUJU,No,0.0314750075340271,Low,1192.391503250599,Medium,Low
4578-PHJYZ,No,0.05582756549119949,Low,4353.94225846976,High,Monitor
7272-QDCKA,No,0.22133871912956238,Low,3741.862324118614,High,Monitor
8908-SLFCJ,No,0.019104033708572388,Low,928.6903415322305,Medium,Low
8393-DLHGA,Yes,0.5519940257072449,Medium,2397.5,Medium,Medium
9766-HGEDE,No,0.040296051651239395,Low,551.7932568065822,Low,Low
6968-MHOMU,No,0.2502523362636566,Low,3014.8637384176254,Medium,Low
7395-IGJOS,No,0.2853814661502838,Low,1385.5,Medium,Low
5044-XDPYX,No,0.015451273880898952,Low,1903.0438203848898,Medium,Low
1814-WFGVS,No,0.0057880147360265255,Low,4687.607185905799,High,Monitor
2834-SPCJV,No,0.26775065064430237,Low,4373.2,High,Monitor
3721-WKIIL,No,0.016643228009343147,Low,991.771025544405,Medium,Low
6734-CKRSM,No,0.1297808438539505,Low,164.42629873752594,Low,Low
1265-ZFOSD,No,0.016586223617196083,Low,7122.036960478127,High,Monitor
6568-POCUI,No,0.04123159870505333,Low,6474.594043278695,High,Monitor
7890-VYYWG,Yes,0.7356052398681641,High,109.35000000000001,Low,Medium
5197-LQXXH,No,0.017339155077934265,Low,7878.835561168194,High,Monitor
9907-SWKKF,Yes,0.6612774133682251,High,25.05,Low,Medium
3457-PQBYH,No,0.012653137557208538,Low,1658.435391382128,Medium,Low
7682-AZNDK,No,0.38294655084609985,Medium,3387.5535144388673,High,High
0587-DMGBH,No,0.36666008830070496,Medium,398.8,Low,Low
5384-ZTTWP,No,0.04593364894390106,Low,410.34308250546457,Low,Low
3745-HRPHI,No,0.018750987946987152,Low,4893.906204208732,High,Monitor
7636-OWBPG,No,0.33076897263526917,Medium,470.0515839189291,Low,Low
1231-YNDEK,No,0.008463467471301556,Low,1566.4101903501896,Medium,Low
1407-DIGZV,No,0.003558326978236437,Low,514.0688629131764,Low,Low
6397-JNZZG,No,0.2696402370929718,Low,2388.65,Medium,Low
0570-BFQHT,No,0.41134846210479736,Medium,1009.4452882647514,Medium,Medium
4393-OBCRR,No,0.036004044115543365,Low,295.00101727992296,Low,Low
3523-QRQLL,No,0.15142706036567688,Low,1529.0,Medium,Low
8564-LDKFL,No,0.31879085302352905,Medium,5106.498034954071,High,High
3696-DFHHB,No,0.010652023367583752,Low,2339.4809616990387,Medium,Low
0895-DQHEW,Yes,0.5944754481315613,Medium,5632.2,High,High
4717-GHADL,No,0.032722391188144684,Low,5827.887143874168,High,Monitor
5501-TVMGM,Yes,0.666414737701416,High,165.8335144519806,Low,Medium
5879-HMFFH,No,0.00301163038238883,Low,8446.435822675936,High,Monitor
6772-WFQRD,No,0.02179982326924801,Low,1055.463403263688,Medium,Low
3810-DVDQQ,No,0.023666614666581154,Low,11222.80334676504,High,Monitor
6972-SNKKW,No,0.05381520465016365,Low,233.54217544198036,Low,Low
3694-GLTJM,No,0.08043830841779709,Low,206.6663234375417,Low,Low
8550-XSXUQ,No,0.1546349823474884,Low,4102.0860239446165,High,Monitor
8149-RSOUN,Yes,0.9288733601570129,High,93.85,Low,Medium
9055-MOJJJ,No,0.028961272910237312,Low,4977.932178910077,High,Monitor
4359-INNWN,No,0.03909066691994667,Low,572.0447855390609,Low,Low
0585-EGDDA,No,0.3613184094429016,Medium,3506.567163467407,High,High
4032-RMHCI,No,0.0313219279050827,Low,1862.8944450259207,Medium,Low
0549-CYCQN,No,0.10530919581651688,Low,4914.208656156063,High,Monitor
3481-JHUZH,No,0.45992717146873474,Medium,3550.295066937804,High,High
7250-EQKIY,No,0.4902555048465729,Medium,50.45,Low,Low
3594-IVHJZ,No,0.1271786391735077,Low,147.9951809734106,Low,Low
6869-FGJJC,No,0.05794942006468773,Low,6312.64671395421,High,Monitor
3896-ZVNET,No,0.01328621618449688,Low,1177.72393104583,Medium,Low
8205-VSLRB,No,0.03515646606683731,Low,7200.977724152804,High,Monitor
5960-MVTUK,No,0.40303024649620056,Medium,195.8091010004282,Low,Low
6817-WTYHE,No,0.38322219252586365,Medium,255.95994133353233,Low,Low
3082-VQXNH,No,0.37308090925216675,Medium,201.49313342571259,Low,Low
4013-UBXWQ,No,0.4523172676563263,Medium,522.5500000000001,Low,Low
4931-TRZWN,No,0.28833699226379395,Low,1242.5749204397202,Medium,Low
0750-EKNGL,No,0.10241345316171646,Low,256.9995250813663,Low,Low
7669-LCRSD,No,0.2551645040512085,Low,927.2054305315017,Medium,Low
3567-PQTSO,No,0.21810078620910645,Low,6565.788707017899,High,Monitor
5519-NPHVG,Yes,0.8271046876907349,High,1130.4,Medium,High
8043-PNYSD,No,0.017285695299506187,Low,1692.7395517654718,Medium,Low
9938-EKRGF,No,0.16240321099758148,Low,1691.1602929875255,Medium,Low
2703-AMTUL,No,0.04010620713233948,Low,2549.3796238481996,Medium,Low
0928-JMXNP,Yes,0.5795891284942627,Medium,195.02171034812926,Low,Low
8173-RXAYP,No,0.018493402749300003,Low,936.856319180131,Medium,Low
4825-XJGDM,No,0.036888401955366135,Low,3170.7557220146064,Medium,Low
5402-HTOTQ,No,0.2374427169561386,Low,1137.816506513953,Medium,Low
6734-JDTTV,No,0.012479952536523342,Low,1760.7045506116003,Medium,Low
7850-THJMU,No,0.012472009286284447,Low,976.6182004205882,Medium,Low
3890-RTCMS,No,0.15914349257946014,Low,1040.6821257516742,Medium,Low
8849-GYOKR,No,0.21468177437782288,Low,5753.7,High,Monitor
3148-BLQJT,No,0.4061172306537628,Medium,20.1,Low,Low
3717-FDJFU,No,0.011723279021680355,Low,587.2962146561592,Low,Low
3665-JATSN,No,0.45641061663627625,Medium,883.782991117239,Low,Low
7966-YOTQW,No,0.22094398736953735,Low,799.7513161301613,Low,Low
0461-CVKMU,No,0.30906400084495544,Medium,1927.3999999999999,Medium,Medium
8806-EAGWC,No,0.4452127516269684,Medium,165.45,Low,Low
8853-TZDGH,No,0.01523324940353632,Low,10672.799264797568,High,Monitor
7779-LGOVN,Yes,0.7800252437591553,High,866.5,Low,Medium
4324-BZCKL,No,0.2635536193847656,Low,800.9575786590576,Low,Low
6924-TDGMT,No,0.033367425203323364,Low,464.4215929448605,Low,Low
9710-ZUSHQ,No,0.35460197925567627,Medium,3949.75,High,High
1536-YHDOE,No,0.07231909036636353,Low,1747.0078138589859,Medium,Low
8123-QBNAZ,No,0.3961767256259918,Medium,4140.597193032503,High,High
3629-ZNKXA,Yes,0.5577393770217896,Medium,2000.732788515091,Medium,Medium
4827-LTQRJ,No,0.09774819761514664,Low,8497.068592125177,High,Monitor
7711-YIJWC,No,0.05635698139667511,Low,6140.283507353068,High,Monitor
5482-VXSXJ,No,0.3981078863143921,Medium,2386.978069972992,Medium,Medium
7365-BVCJH,Yes,0.6840602159500122,High,70.6535843849182,Low,Medium
9620-ENEJV,No,0.4745250344276428,Medium,645.7335529267788,Low,Low
4183-WCSEP,No,0.384951114654541,Medium,2431.9500000000003,Medium,Medium
2378-YIZKA,No,0.016775427386164665,Low,7785.778128132224,High,Monitor
5498-TXHLF,No,0.4106084108352661,Medium,2973.3,Medium,Medium
0689-DSXGL,No,0.1149349957704544,Low,4917.23146417737,High,Monitor
6818-DJXAA,Yes,0.6416720747947693,High,1106.862043917179,Medium,High
9722-UJOJR,No,0.340409517288208,Medium,2051.75,Medium,Medium
0464-WJTKO,No,0.0032773225102573633,Low,1928.019019621052,Medium,Low
8902-ZEOVF,No,0.015392215922474861,Low,1179.2466328490525,Medium,Low
6778-EICRF,No,0.06967663764953613,Low,2630.258250045776,Medium,Low
2662-NNTDK,No,0.02325744740664959,Low,1902.678583651781,Medium,Low
4132-KALRO,Yes,0.8135747909545898,High,516.2058939933777,Low,Medium
3902-FOIGH,Yes,0.7745345234870911,High,1216.1999999999998,Medium,High
6772-KSATR,Yes,0.7883684635162354,High,81.7,Low,Medium
7112-OPOTK,No,0.36392849683761597,Medium,2252.25,Medium,Medium
2874-YXVVA,No,0.4381750822067261,Medium,3927.6867931604384,High,High
1245-HARPS,No,0.011660207062959671,Low,769.4911626219749,Low,Low
4210-QFJMF,Yes,0.6813672780990601,High,316.6,Low,Medium
4323-ELYYB,No,0.02374548837542534,Low,494.3010827898979,Low,Low
4293-ETKAP,No,0.042089708149433136,Low,6986.393852150441,High,Monitor
6064-PUPMC,No,0.038934968411922455,Low,1975.2750376820566,Medium,Low
6504-VBLFL,No,0.04140675440430641,Low,4571.1655406057835,High,Monitor
6322-PJJDJ,No,0.08170803636312485,Low,6734.497875666618,High,Monitor
0330-BGYZE,No,0.14906446635723114,Low,7196.650706380606,High,Monitor
1085-LDWAM,No,0.010486586950719357,Low,1645.7891754666346,Medium,Low
7586-ZATGZ,Yes,0.520172655582428,Medium,3640.4240492463114,High,High
7197-VOJMM,No,0.013763424940407276,Low,6274.341703858971,High,Monitor
3318-OSATS,Yes,0.6178537011146545,High,3340.75,High,Critical
5828-AVIPD,No,0.3197439908981323,Medium,1918.05,Medium,Medium
1843-TLSGD,No,0.014409879222512245,Low,764.2392964370549,Low,Low
9626-VFRGG,No,0.3130326271057129,Medium,3993.2796750068665,High,High
7075-BNDVQ,No,0.2139313519001007,Low,305.07441610097885,Low,Low
9143-CANJF,No,0.11167088896036148,Low,1617.5481028430163,Medium,Low
7284-BUYEC,No,0.41176837682724,Medium,434.57240720391275,Low,Low
2041-JIJCI,Yes,0.5478739142417908,Medium,493.61641693115234,Low,Low
1086-LXKFY,Yes,0.8402767777442932,High,69.1,Low,Medium
4900-MSOMT,No,0.004792744293808937,Low,7689.974925783276,High,Monitor
2229-VWQJH,No,0.13811476528644562,Low,1438.1456524282694,Medium,Low
9194-GFVOI,No,0.022844335064291954,Low,5520.853928095847,High,Monitor
1336-EZFZY,No,0.09714554250240326,Low,188.81339123696088,Low,Low
4282-MSACW,No,0.2623370885848999,Low,9007.049118614197,High,Monitor
1403-LKLIK,No,0.011960201896727085,Low,901.6151993025095,Medium,Low
2636-ALXXZ,Yes,0.8771534562110901,High,69.6,Low,Medium
7774-OJSXI,No,0.33212584257125854,Medium,3206.9500000000003,High,High
7786-WBJYI,Yes,0.5566916465759277,Medium,311.8,Low,Low
0136-IFMYD,No,0.30679166316986084,Medium,9415.788159227372,High,High
5144-TVGLP,Yes,0.564598023891449,Medium,3848.0260234177113,High,High
9643-AVVWI,Yes,0.6065816283226013,High,428.84081840515137,Low,Medium
0253-ZTEOB,No,0.03492775931954384,Low,5668.0320952847605,High,Monitor
2706-QZIHY,No,0.016909847036004066,Low,972.5729245126247,Medium,Low
6061-PQHMK,No,0.025855358690023422,Low,730.1257403448224,Low,Low
9885-CSMWE,Yes,0.8564414978027344,High,78.45,Low,Medium
6137-MFAJN,No,0.2194899618625641,Low,2360.2010982513425,Medium,Low
9122-UMROB,No,0.24104851484298706,Low,112.74029089212418,Low,Low
4232-JGKIY,No,0.09182807803153992,Low,123.8214054107666,Low,Low
2402-TAIRZ,No,0.10783366858959198,Low,3818.8649779528378,High,Monitor
9659-ZTWSM,No,0.2190120667219162,Low,8091.168655648828,High,Monitor
9139-TWBAS,No,0.07115893810987473,Low,1777.44053773731,Medium,Low
6685-GBWJZ,No,0.03495791554450989,Low,5280.299754953384,High,Monitor
5016-ETTFF,No,0.2744607925415039,Low,295.0,Low,Low
3866-MDTUB,No,0.42594191431999207,Medium,141.5,Low,Low
2195-VVRJF,No,0.18401764333248138,Low,1353.1473436743022,Medium,Low
3913-RDSJZ,No,0.012939715757966042,Low,2240.4653662972155,Medium,Low
8058-JMEQO,Yes,0.8246731162071228,High,760.0500000000001,Low,Medium
4203-QGNZA,No,0.03547022491693497,Low,684.1903676725924,Low,Low
5043-TRZWM,Yes,0.7163887619972229,High,204.11097418665886,Low,Medium
0697-ZMSWS,Yes,0.8190116286277771,High,342.6,Low,Medium
7657-DYEPJ,No,0.11165347695350647,Low,2665.7000000000003,Medium,Low
9494-BDNNC,No,0.17194640636444092,Low,7236.762089681625,High,Monitor
1640-PLFMP,Yes,0.8047077655792236,High,152.56567680835724,Low,Medium
5366-OBVMR,No,0.16155004501342773,Low,1158.4441964149476,Medium,Low
8276-MQBYC,Yes,0.6370954513549805,High,4987.8,High,Critical
7644-OMVMY,No,0.02593209221959114,Low,464.0459512665868,Low,Low
7593-XFKDI,Yes,0.543707013130188,Medium,46.3,Low,Low
4573-JKNAE,No,0.014596652239561081,Low,689.8213146999478,Low,Low
0337-CNPZE,Yes,0.6368243098258972,High,4358.3,High,Critical
9817-APLHW,No,0.14985957741737366,Low,427.52106338739395,Low,Low
8380-MQINP,No,0.015676012262701988,Low,1596.0626468256116,Medium,Low
0840-DFEZH,Yes,0.7202572226524353,High,653.9217096388339,Low,Medium
1513-XNPPH,Yes,0.6657854914665222,High,1072.8000000000002,Medium,High
8690-ZVLCL,No,0.023164046928286552,Low,8047.077532887459,High,Monitor
6015-VVHHE,Yes,0.8338190913200378,High,415.75,Low,Medium
1125-SNVCK,No,0.12287328392267227,Low,2376.7089009851215,Medium,Low
0384-LPITE,No,0.07731056213378906,Low,3169.0345554351807,Medium,Low
4616-EWBNJ,No,0.061205703765153885,Low,548.0371842518449,Low,Low
6347-DCUIK,Yes,0.577155351638794,Medium,741.5,Low,Low
1335-HQMKX,No,0.12564349174499512,Low,8360.592385339736,High,Monitor
2545-EBUPK,Yes,0.8691069483757019,High,234.10936593413354,Low,Medium
6923-AQONU,No,0.013196604326367378,Low,975.6805832698941,Medium,Low
2172-EJXVF,No,0.17269469797611237,Low,8570.239577811957,High,Monitor
0897-FEGMU,Yes,0.8848010897636414,High,1094.5,Medium,High
7663-RGWBC,Yes,0.5261685848236084,Medium,44.15,Low,Low
1120-BMWUB,No,0.20400910079479218,Low,862.4,Low,Low
9124-LHCJQ,Yes,0.900494396686554,High,85.45,Low,Medium
4536-PLEQY,Yes,0.5269858837127686,Medium,1261.9791035413741,Medium,Medium
7029-IJEJK,No,0.06557969003915787,Low,2875.895228031278,Medium,Low
8871-JLMHM,No,0.03151271492242813,Low,8230.181274735927,High,Monitor
2235-ZGKPT,No,0.3873516321182251,Medium,203.4,Low,Low
3891-PUQOD,Yes,0.6018576622009277,High,59.2,Low,Medium
5447-VYTKW,No,0.07355419546365738,Low,1740.2611695148053,Medium,Low
3623-FQBOX,No,0.10376439243555069,Low,526.2294022254646,Low,Low
0689-NKYLF,Yes,0.6644241213798523,High,1081.6000000000001,Medium,High
8659-HDIYE,No,0.10566512495279312,Low,5178.172590533644,High,Monitor
3658-KIBGF,No,0.4862818419933319,Medium,54.9,Low,Low
3474-BAFSJ,No,0.03957841917872429,Low,4602.8817815333605,High,Monitor
5519-YLDGW,Yes,0.762546718120575,High,2181.9,Medium,High
3865-ZFZIB,No,0.02496691606938839,Low,833.1756023816764,Low,Low
1855-AGAWH,No,0.3511224389076233,Medium,3638.176582765579,High,High
7109-CQYUZ,No,0.015269672498106956,Low,6750.292361509055,High,Monitor
1370-GGAWX,No,0.21785596013069153,Low,5214.566336244345,High,Monitor
4680-KUTAJ,No,0.35354071855545044,Medium,827.2588162899018,Low,Low
5307-UVGNB,No,0.15691615641117096,Low,2827.449099096656,Medium,Low
4946-EDSEW,No,0.042374540120363235,Low,211.75,Low,Low
2883-ILGWO,No,0.37488853931427,Medium,6372.745153355599,High,High
2516-VQRRV,Yes,0.6729178428649902,High,150.9,Low,Medium
7580-UGXNC,No,0.4682159721851349,Medium,109.7,Low,Low
3642-BYHDO,No,0.009562451392412186,Low,1885.9329732149838,Medium,Low
9629-NHXFW,No,0.4232761263847351,Medium,86.53065888881683,Low,Low
2696-RZVZW,No,0.00856500118970871,Low,2299.450721284747,Medium,Low
5766-FTRTS,No,0.003176068654283881,Low,8100.762744051498,High,Monitor
0396-HUJBP,No,0.07100951671600342,Low,146.17709796428682,Low,Low
5178-LMXOP,Yes,0.9489660263061523,High,95.1,Low,Medium
8879-ZKJOF,No,0.10241726040840149,Low,4133.91378107667,High,Monitor
6285-FTQBF,No,0.003770783543586731,Low,2450.4877555310727,Medium,Low
8185-UPYBR,Yes,0.7158227562904358,High,453.0,Low,Medium
4585-HETAI,Yes,0.6271418333053589,High,295.0,Low,Medium
7526-BEZQB,Yes,0.8828909993171692,High,1152.6,Medium,High
1474-JUWSM,No,0.08889491856098175,Low,4715.0350508451465,High,Monitor
3530-CRZSB,No,0.09850160777568817,Low,256.2456507965922,Low,Low
8498-XXGWA,No,0.06498947739601135,Low,3894.14498192966,High,Monitor
9617-INGJY,Yes,0.7596484422683716,High,172.4129198551178,Low,Medium
0621-TSSMU,No,0.029821354895830154,Low,1349.4607676379383,Medium,Low
7234-KMNRQ,No,0.01589129865169525,Low,188.18839195370674,Low,Low
7636-PEPNS,No,0.07644794136285782,Low,3046.5437494307757,Medium,Low
4683-WYDOU,No,0.2182997465133667,Low,8689.862734603881,High,Monitor
9052-DHNKM,No,0.07517208158969879,Low,2283.3779005378483,Medium,Low
6794-HKIAJ,No,0.10242607444524765,Low,6111.859730286897,High,Monitor
5578-NKCXI,No,0.08887843042612076,Low,6841.64578936249,High,Monitor
1642-HMARX,No,0.03340617194771767,Low,8362.879696777463,High,Monitor
3096-WPXBT,No,0.08886203169822693,Low,7243.719120895863,High,Monitor
8434-PNQZX,No,0.04458480700850487,Low,5093.755725364387,High,Monitor
5950-AAAGJ,No,0.3514445126056671,Medium,1845.4393655240535,Medium,Medium
4299-OPXEJ,No,0.04061230644583702,Low,1544.9447058156134,Medium,Low
4951-UKAAQ,Yes,0.8354167938232422,High,355.8,Low,Medium
9618-LFJRU,No,0.0920550748705864,Low,193.20484231337903,Low,Low
6693-DJWTY,No,0.041236985474824905,Low,2585.686683291197,Medium,Low
0744-GKNGE,No,0.0783589631319046,Low,6035.190652000904,High,Monitor
6447-EGDIV,No,0.030342862010002136,Low,893.2218044906855,Low,Low
1167-OYZJF,No,0.015445471741259098,Low,1817.1176389981063,Medium,Low
2108-YKQTY,No,0.29682502150535583,Low,202.8,Low,Low
4806-DXQCE,No,0.14163486659526825,Low,10296.776737874747,High,Monitor
4918-QLLIW,No,0.45548078417778015,Medium,160.2,Low,Low
7056-IMHCC,Yes,0.6462583541870117,High,5400.700000000001,High,Critical
4854-SSLTN,No,0.01814517006278038,Low,1521.0886971503496,Medium,Low
5294-DMSFH,No,0.42612236738204956,Medium,2848.5187368631364,Medium,Medium
4837-PZTIC,No,0.017246365547180176,Low,2957.5570548057553,Medium,Low
1625-JAIIY,No,0.1890687793493271,Low,5644.0,High,Monitor
0603-OLQDC,No,0.17767183482646942,Low,1182.8377340242266,Medium,Low
3272-VUHPV,No,0.2282118946313858,Low,711.1100219935179,Low,Low
4176-FXYBO,No,0.3170536160469055,Medium,6364.600658172369,High,High
1063-DHQJF,No,0.030059214681386948,Low,8503.471040810646,High,Monitor
8663-UPDGF,No,0.1487734615802765,Low,2161.9614665210247,Medium,Low
6719-FGEDO,No,0.0033737653866410255,Low,9304.1458741799,High,Monitor
1837-YQUCE,No,0.01983831450343132,Low,5457.118424369395,High,Monitor
2947-DOMLJ,No,0.38658496737480164,Medium,50.6,Low,Low
4112-LUEIZ,Yes,0.6722840070724487,High,895.0,Medium,High
0369-ZGOVK,No,0.08490545302629471,Low,2744.2718732833864,Medium,Low
4510-HIMLV,Yes,0.8677361011505127,High,69.8,Low,Medium
9919-KNPOO,Yes,0.613746702671051,High,2198.842115628719,Medium,High
8749-JMNKX,No,0.2543580234050751,Low,4783.8,High,Monitor
7872-BAAZR,No,0.044314250349998474,Low,1260.3538768678904,Medium,Low
9391-LMANN,No,0.09578968584537506,Low,6126.457755717635,High,Monitor
2430-USGXP,Yes,0.7238932847976685,High,2425.2,Medium,High
8174-TBVCF,No,0.02261579968035221,Low,8859.744532567262,High,Monitor
1698-XFZCI,No,0.16599181294441223,Low,7651.122585862875,High,Monitor
1877-HKBQX,No,0.06381867080926895,Low,1213.986006885767,Medium,Low
4450-DLLMH,Yes,0.5515185594558716,Medium,334.4603602647781,Low,Low
0428-AXXLJ,No,0.02871210314333439,Low,714.7813678644598,Low,Low
2746-DIJLO,No,0.0950082540512085,Low,2919.7124235630035,Medium,Low
5955-ERIHD,Yes,0.6868736743927002,High,1704.6000000000001,Medium,High
0917-EZOLA,No,0.44120121002197266,Medium,7498.8,High,High
3508-VLHCZ,No,0.004934987518936396,Low,8591.525285123847,High,Monitor
4086-ATNFV,No,0.046326931565999985,Low,2762.9998707294462,Medium,Low
0468-YRPXN,No,0.3125685751438141,Medium,3272.709348654747,High,High
5996-NRVXR,No,0.10457457602024078,Low,4980.632064363361,High,Monitor
3739-YBWAB,No,0.03824746981263161,Low,1680.5754233054818,Medium,Low
7047-FWEYA,No,0.2389119565486908,Low,5686.974780184031,High,Monitor
2000-MPKCA,No,0.23163838684558868,Low,7242.991565808654,High,Monitor
9762-YAQAA,No,0.07233341783285141,Low,4080.744717460871,High,Monitor
5949-EBSQK,No,0.21896836161613464,Low,245.8,Low,Low
5473-KHBPS,No,0.09766076505184174,Low,6012.646377414465,High,Monitor
0100-DUVFC,No,0.3568836450576782,Medium,8144.783127975464,High,High
5397-TUPSH,No,0.049201276153326035,Low,5421.260033483059,High,Monitor
8950-MTZNV,Yes,0.5261685848236084,Medium,172.74233267307284,Low,Low
0326-VDYXE,No,0.28809139132499695,Low,7669.714507645369,High,Monitor
6773-LQTVT,No,0.27968043088912964,Low,1187.926355832815,Medium,Low
7274-RTAPZ,Yes,0.8590546250343323,High,90.55,Low,Medium
0436-TWFFZ,No,0.022270772606134415,Low,7712.183999247849,High,Monitor
8566-YPRGL,No,0.40065109729766846,Medium,89.62382161617279,Low,Low
0311-UNPFF,No,0.39426249265670776,Medium,2308.7999999999997,Medium,Medium
6609-MXJHJ,No,0.015783613547682762,Low,1345.891951198876,Medium,Low
2669-OIDSD,No,0.32225897908210754,Medium,5209.2479348570105,High,High
8400-WZICQ,No,0.14673662185668945,Low,3348.6606209754946,High,Monitor
3834-XUIFC,Yes,0.8095507621765137,High,596.4,Low,Medium
9576-SYUHJ,No,0.334229439496994,Medium,3736.659919539094,High,High
0410-IPFTY,No,0.4040622413158417,Medium,2899.166286394,Medium,Medium
2831-EBWRN,No,0.4351549744606018,Medium,339.15832003355024,Low,Low
9430-NKQLY,No,0.004079366102814674,Low,2407.1425898596644,Medium,Low
8414-MYSHR,Yes,0.736099123954773,High,457.0,Low,Medium
0247-SLUJI,No,0.3680381178855896,Medium,94.3978944659233,Low,Low
9402-ORRAH,Yes,0.5472610592842102,Medium,1621.0536784529686,Medium,Medium
6483-OATDN,No,0.22411856055259705,Low,649.2163070619106,Low,Low
1293-HHSHJ,No,0.029304401949048042,Low,984.2801254265011,Medium,Low
4840-ORQXB,No,0.44507867097854614,Medium,6214.768055289984,High,High
7599-FKVXZ,Yes,0.6377748250961304,High,4458.3,High,Critical
3982-DQLUS,No,0.1679106205701828,Low,6001.859985716641,High,Monitor
8610-ZIKJJ,No,0.10026461631059647,Low,259.77553946673873,Low,Low
3756-VNWDH,No,0.20473317801952362,Low,7510.227587774396,High,Monitor
7801-KICAO,Yes,0.539074182510376,Medium,1539.765896201134,Medium,Medium
7673-LPRNY,No,0.14017769694328308,Low,2617.1185028612613,Medium,Low
8229-TNIQA,No,0.3776693046092987,Medium,181.2,Low,Low
6060-QBMGV,No,0.010383780114352703,Low,1860.9531671535226,Medium,Low
7339-POGZN,No,0.47029349207878113,Medium,363.9367197096348,Low,Low
2828-SLQPF,No,0.22583085298538208,Low,1064.0256696939468,Medium,Low
4465-VDKIQ,No,0.30431821942329407,Medium,1725.1442551732064,Medium,Medium
2921-XWDJH,No,0.3339409828186035,Medium,3504.5957499027254,High,High
6221-AVQYL,Yes,0.655508279800415,High,146.5,Low,Medium
2558-BUOZZ,No,0.08115863800048828,Low,5500.873933410644,High,Monitor
9257-AZMTZ,No,0.014254678972065449,Low,1520.7235428638758,Medium,Low
0003-MKNFE,No,0.2716350257396698,Low,800.8743717491626,Low,Low
0975-UYDTX,No,0.06809546053409576,Low,3350.1751880705356,High,Monitor
7743-EXURX,No,0.3960789740085602,Medium,408.4,Low,Low
4682-BLBUC,No,0.0906873270869255,Low,3895.988809718192,High,Monitor
0975-VOOVL,No,0.3637814521789551,Medium,199.06548957824705,Low,Low
5968-VXZLG,Yes,0.5126470327377319,Medium,229.46388964653016,Low,Low
5569-KGJHX,Yes,0.7114313840866089,High,768.15,Low,Medium
4988-IQIGL,Yes,0.8809967637062073,High,75.35,Low,Medium
5201-FRKKS,No,0.209555983543396,Low,2209.879942536354,Medium,Low
9799-CAYJJ,Yes,0.5928288698196411,Medium,307.9017559289932,Low,Low
7730-IUTDZ,No,0.3046879172325134,Medium,3233.6,High,High
0426-TIRNE,No,0.4121880829334259,Medium,20.9,Low,Low
5443-SCMKX,No,0.19950926303863525,Low,6375.23531794548,High,Monitor
8295-KMENE,No,0.027911875396966934,Low,6294.137291021645,High,Monitor
6738-ISCBM,No,0.1281355768442154,Low,2940.9681462049484,Medium,Low
9821-BESNZ,No,0.32129406929016113,Medium,7729.561119318008,High,High
3678-MNGZX,No,0.005589694250375032,Low,1832.7236543929205,Medium,Low
1335-NTIUC,Yes,0.5030330419540405,Medium,298.9459536194801,Low,Low
2916-BQZLN,Yes,0.5083052515983582,Medium,1860.2767795622349,Medium,Medium
4558-CGYCZ,No,0.17400215566158295,Low,176.88074455410242,Low,Low
2368-GAKKQ,No,0.08425705879926682,Low,10453.28044641912,High,Monitor
8710-YGLWG,Yes,0.5261685848236084,Medium,172.5501832485199,Low,Low
3199-XGZCY,Yes,0.6735237836837769,High,749.4040116667747,Low,Medium
3785-KTYSH,No,0.01645498163998127,Low,1884.484978839755,Medium,Low
6814-ZPWFQ,No,0.04624858498573303,Low,1561.12542450428,Medium,Low
4063-EIKNQ,No,0.12383043020963669,Low,340.5845149226487,Low,Low
6993-YCOBK,No,0.05706067010760307,Low,9138.938157266379,High,Monitor
5206-HPJKM,No,0.1727585792541504,Low,1218.971393108368,Medium,Low
7587-RZNME,Yes,0.545741856098175,Medium,129.89999999999998,Low,Low
0748-RDGGM,No,0.3923327326774597,Medium,7665.0,High,High
8393-JMVMB,No,0.32618969678878784,Medium,98.08366238474845,Low,Low
5019-GQVCR,Yes,0.5410153269767761,Medium,3882.219097036123,High,High
6036-TTFYU,No,0.14434511959552765,Low,414.225013935566,Low,Low
2550-AEVRU,No,0.07379572838544846,Low,3640.7174198135735,High,Monitor
0969-RGKCU,No,0.011231695301830769,Low,967.5313491962851,Medium,Low
0378-CJKPV,No,0.006021304056048393,Low,10745.400283567607,High,Monitor
4706-AXVKM,Yes,0.7320985794067383,High,932.8,Medium,High
5889-JTMUL,No,0.45873257517814636,Medium,4752.5,High,High
9026-RNUJS,Yes,0.5284305214881897,Medium,251.75,Low,Low
3746-EUBYR,Yes,0.8185336589813232,High,74.6,Low,Medium
2332-EFBJY,No,0.11916028708219528,Low,315.2,Low,Low
2880-FPNAE,Yes,0.5724071264266968,Medium,338.7643473148346,Low,Low
1703-MGIAB,No,0.24577541649341583,Low,1485.2489775717258,Medium,Low
4311-QTTAI,No,0.040336012840270996,Low,532.4339778184891,Low,Low
9474-PHLYD,No,0.3270578980445862,Medium,891.75,Low,Low
4318-RAJVY,No,0.05968910828232765,Low,421.41786787211896,Low,Low
2165-VOEGB,No,0.12412258982658386,Low,4839.2,High,Monitor
3612-YUNGG,No,0.09441721439361572,Low,9362.151364517213,High,Monitor
2254-DLXRI,Yes,0.8448770642280579,High,152.81788219809533,Low,Medium
5062-CJJKH,No,0.056565821170806885,Low,1948.6329243302346,Medium,Low
9028-LIHRP,No,0.008266471326351166,Low,9499.120789754392,High,Monitor
2219-MVUSO,No,0.23440901935100555,Low,361.2,Low,Low
1053-MXTTK,No,0.03291615843772888,Low,10344.567825257778,High,Monitor
1530-ZTDOZ,No,0.20476391911506653,Low,2185.808080127835,Medium,Low
1301-LOPVR,No,0.0865212231874466,Low,2211.882603558898,Medium,Low
0853-TWRVK,No,0.009694856591522694,Low,10113.029355454444,High,Monitor
8914-RBTSB,No,0.3019140958786011,Medium,2907.7999999999997,Medium,Medium
6212-ATMLK,Yes,0.5918319225311279,Medium,5019.3701100826265,High,High
8200-LGKSR,No,0.01822567544877529,Low,7867.6069712638855,High,Monitor
1568-BEKZM,No,0.035861268639564514,Low,8387.196626216173,High,Monitor
0670-ANMUU,No,0.05102042108774185,Low,8045.164270569385,High,Monitor
6897-RWMUB,No,0.012171712704002857,Low,5764.371158811822,High,Monitor
0963-ZBDRN,No,0.3977624773979187,Medium,3078.4,Medium,Medium
7594-RQHXR,Yes,0.8626440763473511,High,79.6,Low,Medium
6999-CHVCF,No,0.06541278213262558,Low,9232.912518662213,High,Monitor
6134-KWTBV,No,0.015713462606072426,Low,2003.5753194004296,Medium,Low
1077-HUUJM,Yes,0.5858058929443359,Medium,673.9209478378295,Low,Low
6331-EWIEB,Yes,0.6389223337173462,High,1705.0,Medium,High
0895-LNKRC,No,0.04322773218154907,Low,340.01064730882644,Low,Low
2045-BMBTJ,No,0.21774624288082123,Low,2240.879915164411,Medium,Low
8417-GSODA,No,0.2074095904827118,Low,3458.522029089928,High,Monitor
5171-EPLKN,No,0.005120363552123308,Low,1009.9106588037686,Medium,Low
4452-QIIEB,No,0.20490632951259613,Low,516.7276728063822,Low,Low
5998-VVEJY,No,0.40177905559539795,Medium,2093.0,Medium,Medium
1624-NALOJ,Yes,0.7834773063659668,High,449.0,Low,Medium
6741-EGCBI,No,0.2625623643398285,Low,3115.428636163473,Medium,Low
7820-ZYGNY,No,0.11140938848257065,Low,6662.826249741018,High,Monitor
4317-VTEOA,Yes,0.6234525442123413,High,50.75,Low,Medium
9677-AVKED,No,0.09644438326358795,Low,5401.089662110805,High,Monitor
1670-SVOWZ,Yes,0.504716157913208,Medium,1255.1000000000001,Medium,Medium
2227-JRSJX,No,0.41993775963783264,Medium,2427.2290267914536,Medium,Medium
9847-HNVGP,No,0.022642899304628372,Low,573.129289906472,Low,Low
6696-YDAYZ,No,0.00829213485121727,Low,815.9202696532011,Low,Low
8980-WQFWL,No,0.2260848730802536,Low,2461.8607762902975,Medium,Low
1730-ZMAME,No,0.47960707545280457,Medium,2792.227425009012,Medium,Medium
6506-EYCNH,No,0.061841271817684174,Low,657.4460188157857,Low,Low
4634-JLRJT,No,0.3397757411003113,Medium,100.963382011652,Low,Low
9501-UKKNL,No,0.22042647004127502,Low,3292.1237089931965,High,Monitor
2560-QTSBS,No,0.00880428683012724,Low,1954.7383214022964,Medium,Low
7541-YLXCL,No,0.18303093314170837,Low,2354.4,Medium,Low
4795-WRNVT,No,0.11726567149162292,Low,2948.796028715372,Medium,Low
6080-TCMYC,No,0.45427992939949036,Medium,3513.8748183965686,High,High
0260-ZDLGK,No,0.28212469816207886,Low,656.1,Low,Low
7860-UXCRM,No,0.02039325423538685,Low,6445.036861427128,High,Monitor
6357-JJPQT,Yes,0.6349391937255859,High,417.824369430542,Low,Medium
2292-XQWSV,No,0.11962655186653137,Low,3049.0382270693776,Medium,Low
9552-TGUZV,No,0.40115562081336975,Medium,869.4799706339836,Low,Low
5913-INRQV,No,0.06672148406505585,Low,4074.7206985384228,High,Monitor
8722-NGNBH,No,0.2711474597454071,Low,200.0,Low,Low
6210-KBBPI,Yes,0.8714603781700134,High,895.0500000000001,Medium,High
9643-YBLUR,No,0.3191055953502655,Medium,903.5445518463849,Medium,Medium
8734-FNWVH,No,0.14911505579948425,Low,2155.486987012625,Medium,Low
9447-YPTBX,No,0.027542727068066597,Low,1224.1393224123867,Medium,Low
0133-BMFZO,Yes,0.5175272822380066,Medium,172.5,Low,Low
6128-CZOMY,Yes,0.7175891995429993,High,45.65,Low,Medium
9540-JYROE,No,0.4557052254676819,Medium,560.8,Low,Low
9026-LHEVG,No,0.31797587871551514,Medium,533.5048976540565,Low,Low
2260-USTRB,Yes,0.6508076190948486,High,140.4,Low,Medium
3656-TKRVZ,No,0.24698638916015625,Low,166.05,Low,Low
7011-CVEUC,No,0.25217393040657043,Low,2821.9017291605473,Medium,Low
6185-TASNN,Yes,0.7442324757575989,High,117.35221823453902,Low,Medium
7925-PNRGI,No,0.10849449783563614,Low,4093.3763839557764,High,Monitor
8623-TMRBY,No,0.4507567286491394,Medium,4294.2,High,High
1552-CZCLL,No,0.0609552301466465,Low,1212.6853723824024,Medium,Low
3038-PQIUY,No,0.13754434883594513,Low,2856.0086479470137,Medium,Low
1501-SGHBW,Yes,0.5529327392578125,Medium,91.7,Low,Low
9313-CDOGY,No,0.039411433041095734,Low,857.7652154743672,Low,Low
8148-BPLZQ,No,0.17825232446193695,Low,1938.7382054507732,Medium,Low
2623-DRYAM,No,0.30093371868133545,Medium,7976.059929490089,High,High
9987-LUTYD,No,0.05472831800580025,Low,1342.5307991437614,Medium,Low
3208-YPIOE,No,0.4496940076351166,Medium,2934.75,Medium,Medium
4488-KQFDT,No,0.31489965319633484,Medium,7195.544172602892,High,High
2612-RANWT,Yes,0.83206707239151,High,1201.8000000000002,Medium,High
5693-PIPCS,No,0.04761437699198723,Low,6363.3754559859635,High,Monitor
0491-KAPQG,Yes,0.5696709752082825,Medium,1737.9914947628974,Medium,Medium
1925-LFCZZ,No,0.15189999341964722,Low,3262.1188639521597,High,Monitor
8039-EQPIM,No,0.017231443896889687,Low,5578.3333321250975,High,Monitor
6900-PXRMS,Yes,0.5252633094787598,Medium,2749.5,Medium,Medium
8707-RMEZH,No,0.09162473678588867,Low,6975.313925743103,High,Monitor
3346-BRMIS,Yes,0.613503098487854,High,870.3000000000001,Low,Medium
3209-ZPKFI,No,0.16261026263237,Low,2822.3203595131636,Medium,Low
6479-VDGRK,No,0.0032200131099671125,Low,8182.207989161275,High,Monitor
9373-WSLOY,No,0.23443196713924408,Low,1879.6704098582268,Medium,Low
2933-FILNV,Yes,0.6999660730361938,High,48.8,Low,Medium
3569-JFODW,No,0.0037737584207206964,Low,8722.96264011925,High,Monitor
9819-FBNSV,No,0.3571057617664337,Medium,2951.944652274251,Medium,Medium
9544-PYPSJ,No,0.21479716897010803,Low,6410.9479523718355,High,Monitor
1591-XWLGB,No,0.00720432261005044,Low,1882.3178607085722,Medium,Low
0396-UKGAI,No,0.10325322300195694,Low,1569.4405806079506,Medium,Low
3243-ZHOHY,No,0.02494822070002556,Low,556.7824891671539,Low,Low
5186-EJEGL,No,0.1712619513273239,Low,971.0837662965059,Medium,Low
7527-QNRUS,No,0.017323749139904976,Low,1020.6933850191533,Medium,Low
9986-BONCE,No,0.14274097979068756,Low,83.8,Low,Low
2722-JMONI,Yes,0.6150867938995361,High,49.55,Low,Medium
2203-GHNWN,No,0.35448798537254333,Medium,2220.0901917904616,Medium,Medium
3878-AVSOQ,Yes,0.8220016360282898,High,147.3443005979061,Low,Medium
3258-SYSWS,No,0.011035542003810406,Low,10894.659727679193,High,Monitor
5296-PSYVW,No,0.008492588065564632,Low,2351.7961671117696,Medium,Low
6319-QSUSR,No,0.10767170786857605,Low,322.1732041299343,Low,Low
4083-EUGRJ,No,0.1283552497625351,Low,182.25,Low,Low
7579-OOPEC,No,0.48551592230796814,Medium,100.3,Low,Low
0512-FLFDW,No,0.2227763533592224,Low,6967.331717848778,High,Monitor
1771-OADNZ,Yes,0.607540488243103,High,2781.1000000000004,Medium,High
0487-CRLZF,No,0.031347163021564484,Low,5378.838889113069,High,Monitor
2107-FBPTK,Yes,0.6006101369857788,High,3372.4589084386826,High,Critical
9451-WLYRI,No,0.008405319415032864,Low,1236.3285439817234,Medium,Low
8219-VYBVI,No,0.011888228356838226,Low,1567.867062985897,Medium,Low
1991-VOPLL,No,0.01374071091413498,Low,284.1794367425144,Low,Low
9738-QLWTP,No,0.11021728068590164,Low,4068.5784565418962,High,Monitor
1016-DJTSV,Yes,0.5371186137199402,Medium,751.1769957423211,Low,Low
9419-IPPBE,No,0.16765499114990234,Low,5498.080830574036,High,Monitor
0174-QRVVY,No,0.006291213445365429,Low,2404.4224257398396,Medium,Low
5699-BNCAS,No,0.00931086577475071,Low,2336.2416918076574,Medium,Low
2900-PHPLN,No,0.01902581751346588,Low,1828.773086422682,Medium,Low
0612-RTZZA,Yes,0.6938552260398865,High,25.25,Low,Medium
8106-GWQOK,No,0.021565845236182213,Low,3688.9451828598976,High,Monitor
8751-EDEKA,No,0.31025782227516174,Medium,2889.246930664778,Medium,Medium
6878-GGDWG,No,0.08973465859889984,Low,726.754885739088,Low,Low
4039-PIMHX,No,0.0752795860171318,Low,3545.4258387923237,High,Monitor
8450-LUGUK,No,0.018781296908855438,Low,1459.236897867918,Medium,Low
3604-WLABM,No,0.2598063051700592,Low,783.4330476671457,Low,Low
0795-GMVQO,No,0.1665840446949005,Low,8462.408961856365,High,Monitor
2259-OUUSZ,No,0.12159531563520432,Low,622.700395539403,Low,Low
1142-IHLOO,No,0.12172546237707138,Low,5387.765229226648,High,Monitor
6410-LEFEN,No,0.3552837669849396,Medium,406.34999999999997,Low,Low
4633-MKHYU,Yes,0.6410702466964722,High,985.9763411521913,Medium,High
6257-RJOHI,No,0.29648980498313904,Low,417.6299074411392,Low,Low
1545-JFUML,No,0.03331400454044342,Low,9325.845925211906,High,Monitor
3194-ORPIK,No,0.36027756333351135,Medium,4220.0,High,High
7826-VVKWT,No,0.13947857916355133,Low,4311.200236362219,High,Monitor
1353-GHZOS,No,0.0564495250582695,Low,1991.0256905332208,Medium,Low
2587-EKXTS,No,0.31881093978881836,Medium,5361.7154812812805,High,High
5442-BXVND,No,0.07658520340919495,Low,934.6068529039621,Medium,Low
8816-VXNZD,Yes,0.8477804064750671,High,75.1,Low,Medium
9378-FXTIZ,No,0.15287740528583527,Low,3788.1000000000004,High,Monitor
1723-HKXJQ,Yes,0.6421533226966858,High,4273.5,High,Critical
7825-GKXMW,Yes,0.6539513468742371,High,45.8,Low,Medium
9753-OYLBX,No,0.3911244571208954,Medium,95.39169177412987,Low,Low
2364-UFROM,No,0.06351285427808762,Low,2903.144340705872,Medium,Low
6656-JWRQX,No,0.295359343290329,Low,159.7106323748827,Low,Low
6473-ULUHT,No,0.19448933005332947,Low,1768.7271352708342,Medium,Low
1240-KNSEZ,Yes,0.5165511965751648,Medium,20.1,Low,Low
0836-SEYLU,No,0.34438174962997437,Medium,365.84999999999997,Low,Low
4433-JCGCG,Yes,0.690277636051178,High,4646.0,High,Critical
3716-BDVDB,Yes,0.8677361011505127,High,69.1,Low,Medium
7688-AWMDX,No,0.009485780261456966,Low,5165.092599418014,High,Monitor
2842-BCQGE,No,0.30224037170410156,Medium,3555.5071279525755,High,High
7244-QWYHG,No,0.049918435513973236,Low,2729.273506496847,Medium,Low
5899-MQZZL,No,0.48727720975875854,Medium,975.0,Medium,Medium
6849-OYAMU,No,0.18560414016246796,Low,1900.0,Medium,Low
5312-UXESG,No,0.3340313732624054,Medium,4411.8393431097265,High,High
9488-HGMJH,Yes,0.8220016360282898,High,71.15,Low,Medium
6038-GCYEC,No,0.29328015446662903,Low,1299.6,Medium,Low
2150-WLKUW,No,0.0671558603644371,Low,3271.3048862725495,High,Monitor
7159-FVYPK,No,0.44199076294898987,Medium,438.9680324524641,Low,Low
7032-LMBHI,No,0.04368394985795021,Low,3133.9599917002024,Medium,Low
1150-WFARN,No,0.1824720948934555,Low,7286.25,High,Monitor
6088-BXMRG,Yes,0.5154768824577332,Medium,3450.5706610143184,High,High
3144-AUDBS,No,0.4170065224170685,Medium,294.9,Low,Low
4821-SJHJV,No,0.28301912546157837,Low,3252.6489181518555,High,Monitor
7346-MEDWM,No,0.3575320839881897,Medium,5232.662724047899,High,High
1137-DGOWI,No,0.10509008914232254,Low,2861.909054853022,Medium,Low
5616-PRTNT,No,0.2273801863193512,Low,388.0,Low,Low
3812-LRZIR,No,0.02269141748547554,Low,1236.1574465185404,Medium,Low
4818-QIUFN,No,0.44022148847579956,Medium,1583.0,Medium,Medium
9483-GCPWE,No,0.029818598181009293,Low,414.90775411874057,Low,Low
4227-OJHAL,No,0.06573031842708588,Low,5782.420241057873,High,Monitor
9220-CXRSC,No,0.013882526196539402,Low,5689.742709396779,High,Monitor
4993-JCRGJ,No,0.3224949538707733,Medium,2534.4820523321628,Medium,Medium
9537-JALFH,No,0.011771961115300655,Low,1845.0777113713323,Medium,Low
6698-OXETB,No,0.011784732341766357,Low,708.2301950454712,Low,Low
2103-ZRXFN,Yes,0.5796514749526978,Medium,178.74612587690353,Low,Low
3724-BSCVH,No,0.02728920802474022,Low,443.20322835072875,Low,Low
4877-TSOFF,No,0.07316277921199799,Low,5008.745033696294,High,Monitor
9209-NWPGU,No,0.08115828782320023,Low,3598.7069757163526,High,Monitor
6961-VCPMC,No,0.3383852541446686,Medium,3698.4,High,High
7306-YDSOI,No,0.011640572920441628,Low,5540.057418432087,High,Monitor
5288-AHOUP,Yes,0.5261186361312866,Medium,1086.698122382164,Medium,Medium
6688-UZPWD,Yes,0.81385338306427,High,1122.0,Medium,High
0655-YDGFJ,No,0.11730103194713593,Low,1678.7986869171264,Medium,Low
8468-EHYJA,No,0.3876298666000366,Medium,6046.186102759839,High,High
6823-SIDFQ,No,0.007227972149848938,Low,728.4170740991831,Low,Low
1097-FSPVW,No,0.1313101053237915,Low,2575.422202527523,Medium,Low
2839-RFSQE,No,0.16808480024337769,Low,41.3,Low,Low
8328-SKJNO,No,0.049302276223897934,Low,1398.7003496579825,Medium,Low
7010-ZMVBF,No,0.09780452400445938,Low,478.7993849046528,Low,Low
5201-CBWYG,No,0.02152971923351288,Low,1828.7927555561066,Medium,Low
0968-GSIKN,Yes,0.7649604678153992,High,70.8,Low,Medium
1965-DDBWU,No,0.4509744346141815,Medium,1424.8,Medium,Medium
9057-SIHCH,Yes,0.8966653943061829,High,289.79999999999995,Low,Medium
6352-GIGGQ,No,0.07016614079475403,Low,6940.43096036911,High,Monitor
3635-QQRQD,No,0.020475171506404877,Low,1714.447347471118,Medium,Low
6771-XWBDM,No,0.45438727736473083,Medium,5956.5,High,High
2897-DOVND,Yes,0.5948885679244995,Medium,309.2606677532196,Low,Low
3082-YVEKW,No,0.02369370125234127,Low,3582.1787427611653,High,Monitor
0191-EQUUH,No,0.027428722009062767,Low,1694.3769590459763,Medium,Low
7134-HBPBS,No,0.03405231237411499,Low,10289.254680776596,High,Monitor
3489-HHPFY,Yes,0.7849912643432617,High,276.5289053916931,Low,Medium
2926-JEJJC,No,0.039142265915870667,Low,394.51191474199294,Low,Low
8601-QACRS,No,0.43318089842796326,Medium,253.0,Low,Low
4950-BDEUX,No,0.2057567834854126,Low,1956.4605975151062,Medium,Low
5789-LDFXO,No,0.0526261106133461,Low,870.0647721469403,Low,Low
0508-OOLTO,Yes,0.6023738384246826,High,314.23948686122895,Low,Medium
2984-TBYKU,No,0.01580735668540001,Low,10030.603398808837,High,Monitor
9822-WMWVG,No,0.2865039110183716,Low,4822.424000859261,High,Monitor
2391-SOORI,No,0.2433364987373352,Low,197.4,Low,Low
9040-KZVWO,No,0.06562578678131104,Low,2809.543037176132,Medium,Low
2645-QTLMB,Yes,0.710195004940033,High,659.75,Low,Medium
4806-HIPDW,Yes,0.8776339888572693,High,68.95,Low,Medium
1548-ARAGG,No,0.2859570384025574,Low,484.62907952070236,Low,Low
6339-RZCBJ,No,0.02607237920165062,Low,5631.429342743755,High,Monitor
4424-TKOPW,Yes,0.8955122232437134,High,187.7,Low,Medium
4415-WNGVR,No,0.17251838743686676,Low,1736.8385245800018,Medium,Low
2522-AHJXR,No,0.1514660120010376,Low,7124.232269918919,High,Monitor
0412-UCCNP,No,0.039668500423431396,Low,4620.4389945983885,High,Monitor
1816-FLZDK,No,0.3103368282318115,Medium,149.77208874225616,Low,Low
7096-UCLNH,No,0.39771249890327454,Medium,92.50518638193607,Low,Low
8443-ZRDBZ,Yes,0.7815427780151367,High,304.2,Low,Medium
9136-ALYBR,Yes,0.5962895750999451,Medium,24.45,Low,Low
4615-PIVVU,No,0.031887236982584,Low,4338.107969775796,High,Monitor
8885-QSQBX,No,0.322421669960022,Medium,250.99403752088546,Low,Low
7479-NITWS,Yes,0.8106926083564758,High,625.4499999999999,Low,Medium
8617-ENBDS,Yes,0.5310999751091003,Medium,427.86625099182123,Low,Low
9385-NXKDA,No,0.005859960801899433,Low,7922.776181753353,High,Monitor
0430-IHCDJ,No,0.41725462675094604,Medium,906.3271397352219,Medium,Medium
2959-MJHIC,Yes,0.6876779198646545,High,321.4,Low,Medium
6674-KVJHG,No,0.06908445060253143,Low,558.7088621377944,Low,Low
1814-DKOLC,No,0.15427972376346588,Low,256.3914861813187,Low,Low
4201-JMNGR,Yes,0.6735156774520874,High,55.8,Low,Medium
9351-HXDMR,No,0.07020941376686096,Low,10459.530624318124,High,Monitor
3537-HPKQT,No,0.2369077503681183,Low,4632.232534453273,High,Monitor
2129-ALKBS,No,0.1009133979678154,Low,1189.3364138394593,Medium,Low
5821-MMEIL,No,0.025803616270422935,Low,1599.576192869246,Medium,Low
5960-WPXQM,Yes,0.8671826124191284,High,79.05,Low,Medium
0684-AOSIH,Yes,0.7978456020355225,High,95.0,Low,Medium
8260-NGFNY,No,0.4837407171726227,Medium,25.2,Low,Low
1309-XGFSN,No,0.17717115581035614,Low,5002.508544632792,High,Monitor
1866-RZZQS,Yes,0.7493202090263367,High,4034.4,High,Critical
6968-URWQU,No,0.16416460275650024,Low,2988.2418956160545,Medium,Low
4742-TXUEX,No,0.01003628596663475,Low,1365.6511923402547,Medium,Low
9631-XEYKE,No,0.4922766089439392,Medium,304.7355534553528,Low,Low
8631-NBHFZ,No,0.10893106460571289,Low,5240.400000000001,High,Monitor
1335-MXCSE,No,0.03428926318883896,Low,4319.2824370115995,High,Monitor
8873-TMKGR,No,0.004727471619844437,Low,782.0164635047317,Low,Low
8800-JOOCF,Yes,0.6428112983703613,High,1188.7302622318268,Medium,High
1469-LBJQJ,Yes,0.5349693894386292,Medium,7236.727321386337,High,High
4958-XCBDQ,Yes,0.6433544754981995,High,3549.0,High,Critical
8337-UPOAQ,Yes,0.7853289246559143,High,898.0,Medium,High
0064-YIJGF,No,0.30165529251098633,Medium,2362.6476695537567,Medium,Medium
2386-OWURY,No,0.24275028705596924,Low,5960.395385861397,High,Monitor
1725-IQNIY,No,0.28448569774627686,Low,5926.5,High,Monitor
0310-VQXAM,No,0.13536159694194794,Low,281.628433804214,Low,Low
6598-RFFVI,No,0.02805538848042488,Low,38.6,Low,Low
3453-RTHJQ,Yes,0.5797398686408997,Medium,588.8398504614829,Low,Low
6712-OAWRH,Yes,0.5827265977859497,Medium,2372.5,Medium,Medium
6278-FEPBZ,No,0.09021291136741638,Low,292.7891312688589,Low,Low
4280-DLSHD,No,0.24433133006095886,Low,686.237158074975,Low,Low
1508-DFXCU,Yes,0.531679093837738,Medium,1206.2684268414976,Medium,Medium
8614-VGMMV,No,0.47936999797821045,Medium,736.5,Low,Low
7868-BGSZA,No,0.14566916227340698,Low,4270.807998228073,High,Monitor
2800-QQUSO,Yes,0.6342795491218567,High,4432.690567338466,High,Critical
2930-UOTMB,No,0.07952889055013657,Low,2022.75,Medium,Low
7973-DZRKH,No,0.03127773106098175,Low,8117.22696864009,High,Monitor
5914-DVBWJ,Yes,0.6111095547676086,High,1538.1000000000001,Medium,High
7698-YFGEZ,No,0.39771249890327454,Medium,92.27450013160706,Low,Low
2533-QVMSK,No,0.060364190489053726,Low,5740.099999999999,High,Monitor
9773-PEQBZ,Yes,0.5030125975608826,Medium,1036.6066645085812,Medium,Medium
8644-XLFBW,Yes,0.81410151720047,High,71.65,Low,Medium
0650-BWOZN,No,0.45384806394577026,Medium,1564.9168493807315,Medium,Medium
8625-AZYZY,Yes,0.7215940356254578,High,2511.6000000000004,Medium,High
7785-RDVIG,No,0.04726923257112503,Low,168.22622286826373,Low,Low
9602-WCXPI,No,0.024696702137589455,Low,1243.3283374231307,Medium,Low
2903-YYTBW,No,0.4826785624027252,Medium,182.83002026975154,Low,Low
3620-MWJNE,No,0.2345009744167328,Low,358.98853165805343,Low,Low
8573-JGCZW,No,0.04476544260978699,Low,559.2943086326122,Low,Low
6837-HAEVO,No,0.23140734434127808,Low,9181.85349225998,High,Monitor
6701-YVNQG,No,0.0024261223152279854,Low,8510.035270815342,High,Monitor
9306-CPCBC,Yes,0.709480881690979,High,222.75,Low,Medium
4304-XUMGI,No,0.038531385362148285,Low,5491.60479336083,High,Monitor
9504-YAZWB,No,0.021424325183033943,Low,1548.8377779610455,Medium,Low
8819-ZBYNA,No,0.18941015005111694,Low,8450.248463106154,High,Monitor
6174-NRBTZ,No,0.04810168221592903,Low,1765.7504792623222,Medium,Low
9481-IEBZY,No,0.0784735307097435,Low,8753.04203029722,High,Monitor
1833-VGRUM,Yes,0.8710048794746399,High,74.2,Low,Medium
6137-NICCO,Yes,0.7821738719940186,High,687.2192840337754,Low,Medium
9065-ZCPQX,No,0.003861261298879981,Low,7562.292949117999,High,Monitor
6402-EJMWF,No,0.3315635323524475,Medium,442.9872199654579,Low,Low
3620-EHIMZ,No,0.027259187772870064,Low,1457.9408331982793,Medium,Low
3213-VVOLG,No,0.028998877853155136,Low,590.7570827141404,Low,Low
6870-ECSHE,No,0.044813916087150574,Low,275.30266499221324,Low,Low
8747-UDCOI,No,0.024157295003533363,Low,1710.9313522003592,Medium,Low
8374-XGEJJ,Yes,0.6560408473014832,High,4343.0,High,Critical
2656-TABEH,Yes,0.8401433825492859,High,400.8,Low,Medium
6946-LMSQS,No,0.15362022817134857,Low,2226.25,Medium,Low
4626-OZDTJ,No,0.11849243193864822,Low,4843.1168427363045,High,Monitor
9169-BSVIN,No,0.21795126795768738,Low,1247.7488563209772,Medium,Low
2325-ZUSFD,No,0.047882579267024994,Low,3995.7,High,Monitor
8194-PEEBY,No,0.022798290476202965,Low,710.9557682342827,Low,Low
6872-HXFNF,No,0.0314001627266407,Low,4412.613606058806,High,Monitor
3932-CMDTD,No,0.3709949254989624,Medium,422.6,Low,Low
7714-YXSMB,Yes,0.5079731941223145,Medium,2909.6921639442444,Medium,Medium
8387-UGUSU,No,0.07880843430757523,Low,411.56934535279873,Low,Low
1080-BWSYE,No,0.020108338445425034,Low,2244.8213068529963,Medium,Low
4039-HEUNW,Yes,0.567548394203186,Medium,3474.0,High,High
1194-HVAIF,No,0.32905590534210205,Medium,2947.438133955002,Medium,Medium
0812-WUPTB,Yes,0.7510926127433777,High,70.85,Low,Medium
3594-UVONA,No,0.06660345196723938,Low,3008.25,Medium,Low
0004-TLHLJ,Yes,0.5970416069030762,Medium,295.6,Low,Low
1767-TGTKO,No,0.34442955255508423,Medium,542.3740610182285,Low,Low
8439-LTUGF,No,0.1111065223813057,Low,306.6672173142433,Low,Low
8805-JNRAZ,No,0.37455034255981445,Medium,283.03273887634276,Low,Low
5089-IFSDP,No,0.3091432452201843,Medium,6348.1,High,High
6418-HNFED,No,0.01738392934203148,Low,6209.016909174621,High,Monitor
0206-OYVOC,No,0.007674291264265776,Low,1343.9544774359092,Medium,Low
7291-CDTMJ,No,0.3559044301509857,Medium,95.58886768519878,Low,Low
7128-GGCNO,No,0.2628505229949951,Low,3670.786891555786,High,Monitor
0237-YFUTL,No,0.23517920076847076,Low,5985.675603814423,High,Monitor
7691-KGKGP,No,0.0851941704750061,Low,3801.7742735147476,High,Monitor
6710-HSJRD,No,0.28821882605552673,Low,7447.385391682386,High,Monitor
3675-EQOZA,No,0.12305349856615067,Low,211.90367152765393,Low,Low
0840-DCNZE,No,0.06047408655285835,Low,5066.951338090747,High,Monitor
1732-FEKLD,No,0.13828565180301666,Low,6096.26921389997,High,Monitor
9862-KJTYK,No,0.22182127833366394,Low,600.0109835654497,Low,Low
0479-HMSWA,No,0.039634574204683304,Low,5172.1928196027875,High,Monitor
5854-KSRBJ,No,0.009591774083673954,Low,2381.7528545185924,Medium,Low
0365-BZUWY,Yes,0.6834418177604675,High,1938.1282495319842,Medium,High
4817-VYYWS,Yes,0.5529221296310425,Medium,3006.0,Medium,Medium
5701-SVCWR,No,0.33371010422706604,Medium,119.94574499130249,Low,Low
3129-AAQOU,No,0.014631961472332478,Low,1091.810122871399,Medium,Low
4922-CVPDX,No,0.04407351091504097,Low,3597.2543267458677,High,Monitor
1396-QWFBJ,No,0.33569949865341187,Medium,1555.05,Medium,Medium
1357-BIJKI,No,0.3250177502632141,Medium,5708.304072439671,High,High
1099-BTKWT,No,0.07567524909973145,Low,4302.599197387695,High,Monitor
5299-SJCZT,Yes,0.8794883489608765,High,304.65,Low,Medium
2018-PZKMU,No,0.4053364396095276,Medium,1295.7588784575462,Medium,Medium
7340-KEFQE,No,0.019068699330091476,Low,2549.348411589861,Medium,Low
4570-QHXHL,No,0.4597054123878479,Medium,535.5773292481899,Low,Low
2403-BCASL,No,0.24261406064033508,Low,4589.95,High,Monitor
7392-YYPYJ,Yes,0.6579359769821167,High,2420.8724635005,Medium,High
2898-LSJGD,No,0.2231118083000183,Low,1174.95,Medium,Low
2223-GDSHL,No,0.03288821130990982,Low,10933.14975385964,High,Monitor
7359-PTSXY,Yes,0.6418426036834717,High,45.75,Low,Medium
9470-RTWDV,No,0.15524469316005707,Low,2963.239221930504,Medium,Low
2176-OSJUV,No,0.0062991539016366005,Low,6179.400642959402,High,Monitor
9348-YVOMK,No,0.3688402771949768,Medium,348.8557334899902,Low,Low
8104-OSKWT,Yes,0.5122885704040527,Medium,1191.1162324905395,Medium,Medium
4521-YEEHE,Yes,0.5488497018814087,Medium,1839.808223927021,Medium,Medium
4090-KPJIP,Yes,0.709480881690979,High,355.49644750356674,Low,Medium
3786-WOVKF,No,0.08064612001180649,Low,8871.995544920861,High,Monitor
4503-BDXBD,No,0.3598402738571167,Medium,824.45,Low,Low
6086-ESGRL,Yes,0.7774407267570496,High,80.15,Low,Medium
2592-HODOV,No,0.017754776403307915,Low,478.3879937849939,Low,Low
3886-CERTZ,No,0.2974560558795929,Low,7866.0,High,Monitor
7995-ZHHNZ,No,0.04137783125042915,Low,3001.544444002211,Medium,Low
3824-RHKVR,No,0.10619258135557175,Low,440.54803688377143,Low,Low
5816-SCGFC,No,0.31789132952690125,Medium,569.0530487716197,Low,Low
5989-AXPUC,No,0.064208023250103,Low,10728.438282620906,High,Monitor
4979-HPRFL,No,0.015184013172984123,Low,1923.1993459649384,Medium,Low
8590-OHDIW,No,0.01580984890460968,Low,1011.1487208068371,Medium,Low
8015-IHCGW,No,0.017104795202612877,Low,11040.585507698357,High,Monitor
2332-TODQS,No,0.03429340943694115,Low,1492.6914011232554,Medium,Low
9278-VZKCD,No,0.3791922628879547,Medium,6079.580744713545,High,High
8008-OTEZX,No,0.023552581667900085,Low,917.9963012427091,Medium,Low
2773-OVBPK,No,0.30347949266433716,Medium,9317.645579195023,High,High
5999-LCXAO,No,0.4345920979976654,Medium,131.33417761921882,Low,Low
5206-XZZQI,No,0.1346476674079895,Low,4690.284388041496,High,Monitor
4803-LBYPN,No,0.024922935292124748,Low,828.8896176755428,Low,Low
5759-RCVCB,No,0.48602789640426636,Medium,105.60000000000001,Low,Low
6372-RFVNS,Yes,0.8267765641212463,High,78.8,Low,Medium
2139-FQHLM,No,0.30696460604667664,Medium,2083.081202116609,Medium,Medium
8261-GWDBQ,No,0.045552127063274384,Low,9621.328215703368,High,Monitor
1093-YSWCA,No,0.009086145088076591,Low,679.9867807246745,Low,Low
8938-UMKPI,Yes,0.6000671982765198,High,5000.8,High,Critical
0991-BRRFB,No,0.24734912812709808,Low,889.1999999999999,Low,Low
3882-IYOIJ,No,0.04155384749174118,Low,9566.062057837844,High,Monitor
8749-TZYEC,No,0.004160686861723661,Low,2378.323559179902,Medium,Low
1755-FZQEC,No,0.017485162243247032,Low,1010.7245432563126,Medium,Low
3115-JPJDD,No,0.035756003111600876,Low,5733.887896966189,High,Monitor
5600-KTXFM,No,0.4716569781303406,Medium,361.6455662786961,Low,Low
3871-IKPYH,Yes,0.8359087705612183,High,69.1,Low,Medium
6319-IEJWJ,Yes,0.5167171955108643,Medium,1804.0,Medium,Medium
9025-AOMKI,Yes,0.8438761234283447,High,561.3,Low,Medium
6339-TBELP,No,0.024912791326642036,Low,8156.340835905075,High,Monitor
7964-YESJC,No,0.09917604923248291,Low,1949.5477676153182,Medium,Low
6173-GOLSU,No,0.3994256854057312,Medium,6682.616153258085,High,High
5275-SQEIZ,Yes,0.8185333609580994,High,80.85,Low,Medium
7716-YTYHG,No,0.20076881349086761,Low,3938.3999999999996,High,Monitor
9938-ZREHM,No,0.10791195929050446,Low,3439.5345728218554,High,Monitor
7950-XWOVN,No,0.2017696350812912,Low,547.8915619760752,Low,Low
4390-KYULV,No,0.20038942992687225,Low,61.650000000000006,Low,Low
4647-MUZON,No,0.43584054708480835,Medium,2051.8865970432757,Medium,Medium
9702-AIUJO,No,0.07826504111289978,Low,2735.5247138977047,Medium,Low
8849-PRIQJ,No,0.06698442995548248,Low,8554.662840354444,High,Monitor
8851-RAGOV,No,0.09595582634210587,Low,2161.6440312303603,Medium,Low
1304-NECVQ,Yes,0.7626417279243469,High,157.1,Low,Medium
5396-IZEPB,No,0.10194097459316254,Low,283.45057680308815,Low,Low
1729-VLAZJ,No,0.049670539796352386,Low,861.5091292783618,Low,Low
8285-ABVLB,No,0.01192450150847435,Low,1860.219167481363,Medium,Low
0701-TJSEF,No,0.1529940664768219,Low,961.0989297777414,Medium,Low
5712-VBOXD,No,0.07809441536664963,Low,192.05838518217206,Low,Low
6629-LADHQ,No,0.27820920944213867,Low,322.55144467353824,Low,Low
8945-GRKHX,Yes,0.8132123947143555,High,78.65,Low,Medium
1559-DTODC,No,0.29765915870666504,Low,583.8332329511642,Low,Low
4797-MIWUM,No,0.09877399355173111,Low,251.24895978346467,Low,Low
6959-UWKHF,Yes,0.6686558127403259,High,42.9,Low,Medium
8720-RQSBJ,Yes,0.5875189900398254,Medium,152.89498662948608,Low,Low
4537-CIBHB,No,0.05034150555729866,Low,413.0170141495764,Low,Low
3815-SLMEF,No,0.23171326518058777,Low,102.75,Low,Low
5154-VEKBL,No,0.2186553180217743,Low,526.5,Low,Low
4324-AHJKS,No,0.21533170342445374,Low,541.7069456934929,Low,Low
4355-CVPVS,No,0.11041140556335449,Low,5927.413112545014,High,Monitor
4495-LHSSK,No,0.13013872504234314,Low,1338.5850150078534,Medium,Low
5655-JSMZM,Yes,0.6886519193649292,High,4713.8,High,Critical
5915-ANOEI,No,0.026099970564246178,Low,7390.520495916158,High,Monitor
9861-PDSZP,No,0.029271962121129036,Low,10296.891947827487,High,Monitor
4505-EXZHB,Yes,0.5124471187591553,Medium,446.40000000000003,Low,Low
7225-CBZPL,Yes,0.5955753922462463,Medium,1841.636716890335,Medium,Medium
6704-UTUKK,No,0.3476150631904602,Medium,1510.7668115973472,Medium,Medium
4587-VVTOX,Yes,0.8440256714820862,High,631.8,Low,Medium
2019-HDCZY,No,0.09297238290309906,Low,8697.26480433941,High,Monitor
4652-NNHNY,No,0.40565037727355957,Medium,1181.6,Medium,Medium
8788-DOXSU,No,0.10084524005651474,Low,4281.607734270394,High,Monitor
7404-JLKQG,No,0.46292319893836975,Medium,358.1026194065809,Low,Low
7421-ZLUPA,No,0.3148687481880188,Medium,354.2405346930027,Low,Low
8972-HJWNV,Yes,0.8527020215988159,High,591.85,Low,Medium
3274-NSDWE,No,0.009815279394388199,Low,1798.58289257288,Medium,Low
2632-IVXVF,No,0.12840503454208374,Low,9936.617697358131,High,Monitor
3692-JHONH,No,0.30080074071884155,Medium,6431.5766533613205,High,High
8915-NNTRC,No,0.005461520049721003,Low,10325.083062975482,High,Monitor
5914-GXMDA,No,0.009175768122076988,Low,847.074892102927,Low,Low
7463-IFMQU,No,0.0063683390617370605,Low,1921.7355552434922,Medium,Low
2920-RNCEZ,Yes,0.7142699956893921,High,189.87088280916214,Low,Medium
2541-YGPKE,No,0.08130543678998947,Low,3377.650124117732,High,Monitor
8515-OCTJS,No,0.017742963507771492,Low,618.75,Low,Low
5382-TEMLV,No,0.12916015088558197,Low,2556.454489919543,Medium,Low
3441-CGZJH,No,0.07657989859580994,Low,3266.494889497757,High,Monitor
9592-ERDKV,No,0.0788470059633255,Low,3808.2664973288774,High,Monitor
2860-RANUS,No,0.4604912996292114,Medium,1716.0,Medium,Medium
5261-QSHQM,Yes,0.5359734296798706,Medium,97.8,Low,Low
4778-IZARL,No,0.08880588412284851,Low,9344.039331793785,High,Monitor
0432-CAJZV,No,0.4914904236793518,Medium,548.8309114336968,Low,Low
7008-LZVOZ,No,0.0083446204662323,Low,2271.9331464529037,Medium,Low
8868-WOZGU,Yes,0.6464683413505554,High,2959.6,Medium,High
1200-TUZHR,Yes,0.7376534342765808,High,815.7115643978119,Low,Medium
9365-CSLBQ,No,0.005334325134754181,Low,2310.13262039125,Medium,Low
1334-FJSVR,Yes,0.6840602159500122,High,24.25,Low,Medium
5884-FBCTL,No,0.004097747150808573,Low,2407.131517116353,Medium,Low
7130-CTCUS,No,0.23398172855377197,Low,1123.5177802443504,Medium,Low
6242-FEGFD,No,0.026345007121562958,Low,8632.921735489368,High,Monitor
7625-XCQRH,Yes,0.6533157229423523,High,841.5,Low,Medium
6194-HBGQN,No,0.04820549860596657,Low,5065.5074854575105,High,Monitor
7634-WSWDB,No,0.34314313530921936,Medium,459.7339357435703,Low,Low
6986-IXNDM,Yes,0.594770610332489,Medium,1526.4748618006706,Medium,Medium
1731-TVIUK,Yes,0.8058893084526062,High,374.0,Low,Medium
2987-BJXIK,No,0.024189595133066177,Low,7912.627391013503,High,Monitor
9769-TSBZE,No,0.045313309878110886,Low,6132.223717153072,High,Monitor
0406-BPDVR,No,0.2857009172439575,Low,5481.0,High,Monitor
0618-XWMSS,No,0.28770750761032104,Low,2097.2000000000003,Medium,Low
1395-WSWXR,No,0.007647078949958086,Low,992.1917546829209,Medium,Low
6023-GSSXW,No,0.01623453013598919,Low,5690.907314955443,High,Monitor
6752-APNJL,No,0.1348319947719574,Low,2571.90993770957,Medium,Low
5276-KQWHG,Yes,0.6200875639915466,High,139.2,Low,Medium
0420-HLGXF,Yes,0.6723641157150269,High,4086.3400767445564,High,Critical
7446-KQISO,No,0.2067478895187378,Low,7028.176059007645,High,Monitor
9823-EALYC,No,0.004046899266541004,Low,7753.747396663203,High,Monitor
0582-AVCLN,No,0.007730686571449041,Low,1254.8336095023901,Medium,Low
5803-NQJZO,No,0.0033470194321125746,Low,6503.353729980066,High,Monitor
2565-JSLRY,No,0.37528368830680847,Medium,24.05,Low,Low
2607-DHDAK,No,0.0037158187478780746,Low,1899.0342429310083,Medium,Low
1073-XXCZD,No,0.018912842497229576,Low,2018.6345587477088,Medium,Low
0743-HRVFF,No,0.14004242420196533,Low,3443.0894145727157,High,Monitor
4006-HKYHO,No,0.011136958375573158,Low,7519.726217012108,High,Monitor
3727-JEZTU,No,0.2886815071105957,Low,107.46538352966307,Low,Low
8143-ETQTI,No,0.019232477992773056,Low,914.4799633786082,Medium,Low
6689-KXGBO,No,0.47747936844825745,Medium,50.55,Low,Low
9667-TKTVZ,No,0.35756823420524597,Medium,318.1969988256693,Low,Low
3657-COGMW,No,0.25553572177886963,Low,6104.059530854225,High,Monitor
8570-KLJYJ,No,0.0355914868414402,Low,2590.344522497803,Medium,Low
7754-IXRMC,Yes,0.5123318433761597,Medium,178.04450541734695,Low,Low
9473-CBZOP,No,0.03723805397748947,Low,2333.6354577839375,Medium,Low
2969-WGHQO,No,0.08283430337905884,Low,1250.5158915638924,Medium,Low
6615-NGGZJ,Yes,0.7265751361846924,High,1407.7,Medium,High
4334-HOWRP,No,0.006235627923160791,Low,6225.479903193377,High,Monitor
4255-DDUOU,No,0.454135537147522,Medium,20.5,Low,Low
5863-OOKCL,No,0.015088826417922974,Low,299.8934537321329,Low,Low
1686-STUHN,No,0.02575535513460636,Low,1063.0805276200176,Medium,Low
1329-VHWNP,No,0.36017343401908875,Medium,271.515932866931,Low,Low
2984-MIIZL,Yes,0.5507339835166931,Medium,299.2,Low,Low
0266-GMEAO,No,0.006464990321546793,Low,10955.065238549932,High,Monitor
5590-YRFJT,No,0.4622803330421448,Medium,489.0,Low,Low
5574-NXZIU,No,0.1224580854177475,Low,9179.461849737168,High,Monitor
0019-GFNTW,No,0.018139326944947243,Low,3584.3877597071228,High,Monitor
4256-ZWTZI,No,0.31010690331459045,Medium,466.1072875857353,Low,Low
8309-PPCED,No,0.0190602894872427,Low,10552.674984627218,High,Monitor
4098-NAUKP,No,0.3658750057220459,Medium,6078.272084593773,High,High
5196-WPYOW,No,0.0200643353164196,Low,4729.491639970988,High,Monitor
4608-LCIMN,No,0.19424103200435638,Low,573.062827526033,Low,Low
1485-YDHMM,No,0.17882199585437775,Low,5308.449093319476,High,Monitor
4054-CUMIA,No,0.0794300064444542,Low,476.3492542169988,Low,Low
0603-TPMIB,No,0.011758001521229744,Low,2105.168212670833,Medium,Low
2525-GVKQU,No,0.010726719163358212,Low,1725.0967100456357,Medium,Low
8161-QYMTT,Yes,0.8521154522895813,High,742.1956156373024,Low,Medium
9581-GVBXT,No,0.029591327533125877,Low,2458.4426616221663,Medium,Low
5862-BRIXZ,No,0.022419122979044914,Low,4219.8129186965525,High,Monitor
5404-GGUKR,No,0.45763900876045227,Medium,423.85142140090466,Low,Low
3308-JSGML,No,0.03362121060490608,Low,5264.467475058138,High,Monitor
2126-GSEGL,No,0.02714981697499752,Low,7915.944692492485,High,Monitor
3677-TNKIO,No,0.3870777487754822,Medium,994.0,Medium,Medium
0440-QEXBZ,No,0.14936880767345428,Low,2462.5549257710577,Medium,Low
2434-EEVDB,No,0.04843610152602196,Low,8214.83067509532,High,Monitor
6762-QVYJO,No,0.017427774146199226,Low,4874.50857187435,High,Monitor
6199-IWKGC,No,0.2225286215543747,Low,5546.798068270087,High,Monitor
2675-DHUTR,No,0.4894534647464752,Medium,6039.158314019442,High,High
8152-VETUR,No,0.061567626893520355,Low,9234.836228460073,High,Monitor
9667-EQRXU,No,0.49053484201431274,Medium,1209.0,Medium,Medium
7446-YPODE,No,0.1954963654279709,Low,953.5780638977885,Medium,Low
9522-BNTHX,No,0.38162869215011597,Medium,2121.200316399336,Medium,Medium
4676-WLUHT,No,0.0268732700496912,Low,3573.8029181689026,High,Monitor
3329-WDIOK,Yes,0.6485018134117126,High,151.8,Low,Medium
7980-MHFLQ,No,0.003367731114849448,Low,2388.387443885766,Medium,Low
2873-ZLIWT,No,0.38767367601394653,Medium,3394.0,High,High
3415-TAILE,No,0.45048242807388306,Medium,131.4,Low,Low
0757-WCUUZ,No,0.035656820982694626,Low,4887.087369377911,High,Monitor
1629-DQQVB,No,0.14312906563282013,Low,958.9754028707742,Medium,Low
1915-IOFGU,Yes,0.7536747455596924,High,70.5,Low,Medium
3045-XETSH,Yes,0.7745246291160583,High,948.5,Medium,High
0374-AACSZ,No,0.36595600843429565,Medium,240.93383706212043,Low,Low
7239-HZZCX,No,0.35481491684913635,Medium,19.75,Low,Low
4872-VXRIL,No,0.03987354412674904,Low,4365.266104466468,High,Monitor
9140-CZQZZ,No,0.02429797314107418,Low,7276.781152111292,High,Monitor
3423-HHXAO,No,0.06003527715802193,Low,492.95174514502287,Low,Low
9938-TKDGL,No,0.0709032267332077,Low,8989.19801068902,High,Monitor
0531-ZZJWQ,No,0.41674888134002686,Medium,4328.963496685028,High,High
6537-QLGEX,No,0.42274707555770874,Medium,757.1308325648307,Low,Low
2688-BHGOG,Yes,0.5799281001091003,Medium,916.4503178179264,Medium,Medium
7683-CBDKJ,No,0.24791774153709412,Low,916.3000000000001,Medium,Low
0946-CLJTI,Yes,0.6768035292625427,High,5724.6,High,Critical
3160-TYXLT,No,0.1732327938079834,Low,2683.575929880142,Medium,Low
1325-USMEC,No,0.055410102009773254,Low,9206.780152767897,High,Monitor
0916-QOFDP,Yes,0.6906805634498596,High,1518.9968121290206,Medium,High
0628-CNQRM,No,0.054182473570108414,Low,1485.0,Medium,Low
5606-AMZBO,No,0.4371693730354309,Medium,1045.4112809836865,Medium,Medium
6199-IPCAO,No,0.013583951629698277,Low,1374.7910126991571,Medium,Low
7665-TOALD,Yes,0.8737105131149292,High,69.6,Low,Medium
0112-QWPNC,No,0.1402236670255661,Low,4133.15,High,Monitor
0324-BRPCJ,Yes,0.5783655643463135,Medium,6813.6,High,High
2777-PHDEI,Yes,0.8267765641212463,High,78.05,Low,Medium
5640-CAXOA,No,0.14337940514087677,Low,1625.2756920307875,Medium,Low
2235-EZAIK,No,0.004569292068481445,Low,7594.51468963623,High,Monitor
3847-BAERP,No,0.11462036520242691,Low,320.02660620361564,Low,Low
1196-AMORA,Yes,0.5958473086357117,Medium,515.1999999999999,Low,Low
4282-YMKNA,Yes,0.6706100702285767,High,672.75,Low,Medium
1453-RZFON,No,0.29055413603782654,Low,262.30809167027473,Low,Low
8263-OKETD,No,0.13341550529003143,Low,1736.2460301131011,Medium,Low
0670-KDOMA,No,0.3466762900352478,Medium,99.62883076071739,Low,Low
2476-YGEFM,No,0.34697914123535156,Medium,2501.7775115966797,Medium,Medium
8687-BAFGU,No,0.4989703595638275,Medium,296.4571603536606,Low,Low
0641-EVBOJ,No,0.40360286831855774,Medium,541.4009036242961,Low,Low
0829-XXPLX,No,0.33028560876846313,Medium,2147.2347994565966,Medium,Medium
9974-JFBHQ,No,0.16391274333000183,Low,6842.988308992983,High,Monitor
5356-RHIPP,No,0.4727770984172821,Medium,20.2,Low,Low
6624-JDRDS,No,0.22423161566257477,Low,313.778273512423,Low,Low
0608-JDVEC,No,0.01473359763622284,Low,1458.198594403267,Medium,Low
9780-FKVVF,No,0.2107703536748886,Low,634.997601480782,Low,Low
1919-RTPQD,No,0.36305662989616394,Medium,484.26929487288,Low,Low
5214-NLTIT,No,0.06686544418334961,Low,8571.086824035645,High,Monitor
3345-PBBFH,No,0.23574434220790863,Low,623.6132070615887,Low,Low
5055-BRMNE,No,0.06432636827230453,Low,9544.973036128284,High,Monitor
9189-JWSHV,Yes,0.7412847280502319,High,2245.2,Medium,High
2190-PHBHR,No,0.005907393526285887,Low,9053.809120354616,High,Monitor
2650-GYRYL,No,0.016441697254776955,Low,871.412507860735,Low,Low
0746-JTRFU,Yes,0.7239193916320801,High,50.1,Low,Medium
5208-FVQKB,No,0.01684180274605751,Low,6359.834388081729,High,Monitor
7184-LRUUR,No,0.06773572415113449,Low,2165.4629279896617,Medium,Low
6627-CFOSN,No,0.2045474648475647,Low,6342.1965277254585,High,Monitor
3982-JGSFD,No,0.019545666873455048,Low,972.0269481495023,Medium,Low
1574-DYCWE,No,0.012648496776819229,Low,1490.193899743259,Medium,Low
7247-XOZPB,No,0.05237974226474762,Low,4982.349695384502,High,Monitor
2466-FCCPT,No,0.05791816860437393,Low,616.708144941926,Low,Low
6211-WWLTF,No,0.039250560104846954,Low,8579.981259781123,High,Monitor
4826-TZEVA,No,0.2071806788444519,Low,3347.8173113346097,High,Monitor
6016-NXBNJ,No,0.013728025369346142,Low,896.8952997701242,Medium,Low
9138-EFSMO,No,0.14439013600349426,Low,2863.3047851502897,Medium,Low
0576-WNXXC,No,0.45164602994918823,Medium,2579.85,Medium,Medium
4632-XJMEX,No,0.036852553486824036,Low,4057.455804160237,High,Monitor
8910-LEDAG,No,0.33757805824279785,Medium,2717.077739596367,Medium,Medium
3452-GWUIN,Yes,0.5890731811523438,Medium,2038.1550086975099,Medium,Medium
2716-GFZOR,No,0.15924474596977234,Low,4136.634164232015,High,Monitor
3724-UCSHY,No,0.10713762789964676,Low,222.03275624737145,Low,Low
8626-XHBIE,No,0.013686464168131351,Low,1975.8538165271282,Medium,Low
4628-CTTLA,No,0.4203982353210449,Medium,2240.1,Medium,Medium
3192-LNKRK,No,0.3304556608200073,Medium,3195.35121024847,Medium,Medium
4439-YRNVD,No,0.292574942111969,Low,516.3649500906467,Low,Low
2876-VBBBL,No,0.3466762900352478,Medium,20.25,Low,Low
6834-NXDCA,Yes,0.5268766283988953,Medium,310.7,Low,Low
2208-UGTGR,No,0.2935020625591278,Low,5939.56417979002,High,Monitor
3005-TYFRD,No,0.4424729347229004,Medium,6047.476081895828,High,High
8670-MEFCP,No,0.014713875949382782,Low,5541.193942183257,High,Monitor
3079-BCHLN,No,0.02245757170021534,Low,1168.7371318779885,Medium,Low
7777-UNYHB,No,0.11377246677875519,Low,348.07904050648216,Low,Low
5597-GLBUC,Yes,0.86384516954422,High,85.45,Low,Medium
7278-CKDNC,Yes,0.6272280216217041,High,2112.048865556717,Medium,High
2748-MYRVK,No,0.11012474447488785,Low,6293.700000000001,High,Monitor
8450-UYIBU,No,0.3408513069152832,Medium,1552.3524525165558,Medium,Medium
2969-VAPYH,No,0.019047459587454796,Low,4765.671544339508,High,Monitor
4822-YCXMX,Yes,0.6148239374160767,High,2120.0,Medium,High
7181-OQCUT,Yes,0.5719558000564575,Medium,2447.5643409848212,Medium,Medium
8474-UMLNT,No,0.1501775085926056,Low,1227.107789504528,Medium,Low
9821-POOTN,Yes,0.5230316519737244,Medium,2632.0,Medium,Medium
3836-FZSDJ,No,0.011203019879758358,Low,2354.068518943712,Medium,Low
9142-XMYJH,No,0.08583854138851166,Low,667.2841453447938,Low,Low
6559-ILWKJ,No,0.12431822717189789,Low,3503.85,High,Monitor
0187-QSXOE,Yes,0.6910302042961121,High,787.9898709058762,Low,Medium
7733-UDMTP,No,0.3593519330024719,Medium,3346.4138621091843,High,High
2649-HWLYB,No,0.02773466147482395,Low,6726.6621326886125,High,Monitor
5214-CHIWJ,No,0.022504232823848724,Low,786.2179688841105,Low,Low
4229-CZMLL,Yes,0.7293277382850647,High,449.40000000000003,Low,Medium
6904-JLBGY,No,0.023325832560658455,Low,11199.905125176161,High,Monitor
2465-BLLEU,No,0.4371519386768341,Medium,86.44749526679516,Low,Low
1685-VAYJF,No,0.1505744904279709,Low,727.5641981959343,Low,Low
8874-EJNSR,No,0.012879548594355583,Low,1579.8104490101337,Medium,Low
6917-YACBP,No,0.23972530663013458,Low,5704.6579223796725,High,Monitor
5049-MUBWG,No,0.07025015354156494,Low,2786.7748618125916,Medium,Low
4223-WOZCM,Yes,0.5829119086265564,Medium,224.90130098462106,Low,Low
0769-MURVM,No,0.003972886595875025,Low,6300.935552415624,High,Monitor
9253-VIFJQ,No,0.034186165779829025,Low,5135.343811013549,High,Monitor
7030-FZTFM,No,0.013050311245024204,Low,10611.665291590243,High,Monitor
9741-YLNTD,Yes,0.7220912575721741,High,674.3524433791638,Low,Medium
5917-RYRMG,No,0.01538744755089283,Low,867.5439424619079,Low,Low
5120-ZBLAI,No,0.10645926743745804,Low,4596.6924014598135,High,Monitor
1194-BHJYC,No,0.02307618223130703,Low,5248.329566583782,High,Monitor
3663-MITLP,Yes,0.631351113319397,High,1518.75,Medium,High
0906-QVPMS,No,0.029565265402197838,Low,10972.693432534486,High,Monitor
9025-ZRPVR,No,0.054775502532720566,Low,170.54999999999998,Low,Low
1905-OEILC,No,0.33978796005249023,Medium,96.74480867385864,Low,Low
7858-GTZSP,Yes,0.7663785815238953,High,1159.9196026146412,Medium,High
3285-UCQVC,No,0.1505238115787506,Low,1058.2,Medium,Low
6248-BSHKG,No,0.02379070781171322,Low,1483.3760347276925,Medium,Low
4685-TFLLS,No,0.050656452775001526,Low,581.9640268206597,Low,Low
3470-BTGQO,No,0.15429452061653137,Low,1190.288730803132,Medium,Low
1209-VFFOC,No,0.010921291075646877,Low,5174.016940400004,High,Monitor
8224-DWCKX,Yes,0.5763416886329651,Medium,1065.924925339222,Medium,Medium
5482-PLVPE,Yes,0.6414056420326233,High,48.7,Low,Medium
4553-DVPZG,No,0.4475100338459015,Medium,6619.669148418307,High,High
4902-OHLSK,No,0.49982184171676636,Medium,2860.8500000000004,Medium,Medium
6917-IAYHD,No,0.2846792936325073,Low,177.80865440368652,Low,Low
0495-ZBNGW,Yes,0.744544506072998,High,399.5,Low,Medium
8620-RJPZN,No,0.3465951681137085,Medium,101.8528801202774,Low,Low
7572-KPVKK,No,0.36228224635124207,Medium,8043.6087744116785,High,High
2642-MAWLJ,No,0.009719306603074074,Low,1210.276416990906,Medium,Low
2357-COQEK,Yes,0.6164256930351257,High,2892.4,Medium,High
7103-ZGVNT,No,0.04937567189335823,Low,5926.032155777514,High,Monitor
3737-GCSPV,Yes,0.7033361196517944,High,1058.2,Medium,High
2027-WKXMW,No,0.32801181077957153,Medium,7289.72229346633,High,High
7137-NAXML,No,0.025126367807388306,Low,699.1744442641734,Low,Low
2428-ZMCTB,No,0.09715866297483444,Low,304.4866984374821,Low,Low
2961-VNFKL,No,0.007174687460064888,Low,2460.7816046498715,Medium,Low
1768-HNVGJ,No,0.15667179226875305,Low,3506.700845709443,High,Monitor
6963-KQYQB,No,0.012158692814409733,Low,2253.6820025075226,Medium,Low
5934-RMPOV,Yes,0.5985058546066284,Medium,2068.6597729325294,Medium,Medium
1207-BLKSA,No,0.018158962950110435,Low,1741.754461695999,Medium,Low
4088-YLDSU,No,0.39871159195899963,Medium,5728.25,High,High
8316-BBQAY,No,0.018939625471830368,Low,5308.29966687113,High,Monitor
1166-PQLGG,No,0.00454700319096446,Low,1874.6665461027994,Medium,Low
3146-JTQHR,No,0.060799337923526764,Low,416.8999957203865,Low,Low
4291-YZODP,No,0.0279766283929348,Low,374.2188232086599,Low,Low
4395-PZMSN,Yes,0.6917871236801147,High,585.955669414997,Low,Medium
6427-FEFIG,No,0.025917643681168556,Low,3723.908956959843,High,Monitor
0017-IUDMW,No,0.014529016800224781,Low,11172.07226010561,High,Monitor
8706-HRADD,No,0.15350233018398285,Low,1135.739841122925,Medium,Low
9955-QOPOY,No,0.08597593009471893,Low,4862.071961402893,High,Monitor
4385-ZKVNW,No,0.11333724111318588,Low,2707.6667127773167,Medium,Low
5446-DKWYW,No,0.08906590193510056,Low,4689.914838325977,High,Monitor
2034-CGRHZ,Yes,0.6528040766716003,High,2470.8,Medium,High
5797-APWZC,Yes,0.8306312561035156,High,90.6,Low,Medium
3683-QKIUE,No,0.29103511571884155,Low,304.79999999999995,Low,Low
4228-ZGYUW,Yes,0.8161952495574951,High,360.2,Low,Medium
9031-ZVQPT,No,0.06267566233873367,Low,10224.443840038777,High,Monitor
2990-IAJSV,No,0.003137116553261876,Low,8825.073246650398,High,Monitor
8107-KNCIM,Yes,0.5980644822120667,Medium,1232.5121443152427,Medium,Medium
9027-YFHQJ,No,0.13283920288085938,Low,305.68426780700685,Low,Low
5176-LDKUH,No,0.07732509821653366,Low,4439.26822642833,High,Monitor
4644-OBGFZ,No,0.0371539331972599,Low,1297.8059796318412,Medium,Low
7926-IJOOU,No,0.22641336917877197,Low,108.8813318490982,Low,Low
6480-YAGIY,No,0.2520994246006012,Low,6055.973334717751,High,Monitor
4029-HPFVY,Yes,0.5558866858482361,Medium,398.226995909214,Low,Low
7602-DBTOU,No,0.008444237522780895,Low,1858.027830669284,Medium,Low
5345-BMKWB,No,0.1283552497625351,Low,267.904837153852,Low,Low
3519-ZKXGG,Yes,0.8259290456771851,High,227.54999999999998,Low,Medium
5457-COLHT,No,0.023228874430060387,Low,7455.4881906531755,High,Monitor
6416-TVAIH,Yes,0.8740813732147217,High,68.5,Low,Medium
5451-YHYPW,No,0.02260616235435009,Low,11049.200080979615,High,Monitor
5108-ADXWO,No,0.44067081809043884,Medium,808.5,Low,Low
7998-WNZEM,No,0.006900840438902378,Low,7643.651014254987,High,Monitor
3066-RRJIO,Yes,0.7760476469993591,High,69.95,Low,Medium
4664-NJCMS,No,0.02037794142961502,Low,3365.225846108794,High,Monitor
0307-BCOPK,No,0.007508900482207537,Low,531.6834653497674,Low,Low
7629-WFGLW,No,0.1089276522397995,Low,6379.172840759158,High,Monitor
2542-HYGIQ,No,0.3218476474285126,Medium,101.12483660280704,Low,Low
6715-OFDBP,No,0.4831991493701935,Medium,350.25,Low,Low
5016-LIPDW,No,0.0638776570558548,Low,1323.7292814373968,Medium,Low
6481-LXPWL,No,0.06989450752735138,Low,2424.5216993391514,Medium,Low
1567-DSCIC,Yes,0.8000208139419556,High,752.0,Low,Medium
2150-UWTFY,No,0.12507213652133942,Low,1345.3,Medium,Low
6124-ACRHJ,No,0.3689531087875366,Medium,94.52905660867691,Low,Low
9362-MWODR,No,0.11822224408388138,Low,2903.131724925339,Medium,Low
9975-GPKZU,No,0.005089744459837675,Low,1380.087461126037,Medium,Low
9625-RZFUK,No,0.008736860938370228,Low,1709.7692121483385,Medium,Low
5153-LXKDT,No,0.07818581908941269,Low,9931.614145672322,High,Monitor
5161-UBZXI,No,0.026030566543340683,Low,9824.109581954777,High,Monitor
1020-JPQOW,No,0.18399760127067566,Low,5514.134103229641,High,Monitor
7919-ZODZZ,No,0.19845451414585114,Low,1292.862170213461,Medium,Low
0565-JUPYD,No,0.07555164396762848,Low,7742.758238464594,High,Monitor
6867-ACCZI,No,0.023034773766994476,Low,2490.976185053587,Medium,Low
5939-XAIXZ,No,0.28067824244499207,Low,1308.0237035930156,Medium,Low
9054-FOWNV,Yes,0.614109218120575,High,2157.986841350794,Medium,High
2683-BPJSO,No,0.43598368763923645,Medium,2449.05,Medium,Medium
2157-MXBJS,No,0.3080896735191345,Medium,978.9,Medium,Medium
8207-VVMYB,No,0.013006851077079773,Low,2435.883724927902,Medium,Low
9732-EQMWY,No,0.29641851782798767,Low,5290.215995967388,High,Monitor
9360-AHGNL,No,0.3688407242298126,Medium,4710.65,High,High
1087-UDSIH,No,0.202670618891716,Low,58.800000000000004,Low,Low
5269-NRGDP,No,0.14191918075084686,Low,3825.523343136907,High,Monitor
6195-MELTI,No,0.05634777620434761,Low,3733.8971283651886,High,Monitor
5485-WUYWF,Yes,0.5932559370994568,Medium,132.8,Low,Low
2121-JAFOM,No,0.02176603302359581,Low,11032.438437218963,High,Monitor
8818-DOPVL,Yes,0.6122334003448486,High,5047.713328003883,High,Critical
2632-UCGVD,Yes,0.5115761160850525,Medium,6603.3,High,High
5445-PZWGX,No,0.1306292712688446,Low,6324.0,High,Monitor
1227-UDMZR,No,0.002454037545248866,Low,8745.031547466015,High,Monitor
5198-HQAEN,No,0.11824482679367065,Low,4088.621268439293,High,Monitor
9170-CCKOU,No,0.21399322152137756,Low,1533.4,Medium,Low
2167-FQSTQ,No,0.005486305337399244,Low,8858.233569283784,High,Monitor
2819-GWENI,No,0.018136901780962944,Low,791.668907854706,Low,Low
1043-YCUTE,No,0.019620858132839203,Low,1408.3999999999999,Medium,Low
3814-MLAXC,No,0.30672433972358704,Medium,2475.35,Medium,Medium
3572-UUHRS,No,0.012186473235487938,Low,1071.6934197541327,Medium,Low
2692-PFYTJ,No,0.31516364216804504,Medium,131.55721728503704,Low,Low
1226-UDFZR,No,0.45430788397789,Medium,99.2,Low,Low
5955-EPOAZ,No,0.06855490803718567,Low,242.78264805972574,Low,Low
6821-JPCDC,No,0.17196497321128845,Low,5622.729592198133,High,Monitor
8815-LMFLX,No,0.07184978574514389,Low,776.45009265244,Low,Low
9135-HSWOC,No,0.014667313545942307,Low,1726.6652941554785,Medium,Low
8582-KRHPJ,No,0.14688393473625183,Low,1929.1543737053871,Medium,Low
5811-IWXYM,No,0.16895060241222382,Low,6274.725018069148,High,Monitor
7044-YAACC,Yes,0.5769267082214355,Medium,458.9984704971314,Low,Low
8189-XRIKE,No,0.41752889752388,Medium,3228.2544806212186,High,High
1506-YJTYT,No,0.017797144129872322,Low,5064.106341744214,High,Monitor
4123-DVHPH,Yes,0.5299583673477173,Medium,1040.772994530201,Medium,Medium
6425-YQLLO,No,0.30417969822883606,Medium,6992.7,High,High
5442-UTCVD,Yes,0.6906905770301819,High,275.54999999999995,Low,Medium
2228-BZDEE,No,0.02053062617778778,Low,1557.8960259318353,Medium,Low
7734-DBOAI,No,0.3782539665699005,Medium,40.1,Low,Low
2789-CZANW,No,0.06676502525806427,Low,9529.659625136852,High,Monitor
2091-RFFBA,Yes,0.5173859596252441,Medium,2290.9,Medium,Medium
2114-MGINA,Yes,0.5154964327812195,Medium,1257.2,Medium,Medium
7596-LDUXP,No,0.07830371707677841,Low,1963.589261890948,Medium,Low
3740-RLMVT,No,0.022284990176558495,Low,4798.750758184865,High,Monitor
4489-SNOJF,No,0.17084598541259766,Low,2528.75,Medium,Low
2192-OZITF,No,0.01925576478242874,Low,5040.959724006057,High,Monitor
5651-CPDND,No,0.1994868814945221,Low,680.9416207075119,Low,Low
2186-QZEYA,No,0.17198218405246735,Low,1988.832658742368,Medium,Low
1131-ALZWV,No,0.04278603196144104,Low,872.9695633649826,Low,Low
7729-XBTWX,No,0.005684785544872284,Low,1774.8054116517305,Medium,Low
9134-WYRVP,No,0.048754215240478516,Low,5389.530882167815,High,Monitor
3284-SVCRO,No,0.01670430414378643,Low,1749.2769658640027,Medium,Low
9732-OUYRN,No,0.008132889866828918,Low,1157.145701110363,Medium,Low
0559-CKHUS,No,0.007117252331227064,Low,1032.8105852061883,Medium,Low
2931-SVLTV,No,0.20323392748832703,Low,4930.343667501211,High,Monitor
6899-PPEEA,Yes,0.670089840888977,High,3572.35,High,Critical
7504-UWHNB,No,0.3400653302669525,Medium,2019.9326592832804,Medium,Medium
2582-FFFZR,No,0.4936535954475403,Medium,1266.9267684221268,Medium,Medium
8908-NMQTX,No,0.0037349341437220573,Low,6291.719719684123,High,Monitor
2187-LZGPL,No,0.42555752396583557,Medium,280.7,Low,Low
1431-AIDJQ,No,0.027286594733595848,Low,4625.934493736922,High,Monitor
6288-LBEAR,No,0.20436565577983856,Low,2196.9080597668885,Medium,Low
4597-NUCQV,Yes,0.7161638140678406,High,2430.0,Medium,High
9019-QVLZD,Yes,0.8311907649040222,High,79.55,Low,Medium
8413-YNHNV,No,0.02142486721277237,Low,8383.838058891894,High,Monitor
5808-TOTXO,No,0.05918388441205025,Low,293.6552541039884,Low,Low
4369-NYSCF,No,0.09303869307041168,Low,5066.427827998996,High,Monitor
6333-YDVLT,No,0.17710009217262268,Low,8236.227878332138,High,Monitor
5324-KTGCG,No,0.022585464641451836,Low,1724.8991167467088,Medium,Low
5599-HVLTW,Yes,0.5608696937561035,Medium,1336.6047206401824,Medium,Medium
7394-LWLYN,Yes,0.6082234978675842,High,305.19872974753383,Low,Medium
3707-LRWZD,No,0.1709362417459488,Low,2689.6,Medium,Low
6873-UDNLD,No,0.18495707213878632,Low,3027.847872905433,Medium,Low
2700-LUEVA,No,0.31353068351745605,Medium,106.21542990207672,Low,Low
1455-ESIQH,Yes,0.8536009788513184,High,89.1,Low,Medium
0958-YHXGP,Yes,0.5298303365707397,Medium,686.4891568422318,Low,Low
1101-SSWAG,No,0.442056268453598,Medium,937.5655480921268,Medium,Medium
2979-SXESE,Yes,0.6787998080253601,High,1604.8000000000002,Medium,High
4013-TLDHQ,No,0.4881397783756256,Medium,1486.75,Medium,Medium
5743-KHMNA,No,0.008664465509355068,Low,2421.9369497496637,Medium,Low
4194-FJARJ,No,0.022316087037324905,Low,4647.864834666252,High,Monitor
5325-UWTWJ,No,0.1627546101808548,Low,3261.9254202887414,High,Monitor
3969-GYXEL,No,0.3509262800216675,Medium,1137.9353932380677,Medium,Medium
9208-OLGAQ,No,0.4879632294178009,Medium,1790.085141965747,Medium,Medium
3244-CQPHU,No,0.010076012462377548,Low,10542.975144669414,High,Monitor
2674-MLXMN,No,0.17279420793056488,Low,7569.736343078315,High,Monitor
9708-HPXWZ,No,0.3350450396537781,Medium,408.13373119831084,Low,Low
6992-TKNYO,No,0.09909530729055405,Low,3367.9490855634212,High,Monitor
4468-YDOVK,No,0.28727301955223083,Low,451.29500559270383,Low,Low
3754-DXMRT,Yes,0.7150622010231018,High,88.3,Low,Medium
5792-JALQC,No,0.034736935049295425,Low,4498.703866495192,High,Monitor
7130-VTEWQ,Yes,0.7210806608200073,High,606.0,Low,Medium
2200-DSAAL,No,0.18017110228538513,Low,7071.060814416409,High,Monitor
4302-ZYFEL,No,0.00755341537296772,Low,1662.6873277690263,Medium,Low
9351-LZYGF,No,0.09969663619995117,Low,3147.4808601379395,Medium,Low
4366-CTOUZ,No,0.0458354614675045,Low,7304.574882262946,High,Monitor
6121-VZNQB,No,0.395263671875,Medium,19.1,Low,Low
7903-CMPEY,Yes,0.8278528451919556,High,80.3,Low,Medium
1518-OMDIK,No,0.12000451982021332,Low,1705.372791852057,Medium,Low
6671-NGWON,No,0.09187132865190506,Low,253.33251077160241,Low,Low
0595-ITUDF,No,0.18233022093772888,Low,6325.572514307499,High,Monitor
6996-KNSML,Yes,0.8103668689727783,High,74.9,Low,Medium
1955-IBMMB,No,0.018358072265982628,Low,1667.7000065654515,Medium,Low
0096-BXERS,No,0.4124165177345276,Medium,479.60896999239924,Low,Low
3806-YAZOV,No,0.04479135945439339,Low,164.14753465354443,Low,Low
7998-ZLXWN,No,0.08314216881990433,Low,419.24845588579774,Low,Low
6253-WRFHY,No,0.2319953888654709,Low,1438.4895828515291,Medium,Low
9133-AYJZG,Yes,0.5368102192878723,Medium,2544.400988137722,Medium,Medium
2675-OTVVJ,No,0.38424649834632874,Medium,3103.4249043375253,Medium,Medium
8680-CGLTP,No,0.06951447576284409,Low,2359.742294587195,Medium,Low
8430-TWCBX,No,0.0234859399497509,Low,1256.8660925164818,Medium,Low
5018-GWURO,No,0.26752495765686035,Low,5169.799181747436,High,Monitor
6741-QRLUP,No,0.020841781049966812,Low,6945.933719560504,High,Monitor
4737-HOBAX,No,0.027818193659186363,Low,6889.322595503926,High,Monitor
0537-QYZZN,No,0.4493044316768646,Medium,2180.238246783614,Medium,Medium
3340-QBBFM,No,0.054170552641153336,Low,2561.6324772253633,Medium,Low
1704-NRWYE,Yes,0.7053348422050476,High,727.65,Low,Medium
2592-SEIFQ,Yes,0.5649062991142273,Medium,74.25,Low,Low
8200-KLNYW,No,0.08242315798997879,Low,2589.6835982233288,Medium,Low
3372-CDXFJ,No,0.04455995187163353,Low,599.3993741497397,Low,Low
4781-ZXYGU,No,0.4703342914581299,Medium,84.1865841627121,Low,Low
7632-YUTXB,No,0.022649172693490982,Low,736.4006090499461,Low,Low
2718-YSKCS,No,0.009603436104953289,Low,1857.48254365623,Medium,Low
9896-UYMIE,No,0.17284439504146576,Low,8678.326627761126,High,Monitor
0853-NWIFK,No,0.1514410823583603,Low,5534.825513273478,High,Monitor
8212-CRQXP,No,0.32910630106925964,Medium,2082.0289754867554,Medium,Medium
6980-CDGFC,No,0.01936444081366062,Low,1642.3050169084222,Medium,Low
7691-XVTZH,No,0.06456205248832703,Low,8136.023441088199,High,Monitor
2520-SGTTA,No,0.026945071294903755,Low,467.0663657784462,Low,Low
7481-ATQQS,No,0.33641117811203003,Medium,4451.65,High,High
2277-VWCNI,No,0.4638642370700836,Medium,351.81971065700054,Low,Low
1088-CNNKB,No,0.07759471982717514,Low,5925.509068965912,High,Monitor
8642-GVWRF,Yes,0.6439800262451172,High,159.4,Low,Medium
1930-BZLHI,No,0.043434642255306244,Low,660.9432603612543,Low,Low
3400-ESFUW,No,0.019100261852145195,Low,3165.25,Medium,Low
5868-YTYKS,No,0.2961817979812622,Low,105.76391154527664,Low,Low
3525-DVKFN,No,0.019208230078220367,Low,786.4566480755806,Low,Low
1482-OXZSY,No,0.3612763285636902,Medium,3396.767139673233,High,High
0377-JBKKT,No,0.10787113010883331,Low,1585.0932080611587,Medium,Low
5778-BVOFB,No,0.23129548132419586,Low,809.9275131672621,Low,Low
3373-YZZYM,No,0.11508636176586151,Low,121.14205112457275,Low,Low
2057-ZBLPD,Yes,0.6009703278541565,High,1816.5,Medium,High
0228-MAUWC,No,0.2743203639984131,Low,1390.7353339433669,Medium,Low
5502-RLUYV,Yes,0.5258458256721497,Medium,7172.55,High,High
0023-HGHWL,Yes,0.800087034702301,High,25.1,Low,Medium
7663-YJHSN,No,0.0030811030883342028,Low,9971.513264015224,High,Monitor
4915-BFSXL,No,0.04606720805168152,Low,6405.067984116077,High,Monitor
3086-RUCRN,No,0.14188097417354584,Low,7335.432429376244,High,Monitor
5215-LNLDJ,No,0.45254501700401306,Medium,254.03282848000526,Low,Low
7576-JMYWV,No,0.24007141590118408,Low,5571.664779806138,High,Monitor
9039-RBEEE,No,0.11224440485239029,Low,1909.0500000000002,Medium,Low
0257-KXZGU,No,0.12962904572486877,Low,2324.527996566892,Medium,Low
1307-ATKGB,No,0.43508222699165344,Medium,2452.7303194373844,Medium,Medium
8417-FMLZI,Yes,0.6282086968421936,High,501.29999999999995,Low,Medium
3714-XPXBW,No,0.10764852911233902,Low,3341.739186318219,High,Monitor
1850-AKQEP,No,0.07348784059286118,Low,275.9271346636117,Low,Low
2824-DXNKN,No,0.007936627604067326,Low,6845.590270984546,High,Monitor
5227-JSCFE,No,0.012369411997497082,Low,4389.490266093984,High,Monitor
0848-ZGQIJ,Yes,0.5275274515151978,Medium,1782.7171602845192,Medium,Medium
3621-CHYVB,No,0.09421339631080627,Low,3115.4925091445443,Medium,Low
8042-RNLKO,No,0.01804378628730774,Low,1979.5894276678562,Medium,Low
1792-UXAFY,Yes,0.5289739370346069,Medium,1515.5500000000002,Medium,Medium
5372-FBKBN,No,0.060709431767463684,Low,552.6916757449508,Low,Low
0420-TXVSG,No,0.012438379228115082,Low,5929.267755192518,High,Monitor
6217-TOWGS,No,0.23926036059856415,Low,1625.9586128652097,Medium,Low
0515-YPMCW,Yes,0.7523439526557922,High,70.45,Low,Medium
0378-XSZPU,No,0.03975760564208031,Low,3497.3999999999996,High,Monitor
1045-LTCYT,No,0.04327697679400444,Low,289.2341178309172,Low,Low
1544-JJMYL,No,0.03787527233362198,Low,2673.1301983639596,Medium,Low
4636-JGAAI,No,0.22340774536132812,Low,3434.901330947876,High,Monitor
6874-SGLHU,No,0.23781272768974304,Low,3797.185984969139,High,Monitor
5951-AOFIH,No,0.1598600298166275,Low,2525.911764121056,Medium,Low
4729-XKASR,Yes,0.55613774061203,Medium,24.75,Low,Low
3059-NGMXB,No,0.131845161318779,Low,1329.257889020443,Medium,Low
8652-YHIYU,No,0.09625757485628128,Low,2134.1702735871077,Medium,Low
5278-PNYOX,No,0.04486817121505737,Low,7239.066445612908,High,Monitor
5449-FIBXJ,Yes,0.6008962392807007,High,1962.7,Medium,High
3486-HOOGQ,No,0.03002610243856907,Low,7434.366071255506,High,Monitor
5061-PBXFW,No,0.08303393423557281,Low,2302.610298627615,Medium,Low
8630-FJLIB,No,0.4312821626663208,Medium,1494.5790302753448,Medium,Medium
3891-NLXJB,No,0.016458099707961082,Low,2457.532977364212,Medium,Low
4749-OJKQU,Yes,0.6999622583389282,High,438.7871309399605,Low,Medium
0577-WHMEV,No,0.3100043535232544,Medium,1826.695630812645,Medium,Medium
5453-AXEPF,No,0.38989681005477905,Medium,1663.1798407435417,Medium,Medium
3639-XJHKQ,No,0.22398553788661957,Low,1433.5588584244251,Medium,Low
3716-LRGXK,No,0.06912361830472946,Low,8328.79550420344,High,Monitor
2263-SFSQZ,No,0.015973078086972237,Low,1861.685320841521,Medium,Low
9950-MTGYX,No,0.00553169334307313,Low,1052.9049590032548,Medium,Low
3397-AVTKU,No,0.07716210186481476,Low,3908.8865733146667,High,Monitor
4825-FUREZ,No,0.012761014513671398,Low,1330.2981469463557,Medium,Low
9837-BMCLM,Yes,0.6741049885749817,High,235.5,Low,Medium
2672-OJQZP,No,0.43297311663627625,Medium,196.99671818315983,Low,Low
0137-UDEUO,No,0.1482684314250946,Low,59.550000000000004,Low,Low
3134-DSHVC,No,0.037746913731098175,Low,8437.219258904457,High,Monitor
6161-UUUTA,Yes,0.7363755702972412,High,239.70000000000002,Low,Medium
7821-DPRQE,No,0.27894625067710876,Low,7789.544932812452,High,Monitor
6543-XRMYR,Yes,0.5739001035690308,Medium,2991.0,Medium,Medium
2001-EWBQU,No,0.19864961504936218,Low,8295.633247303964,High,Monitor
4925-LMHOK,No,0.2232837975025177,Low,879.0,Low,Low
1608-GMEWB,No,0.3924432694911957,Medium,4567.797461968661,High,High
6695-AMZUF,No,0.01926501654088497,Low,8086.328943680972,High,Monitor
1455-UGQVH,Yes,0.9019114375114441,High,985.0,Medium,High
8410-BGQXN,No,0.10058822482824326,Low,182.29153062999248,Low,Low
8280-MQRQN,Yes,0.6068342328071594,High,50.45,Low,Medium
1619-YWUBB,No,0.008942817337810993,Low,2290.045040978119,Medium,Low
7611-YKYTC,No,0.20161448419094086,Low,2009.2734821140766,Medium,Low
2037-SGXHH,No,0.41066309809684753,Medium,3596.7000000000003,High,High
3178-FESZO,Yes,0.8898343443870544,High,100.25,Low,Medium
0365-GXEZS,No,0.362395316362381,Medium,1706.764117562771,Medium,Medium
0082-OQIQY,No,0.33927011489868164,Medium,3105.2445310592652,Medium,Medium
6087-MVHJH,Yes,0.6587333083152771,High,1415.2,Medium,High
4603-JANFB,Yes,0.8677361011505127,High,69.85,Low,Medium
3018-TFTSU,No,0.31979984045028687,Medium,980.4000000000001,Medium,Medium
3606-SBKRY,No,0.19956763088703156,Low,2032.2896808892488,Medium,Low
4806-KEXQR,Yes,0.6754567623138428,High,319.6,Low,Medium
0667-NSRGI,No,0.11917976289987564,Low,4073.5325698837637,High,Monitor
7083-YNSKY,No,0.1413831263780594,Low,381.0,Low,Low
6893-ODYYE,No,0.03394703194499016,Low,5549.496469061076,High,Monitor
8242-JSVBO,No,0.32959306240081787,Medium,492.15201858282086,Low,Low
2479-BRAMR,No,0.28355273604393005,Low,3433.75,High,Monitor
9541-ZPSEA,No,0.056613948196172714,Low,7283.0256622985,High,Monitor
2665-NPTGL,Yes,0.5735780000686646,Medium,2801.591989159584,Medium,Medium
1139-WUOAH,No,0.026782814413309097,Low,4287.057284425199,High,Monitor
4693-VWVBO,No,0.10569416731595993,Low,163.5520741738379,Low,Low
7434-SHXLS,No,0.4121880829334259,Medium,20.9,Low,Low
6937-GCDGQ,No,0.05908318608999252,Low,1482.7445364907385,Medium,Low
0988-JRWWP,Yes,0.6793979406356812,High,266.8597897052765,Low,Medium
5075-JSDKI,No,0.024447603151202202,Low,2015.0041464708745,Medium,Low
7908-QCBCA,Yes,0.8375186920166016,High,69.4,Low,Medium
8644-XYTSV,No,0.19713552296161652,Low,1879.7100525185465,Medium,Low
6711-FLDFB,Yes,0.720191478729248,High,524.3000000000001,Low,Medium
3873-WOSBC,No,0.009710200130939484,Low,2323.634053039551,Medium,Low
7465-ZZRVX,Yes,0.8022622466087341,High,153.81510570645332,Low,Medium
7975-JMZNT,No,0.022996805608272552,Low,8202.388630217314,High,Monitor
7251-XFOIL,No,0.19645339250564575,Low,5871.258144330978,High,Monitor
4116-IQRFR,No,0.032274045050144196,Low,376.2663461714983,Low,Low
3714-JTVOV,No,0.2464204579591751,Low,3114.3,Medium,Low
8259-DZLIZ,No,0.04388778656721115,Low,4064.239712320268,High,Monitor
0442-ZXKVS,No,0.21323277056217194,Low,7333.803500676155,High,Monitor
7853-WNZSY,No,0.3326883614063263,Medium,98.82642917335033,Low,Low
3120-FAZKD,No,0.02194998413324356,Low,1863.230469158292,Medium,Low
8606-OEGQZ,No,0.015164830721914768,Low,1053.3919147856534,Medium,Low
0225-ZORZP,No,0.45011115074157715,Medium,531.0337799549103,Low,Low
4702-IOQDC,Yes,0.8047077655792236,High,70.1,Low,Medium
9489-JMTTN,No,0.0037737584207206964,Low,8607.871324361768,High,Monitor
0575-CUQOV,No,0.14571523666381836,Low,6881.126310825348,High,Monitor
0967-BMLBD,No,0.033272769302129745,Low,452.01453536748886,Low,Low
6178-KFNHS,No,0.4831791818141937,Medium,939.5999999999999,Medium,Medium
2830-LEWOA,No,0.09912937134504318,Low,7461.105499807,High,Monitor
5006-MXVRN,No,0.00801426824182272,Low,1300.1185115374624,Medium,Low
1264-BYWMS,Yes,0.6241048574447632,High,5324.0,High,Critical
9658-WYUFB,Yes,0.6162316203117371,High,1604.8000000000002,Medium,High
8327-WKMIE,No,0.023501254618167877,Low,981.6673966333269,Medium,Low
6917-FIJHC,No,0.003977049607783556,Low,2493.518321044743,Medium,Low
5329-KRDTM,No,0.020080743357539177,Low,7388.322108031064,High,Monitor
7797-EJMDP,No,0.15361957252025604,Low,863.8205634102225,Low,Low
3530-VWVGU,No,0.0366428941488266,Low,552.8248384386301,Low,Low
2013-SGDXK,Yes,0.7464014887809753,High,84.3,Low,Medium
6368-NWMCE,No,0.10281988233327866,Low,2956.5569501139225,Medium,Low
3633-CDBUW,No,0.13792388141155243,Low,2210.8362502545115,Medium,Low
0707-HOVVN,No,0.08259833604097366,Low,6947.331815093756,High,Monitor
8580-QVLOC,No,0.00473979115486145,Low,6656.400000000001,High,Monitor
3956-MGXOG,No,0.4103166162967682,Medium,2541.970884358883,Medium,Medium
9274-UARKJ,No,0.4188443422317505,Medium,1538.11290435791,Medium,Medium
4077-HWUYD,No,0.0028546738903969526,Low,8398.801759221498,High,Monitor
2012-NWRPA,Yes,0.8948811888694763,High,1095.05,Medium,High
8808-ELEHO,Yes,0.7409018874168396,High,650.0,Low,Medium
0103-CSITQ,No,0.21407334506511688,Low,7267.564512598515,High,Monitor
3506-LCJDC,No,0.39678987860679626,Medium,19.95,Low,Low
8671-KKKOS,No,0.19682715833187103,Low,2314.8071376278995,Medium,Low
7305-ZWMAJ,No,0.017110977321863174,Low,865.1496332332491,Low,Low
9518-XXBXE,No,0.38931968808174133,Medium,1028.9053649246691,Medium,Medium
3934-HXCFZ,Yes,0.6745190024375916,High,2282.75,Medium,High
6578-KRMAW,No,0.21049778163433075,Low,3431.237043172121,High,Monitor
4860-IJUDE,No,0.3544464111328125,Medium,1244.4074630737305,Medium,Medium
7666-WKRON,No,0.06519406288862228,Low,3137.55,Medium,Low
9688-YGXVR,No,0.22684715688228607,Low,4287.520538724959,High,Monitor
0423-UDIJQ,No,0.19626088440418243,Low,680.0637869238853,Low,Low
1945-XISKS,No,0.011203357018530369,Low,1782.866496830061,Medium,Low
4910-AQFFX,Yes,0.6191666722297668,High,714.15,Low,Medium
2154-KVJFF,Yes,0.6236738562583923,High,1196.25,Medium,High
5360-LJCNJ,No,0.3995136022567749,Medium,8981.037473344802,High,High
2607-FBDFF,No,0.29274702072143555,Low,256.93237590789795,Low,Low
9647-ERGBE,Yes,0.6584752202033997,High,3001.5,Medium,High
3428-XZMAZ,Yes,0.8677361011505127,High,69.35,Low,Medium
1100-DDVRV,No,0.3348237872123718,Medium,1045.3546523809432,Medium,Medium
0378-TOVMS,Yes,0.6787809133529663,High,257.4,Low,Medium
4355-HBJHH,No,0.18174773454666138,Low,5339.900000000001,High,Monitor
6728-WYQBC,No,0.34178364276885986,Medium,103.68779610395431,Low,Low
9058-CBREO,Yes,0.7129694223403931,High,50.55,Low,Medium
9029-FEGVJ,No,0.3122994601726532,Medium,2864.8079168498516,Medium,Medium
7216-KAOID,No,0.026394838467240334,Low,1027.3236077986658,Medium,Low
0318-QUUOB,Yes,0.8520433306694031,High,80.55,Low,Medium
6145-NNPNO,No,0.4388410449028015,Medium,192.80100720524788,Low,Low
5520-FVEWJ,Yes,0.6431907415390015,High,1014.0,Medium,High
5339-TJFEK,No,0.18252885341644287,Low,7058.459235787392,High,Monitor
5572-ZDXHY,No,0.41731518507003784,Medium,1854.6,Medium,Medium
2074-GUHPQ,No,0.35719233751296997,Medium,1933.429621875286,Medium,Medium
4625-XMOYM,No,0.0041360436007380486,Low,2517.394292531535,Medium,Low
5827-MWCZK,No,0.19028909504413605,Low,5900.208833412827,High,Monitor
1385-TQOZW,No,0.05912526696920395,Low,299.49532974287865,Low,Low
5914-XRFQB,No,0.031126338988542557,Low,11030.293678683041,High,Monitor
4329-YPDDQ,No,0.49527281522750854,Medium,2491.6688883543015,Medium,Medium
4804-NCPET,No,0.008795884437859058,Low,864.3357552245259,Low,Low
3750-CKVKH,Yes,0.6466622948646545,High,135.5,Low,Medium
5944-UGLLK,No,0.0951479971408844,Low,3505.816499483585,High,Monitor
8063-GBATB,Yes,0.6283451914787292,High,2301.75,Medium,High
7787-BNTZM,No,0.12439054995775223,Low,226.76118251010774,Low,Low
2252-ISRNH,No,0.24339814484119415,Low,1633.4577313631771,Medium,Low
9415-TPKRV,No,0.24253100156784058,Low,699.3733799755573,Low,Low
5322-TEUJK,No,0.022368403151631355,Low,10825.477943971753,High,Monitor
4547-KQRTM,Yes,0.7061260342597961,High,800.5,Low,Medium
4877-EVATK,No,0.39771249890327454,Medium,20.0,Low,Low
1866-DIOQZ,No,0.026111941784620285,Low,5523.468667465449,High,Monitor
8375-KVTHK,No,0.1677139401435852,Low,7822.139501643181,High,Monitor
2697-NQBPF,Yes,0.5023603439331055,Medium,3896.458026599884,High,High
3709-OIJEA,No,0.14686276018619537,Low,3087.447513985634,Medium,Low
7639-SUPCW,No,0.21150840818881989,Low,1073.6,Medium,Low
1386-ZIKUV,No,0.09334732592105865,Low,235.73640904277562,Low,Low
0599-XNYDO,No,0.29761841893196106,Low,1690.1574061512947,Medium,Low
6377-WHAOX,Yes,0.5162914991378784,Medium,6677.073944199085,High,High
6855-VLGOS,No,0.008768857456743717,Low,1968.4751995023341,Medium,Low
8999-XXGNS,No,0.06501875817775726,Low,8800.491195872426,High,Monitor
8746-OQQRW,No,0.13462050259113312,Low,232.10499385744333,Low,Low
3181-MIZBN,No,0.1670360565185547,Low,414.70622730255127,Low,Low
0471-ARVMX,No,0.182400181889534,Low,7529.404091146588,High,Monitor
7766-CLTIC,No,0.21799486875534058,Low,895.479276496172,Medium,Low
5650-YLIBA,Yes,0.5366038680076599,Medium,2741.2775766670707,Medium,Medium
0825-CPPQH,No,0.003900506068021059,Low,1812.7120080184193,Medium,Low
9084-OAYKL,No,0.013625314459204674,Low,1698.7982430219652,Medium,Low
6122-LJADA,No,0.018550509586930275,Low,8433.964117457717,High,Monitor
2400-XIWIO,No,0.01080009900033474,Low,8536.145865921675,High,Monitor
7524-VRLPL,No,0.04623837396502495,Low,6809.069675740599,High,Monitor
1069-XAIEM,Yes,0.9310154914855957,High,85.05,Low,Medium
7569-NMZYQ,No,0.024578260257840157,Low,11329.951958265156,High,Monitor
5201-USSQZ,No,0.20977510511875153,Low,2640.6819108217956,Medium,Low
2105-PHWON,No,0.2139035314321518,Low,3583.0749870836735,High,Monitor
1494-EJZDW,No,0.01278151385486126,Low,678.918859899789,Low,Low
4884-TVUQF,No,0.05515504628419876,Low,8071.207051473856,High,Monitor
8003-EWNDZ,No,0.15291310846805573,Low,319.7494526028633,Low,Low
1897-RCFUM,No,0.030193084850907326,Low,1225.4319281592964,Medium,Low
9256-JTBNZ,No,0.10897868126630783,Low,331.8263966217637,Low,Low
4658-HCOHW,Yes,0.5045560598373413,Medium,2158.7999999999997,Medium,Medium
2211-RMNHO,No,0.03564693406224251,Low,7774.623596587777,High,Monitor
2432-TFSMK,No,0.13647393882274628,Low,2541.263220977783,Medium,Low
3440-JPSCL,Yes,0.8168261051177979,High,599.7,Low,Medium
4929-ROART,No,0.1460658609867096,Low,1300.7027719169855,Medium,Low
1834-ABKHQ,No,0.0720238909125328,Low,3216.7645930960775,High,Monitor
1741-WTPON,No,0.07634266465902328,Low,9055.736855182051,High,Monitor
3932-IJWDZ,No,0.49833089113235474,Medium,4976.238018804789,High,High
1240-HCBOH,No,0.009183019399642944,Low,2369.3477566480638,Medium,Low
3594-KADLU,No,0.1982431858778,Low,274.14998505413536,Low,Low
8065-BVEPF,No,0.19063344597816467,Low,6922.749353021383,High,Monitor
3796-ENZGF,No,0.02017962746322155,Low,5818.18008127436,High,Monitor
1734-ZMNTZ,No,0.016203448176383972,Low,865.2779310941696,Low,Low
2853-CWQFQ,No,0.3934476673603058,Medium,276.2711484521627,Low,Low
0813-TAXXS,No,0.05399812012910843,Low,6045.374710094929,High,Monitor
2519-TWKFS,No,0.07563129812479019,Low,1988.6925856798887,Medium,Low
2889-FPWRM,No,0.17053194344043732,Low,8481.6,High,Monitor
0626-QXNGV,No,0.004301846493035555,Low,2315.9066497726367,Medium,Low
6723-CEGQI,No,0.02010459452867508,Low,4005.416410341859,High,Monitor
6987-XQSJT,No,0.48941656947135925,Medium,4293.0,High,High
4732-RRJZC,No,0.0794956162571907,Low,253.59128262475133,Low,Low
9499-XPZXM,No,0.003263401798903942,Low,6210.928673604503,High,Monitor
4338-EYCER,No,0.19394877552986145,Low,1410.6623811364175,Medium,Low
3007-FDPEA,No,0.1518315076828003,Low,146.7425267457962,Low,Low
6350-XFYGW,Yes,0.682468593120575,High,559.5166048109531,Low,Medium
4290-BSXUX,Yes,0.7520573139190674,High,238.95000000000002,Low,Medium
8513-OLYGY,No,0.037447523325681686,Low,11012.725843173264,High,Monitor
0311-QYWSS,No,0.2909143567085266,Low,507.08571036458017,Low,Low
8705-DWKTI,No,0.24939635396003723,Low,4735.003513228893,High,Monitor
8755-IWJHN,No,0.22989264130592346,Low,7019.728419908881,High,Monitor
0325-XBFAC,Yes,0.7044352293014526,High,757.6,Low,Medium
4480-QQRHC,No,0.4933779835700989,Medium,817.4921618998051,Low,Low
0929-PECLO,No,0.16636602580547333,Low,6092.961624526977,High,Monitor
3680-CTHUH,No,0.1243186667561531,Low,8221.253321474791,High,Monitor
1202-KKGFU,No,0.1551656872034073,Low,925.140118521452,Medium,Low
6112-KTHFQ,No,0.0616777129471302,Low,359.5577208407223,Low,Low
1852-XEMDW,No,0.12804220616817474,Low,1771.4251269325614,Medium,Low
2462-XIIJB,Yes,0.8552452325820923,High,462.5,Low,Medium
4760-XOHVN,No,0.4316433072090149,Medium,19.45,Low,Low
1820-DJFPH,No,0.004679772071540356,Low,2306.098835560307,Medium,Low
9426-SXNHE,No,0.03707657381892204,Low,145.82888544537127,Low,Low
9068-FHQHD,No,0.010364189743995667,Low,1284.5878778398037,Medium,Low
1269-FOYWN,No,0.019937047734856606,Low,1115.2151085436344,Medium,Low
9470-YFUYI,No,0.013573924079537392,Low,5881.435016684234,High,Monitor
7817-BOQPW,Yes,0.7720566391944885,High,151.1,Low,Medium
7402-EYFXX,Yes,0.6511265635490417,High,2629.527321910858,Medium,High
1853-UDXBW,Yes,0.8200181126594543,High,70.0,Low,Medium
9895-VFOXH,No,0.4837407171726227,Medium,99.98035900592804,Low,Low
5458-CQJTA,No,0.036748006939888,Low,4862.0,High,Monitor
1230-QAJDW,No,0.3509906232357025,Medium,449.83717100322247,Low,Low
5701-ZIKJE,No,0.18442271649837494,Low,904.5145900860429,Medium,Low
5219-YIPTK,Yes,0.5805213451385498,Medium,3445.2000000000003,High,High
5032-MIYKT,Yes,0.7649604678153992,High,170.40376955270767,Low,Medium
7396-VJUZB,No,0.24467483162879944,Low,386.07078321278095,Low,Low
9717-QEBGU,Yes,0.610194206237793,High,305.0200838088989,Low,Medium
5172-RKOCB,No,0.013186393305659294,Low,10424.720218784363,High,Monitor
6509-TSGWN,No,0.06174930930137634,Low,1127.5503846138715,Medium,Low
3540-RZJYU,No,0.32341039180755615,Medium,1293.0,Medium,Medium
3178-CIFOT,No,0.033811695873737335,Low,679.7772021129726,Low,Low
2091-MJTFX,No,0.11881012469530106,Low,1536.0,Medium,Low
4530-NDRKU,No,0.022616857662796974,Low,1023.5297863382847,Medium,Low
5985-TBABQ,No,0.06748591363430023,Low,3228.4651354700327,High,Monitor
9800-ONTFE,No,0.3830893337726593,Medium,1948.1709710001944,Medium,Medium
6743-HHQPF,No,0.28031009435653687,Low,1162.5852997899055,Medium,Low
8455-HIRAQ,No,0.20838391780853271,Low,566.7240091204644,Low,Low
6616-AALSR,No,0.06854641437530518,Low,9111.114615535736,High,Monitor
0883-EIBTI,No,0.2396768182516098,Low,39.0,Low,Low
9415-ZNBSX,No,0.01780545711517334,Low,8327.96754360199,High,Monitor
4018-KJYUY,No,0.06927336007356644,Low,555.8248507671058,Low,Low
0722-TROQR,Yes,0.7198708653450012,High,299.6,Low,Medium
7571-YXDAD,Yes,0.552649974822998,Medium,149.8,Low,Low
3884-UEBXB,No,0.013535593636333942,Low,3277.9065189611165,High,Monitor
8780-RSYYU,No,0.039706382900476456,Low,590.6258246898651,Low,Low
5537-UXXVS,No,0.09293987601995468,Low,489.76544431969523,Low,Low
1791-PQHBB,No,0.3748871982097626,Medium,351.9414208173752,Low,Low
8701-DGLVH,No,0.009511252865195274,Low,1529.0818770937622,Medium,Low
8741-LQOBK,No,0.1485968381166458,Low,1791.3500849440693,Medium,Low
3393-FMZPV,Yes,0.6558469533920288,High,2506.25,Medium,High
8082-GHXOP,No,0.14144159853458405,Low,798.6594179868698,Low,Low
6402-ZFPPI,Yes,0.6542755365371704,High,2570.0,Medium,High
0980-FEXWF,No,0.04704539105296135,Low,1884.875174725801,Medium,Low
7486-KSRVI,No,0.40962734818458557,Medium,4300.0,High,High
3011-WQKSZ,No,0.15834014117717743,Low,480.9991830587387,Low,Low
8443-WVPSS,Yes,0.6213746666908264,High,998.5,Medium,High
3006-XIMLN,Yes,0.8429180383682251,High,188.4,Low,Medium
8218-FFJDS,No,0.00230394653044641,Low,8289.622536474466,High,Monitor
1986-PHGZF,No,0.23231390118598938,Low,1320.1972090244292,Medium,Low
9965-YOKZB,Yes,0.8287495374679565,High,754.65,Low,Medium
0504-HHAPI,No,0.3710086941719055,Medium,2384.1,Medium,Medium
9360-OMDZZ,Yes,0.7115164995193481,High,2421.2777843713757,Medium,High
6305-YLBMM,No,0.3109058737754822,Medium,7179.45,High,High
0345-XMMUG,No,0.22597423195838928,Low,7032.393747353554,High,Monitor
8024-XNAFQ,No,0.008693194948136806,Low,10287.992420701683,High,Monitor
3647-GMGDH,No,0.3980533182621002,Medium,2083.4,Medium,Medium
2988-GBIVW,No,0.2493966519832611,Low,6768.653885003924,High,Monitor
2832-SCUCO,No,0.14998579025268555,Low,141.29169664382934,Low,Low
7036-ZZKBD,No,0.09764983505010605,Low,2417.896305716038,Medium,Low
3791-LGQCY,Yes,0.5180837512016296,Medium,5636.400000000001,High,High
0265-PSUAE,No,0.46819862723350525,Medium,1932.5143894255161,Medium,Medium
0463-TXOAK,No,0.015067638829350471,Low,1936.3424427032471,Medium,Low
0594-UFTUL,No,0.1293998807668686,Low,361.73847420066596,Low,Low
9509-MPYOD,No,0.017282050102949142,Low,970.9467695243657,Medium,Low
9128-CPXKI,No,0.0765298530459404,Low,7775.442561876774,High,Monitor
0129-KPTWJ,No,0.20344950258731842,Low,7267.161027480663,High,Monitor
8166-ZZTFS,No,0.17845317721366882,Low,5316.3,High,Monitor
5855-EIBDE,No,0.1252141147851944,Low,7464.951951795817,High,Monitor
5365-LLFYV,Yes,0.518143355846405,Medium,224.25876280665398,Low,Low
5956-YHHRX,Yes,0.7133845686912537,High,2370.799921542406,Medium,High
6008-NAIXK,No,0.23989500105381012,Low,3500.073866298795,High,Monitor
2956-GGUCQ,No,0.42850685119628906,Medium,1892.3999999999999,Medium,Medium
1928-BXYIV,No,0.3672538995742798,Medium,293.3045442461967,Low,Low
5760-FXFVO,No,0.4902026653289795,Medium,715.1909974336625,Low,Low
6595-COKXZ,Yes,0.5334717631340027,Medium,44.45,Low,Low
0961-ZWLVI,No,0.17121969163417816,Low,6436.833716082573,High,Monitor
5181-OABFK,No,0.02311716414988041,Low,4869.990028102696,High,Monitor
4007-NHVHI,No,0.306192547082901,Medium,5826.771510890126,High,High
7816-VGHTO,No,0.039243221282958984,Low,1178.3084970474242,Medium,Low
5871-DGTXZ,No,0.015341142192482948,Low,867.5549446150661,Low,Low
7550-WIQVA,No,0.15133829414844513,Low,6514.91155590117,High,Monitor
7544-ZVIKX,No,0.2791653871536255,Low,7001.5841129541395,High,Monitor
0016-QLJIS,No,0.014700436033308506,Low,8018.138293458894,High,Monitor
7508-DQAKK,No,0.016966363415122032,Low,7568.018548822403,High,Monitor
5176-OLSKT,No,0.011838534846901894,Low,6001.992048449815,High,Monitor
9356-AXGMP,No,0.23609307408332825,Low,5221.373960387707,High,Monitor
3556-BVQGL,No,0.0345863439142704,Low,631.6992774605751,Low,Low
0362-ZBZWJ,Yes,0.5772190093994141,Medium,3056.4,Medium,Medium
8979-CAMGB,No,0.19120503962039948,Low,7525.335585457086,High,Monitor
4211-MMAZN,No,0.24669323861598969,Low,20.25,Low,Low
7581-EBBOU,No,0.04543899744749069,Low,5012.549451948703,High,Monitor
4274-OWWYO,Yes,0.7846721410751343,High,74.35,Low,Medium
5073-RZGBK,No,0.07463602721691132,Low,4891.404632255435,High,Monitor
1541-ETJZO,No,0.3093544840812683,Medium,62.05,Low,Low
2192-CKRLV,No,0.02811804600059986,Low,4689.998211282492,High,Monitor
3154-HMWUU,No,0.013522444292902946,Low,1715.3469574078918,Medium,Low
6119-SPUDB,No,0.017136989161372185,Low,2661.7682439498603,Medium,Low
6522-OIQSX,No,0.028384733945131302,Low,5072.916212873161,High,Monitor
7813-ZGGAW,No,0.32551369071006775,Medium,3385.5322648644446,High,High
8748-HFWBO,No,0.028370074927806854,Low,610.1252261072397,Low,Low
1052-QJIBV,No,0.00620447238907218,Low,1887.536743986979,Medium,Low
1319-YLZJG,No,0.4453943073749542,Medium,1296.717849576473,Medium,Medium
4106-HADHQ,No,0.09904300421476364,Low,3120.0,Medium,Low
0723-FDLAY,No,0.10964536666870117,Low,4661.832789897919,High,Monitor
3050-RLLXC,No,0.022555997595191002,Low,6456.015804689378,High,Monitor
9298-WGMRW,No,0.02206002175807953,Low,11026.849619686604,High,Monitor
2369-UAPKZ,Yes,0.7183116674423218,High,520.5,Low,Medium
3088-LHEFH,No,0.44604918360710144,Medium,1131.572686970234,Medium,Medium
2778-OCLGR,No,0.3778171241283417,Medium,938.4000000000001,Medium,Medium
6583-KQJLK,Yes,0.5894524455070496,Medium,1652.8999561965466,Medium,Medium
8544-JNBOX,No,0.0033931806683540344,Low,1995.1061242103576,Medium,Low
6681-ZSEXG,No,0.032427337020635605,Low,4713.693762734532,High,Monitor
6139-ZZRBQ,No,0.022178301587700844,Low,1753.7278012759984,Medium,Low
6116-RFVHN,Yes,0.6460919976234436,High,3628.6003530323505,High,Critical
0637-KVDLV,Yes,0.8051671981811523,High,153.0,Low,Medium
8884-FEEWR,No,0.02844196930527687,Low,961.1691451877356,Medium,Low
3125-RAHBV,No,0.02723338082432747,Low,683.5659484311939,Low,Low
6633-MPWBS,No,0.37961524724960327,Medium,246.0,Low,Low
0373-AIVNJ,No,0.05849367007613182,Low,802.7889041818678,Low,Low
8785-EPNCG,No,0.14867320656776428,Low,254.64999999999998,Low,Low
1682-VCOIO,No,0.021395772695541382,Low,710.4994773805141,Low,Low
5729-KLZAR,Yes,0.6075007915496826,High,323.4,Low,Medium
2072-ZVJJX,No,0.009628348983824253,Low,2317.1652205158025,Medium,Low
8849-AYPTR,No,0.40806901454925537,Medium,3335.3322145342827,High,High
9518-IMLHK,No,0.0991433635354042,Low,2637.5523798711597,Medium,Low
1582-RAFML,No,0.37026992440223694,Medium,60.1,Low,Low
3646-ITDGM,No,0.0379481203854084,Low,1558.058128681779,Medium,Low
8740-CRYFY,Yes,0.8671826124191284,High,78.95,Low,Medium
3569-VLDHH,No,0.07704892009496689,Low,5788.3635132104155,High,Monitor
8224-KDLKN,No,0.004241474438458681,Low,2397.455115336925,Medium,Low
7594-LZNWR,No,0.2637042999267578,Low,2656.5890859603883,Medium,Low
4001-TSBTV,No,0.22491003572940826,Low,5735.656917373836,High,Monitor
2962-XPMCQ,Yes,0.5698545575141907,Medium,90.3,Low,Low
8727-XDPUD,No,0.03267888352274895,Low,2155.722303277254,Medium,Low
1043-UXOVO,No,0.0186871699988842,Low,10698.50312115103,High,Monitor
1064-FBXNK,No,0.05405241623520851,Low,245.17471445277334,Low,Low
3996-ZNWYK,No,0.008795314468443394,Low,1876.8204665645958,Medium,Low
2878-DHMIN,No,0.01800903119146824,Low,930.9994433514773,Medium,Low
7762-ONLJY,No,0.028943777084350586,Low,347.7576910972595,Low,Low
1678-FYZOW,Yes,0.7225037217140198,High,238.20000000000002,Low,Medium
5795-BKOYE,No,0.024225903674960136,Low,4769.918989113718,High,Monitor
8627-EHGIP,No,0.1998714655637741,Low,2373.8,Medium,Low
7402-PWYJJ,No,0.17283006012439728,Low,5735.708480235935,High,Monitor
5480-TBGPH,Yes,0.6762798428535461,High,2383.2,Medium,High
0018-NYROU,Yes,0.5868656039237976,Medium,515.6636996567249,Low,Low
7501-VTYLJ,No,0.3745012581348419,Medium,296.56676085889336,Low,Low
7608-RGIRO,No,0.013179482892155647,Low,2090.6820948183536,Medium,Low
0480-BIXDE,No,0.4731086492538452,Medium,2145.2184965133665,Medium,Medium
5895-QSXOD,No,0.37746530771255493,Medium,892.1013311684131,Low,Low
9814-AOUDH,No,0.01661304570734501,Low,1493.7250946089625,Medium,Low
6175-IRFIT,Yes,0.6241514682769775,High,571.3384312391281,Low,Medium
8760-ZRHKE,No,0.03559467941522598,Low,5714.042178213596,High,Monitor
1622-HSHSF,No,0.3951522409915924,Medium,90.49864213168621,Low,Low
8854-CCVSQ,Yes,0.6390650272369385,High,1451.7,Medium,High
6749-UTDVX,No,0.43583106994628906,Medium,8866.226630401612,High,High
5542-DHSXL,No,0.1931014508008957,Low,483.62410384714605,Low,Low
9102-OXKFY,No,0.030958417803049088,Low,4454.216440223157,High,Monitor
0511-JTEOY,Yes,0.7093684077262878,High,71.1,Low,Medium
5216-WASFJ,Yes,0.622511088848114,High,2822.529604667425,Medium,High
7808-DVWEP,No,0.11302147805690765,Low,166.43742263317108,Low,Low
7067-KSAZT,No,0.2534120976924896,Low,6906.25,High,Monitor
2284-VFLKH,No,0.20839199423789978,Low,5806.055134862661,High,Monitor
0366-NQSHS,No,0.10649251937866211,Low,142.43621850013733,Low,Low
6532-YLWSI,No,0.05977098271250725,Low,1102.4,Medium,Low
3807-BPOMJ,No,0.14042842388153076,Low,6188.5828820466995,High,Monitor
3892-NXAZG,No,0.01739785633981228,Low,10901.178587626666,High,Monitor
4948-WBBKL,No,0.37654486298561096,Medium,2976.5807385742664,Medium,Medium
4182-BGSIQ,No,0.1482444554567337,Low,299.18855869174007,Low,Low
9300-AGZNL,Yes,0.9459383487701416,High,94.0,Low,Medium
0988-AADSA,No,0.004331181291490793,Low,7753.1957758219905,High,Monitor
9972-NKTFD,No,0.08758664131164551,Low,1829.3803403139113,Medium,Low
3717-LNXKW,No,0.20371051132678986,Low,3922.718476668,High,Monitor
5734-EJKXG,No,0.10591382533311844,Low,8507.063443785906,High,Monitor
2207-RYYRL,No,0.013341306708753109,Low,1857.9393020872028,Medium,Low
6729-FZWSY,No,0.014047708362340927,Low,1533.2712648682295,Medium,Low
9695-IDRZR,No,0.05779193714261055,Low,6575.59919602126,High,Monitor
8144-DGHXP,No,0.036405760794878006,Low,6216.376696318388,High,Monitor
7814-LEEVE,No,0.28353452682495117,Low,107.56549463272096,Low,Low
1112-CUNAO,Yes,0.5405654311180115,Medium,1347.75,Medium,Medium
5175-AOBHI,No,0.4283570647239685,Medium,184.0,Low,Low
5174-RNGBH,No,0.1912745088338852,Low,596.25,Low,Low
8631-WUXGY,No,0.33394959568977356,Medium,4989.630982100964,High,High
7270-BDIOA,No,0.48835593461990356,Medium,1980.0,Medium,Medium
9565-JSNFM,No,0.11308882385492325,Low,2677.1,Medium,Low
5906-DVAPM,No,0.0464286245405674,Low,4983.214237913489,High,Monitor
6654-QGBZZ,No,0.4124673008918762,Medium,90.05140427350997,Low,Low
8348-JLBUG,No,0.03689724579453468,Low,6067.245813952386,High,Monitor
0607-DAAHE,No,0.03379803150892258,Low,1046.75,Medium,Low
5641-DMBFJ,No,0.031442102044820786,Low,6848.986339142918,High,Monitor
9200-NLNPD,No,0.13184314966201782,Low,3589.886533129215,High,Monitor
2664-XJZNO,No,0.008626453578472137,Low,10048.68204047084,High,Monitor
9732-KPKBW,No,0.3375498950481415,Medium,53.95,Low,Low
3339-EAQNV,No,0.10756811499595642,Low,8043.468009799719,High,Monitor
0921-OHLVP,No,0.48215222358703613,Medium,2085.1435469865796,Medium,Medium
3389-YGYAI,Yes,0.7997115850448608,High,844.0,Low,Medium
9560-ARGQJ,Yes,0.524979293346405,Medium,1296.0,Medium,Medium
8350-NYMVI,No,0.12279345095157623,Low,1819.2191349953414,Medium,Low
1600-DILPE,No,0.2531961500644684,Low,741.6370394825935,Low,Low
0536-ESJEP,No,0.027989568188786507,Low,5764.821064596623,High,Monitor
4654-GGUII,No,0.06268353015184402,Low,1175.7614650547505,Medium,Low
6478-HRRCZ,No,0.07343986630439758,Low,3039.8698731064796,Medium,Low
8510-BBWMU,No,0.020759422332048416,Low,1041.8300169073045,Medium,Low
6857-TKDJV,No,0.007956716232001781,Low,2238.4428066771475,Medium,Low
2360-RDGRO,No,0.3800261616706848,Medium,7164.043635874987,High,High
0584-BJQGZ,No,0.09615342319011688,Low,2383.648275758326,Medium,Low
5134-IKDAY,Yes,0.8733170628547668,High,69.8,Low,Medium
1360-XFJMR,No,0.17291715741157532,Low,8438.671853983402,High,Monitor
3070-DVEYC,Yes,0.5839927792549133,Medium,516.25,Low,Low
5730-RIITO,No,0.1980440467596054,Low,1599.3025598153474,Medium,Low
9058-MJLZC,Yes,0.5575669407844543,Medium,2521.5250044107433,Medium,Medium
5707-ORNDZ,No,0.332226425409317,Medium,490.95,Low,Low
0902-XKXPN,No,0.010902835987508297,Low,1873.3143051132558,Medium,Low
5177-RVZNU,No,0.022764522582292557,Low,989.1545622989536,Medium,Low
0056-EPFBG,No,0.027511050924658775,Low,1707.5855502456427,Medium,Low
8993-IZEUX,No,0.44017302989959717,Medium,716.3222098946572,Low,Low
8696-JKZNU,Yes,0.5794306397438049,Medium,2821.25,Medium,Medium
5380-AFSSK,Yes,0.8666221499443054,High,469.5,Low,Medium
8190-ZTQFB,No,0.2193797081708908,Low,2586.368223825097,Medium,Low
0931-MHTEM,No,0.1585795283317566,Low,6412.909418284893,High,Monitor
2055-PDADH,Yes,0.6009541153907776,High,211.20000000000002,Low,Medium
7515-LODFU,No,0.012272905558347702,Low,1881.920640411973,Medium,Low
0440-UEDAI,No,0.11554091423749924,Low,6008.295927803219,High,Monitor
1337-BOZWO,No,0.07125397026538849,Low,1352.3257893562316,Medium,Low
0868-VJRDR,No,0.0231756754219532,Low,9098.525703336298,High,Monitor
8714-EUHJO,No,0.40651342272758484,Medium,2825.65,Medium,Medium
6344-SFJVH,No,0.18827736377716064,Low,619.2713618516922,Low,Low
3950-VPYJB,No,0.02942066080868244,Low,4091.3583433896306,High,Monitor
8041-TMEID,No,0.09116458147764206,Low,9202.10742983222,High,Monitor
7321-ZNSLA,No,0.018353737890720367,Low,1482.488142284751,Medium,Low
6941-KXRRV,No,0.14564107358455658,Low,3433.973504546285,High,Monitor
3721-CNEYS,Yes,0.6171445846557617,High,141.9,Low,Medium
8727-JQFHV,No,0.016003213822841644,Low,1672.7803995162249,Medium,Low
9475-NNDGC,No,0.134521946310997,Low,9208.796101298929,High,Monitor
1355-KUSBG,No,0.2930792272090912,Low,548.5864022731781,Low,Low
3688-FTHLT,No,0.33732324838638306,Medium,1259.4906151354312,Medium,Medium
0899-LIIBW,Yes,0.5204896330833435,Medium,3719.0517230212686,High,High
2568-OIADY,Yes,0.689052939414978,High,3681.5,High,Critical
1384-RCUXW,No,0.443365216255188,Medium,1557.8215909838675,Medium,Medium
5825-XJOCM,No,0.049041152000427246,Low,3826.10099773407,High,Monitor
6848-YLDFR,No,0.09327585250139236,Low,5179.827870702744,High,Monitor
8125-QPFJD,No,0.003589679254218936,Low,8143.085669551604,High,Monitor
2320-YKQBO,No,0.05857614427804947,Low,244.1168824926019,Low,Low
1193-RTSLK,No,0.3108243942260742,Medium,3188.2000000000003,Medium,Medium
2302-ANTDP,No,0.35739341378211975,Medium,5637.6,High,High
5923-GXUOC,Yes,0.7648628354072571,High,1044.0,Medium,High
4973-RLZVI,No,0.06315595656633377,Low,3078.7248941078783,Medium,Low
7869-ZYDST,No,0.161739319562912,Low,2127.54575907886,Medium,Low
4501-UYKBC,No,0.13878270983695984,Low,3892.7213770031926,High,Monitor
1215-EXRMO,No,0.012376420199871063,Low,1514.5959495574236,Medium,Low
2305-MRGLV,No,0.1707065999507904,Low,2524.294458642602,Medium,Low
8404-VIOMB,No,0.01056500431150198,Low,5609.152493532747,High,Monitor
5233-GEEAX,Yes,0.5922635197639465,Medium,235.2,Low,Low
2359-KLTEK,No,0.20167124271392822,Low,4345.468394398689,High,Monitor
5304-EFJLP,No,0.023862825706601143,Low,10654.457172236593,High,Monitor
2673-ZALNP,No,0.03611386567354202,Low,369.47600887715816,Low,Low
9184-GALIL,No,0.045207202434539795,Low,894.253076261282,Medium,Low
4393-RYCRE,No,0.2827630341053009,Low,5578.955762797594,High,Monitor
9746-MDMBK,No,0.2151256501674652,Low,6400.677939862013,High,Monitor
3162-ZJZFU,No,0.19128529727458954,Low,5354.22927442342,High,Monitor
8404-GFGCZ,No,0.3918755054473877,Medium,501.75780105590815,Low,Low
8875-AKBYH,Yes,0.6539201736450195,High,1862.1510001182555,Medium,High
4432-ADRLB,No,0.4378790259361267,Medium,89.3,Low,Low
0533-UCAAU,No,0.09679127484560013,Low,4823.317684301734,High,Monitor
1394-SUIUH,No,0.18429800868034363,Low,4163.342147365212,High,Monitor
3521-MNKLV,No,0.17621643841266632,Low,1438.452258065343,Medium,Low
2533-TIBIX,No,0.2439175695180893,Low,590.0021364033222,Low,Low
8993-PHFWD,Yes,0.5857725739479065,Medium,75.75,Low,Low
1565-RHDJD,Yes,0.6819552779197693,High,336.2,Low,Medium
7137-RYLPP,Yes,0.5564873218536377,Medium,3170.9,Medium,Medium
3765-JXVKY,Yes,0.7935056090354919,High,74.7,Low,Medium
5092-STPKP,No,0.07027938961982727,Low,1666.7385383695364,Medium,Low
7330-WZLNC,Yes,0.8385366201400757,High,454.0,Low,Medium
0114-PEGZZ,No,0.3540972173213959,Medium,3965.951065662503,High,High
3359-DSRKA,No,0.017348134890198708,Low,1619.4353485383094,Medium,Low
8639-NHQEI,No,0.008126430213451385,Low,9187.696208220721,High,Monitor
7161-DFHUF,No,0.008060870692133904,Low,2261.1359576158225,Medium,Low
3957-LXOLK,Yes,0.6532031297683716,High,2972.2000000000003,Medium,High
3720-DBRWL,No,0.01508075650781393,Low,6258.401485603675,High,Monitor
6635-MYYYZ,No,0.128500834107399,Low,2560.5,Medium,Low
8565-WUXZU,No,0.004501269664615393,Low,8131.639015978574,High,Monitor
5281-BUZGT,No,0.37419256567955017,Medium,3270.6,High,High
4994-OBRSZ,No,0.02031007781624794,Low,2854.7056738764045,Medium,Low
0562-FGDCR,No,0.003995011560618877,Low,7149.652125315741,High,Monitor
2436-QBZFP,No,0.23715107142925262,Low,1041.8220679998399,Medium,Low
3420-YJLQT,Yes,0.5759851336479187,Medium,361.4822957098484,Low,Low
6040-CGACY,No,0.1350255310535431,Low,395.72099754810336,Low,Low
6582-PLFUU,No,0.015864266082644463,Low,1458.8064863540233,Medium,Low
8242-PDSGJ,No,0.023304922506213188,Low,3658.202694813162,High,Monitor
0264-CNITK,No,0.009562451392412186,Low,1904.8870734483005,Medium,Low
0089-IIQKO,No,0.34441089630126953,Medium,4291.206785488129,High,High
7839-NUIAA,No,0.10346336662769318,Low,3969.4773440539834,High,Monitor
6075-QMNRR,No,0.1280452311038971,Low,2847.2784985154867,Medium,Low
5378-IKEEG,Yes,0.7637606263160706,High,35.75,Low,Medium
5966-EMAZU,No,0.1846502125263214,Low,8005.5854232907295,High,Monitor
0440-EKDCF,No,0.019651563838124275,Low,5144.531002443284,High,Monitor
4774-HHGGS,No,0.0040307603776454926,Low,1026.8571363553406,Medium,Low
2718-GAXQD,Yes,0.5308722257614136,Medium,184.0,Low,Low
2055-BFOCC,No,0.05167384073138237,Low,6247.912768542767,High,Monitor
8180-AKMJV,Yes,0.5371462106704712,Medium,168.27081788778304,Low,Low
4298-OYIFC,Yes,0.6646087169647217,High,1759.9273693799973,Medium,High
5566-SOEZD,No,0.05054250359535217,Low,3096.4349650204185,Medium,Low
9842-EFSYY,No,0.336482971906662,Medium,456.5190440416336,Low,Low
2272-WUSPA,No,0.017087992280721664,Low,10586.580116517842,High,Monitor
4584-LBNMK,No,0.04545197635889053,Low,1394.4280342072248,Medium,Low
3898-GUYTS,No,0.26625004410743713,Low,4794.512599316239,High,Monitor
0930-EHUZA,No,0.060902323573827744,Low,3609.001291141659,High,Monitor
6413-XKKPU,No,0.4487364888191223,Medium,1519.8000000000002,Medium,Medium
9975-SKRNR,No,0.13229817152023315,Low,117.29738734960556,Low,Low
3703-KBKZP,No,0.4266238808631897,Medium,1447.3271124184132,Medium,Medium
1449-XQEMT,No,0.25594571232795715,Low,59.400000000000006,Low,Low
2626-URJFX,Yes,0.5859566330909729,Medium,203.6,Low,Low
4973-MGTON,No,0.0036283505614846945,Low,8010.650413102657,High,Monitor
3682-YEUWS,No,0.10189799964427948,Low,375.4821328520775,Low,Low
1223-UNPKS,No,0.015788177028298378,Low,874.6027292139828,Low,Low
2612-RRIDN,Yes,0.7485397458076477,High,324.0,Low,Medium
4735-ASGMA,Yes,0.73213130235672,High,2557.1,Medium,High
3446-QDSZF,No,0.3208990693092346,Medium,448.1406099200249,Low,Low
3669-LVWZB,No,0.4957353174686432,Medium,255.0,Low,Low
6892-EZDTG,Yes,0.8385366201400757,High,366.6,Low,Medium
5117-IFGPS,Yes,0.6151314377784729,High,2639.3665187716483,Medium,High
7379-FNIUJ,No,0.4600142240524292,Medium,525.0394484996796,Low,Low
1627-AFWVJ,No,0.01766708306968212,Low,1019.974206122756,Medium,Low
9725-SCPZG,Yes,0.845590353012085,High,90.85,Low,Medium
5884-GCYMI,Yes,0.7836001515388489,High,69.4,Low,Medium
3217-FZDMN,Yes,0.7233759760856628,High,755.6,Low,Medium
4486-EFAEB,No,0.17178665101528168,Low,366.5733139157295,Low,Low
0060-FUALY,No,0.3452993631362915,Medium,5962.447312057018,High,High
7853-GVUDZ,No,0.43317756056785583,Medium,20.15,Low,Low
7480-QNVZJ,Yes,0.6663329601287842,High,4785.0,High,Critical
6954-OOYZZ,No,0.2214323878288269,Low,1005.4768415987492,Medium,Low
7088-FBAWU,No,0.1221751868724823,Low,1660.0010389119386,Medium,Low
8313-AFGBW,No,0.044887956231832504,Low,5146.309914112091,High,Monitor
3943-KDREE,No,0.3378443419933319,Medium,1948.7,Medium,Medium
9239-ZBZZV,Yes,0.5911900401115417,Medium,287.70000000000005,Low,Low
3097-IDVPU,No,0.15550851821899414,Low,1205.7541394233704,Medium,Low
4398-HSCJH,Yes,0.5166496634483337,Medium,190.8,Low,Low
2197-OMWGI,No,0.057859938591718674,Low,4802.402158111334,High,Monitor
2303-PJYHN,No,0.15546450018882751,Low,140.28417802751065,Low,Low
9795-VOWON,No,0.11132441461086273,Low,430.12100605070594,Low,Low
1237-WIYYZ,No,0.09198565036058426,Low,458.41008321270346,Low,Low
1987-AUELQ,No,0.0069508980959653854,Low,2375.5711200647056,Medium,Low
7852-LECYP,No,0.4336356222629547,Medium,1538.149871790409,Medium,Medium
4430-UZIPO,No,0.35103848576545715,Medium,110.55000000000001,Low,Low
4822-LPTYJ,No,0.09255184978246689,Low,9729.545894041657,High,Monitor
8165-CBKXO,No,0.02943319082260132,Low,5067.411994099617,High,Monitor
6527-PZFPV,No,0.0263581071048975,Low,742.2210164666176,Low,Low
4855-SNKMY,Yes,0.5922861099243164,Medium,44.1,Low,Low
9593-CVZKR,No,0.014265865087509155,Low,1947.6287903666496,Medium,Low
8595-SIZNC,No,0.06333468109369278,Low,850.9435859680176,Low,Low
8008-HAWED,Yes,0.5805609226226807,Medium,710.5,Low,Low
7124-UGSUR,No,0.2139754444360733,Low,6368.400000000001,High,Monitor
1862-SKORY,No,0.39748260378837585,Medium,1572.0,Medium,Medium
5236-XMZJY,No,0.12932433187961578,Low,2816.9148216202852,Medium,Low
4827-DPADN,No,0.0053856633603572845,Low,7986.0329818099735,High,Monitor
2694-CIUMO,Yes,0.5367996096611023,Medium,1175.6855463087559,Medium,Medium
5846-ABOBJ,No,0.00715669384226203,Low,2318.5504520533605,Medium,Low
1439-LCGVL,No,0.004916318226605654,Low,728.46728028059,Low,Low
0909-SDHNU,No,0.1624383181333542,Low,358.35602871775626,Low,Low
4647-XXZAM,No,0.23850634694099426,Low,480.88776728510857,Low,Low
1502-XFCVR,No,0.39574581384658813,Medium,6174.1,High,High
7740-KKCXF,No,0.18737730383872986,Low,1679.065872117877,Medium,Low
5360-XGYAZ,No,0.00435887323692441,Low,6295.532159327902,High,Monitor
9692-TUSXH,Yes,0.6174795627593994,High,1728.8999999999999,Medium,High
7912-SYRQT,Yes,0.6324909329414368,High,525.6999999999999,Low,Medium
3557-HTYWR,No,0.015690984204411507,Low,5229.66398287192,High,Monitor
4816-JBHOV,Yes,0.7150622010231018,High,89.4,Low,Medium
8920-NAVAY,No,0.17568370699882507,Low,7962.0163533985615,High,Monitor
1699-TLDLZ,No,0.024075832217931747,Low,776.6169465273618,Low,Low
5600-PDUJF,No,0.2571472227573395,Low,517.6272748410702,Low,Low
8292-TYSPY,No,0.1959134340286255,Low,1045.0,Medium,Low
0567-XRHCU,No,0.013449926860630512,Low,4073.163017147407,High,Monitor
1867-BDVFH,Yes,0.6397154331207275,High,817.8499999999999,Low,Medium
2067-QYTCF,No,0.2876998782157898,Low,7588.63295121789,High,Monitor
2359-QWQUL,No,0.38318079710006714,Medium,4083.3,High,High
9103-TCIHJ,No,0.20516356825828552,Low,835.5,Low,Low
7407-SUJIZ,No,0.05156506970524788,Low,632.2265573844314,Low,Low
9150-KPBJQ,No,0.01889278180897236,Low,580.5901640988886,Low,Low
0052-DCKON,No,0.29583248496055603,Low,8621.311178898812,High,Monitor
3654-ARMGP,No,0.027346590533852577,Low,7477.067393980175,High,Monitor
9699-UBQFS,No,0.31287214159965515,Medium,4453.1014957129955,High,High
9367-TCUYN,No,0.08662966638803482,Low,351.35246223360303,Low,Low
1261-FWTTE,No,0.44132307171821594,Medium,913.0989333897828,Medium,Medium
3528-HFRIQ,No,0.18034717440605164,Low,3970.5070566713807,High,Monitor
0708-SJDIS,No,0.09509910643100739,Low,2562.911348491907,Medium,Low
4140-WJAWW,No,0.13808637857437134,Low,99.25,Low,Low
2073-QBVBI,No,0.0659557431936264,Low,1850.7924268454315,Medium,Low
6928-ONTRW,No,0.006807392463088036,Low,1887.981464843452,Medium,Low
3320-VEOYC,Yes,0.7118833065032959,High,1503.6637353897095,Medium,High
5231-FIQPA,No,0.00915951281785965,Low,1285.8864080935718,Medium,Low
6617-WLBQC,No,0.04448513314127922,Low,2821.0567022286355,Medium,Low
2599-CIPQE,No,0.022423366084694862,Low,10324.679026086627,High,Monitor
6653-CBBOM,Yes,0.8105483651161194,High,70.3,Low,Medium
8774-GSBUN,No,0.003846506355330348,Low,2436.0551697257906,Medium,Low
7326-RIGQZ,Yes,0.5719404220581055,Medium,598.0713512420654,Low,Low
1401-FTHFQ,No,0.027079151943325996,Low,693.5010035336018,Low,Low
3247-ZVOUO,Yes,0.7558179497718811,High,855.5,Low,Medium
0254-FNMCI,No,0.024999797344207764,Low,10484.460534524918,High,Monitor
1848-LBZHY,No,0.22060830891132355,Low,587.3204123705625,Low,Low
6101-IMRMM,Yes,0.6486176252365112,High,567.0,Low,Medium
8118-TJAFG,Yes,0.5883944034576416,Medium,1164.1678082942963,Medium,Medium
5429-LWCMV,Yes,0.7305905818939209,High,1213.907097744942,Medium,High
7298-IZWLY,No,0.341360867023468,Medium,96.06559507846832,Low,Low
9758-MFWGD,No,0.15748867392539978,Low,1737.4930637955665,Medium,Low
3955-JBZZM,No,0.41386350989341736,Medium,1853.1253325223922,Medium,Medium
1268-ASBGA,Yes,0.5647009611129761,Medium,1365.6,Medium,Medium
8943-URTMR,Yes,0.6855353116989136,High,159.3,Low,Medium
4815-TUMEQ,No,0.024937476962804794,Low,418.8244803354144,Low,Low
4713-LZDRV,Yes,0.7899848222732544,High,159.2,Low,Medium
9909-IDLEK,No,0.19510699808597565,Low,2403.4818555116653,Medium,Low
4092-OFQZS,No,0.027805276215076447,Low,653.909852553904,Low,Low
1561-BWHIN,No,0.022354336455464363,Low,608.4886096581816,Low,Low
4325-NFSKC,Yes,0.5009609460830688,Medium,1721.3999999999999,Medium,Medium
9927-DSWDF,Yes,0.5088496804237366,Medium,2609.4459405660627,Medium,Medium
9500-LTVBP,No,0.23118026554584503,Low,3171.0141184583304,Medium,Low
7252-NTGSS,Yes,0.5123318433761597,Medium,177.25930362939835,Low,Low
8149-AIQCG,No,0.345803439617157,Medium,3139.97687035203,Medium,Medium
1360-JYXKQ,No,0.21356362104415894,Low,6286.630141854286,High,Monitor
2955-PSXOE,No,0.4041447639465332,Medium,20.2,Low,Low
7762-URZQH,No,0.37914037704467773,Medium,6999.3,High,High
0899-WZRSD,No,0.27301886677742004,Low,6359.124774309992,High,Monitor
3255-GRXMG,No,0.20267190039157867,Low,1040.0881664827466,Medium,Low
4828-FAZPK,No,0.41124480962753296,Medium,1561.6258648216724,Medium,Medium
6094-ZIVKX,No,0.0181510541588068,Low,4344.140101212636,High,Monitor
6925-BAYGL,No,0.030037304386496544,Low,1914.6055278375745,Medium,Low
3262-EIDHV,No,0.006553145125508308,Low,8117.878766588867,High,Monitor
7354-OIJLX,Yes,0.7098627090454102,High,814.6914811134337,Low,Medium
1376-HHBDV,No,0.10534366965293884,Low,1725.9553735256195,Medium,Low
6907-NZZIJ,Yes,0.6268448233604431,High,3569.4,High,Critical
6133-OZILE,No,0.3592885732650757,Medium,768.9182533264161,Low,Low
4135-FRWKJ,No,0.09340012073516846,Low,5023.288889527321,High,Monitor
2911-UREFD,No,0.22809123992919922,Low,2180.1,Medium,Low
3744-ZRRDZ,Yes,0.6258503198623657,High,1729.35,Medium,High
5673-TIYIB,No,0.47197282314300537,Medium,80.8,Low,Low
6551-ZCOTS,No,0.046028248965740204,Low,1106.7467592090368,Medium,Low
7191-ADRGF,No,0.04475666582584381,Low,3634.07311309576,High,Monitor
5018-LXQQG,No,0.08435278385877609,Low,2353.244462580979,Medium,Low
6892-BOGQE,No,0.006627892144024372,Low,1982.1754493005571,Medium,Low
1602-IJQQE,Yes,0.6634328365325928,High,301.4,Low,Medium
4628-WQCQQ,No,0.1682223677635193,Low,2980.25,Medium,Low
1746-TGTWV,Yes,0.601966381072998,High,255.30099911689757,Low,Medium
5995-SNNEW,Yes,0.6697571873664856,High,2609.3131706774234,Medium,High
8050-WYBND,No,0.24971574544906616,Low,1533.1186766505243,Medium,Low
2821-WARNZ,No,0.026271214708685875,Low,1180.3182984869927,Medium,Low
4879-GZLFH,No,0.2966494560241699,Low,4259.182515764237,High,Monitor
1644-IRKSF,No,0.32505810260772705,Medium,3095.4,Medium,Medium
8314-HTWVE,No,0.014465468004345894,Low,608.4586510427297,Low,Low
9402-ROUMJ,No,0.14153365790843964,Low,7749.485009536147,High,Monitor
2507-QZPQS,No,0.4191664457321167,Medium,1769.0146268606186,Medium,Medium
7159-NOKYQ,No,0.09121351689100266,Low,8272.733061638475,High,Monitor
5707-ZMDJP,No,0.013855697587132454,Low,5343.722189076245,High,Monitor
8779-YIQQA,No,0.02452651411294937,Low,647.5725002467633,Low,Low
7136-IHZJA,No,0.10958174616098404,Low,3235.1880544684823,High,Monitor
8966-OIQHG,No,0.03498644009232521,Low,696.788376417011,Low,Low
7074-STDCN,No,0.19390662014484406,Low,1779.764347332716,Medium,Low
3705-PSNGL,No,0.03735996037721634,Low,917.9999999999999,Medium,Low
8739-QOTTN,No,0.10945335030555725,Low,149.43574592769147,Low,Low
1399-OUPJN,No,0.017945164814591408,Low,1591.2439918778837,Medium,Low
0277-BKSQP,No,0.40890318155288696,Medium,628.1340015411376,Low,Low
6502-HCJTI,Yes,0.7255051732063293,High,662.9,Low,Medium
2606-RMDHZ,No,0.4068370759487152,Medium,183.0,Low,Low
5774-XZTQC,No,0.08162180334329605,Low,255.83500472977755,Low,Low
2676-SSLTO,No,0.044035978615283966,Low,4759.038480350376,High,Monitor
6266-QHOJZ,No,0.0885673463344574,Low,6822.956687182188,High,Monitor
7269-JISCY,No,0.07490476220846176,Low,2977.8564855501054,Medium,Low
0363-SVHYR,No,0.006713211070746183,Low,8236.756982844136,High,Monitor
8547-NSBBO,No,0.16168630123138428,Low,3872.8911021351814,High,Monitor
8258-GSTJK,Yes,0.8047876358032227,High,231.0,Low,Medium
6861-OKBCE,No,0.10114902257919312,Low,221.10000000000002,Low,Low
9940-RHLFB,Yes,0.7163887619972229,High,75.3,Low,Medium
6591-QGOYB,No,0.3464990258216858,Medium,2231.225273376703,Medium,Medium
9070-BCKQP,No,0.017587078735232353,Low,10527.90679865554,High,Monitor
6421-SZVEM,No,0.12289512902498245,Low,3191.8176627233624,Medium,Low
1328-EUZHC,No,0.01335875503718853,Low,837.7557365700603,Low,Low
2995-UPRYS,No,0.20562979578971863,Low,3968.0,High,Monitor
8878-RYUKI,No,0.22600968182086945,Low,3367.482346494496,High,Monitor
9633-DENPU,No,0.15527500212192535,Low,3051.2053092539313,Medium,Low
7811-JIVPF,No,0.12575663626194,Low,1403.7993710666897,Medium,Low
7113-HIPFI,No,0.008998580276966095,Low,5912.278643730282,High,Monitor
8541-QVFKM,Yes,0.6854586005210876,High,726.7127571702003,Low,Medium
6686-YPGHK,No,0.31007224321365356,Medium,4018.5,High,High
1383-EZRWL,No,0.10017874836921692,Low,140.35,Low,Low
9258-CNWAC,No,0.014897432178258896,Low,10756.115763990581,High,Monitor
5371-VYLSX,No,0.30810439586639404,Medium,4516.224560308457,High,High
6374-AFWOX,No,0.01830507256090641,Low,4566.658527673037,High,Monitor
4759-TRPLW,Yes,0.7436878085136414,High,70.4,Low,Medium
5317-FLPJF,No,0.0152488574385643,Low,5499.0475823074585,High,Monitor
7621-VPNET,No,0.2257034033536911,Low,4006.872465911508,High,Monitor
6034-YMTOB,Yes,0.5002673268318176,Medium,605.078660351038,Low,Low
8563-IIOXK,No,0.15306097269058228,Low,348.25,Low,Low
4903-CNOZC,No,0.10889804363250732,Low,2814.249544477463,Medium,Low
4353-HYOJD,No,0.07571569830179214,Low,1622.403434637934,Medium,Low
8020-BWHYL,No,0.41814690828323364,Medium,1129.5,Medium,Medium
7267-FRMJW,No,0.008098864927887917,Low,980.993107558787,Medium,Low
2982-VPSGI,Yes,0.8592089414596558,High,1034.0,Medium,High
4188-FRABG,No,0.2476350963115692,Low,6339.037219950556,High,Monitor
8199-ZLLSA,No,0.38683390617370605,Medium,7929.45,High,High
4128-ETESU,Yes,0.5382153391838074,Medium,4962.139584100247,High,High
0620-DLSLK,No,0.4719870984554291,Medium,1324.1655398190023,Medium,Medium
4625-EWPTF,No,0.4029737710952759,Medium,243.6,Low,Low
5980-NOPLP,Yes,0.636436402797699,High,4228.4,High,Critical
3850-OKINF,No,0.04440627247095108,Low,5459.323657149077,High,Monitor
6892-XPFPU,Yes,0.7161638140678406,High,2502.0,Medium,High
8010-EZLOU,Yes,0.6514359712600708,High,1203.0,Medium,High
1156-ZFYDO,No,0.34001514315605164,Medium,97.95820553600788,Low,Low
3295-YVUSR,Yes,0.6942715048789978,High,278.37533247470856,Low,Medium
8016-NCFVO,No,0.25150802731513977,Low,6930.695888906717,High,Monitor
4119-ZYPZY,No,0.2267572581768036,Low,9564.775795841217,High,Monitor
5549-ZGHFB,No,0.014538134448230267,Low,1837.5945650923998,Medium,Low
7577-SWIFR,Yes,0.8536009788513184,High,167.64667582511902,Low,Medium
0303-WMMRN,No,0.04550622031092644,Low,206.494031554088,Low,Low
6408-OTUBZ,No,0.07130496948957443,Low,8065.44078527838,High,Monitor
5204-HMGYF,No,0.04516863077878952,Low,5271.935544753075,High,Monitor
1078-TDCRN,Yes,0.6407837867736816,High,158.52539134025574,Low,Medium
3727-OVPRY,No,0.014897977001965046,Low,2000.005463892594,Medium,Low
3797-FKOGQ,Yes,0.5266992449760437,Medium,1192.9911504983902,Medium,Medium
7622-NXQZR,No,0.16999368369579315,Low,992.6991407245398,Medium,Low
6196-HBOBZ,No,0.09188460558652878,Low,8623.06034643948,High,Monitor
3970-XGJDU,No,0.008390461094677448,Low,1647.3336755275725,Medium,Low
7017-VFULY,No,0.11970530450344086,Low,146.36354027688503,Low,Low
5562-YJQGT,No,0.14983566105365753,Low,144.50506578534842,Low,Low
8807-OPMBM,No,0.01480840239673853,Low,2017.2339474845676,Medium,Low
5439-WIKXB,No,0.32094311714172363,Medium,4261.7789696455,High,High
9874-QLCLH,Yes,0.6983461380004883,High,1771.4,Medium,High
8294-UIMBA,No,0.18267711997032166,Low,3757.8633584976196,High,Monitor
8109-YUOHE,No,0.0483684204518795,Low,1594.3383793517949,Medium,Low
5840-NVDCG,No,0.02082919143140316,Low,2695.8817844353616,Medium,Low
8092-NLTGF,No,0.0046798186376690865,Low,2373.2201877292246,Medium,Low
5928-QLDHB,Yes,0.7053080201148987,High,821.0715807974339,Low,Medium
9840-EFJQB,Yes,0.660510241985321,High,225.79638105034826,Low,Medium
0696-UKTOX,No,0.11216441541910172,Low,1533.907781430334,Medium,Low
4801-KFYKL,No,0.11936020851135254,Low,258.37066366672514,Low,Low
3472-OAOOR,No,0.1985161006450653,Low,832.1211736947299,Low,Low
6135-OZQVA,No,0.3391439616680145,Medium,588.2795587390661,Low,Low
8062-YBDOE,Yes,0.8713179230690002,High,69.65,Low,Medium
2252-JHJGE,No,0.263569176197052,Low,7263.065668106079,High,Monitor
4188-PCPIG,No,0.014473723247647285,Low,5673.912565668672,High,Monitor
6000-APYLU,Yes,0.5614897012710571,Medium,727.1999999999999,Low,Low
7105-BENQF,No,0.09211020916700363,Low,1679.2698352262375,Medium,Low
7721-DVEKZ,No,0.3689531087875366,Medium,94.05042847394942,Low,Low
3566-VVORZ,No,0.222505584359169,Low,764.9219620674849,Low,Low
9507-HSMMZ,No,0.014585332944989204,Low,1552.9990401864052,Medium,Low
2480-SQIOB,No,0.32594195008277893,Medium,360.386803817749,Low,Low
0947-IDHRQ,Yes,0.6348747611045837,High,562.1,Low,Medium
7813-TKCVO,No,0.04293413832783699,Low,640.7154834203423,Low,Low
0128-MKWSG,No,0.1352533996105194,Low,1428.432365787029,Medium,Low
3672-YITQD,Yes,0.605632483959198,High,3027.6,Medium,High
4350-ZTLPI,No,0.23798565566539764,Low,6770.607553783059,High,Monitor
9048-JVYVF,No,0.3290256857872009,Medium,208.04999999999998,Low,Low
0361-HJRDX,No,0.011742519214749336,Low,5902.06485332474,High,Monitor
5727-MYATE,No,0.0028546738903969526,Low,8710.579094658047,High,Monitor
3823-KYNQY,No,0.04470313340425491,Low,585.415881858766,Low,Low
8988-ECPJR,No,0.3614978790283203,Medium,2706.3999999999996,Medium,Medium
7570-WELNY,No,0.030275927856564522,Low,7730.855093853176,High,Monitor
3021-VLNRJ,No,0.02730775624513626,Low,4366.399330294132,High,Monitor
3776-EKTKM,Yes,0.840658962726593,High,36.45,Low,Medium
2080-CAZNM,Yes,0.5933539271354675,Medium,4535.123100042343,High,High
1028-FFNJK,Yes,0.529149055480957,Medium,3331.748225212097,High,High
6907-FLBER,No,0.47679486870765686,Medium,224.76023177504538,Low,Low
3001-UNBTL,Yes,0.6732227206230164,High,3218.360989147425,High,Critical
5982-PSMKW,No,0.014191492460668087,Low,4250.6717208839955,High,Monitor
3507-GASNP,No,0.02060065045952797,Low,1665.936408559978,Medium,Low
7096-ZNBZI,No,0.00446529034525156,Low,2536.3654336888344,Medium,Low
1902-XBTFB,Yes,0.5567802786827087,Medium,1966.8000000000002,Medium,Medium
1676-MQAOA,No,0.003816897515207529,Low,7202.720423918589,High,Monitor
0786-IVLAW,No,0.1570974588394165,Low,8228.013176393508,High,Monitor
7566-DSRLQ,No,0.029176359996199608,Low,10497.269374714047,High,Monitor
0643-OKLRP,No,0.33644524216651917,Medium,3776.45,High,High
7245-JMTTQ,No,0.21016648411750793,Low,6743.297244250774,High,Monitor
6050-IJRHS,No,0.12488730251789093,Low,8573.394027382135,High,Monitor
6202-JVYEU,No,0.058304961770772934,Low,403.9767751291394,Low,Low
8591-TKMZH,No,0.0727454274892807,Low,9027.331592142582,High,Monitor
0734-OXWBT,No,0.25219810009002686,Low,529.3175659418106,Low,Low
4282-ACRXS,No,0.40888118743896484,Medium,1032.4358149528505,Medium,Medium
0365-TRTPY,No,0.1758403480052948,Low,3825.380161571503,High,Monitor
7349-ALMUX,No,0.020518433302640915,Low,3969.2957786083216,High,Monitor
9381-NDKME,No,0.4066089689731598,Medium,975.5999999999999,Medium,Medium
6502-KUGLL,No,0.14289410412311554,Low,1138.0296730592847,Medium,Low
1841-YSJGV,No,0.01103594247251749,Low,10526.078355003521,High,Monitor
2794-XIMMO,No,0.19268301129341125,Low,3203.8500000000004,Medium,Low
8382-SHQEH,Yes,0.8502894639968872,High,679.2,Low,Medium
3511-BFTJW,No,0.00665774242952466,Low,3689.848245995119,High,Monitor
7668-XCFYV,Yes,0.6830458045005798,High,1749.354664760828,Medium,High
2983-ZANRP,Yes,0.6016276478767395,High,147.1,Low,Medium
7845-URHJN,No,0.1952173262834549,Low,161.2,Low,Low
3034-ZBEQN,No,0.09805186837911606,Low,1665.6000000000001,Medium,Low
5018-HEKFO,No,0.13480283319950104,Low,372.18398351967335,Low,Low
2923-ARZLG,No,0.10621629655361176,Low,211.2904674947262,Low,Low
3976-NLDEZ,No,0.3615245223045349,Medium,99.51556904315949,Low,Low
2282-YGNOR,No,0.035576801747083664,Low,2353.2385459840298,Medium,Low
5336-UFNZP,No,0.13197408616542816,Low,8103.482613298297,High,Monitor
6854-EXGSF,No,0.20038793981075287,Low,838.2475396543741,Low,Low
1241-EZFMJ,No,0.01223435252904892,Low,2155.7772574752566,Medium,Low
9233-PSYHO,No,0.2858109474182129,Low,5365.0624033927925,High,Monitor
5376-PCKNB,No,0.061684999614953995,Low,8696.484021482616,High,Monitor
8044-BGWPI,No,0.12676066160202026,Low,364.6140720427036,Low,Low
4060-LDNLU,Yes,0.7643296122550964,High,809.4289478063583,Low,Medium
3589-PPVKW,No,0.22075580060482025,Low,607.1906547188759,Low,Low
8327-LZKAS,No,0.3890112042427063,Medium,4624.65,High,High
5887-IKKYO,No,0.04251457378268242,Low,7640.429999126493,High,Monitor
1075-BGWOH,Yes,0.7944386601448059,High,1580.0,Medium,High
1755-RMCXH,No,0.14871543645858765,Low,144.28645983934402,Low,Low
0302-JOIVN,Yes,0.5846026539802551,Medium,809.2,Low,Low
3858-XHYJO,No,0.2781279683113098,Low,5146.055608212948,High,Monitor
4299-SIMNS,Yes,0.55322265625,Medium,947.885888671875,Medium,Medium
7025-IWFHT,No,0.11121132224798203,Low,4626.642313112318,High,Monitor
6261-LHRTG,No,0.13267862796783447,Low,1708.4150707125664,Medium,Low
7841-FCRQD,No,0.0633372887969017,Low,2377.8974487259984,Medium,Low
2056-EVGZL,No,0.12594786286354065,Low,8300.172162026167,High,Monitor
8777-MBMTS,No,0.0515381395816803,Low,9289.722510206699,High,Monitor
7753-USQYQ,No,0.09280599653720856,Low,4229.902260267735,High,Monitor
5366-IJEQJ,Yes,0.631318986415863,High,1774.0,Medium,High
7661-CPURM,No,0.1366215944290161,Low,2574.9194340229037,Medium,Low
6233-HXJMX,No,0.3145062327384949,Medium,4385.787560498714,High,High
5902-WBLSE,No,0.008248649537563324,Low,1890.1109530836343,Medium,Low
1981-INRFU,Yes,0.7561601400375366,High,159.5,Low,Medium
4971-PUYQO,Yes,0.6196091175079346,High,2552.85,Medium,High
3239-TPHPZ,No,0.02644086256623268,Low,709.0766569331289,Low,Low
5115-GZDEL,No,0.00418467540293932,Low,6444.4509555101395,High,Monitor
3338-CVVEH,Yes,0.7730143666267395,High,1263.3689498126507,Medium,High
8485-GJCDN,Yes,0.5633192658424377,Medium,345.25,Low,Low
2615-YVMYX,No,0.32588014006614685,Medium,8067.307309657335,High,High
2851-STERV,No,0.20746737718582153,Low,3249.2585775852203,High,Monitor
4393-GEADV,No,0.0643894374370575,Low,10609.171489298344,High,Monitor
8486-AYEQH,No,0.49784010648727417,Medium,2586.6855594098565,Medium,Medium
1527-SXDPN,No,0.07686213403940201,Low,5005.0,High,Monitor
6029-WTIPC,Yes,0.6914567947387695,High,3740.7,High,Critical
8634-CILSZ,No,0.2862384021282196,Low,7224.3,High,Monitor
5419-JKZNQ,No,0.33705323934555054,Medium,2646.8613159298898,Medium,Medium
2495-KZNFB,No,0.3343288004398346,Medium,3353.508565440774,High,High
1409-PHXTF,No,0.23443973064422607,Low,7993.647162008286,High,Monitor
4560-WQAQW,No,0.05547130107879639,Low,4831.969459390641,High,Monitor
9591-YVTEB,No,0.29382574558258057,Low,2656.7814918637278,Medium,Low
9309-BZGNT,No,0.04557371512055397,Low,2397.50283947289,Medium,Low
4274-DRSQT,No,0.09997875988483429,Low,6827.542658954859,High,Monitor
2027-DNKIV,No,0.04661581665277481,Low,2845.8858492597938,Medium,Low
8075-GXIUB,No,0.035615548491477966,Low,408.36637634933,Low,Low
2885-HIJDH,No,0.033746518194675446,Low,8011.318261653186,High,Monitor
5424-RLQLC,No,0.24750900268554688,Low,865.8165279388428,Low,Low
6682-QJDGB,No,0.12767231464385986,Low,2210.0,Medium,Low
6507-DTJZV,No,0.18925967812538147,Low,1186.198944234848,Medium,Low
8780-IXSTS,Yes,0.8234239220619202,High,540.5999999999999,Low,Medium
7673-BQGKU,No,0.014201782643795013,Low,1867.0820179134605,Medium,Low
6723-WSNTY,No,0.18064217269420624,Low,8197.470973581076,High,Monitor
9530-EHPOH,No,0.3020285964012146,Medium,591.25,Low,Low
2725-IWWBA,No,0.046935781836509705,Low,3268.152248162031,High,Monitor
0345-HKJVM,Yes,0.7323495745658875,High,535.8,Low,Medium
1061-PNTHC,No,0.19625094532966614,Low,6666.145378351212,High,Monitor
0394-YONDK,No,0.010370343923568726,Low,2357.8404604077336,Medium,Low
6574-MCOEH,No,0.20732375979423523,Low,3364.8338929474357,High,Monitor
7399-QHBJS,No,0.003501228289678693,Low,6402.391032279935,High,Monitor
3049-SOLAY,Yes,0.8870581984519958,High,285.6,Low,Medium
0997-YTLNY,No,0.1260215938091278,Low,1183.1008773326873,Medium,Low
3317-HRTNN,Yes,0.6242765188217163,High,228.5,Low,Medium
9479-HYNYL,No,0.012061134912073612,Low,7643.139993902296,High,Monitor
3235-ETOOB,No,0.4577432870864868,Medium,596.0,Low,Low
9708-KFDBY,No,0.3276728093624115,Medium,103.44794260561467,Low,Low
8058-INTPH,Yes,0.8731783628463745,High,79.65,Low,Medium
3642-GKTCT,No,0.10124771296977997,Low,8262.45665884614,High,Monitor
0774-RMNUW,No,0.006406433880329132,Low,5662.320861536265,High,Monitor
1334-PDUKM,No,0.06464976817369461,Low,6848.932330496609,High,Monitor
0756-MPZRL,No,0.05883459374308586,Low,1930.8072902902964,Medium,Low
2242-MFOTG,No,0.05024499073624611,Low,3556.20451490432,High,Monitor
2927-CVULT,No,0.047237299382686615,Low,7893.889015981555,High,Monitor
2144-BFDSO,No,0.28444305062294006,Low,5904.400909468532,High,Monitor
8745-PVESG,No,0.03581537306308746,Low,2818.2358580052855,Medium,Low
7647-GYYKX,No,0.01187426783144474,Low,1581.5006075911224,Medium,Low
5647-FXOTP,No,0.4998709261417389,Medium,6671.78201352954,High,High
5569-OUICF,Yes,0.5649002194404602,Medium,2836.4,Medium,Medium
8821-XNHVZ,Yes,0.8378661870956421,High,80.05,Low,Medium
2082-OJVTK,No,0.49188748002052307,Medium,2586.8,Medium,Medium
9700-ISPUP,No,0.25725340843200684,Low,946.8994104862213,Medium,Low
9839-ETQOE,No,0.22239944338798523,Low,1928.0736550897361,Medium,Low
6078-VESFR,No,0.3896690607070923,Medium,1173.8368880391122,Medium,Medium
9027-TMATR,No,0.030111894011497498,Low,5222.652386045455,High,Monitor
5940-NFXKV,Yes,0.64972323179245,High,1589.3500000000001,Medium,High
1941-HOSAM,Yes,0.8395999670028687,High,176.8122578382492,Low,Medium
9110-HSGTV,No,0.02955928072333336,Low,7609.3580953046685,High,Monitor
0704-VCUMB,No,0.010274337604641914,Low,1716.256671924144,Medium,Low
6171-ZTVYB,No,0.08726654946804047,Low,3211.561546586454,High,Monitor
8053-WWDRO,No,0.1586684137582779,Low,117.0,Low,Low
9564-KCLHR,No,0.38585934042930603,Medium,51.25,Low,Low
1935-IMVBB,No,0.21808740496635437,Low,5444.025358647108,High,Monitor
2535-PBCGC,No,0.018411947414278984,Low,6039.176211065799,High,Monitor
2082-CEFLT,Yes,0.7067084312438965,High,45.6,Low,Medium
1470-PSXNM,No,0.1725868433713913,Low,5518.6969054192305,High,Monitor
1213-NGCUN,No,0.2925684452056885,Low,297.9,Low,Low
2498-XLDZR,No,0.026235047727823257,Low,4075.2584116935727,High,Monitor
9866-OCCKE,No,0.019449353218078613,Low,10484.770403623581,High,Monitor
5338-YHWYT,No,0.02089158445596695,Low,3717.6390912443403,High,Monitor
7718-UPSKJ,No,0.20830662548542023,Low,8352.434100580216,High,Monitor
8731-WBBMB,No,0.10079314559698105,Low,2571.270248253644,Medium,Low
1448-CYWKC,No,0.1968492865562439,Low,7115.497460651398,High,Monitor
7901-IIDQV,No,0.05807044357061386,Low,1927.552245372534,Medium,Low
2690-DVRVK,No,0.06820984929800034,Low,332.52945116311315,Low,Low
5688-KZTSN,No,0.17153196036815643,Low,300.0,Low,Low
1270-XKUCC,No,0.008969168178737164,Low,1059.559377285093,Medium,Low
0334-ZFJSR,No,0.03724038600921631,Low,4395.833270049095,High,Monitor
2894-QOJRX,No,0.419687956571579,Medium,850.0,Low,Low
5747-PMBSQ,Yes,0.6870465874671936,High,925.0,Medium,High
5583-EJXRD,No,0.0195473525673151,Low,3650.0431742496785,High,Monitor
4565-EVZMJ,No,0.04602483659982681,Low,3442.569645491242,High,Monitor
3143-JQEGI,Yes,0.5954521894454956,Medium,1148.55,Medium,Medium
6386-SZZKH,No,0.19822080433368683,Low,5289.55,High,Monitor
3327-YBAKM,No,0.09066358208656311,Low,7258.976386749745,High,Monitor
9441-QHEVC,No,0.13455583155155182,Low,118.27990170419217,Low,Low
6705-LNMDD,No,0.09162973612546921,Low,1272.5110791623592,Medium,Low
2580-ASVVY,No,0.036798685789108276,Low,2729.3041519641874,Medium,Low
3370-GQEAL,Yes,0.5064791440963745,Medium,2816.528142821789,Medium,Medium
5032-USPKF,No,0.09520262479782104,Low,4108.921511054039,High,Monitor
2982-IHMFT,Yes,0.8415236473083496,High,74.45,Low,Medium
3521-SYVOR,No,0.3236408233642578,Medium,2395.75,Medium,Medium
4254-QPEDE,No,0.018649188801646233,Low,5005.3477898053825,High,Monitor
6283-GITPX,No,0.008148448541760445,Low,7290.461223371328,High,Monitor
9526-JAWYF,No,0.42129969596862793,Medium,2334.7999999999997,Medium,Medium
0771-CHWSK,No,0.03383026272058487,Low,6653.430297625065,High,Monitor
9788-HNGUT,No,0.029725192114710808,Low,11143.76733077243,High,Monitor
9495-REDIY,No,0.058255165815353394,Low,1475.6331301152707,Medium,Low
5375-XLDOF,No,0.1521533727645874,Low,10216.980283784866,High,Monitor
1172-VIYBP,No,0.022674787789583206,Low,5328.969614985585,High,Monitor
5649-VUKMC,No,0.35191118717193604,Medium,1146.0,Medium,Medium
6559-PDZLR,Yes,0.5213231444358826,Medium,2848.228830808401,Medium,Medium
8992-OBVDG,No,0.1236996278166771,Low,1618.793507670611,Medium,Low
4273-MBHYA,Yes,0.8521804809570312,High,168.59604415893554,Low,Medium
4724-WXVWF,No,0.1976330429315567,Low,5038.474846225978,High,Monitor
5701-GUXDC,No,0.05358593910932541,Low,1322.4366930663584,Medium,Low
1460-UZPRJ,No,0.009908681735396385,Low,1671.0557231850921,Medium,Low
6082-GLJIX,No,0.03282785415649414,Low,458.2083828449249,Low,Low
5143-EGQFK,No,0.4592503309249878,Medium,296.5,Low,Low
4919-IKATY,Yes,0.6574512124061584,High,422.5,Low,Medium
2495-TTHBQ,No,0.029338909313082695,Low,319.2178350001573,Low,Low
0485-ZBSLN,No,0.011620806530117989,Low,2195.84724092111,Medium,Low
3810-PJUHR,No,0.009591774083673954,Low,2377.0643646474928,Medium,Low
9050-QLROH,No,0.39547285437583923,Medium,1632.6000000000001,Medium,Medium
0847-HGRML,No,0.0130032142624259,Low,1713.7584571540356,Medium,Low
8232-CTLKO,No,0.031648870557546616,Low,5332.115519620478,High,Monitor
9227-YBAXE,No,0.023901676759123802,Low,7295.174680016935,High,Monitor
6168-WFVVF,Yes,0.5865713953971863,Medium,210.89999999999998,Low,Low
9860-LISIZ,No,0.03970809280872345,Low,809.1516418680549,Low,Low
0112-QAWRZ,Yes,0.5427218079566956,Medium,1701.9251590251922,Medium,Medium
0877-SDMBN,No,0.33354800939559937,Medium,5613.3,High,High
2786-GCDPI,Yes,0.5264657735824585,Medium,5545.684502375126,High,High
4043-MKDTV,No,0.03687647730112076,Low,9905.600018337369,High,Monitor
8065-YKXKD,Yes,0.6706100702285767,High,747.5,Low,Medium
9637-EIHEQ,Yes,0.5057406425476074,Medium,50.8,Low,Low
9229-RQABD,No,0.04889487475156784,Low,698.5649606958032,Low,Low
8313-KTIHG,No,0.2916284501552582,Low,505.73905603289603,Low,Low
5320-BRKGK,No,0.019593296572566032,Low,6179.955874875188,High,Monitor
6284-KMNUF,No,0.2600061893463135,Low,6358.232721328735,High,Monitor
9689-PTNPG,Yes,0.7080706357955933,High,160.5,Low,Medium
9465-RWMXL,Yes,0.5239806771278381,Medium,2524.8,Medium,Medium
6229-UOLQL,No,0.04358208179473877,Low,3508.804780960083,High,Monitor
2362-IBOOY,Yes,0.5772190093994141,Medium,3051.0,Medium,Medium
3137-LUPIX,No,0.27188578248023987,Low,538.9433336496354,Low,Low
0843-WTBXE,No,0.3554454445838928,Medium,4528.85,High,High
6143-JQKEA,No,0.2787263095378876,Low,656.2060101389884,Low,Low
8676-OOQEJ,No,0.3441581428050995,Medium,242.0190598666668,Low,Low
5515-IDEJJ,No,0.41151466965675354,Medium,19.9,Low,Low
9701-CDXHR,No,0.1793179214000702,Low,3867.1509944111112,High,Monitor
7450-NWRTR,Yes,0.8725810050964355,High,1193.4,Medium,High
8124-NZVGJ,No,0.20107527077198029,Low,767.6645149737597,Low,Low
2162-FRZAA,No,0.02009560540318489,Low,3404.471710257232,High,Monitor
5376-DEQCP,Yes,0.8105483651161194,High,70.6,Low,Medium
5118-MUEYH,No,0.39816755056381226,Medium,5424.315542614459,High,High
9095-HFAFX,Yes,0.6650111675262451,High,405.0,Low,Medium
5627-TVBPP,No,0.015576056204736233,Low,940.9430552434177,Medium,Low
2379-ENZGV,Yes,0.7360339760780334,High,509.09999999999997,Low,Medium
3936-QQFLL,No,0.16895444691181183,Low,137.9788980409503,Low,Low
2589-AYCRP,No,0.0431470088660717,Low,1214.274158898741,Medium,Low
4067-HLYQI,No,0.37730157375335693,Medium,2586.2278152465824,Medium,Medium
5124-EOGYE,No,0.010048900730907917,Low,1119.8179995212704,Medium,Low
5057-RKGLH,No,0.011627950705587864,Low,665.8709088753909,Low,Low
0292-WEGCH,No,0.12875984609127045,Low,5105.4054076015955,High,Monitor
8910-ICHIU,No,0.07154907286167145,Low,5465.575974169374,High,Monitor
4097-YODCF,No,0.2594853639602661,Low,4451.585030651092,High,Monitor
9715-WZCLW,No,0.0682598128914833,Low,9074.763508486749,High,Monitor
9786-YWNHU,No,0.011410698294639587,Low,5511.446402961015,High,Monitor
6407-GSJNL,No,0.01872258633375168,Low,1860.0389153033495,Medium,Low
6005-OBZPH,Yes,0.6184247136116028,High,2317.9,Medium,High
4049-ZPALD,No,0.038128141313791275,Low,8621.407536238432,High,Monitor
7932-WPTDS,Yes,0.7785663604736328,High,24.8,Low,Medium
3733-UOCWF,No,0.0549500398337841,Low,6188.738289106637,High,Monitor
6833-JMZYP,No,0.49685138463974,Medium,1693.7758190631866,Medium,Medium
2722-VOJQL,No,0.2576007843017578,Low,6761.6,High,Monitor
1310-QRITU,No,0.4180625081062317,Medium,1081.0287350535393,Medium,Medium
8961-QDZZJ,No,0.11475872993469238,Low,6424.175047874451,High,Monitor
9715-SBVSU,No,0.029006123542785645,Low,2290.456576347351,Medium,Low
8490-BXHEO,No,0.42007285356521606,Medium,1730.178789871931,Medium,Medium
7173-TETGO,No,0.01285190973430872,Low,7511.787002060562,High,Monitor
7929-SKFGK,No,0.06720048189163208,Low,10559.855638074874,High,Monitor
2300-RQGOI,No,0.008432638831436634,Low,1239.0422141943127,Medium,Low
3563-SVYLG,No,0.009714520536363125,Low,5749.193246921524,High,Monitor
5228-EXCET,No,0.46567457914352417,Medium,1051.05,Medium,Medium
6435-VWCCY,No,0.037154197692871094,Low,8167.639340972901,High,Monitor
4998-IKFSE,No,0.49300244450569153,Medium,3319.0674266964197,High,High
8630-QSGXK,No,0.0423148050904274,Low,5563.630239772797,High,Monitor
2455-USLMV,No,0.309646338224411,Medium,2978.294837012887,Medium,Medium
7394-FKDNK,Yes,0.7296800017356873,High,805.0500000000001,Low,Medium
9488-FVZCC,No,0.0038586778100579977,Low,7624.637642738409,High,Monitor
6331-LWDTQ,No,0.3659549951553345,Medium,721.5,Low,Low
5995-WWKKG,No,0.03380318358540535,Low,962.1683635801078,Medium,Low
1597-FZREH,No,0.46724310517311096,Medium,152.8,Low,Low
7879-CGSFV,No,0.16920803487300873,Low,6555.422911375761,High,Monitor
9921-EZKBY,No,0.20799079537391663,Low,3597.7708632051945,High,Monitor
7432-FFVAR,No,0.08281029015779495,Low,5184.720849321783,High,Monitor
7246-ZGQDF,No,0.31907159090042114,Medium,277.1635897755623,Low,Low
7000-WCEVQ,No,0.39196592569351196,Medium,1232.0,Medium,Medium
0727-IWKVK,Yes,0.6507984399795532,High,719.1,Low,Medium
5959-BELXA,Yes,0.5800263285636902,Medium,3076.8,Medium,Medium
4456-RHSNB,No,0.18366564810276031,Low,1185.3411031246185,Medium,Low
3512-IZIKN,No,0.03997031971812248,Low,4571.0,High,Monitor
2481-SBOYW,No,0.014853158965706825,Low,2116.088104620576,Medium,Low
7109-MFBYV,No,0.18107914924621582,Low,1405.019716000557,Medium,Low
1833-TCXKK,No,0.4943898916244507,Medium,5175.626935064793,High,High
1832-PEUTS,No,0.04741238057613373,Low,7561.213365375995,High,Monitor
6141-OOXUQ,No,0.35481491684913635,Medium,19.65,Low,Low
8660-BUETV,No,0.345392644405365,Medium,310.0120749771595,Low,Low
0580-PIQHM,No,0.13822422921657562,Low,5216.277019739151,High,Monitor
5696-CEIQJ,No,0.04820609837770462,Low,9267.310982856156,High,Monitor
7503-ZGUZJ,Yes,0.8875995874404907,High,84.65,Low,Medium
1696-HXOWK,No,0.02097771316766739,Low,7914.871780826152,High,Monitor
3026-ATZYV,No,0.08011425286531448,Low,3607.7010353177784,High,Monitor
4012-YCFAI,No,0.012277791276574135,Low,5135.322180124373,High,Monitor
2506-TNFCO,Yes,0.8809845447540283,High,69.55,Low,Medium
9970-QBCDA,No,0.11957503855228424,Low,222.26623044312,Low,Low
8718-PTMEZ,No,0.4682610332965851,Medium,403.65000000000003,Low,Low
9496-IVVRP,No,0.15110577642917633,Low,820.761632412672,Low,Low
2207-OBZNX,No,0.22903543710708618,Low,357.0,Low,Low
2657-VPXTA,Yes,0.6959382891654968,High,1050.5952980458735,Medium,High
6551-VLJMV,No,0.007887952961027622,Low,1159.1043170351536,Medium,Low
1221-GHZEP,No,0.020037753507494926,Low,5567.29301391989,High,Monitor
9289-LBQVU,No,0.10169507563114166,Low,5245.793085333706,High,Monitor
6142-VSJQO,Yes,0.6033910512924194,High,44.35,Low,Medium
3458-IDMFK,No,0.008558269590139389,Low,1012.4879817441106,Medium,Low
6933-FHBZC,No,0.07428791373968124,Low,2079.9339492186905,Medium,Low
0221-NAUXK,No,0.037242867052555084,Low,429.9840576276183,Low,Low
9770-KXGQU,No,0.08102008700370789,Low,6313.137033057213,High,Monitor
6437-UKHMV,Yes,0.7292383909225464,High,557.9,Low,Medium
6538-POCHL,No,0.304979532957077,Medium,2936.4397013783455,Medium,Medium
6726-NNFWD,No,0.058170076459646225,Low,8372.870479856432,High,Monitor
3002-WQZWT,No,0.4253273010253906,Medium,2407.644285583496,Medium,Medium
4277-UDIEF,No,0.10217756778001785,Low,2380.3417020589113,Medium,Low
1208-NBVFH,No,0.28108319640159607,Low,1205.949640750885,Medium,Low
4912-PIGUY,Yes,0.902898907661438,High,133.88851447105407,Low,Medium
1114-CENIM,No,0.19139373302459717,Low,2970.0,Medium,Low
6060-DRTNL,Yes,0.7658067345619202,High,424.25,Low,Medium
2725-TTRIQ,No,0.004222892224788666,Low,8074.666379392147,High,Monitor
3374-TTZTK,No,0.12227840721607208,Low,7766.843327510357,High,Monitor
8990-ZXLSU,No,0.4528454542160034,Medium,848.1361283183097,Low,Low
2275-RBYQS,Yes,0.6113893389701843,High,151.2575440645218,Low,Medium
8473-VUVJN,Yes,0.8823099136352539,High,73.65,Low,Medium
6289-CPNLD,No,0.2220713347196579,Low,2438.7000000000003,Medium,Low
5536-SLHPM,No,0.40255218744277954,Medium,4276.25,High,High
4419-UJMUS,No,0.12523898482322693,Low,8940.930164587497,High,Monitor
7794-JASDG,No,0.48944079875946045,Medium,206.2152767777443,Low,Low
7609-YBPXG,No,0.02899155393242836,Low,6733.196055659651,High,Monitor
5519-TEEUH,No,0.023944849148392677,Low,900.9601354759186,Medium,Low
7856-GANIL,No,0.1719033271074295,Low,5422.29769937396,High,Monitor
0804-XBFBV,No,0.3186988830566406,Medium,380.2127288818359,Low,Low
2676-OXPPQ,No,0.20710285007953644,Low,599.186227503419,Low,Low
3703-TTEPD,No,0.12918326258659363,Low,1713.7972427397965,Medium,Low
2799-TSLAG,No,0.012293999083340168,Low,2244.235083756596,Medium,Low
0196-VULGZ,Yes,0.8162494897842407,High,506.09999999999997,Low,Medium
8837-VVWLQ,No,0.4177303612232208,Medium,679.6,Low,Low
2696-NARTR,Yes,0.5705087780952454,Medium,812.3499999999999,Low,Low
2208-NKVVH,No,0.013179265893995762,Low,1617.0796672496945,Medium,Low
7614-QVWQL,No,0.2238772213459015,Low,2538.2,Medium,Low
1976-CFOCS,Yes,0.7608252167701721,High,46.0,Low,Medium
4631-OACRM,Yes,0.5581187605857849,Medium,1191.0,Medium,Medium
7139-JZFVG,No,0.015362190082669258,Low,5059.694099999964,High,Monitor
4987-GQWPO,No,0.193948432803154,Low,548.091366019845,Low,Low
3755-JBMNH,No,0.43086013197898865,Medium,1148.8,Medium,Medium
1757-TCATG,No,0.02739267610013485,Low,935.7593221303076,Medium,Low
6345-ULYRW,No,0.19030208885669708,Low,3889.6000000000004,High,Monitor
4776-XSKYQ,No,0.0893445536494255,Low,693.5679270252585,Low,Low
8048-DSDFQ,No,0.3646429777145386,Medium,97.20527110099792,Low,Low
5753-QQWPW,No,0.06898791342973709,Low,2346.411487826705,Medium,Low
6010-DDPPW,No,0.014105123467743397,Low,2355.58614747487,Medium,Low
1809-DMJHQ,No,0.3291957676410675,Medium,230.0,Low,Low
6693-FRIRW,No,0.28136077523231506,Low,2260.1889208137986,Medium,Low
6586-MYGKD,No,0.048461709171533585,Low,7143.800915502012,High,Monitor
3173-NVMPX,No,0.2933257222175598,Low,732.1745253682136,Low,Low
0248-PGHBZ,No,0.028244763612747192,Low,8350.280518496036,High,Monitor
0623-GDISB,No,0.4914790689945221,Medium,196.27703464329244,Low,Low
2892-GESUL,No,0.01662219502031803,Low,804.9806526325643,Low,Low
6923-EFPNL,No,0.4441758394241333,Medium,207.0,Low,Low
7472-EQOAV,No,0.016587281599640846,Low,7178.842592223734,High,Monitor
9574-RKJIF,Yes,0.5565183162689209,Medium,2832.0,Medium,Medium
2043-WVTQJ,No,0.3801381289958954,Medium,262.85783728957176,Low,Low
8034-RYTVV,No,0.056922007352113724,Low,5587.201850567013,High,Monitor
3863-QSTYI,No,0.1090337485074997,Low,4159.955808953941,High,Monitor
2619-WFQWU,Yes,0.7581338882446289,High,70.15,Low,Medium
5044-LRQAQ,Yes,0.5311328172683716,Medium,679.0736542701721,Low,Low
1716-LSAMB,No,0.024555789306759834,Low,3738.642626745254,High,Monitor
1333-PBMXB,No,0.03256053104996681,Low,1623.8295222781599,Medium,Low
6546-OPBBH,No,0.036824893206357956,Low,1498.2665256924927,Medium,Low
5985-BEHZK,No,0.05181568115949631,Low,8754.712241739035,High,Monitor
9127-QRZMH,No,0.04568212479352951,Low,3318.7910979732874,High,Monitor
5919-VCZYM,No,0.11428217589855194,Low,146.6518542394042,Low,Low
9644-KVCNC,No,0.10812608152627945,Low,7068.13417904824,High,Monitor
2137-DQMEV,No,0.019100775942206383,Low,3573.7314228534697,High,Monitor
8174-LNWMW,No,0.014517277479171753,Low,1142.2181336164474,Medium,Low
9279-CJEOJ,Yes,0.5291849970817566,Medium,2272.8945076704026,Medium,Medium
7964-VEXDG,No,0.350171834230423,Medium,2000.632158717513,Medium,Medium
2404-JIBFC,No,0.019421109929680824,Low,6683.234325079619,High,Monitor
0778-NELLA,No,0.41613757610321045,Medium,312.3,Low,Low
8029-XYPWT,No,0.02982793189585209,Low,10847.389114449174,High,Monitor
4614-NUVZD,Yes,0.8517435789108276,High,81.1,Low,Medium
4632-PAOYU,No,0.0399918407201767,Low,668.7259533315897,Low,Low
3803-KMQFW,No,0.4048517048358917,Medium,20.55,Low,Low
6804-GDMOI,No,0.3906092941761017,Medium,6502.599999999999,High,High
2990-OGYTD,No,0.030181311070919037,Low,7777.247121229769,High,Monitor
6646-JPPHA,No,0.33974719047546387,Medium,1416.265604186058,Medium,Medium
9572-MTILT,No,0.2809075713157654,Low,6298.25,High,Monitor
7658-UYUQS,No,0.34233906865119934,Medium,2159.0733216494323,Medium,Medium
7880-XSOJX,No,0.18292038142681122,Low,377.4650549650192,Low,Low
9611-CTWIH,Yes,0.6365136504173279,High,268.35,Low,Medium
4589-IUAJB,No,0.011865944601595402,Low,2272.5940202418715,Medium,Low
0329-GTIAJ,Yes,0.7673333883285522,High,293.70000000000005,Low,Medium
8746-BFOAJ,No,0.046796765178442,Low,664.9879957661033,Low,Low
8457-XIGKN,No,0.04754083603620529,Low,504.0091976821423,Low,Low
6072-NUQCB,No,0.035546593368053436,Low,679.862177811563,Low,Low
6629-CZTTH,Yes,0.6011542081832886,High,55.7,Low,Medium
8838-GPHZP,No,0.012817345559597015,Low,1785.8631043553353,Medium,Low
8750-QWZAJ,No,0.016315536573529243,Low,1853.446857020259,Medium,Low
5364-EVNIB,Yes,0.5305153727531433,Medium,1037.3999999999999,Medium,Medium
6918-UMQCG,Yes,0.6092441082000732,High,589.0317351341248,Low,Medium
0675-NCDYU,No,0.014529016800224781,Low,11133.811738666893,High,Monitor
6339-DKLMK,No,0.4470086991786957,Medium,516.4630480259657,Low,Low
1346-PJWTK,No,0.0893382653594017,Low,6257.582813898474,High,Monitor
5088-QZLRL,No,0.32760530710220337,Medium,103.959702450037,Low,Low
8023-QHAIO,No,0.15336593985557556,Low,4693.982965132594,High,Monitor
4397-FRLTA,No,0.09714554250240326,Low,189.75510391145943,Low,Low
3057-VJJQE,No,0.019962428137660027,Low,3233.279820289463,High,Monitor
5087-SUURX,Yes,0.5566877126693726,Medium,702.9,Low,Low
2302-OUZXB,No,0.03427199274301529,Low,7818.829339107871,High,Monitor
8133-ANHHJ,No,0.21879246830940247,Low,6012.572509169579,High,Monitor
2270-CHBFN,No,0.12051813304424286,Low,4686.232353284955,High,Monitor
0013-EXCHZ,Yes,0.7321886420249939,High,251.70000000000002,Low,Medium
5982-FPVQN,No,0.37427619099617004,Medium,3877.775722560287,High,High
9107-UKCKY,No,0.15280720591545105,Low,5679.071819615364,High,Monitor
4654-ULTTN,No,0.0477563701570034,Low,6945.467764294147,High,Monitor
5550-VFRLC,Yes,0.8771534562110901,High,69.85,Low,Medium
5546-BYZSM,No,0.032058730721473694,Low,957.2163937404752,Medium,Low
1492-KGETH,No,0.1244804784655571,Low,6307.663454146683,High,Monitor
4929-BSTRX,Yes,0.6436116695404053,High,53.55,Low,Medium
4163-HFTUK,No,0.01168192271143198,Low,1200.62250331454,Medium,Low
8215-NGSPE,No,0.007414417807012796,Low,1316.4410794526339,Medium,Low
2225-ZRGSG,No,0.05326783284544945,Low,6573.0,High,Monitor
8859-YSTWS,No,0.025779953226447105,Low,1190.8282791975885,Medium,Low
5271-YNWVR,No,0.05135798081755638,Low,7694.200000000001,High,Monitor
7601-DHFWZ,No,0.0204861331731081,Low,1716.1999872922897,Medium,Low
2657-ALMWY,No,0.4309364855289459,Medium,2208.7000000000003,Medium,Medium
6330-JKLPC,Yes,0.6486216187477112,High,885.5,Low,Medium
4667-OHGKG,No,0.36410051584243774,Medium,19.3,Low,Low
1998-VHJHK,No,0.004916318226605654,Low,745.720230071526,Low,Low
1707-HABPF,No,0.07724913954734802,Low,5210.765842711925,High,Monitor
1660-HSOOQ,Yes,0.5585219860076904,Medium,49.65,Low,Low
7253-UVNDW,No,0.04205947741866112,Low,2500.1,Medium,Low
0487-VVUVK,No,0.04272281378507614,Low,588.7411486960947,Low,Low
7228-OMTPN,Yes,0.7595463991165161,High,353.8,Low,Medium
5063-IUOKK,No,0.01214569341391325,Low,724.9929413218051,Low,Low
4508-OEBEY,No,0.10609403997659683,Low,3150.3787997812033,Medium,Low
0027-KWYKW,Yes,0.5261521339416504,Medium,2164.3585526943207,Medium,Medium
2308-STERM,No,0.13883566856384277,Low,139.03952817916868,Low,Low
5982-XMDEX,No,0.01364427711814642,Low,2349.822239752859,Medium,Low
6284-AHOOQ,No,0.31965747475624084,Medium,1991.0,Medium,Medium
6051-PTVNS,No,0.005022014491260052,Low,1281.8959410699083,Medium,Low
2344-JMOGN,Yes,0.6211674213409424,High,853.65,Low,Medium
3799-ISUZQ,Yes,0.536730170249939,Medium,489.65000000000003,Low,Low
2877-VDUER,No,0.04286505654454231,Low,1901.2618302479386,Medium,Low
9152-AMKAK,No,0.03499584272503853,Low,2340.098006911576,Medium,Low
1794-HBQTJ,No,0.49339812994003296,Medium,48.6,Low,Low
9432-VOFYX,Yes,0.5013648271560669,Medium,1415.4202214241027,Medium,Medium
8049-WJCLQ,No,0.19450731575489044,Low,892.9439575493336,Low,Low
6586-PSJOX,No,0.07956263422966003,Low,1437.6977110862733,Medium,Low
2460-FPSYH,No,0.27759915590286255,Low,2232.0,Medium,Low
9705-ZJBCG,No,0.05682564526796341,Low,1316.8246957048773,Medium,Low
4818-DRBQT,No,0.38569703698158264,Medium,2324.3500000000004,Medium,Medium
1320-HTRDR,Yes,0.7113339304924011,High,226.5,Low,Medium
6847-KJLTS,No,0.2989842891693115,Low,6245.491864204407,High,Monitor
9670-BPNXF,No,0.04625498130917549,Low,3530.6310110293325,High,Monitor
3913-FCUUW,No,0.0038216940592974424,Low,6756.73827968454,High,Monitor
3301-VKTGC,No,0.0549713671207428,Low,6783.599377334118,High,Monitor
1493-AMTIE,No,0.3894903063774109,Medium,20.2,Low,Low
9555-SAHUZ,No,0.11310449242591858,Low,2361.0148309767246,Medium,Low
0816-TSPHQ,No,0.1123984083533287,Low,152.00639816001058,Low,Low
9932-WBWIK,No,0.12170963734388351,Low,331.0892532803118,Low,Low
4619-EVPHY,No,0.19616061449050903,Low,2697.792608976364,Medium,Low
5286-YHCVC,No,0.048671748489141464,Low,9938.38081820011,High,Monitor
6424-ELEYH,Yes,0.6687406897544861,High,224.25,Low,Medium
4391-RESHN,Yes,0.6370280981063843,High,2393.15,Medium,High
9115-YQHGA,No,0.1285025179386139,Low,2311.201128000021,Medium,Low
4462-CYWMH,No,0.16764149069786072,Low,6016.074764811992,High,Monitor
8963-MQVYN,No,0.09802471101284027,Low,563.3135531321168,Low,Low
2458-EOMRE,No,0.1482069343328476,Low,1031.8940751358866,Medium,Low
9334-GWGOW,Yes,0.7281872034072876,High,646.0211269497871,Low,Medium
6821-BUXUX,Yes,0.71696537733078,High,1256.45,Medium,High
5028-HTLJB,Yes,0.5553430318832397,Medium,20.05,Low,Low
9801-GDWGV,Yes,0.5785613059997559,Medium,4034.55,High,High
6542-LWGXJ,No,0.48809173703193665,Medium,151.7862394452095,Low,Low
5567-GZKQY,No,0.016409466043114662,Low,1656.6053081437947,Medium,Low
1222-LRYKO,No,0.11947192251682281,Low,297.3114890500903,Low,Low
2320-JRSDE,No,0.49748995900154114,Medium,19.9,Low,Low
2087-QAREY,No,0.20053429901599884,Low,1465.7846430629493,Medium,Low
0601-WZHJF,Yes,0.5170511603355408,Medium,648.9,Low,Low
4423-JWZJN,No,0.08899648487567902,Low,6762.61680687964,High,Monitor
5143-WMWOG,No,0.3623248338699341,Medium,19.95,Low,Low
6490-FGZAT,No,0.04944215342402458,Low,241.67411719076333,Low,Low
5393-RXQSZ,Yes,0.8107141256332397,High,79.6,Low,Medium
7452-FOLON,No,0.032616641372442245,Low,1287.9888777248561,Medium,Low
2320-TZRRH,No,0.03384731709957123,Low,616.0797277987003,Low,Low
0231-LXVAP,Yes,0.6835443377494812,High,75.9,Low,Medium
9444-JTXHZ,Yes,0.7707932591438293,High,76.2,Low,Medium
4942-VZZOM,No,0.03767454996705055,Low,4997.493942236156,High,Monitor
5510-BOIUJ,No,0.3243272602558136,Medium,19.25,Low,Low
7502-BNYGS,No,0.16894111037254333,Low,3523.1570156395433,High,Monitor
4291-HYEBC,No,0.20295226573944092,Low,1468.7747969150544,Medium,Low
6147-CBCRA,No,0.051005929708480835,Low,775.8139866560698,Low,Low
6047-SUHPR,No,0.08523870259523392,Low,2988.63270701766,Medium,Low
4471-KXAUH,No,0.4135371744632721,Medium,3540.6,High,High
9752-ZNQUT,Yes,0.6313399076461792,High,156.10128293037414,Low,Medium
7638-QVMVY,Yes,0.665790855884552,High,553.0,Low,Medium
1576-PFZIW,No,0.21599455177783966,Low,9356.77937528491,High,Monitor
5666-MBJPT,No,0.014124836772680283,Low,2225.3911983281373,Medium,Low
7312-XSBAT,No,0.3629910349845886,Medium,239.8971760571003,Low,Low
3096-GKWEB,Yes,0.6868736743927002,High,1883.51231610775,Medium,High
2371-JQHZZ,Yes,0.6418818831443787,High,2431.8299092054367,Medium,High
0674-GCDXG,No,0.020909728482365608,Low,6219.21817253083,High,Monitor
1121-QSIVB,No,0.1442423313856125,Low,4208.568086412549,High,Monitor
4396-KLSEH,No,0.09378070384263992,Low,187.3307181723416,Low,Low
3244-DCJWY,Yes,0.8047077655792236,High,70.25,Low,Medium
2824-MYYBN,No,0.4491749107837677,Medium,3839.0465384870768,High,High
0875-CABNR,Yes,0.6748356223106384,High,846.0,Low,Medium
6345-HOVES,No,0.2478390336036682,Low,964.7497932493687,Medium,Low
8318-LCNBW,No,0.07099685817956924,Low,2452.7682038530706,Medium,Low
6469-QJKZW,No,0.1113172248005867,Low,188.04174752160907,Low,Low
0147-ESWWR,Yes,0.5940344929695129,Medium,4195.374045521021,High,High
1217-VASWC,No,0.24260501563549042,Low,5237.522788134217,High,Monitor
7812-FZHPE,No,0.10798228532075882,Low,409.70000000000005,Low,Low
6370-ZVHDV,No,0.011780750937759876,Low,2143.346728030592,Medium,Low
5915-DGNVC,No,0.08529017120599747,Low,4306.313988488912,High,Monitor
6260-XLACS,No,0.05865711718797684,Low,301.33345749676226,Low,Low
3566-CAAYU,No,0.0322338305413723,Low,4348.2354451403025,High,Monitor
4983-CCWMC,Yes,0.5465868711471558,Medium,398.1453226089477,Low,Low
9103-CXVOK,No,0.3290387988090515,Medium,99.2589023411274,Low,Low
2896-TBNBE,No,0.09746153652667999,Low,4107.101294183731,High,Monitor
4797-AXPXK,No,0.31813910603523254,Medium,60.0,Low,Low
5229-PRWKT,Yes,0.7356294989585876,High,692.4,Low,Medium
6982-UQZLY,Yes,0.6069847345352173,High,20.85,Low,Medium
2522-WLNSF,No,0.06388920545578003,Low,2903.979756116867,Medium,Low
3841-CONLJ,Yes,0.620241105556488,High,114.74936783313751,Low,Medium
5057-LCOUI,No,0.3187764286994934,Medium,1979.25,Medium,Medium
0193-ESZXP,No,0.3603093922138214,Medium,6119.0,High,High
4475-NVTLU,No,0.004979124292731285,Low,1322.5056195259094,Medium,Low
4369-HTUIF,Yes,0.5327392220497131,Medium,510.90000000000003,Low,Low
9386-LDCZR,No,0.03714878857135773,Low,4945.339547792078,High,Monitor
9585-KKMFD,No,0.010969794355332851,Low,1294.7344987094402,Medium,Low
5399-ZIMKF,Yes,0.5869452953338623,Medium,558.2572022199631,Low,Low
0336-KXKFK,No,0.005704538431018591,Low,5866.82117395252,High,Monitor
5619-XZZKR,No,0.027093298733234406,Low,312.71386428326366,Low,Low
3948-FVVRP,No,0.194335475564003,Low,758.1024956345558,Low,Low
5327-XOKKY,No,0.06921336054801941,Low,6929.190688025951,High,Monitor
0983-TATYJ,No,0.06166360154747963,Low,2277.1788924045863,Medium,Low
1813-JYWTO,No,0.008037623018026352,Low,7707.680957476795,High,Monitor
0156-FVPTA,No,0.23852764070034027,Low,1192.4,Medium,Low
1984-FCOWB,No,0.3358392119407654,Medium,7665.0,High,High
0654-HMSHN,Yes,0.5331498384475708,Medium,2192.4,Medium,Medium
6719-OXYBR,No,0.37503916025161743,Medium,1599.354957783222,Medium,Medium
3312-ZWLGF,No,0.446116179227829,Medium,2563.237921923399,Medium,Medium
6476-YHMGA,No,0.17255684733390808,Low,1527.2964070737362,Medium,Low
5287-QWLKY,No,0.40897879004478455,Medium,7462.099999999999,High,High
0795-XCCTE,No,0.0068334173411130905,Low,2434.2343487888575,Medium,Low
0168-XZKBB,Yes,0.6080601215362549,High,1854.3898706674574,Medium,High
3785-NRHYR,No,0.35481491684913635,Medium,95.71732130348681,Low,Low
5196-SGOAK,Yes,0.8399378657341003,High,75.7,Low,Medium
4537-DKTAL,No,0.4767912030220032,Medium,234.09296421408652,Low,Low
7072-MBHEV,Yes,0.5352754592895508,Medium,1076.8699197769165,Medium,Medium
5602-BVFMK,No,0.04178714007139206,Low,453.5220983594656,Low,Low
6297-NOOPG,No,0.14131024479866028,Low,10012.245230793953,High,Monitor
1891-UAWWU,Yes,0.5536988377571106,Medium,1816.0,Medium,Medium
8204-TIFGJ,No,0.06665655970573425,Low,580.5812310278416,Low,Low
8050-DVOJX,No,0.03362315520644188,Low,5872.904151774943,High,Monitor
6108-OQZDQ,Yes,0.8369473814964294,High,391.8,Low,Medium
0363-QJVFX,No,0.32140082120895386,Medium,3460.8,High,High
8903-XEBGX,Yes,0.5867288112640381,Medium,247.72338042259216,Low,Low
8169-SAEJD,No,0.026371343061327934,Low,5223.358813197166,High,Monitor
9840-DVNDC,Yes,0.6467047929763794,High,483.0,Low,Medium
1089-XZWHH,No,0.014983251690864563,Low,938.5159186005592,Medium,Low
2325-WINES,No,0.306239515542984,Medium,4195.82934089303,High,High
6064-ZATLR,No,0.02251155488193035,Low,2666.7963437877597,Medium,Low
3096-JRDSO,Yes,0.5963810682296753,Medium,2816.1,Medium,Medium
7824-PANSQ,No,0.13681338727474213,Low,5095.396001897752,High,Monitor
8042-JVNFH,Yes,0.7596484422683716,High,71.35,Low,Medium
9648-BCHKM,No,0.017489086836576462,Low,1024.9534562274814,Medium,Low
2888-ADFAO,No,0.01497131958603859,Low,1504.6466614276171,Medium,Low
8707-HOEDG,No,0.09865238517522812,Low,10097.884171688556,High,Monitor
3374-LXDEV,Yes,0.5840723514556885,Medium,1162.2,Medium,Medium
4072-IPYLT,No,0.10269513726234436,Low,2112.6444794565436,Medium,Low
7167-PCEYD,No,0.01229043211787939,Low,1795.9595866575837,Medium,Low
4936-YPJNK,No,0.13564637303352356,Low,302.2038230597973,Low,Low
1580-BMCMR,No,0.34764525294303894,Medium,2000.403416508436,Medium,Medium
4817-KEQSP,No,0.010300840251147747,Low,1880.8426797043533,Medium,Low
6408-WHTEF,No,0.002776975277811289,Low,8576.441721843928,High,Monitor
9251-AWQGT,No,0.007585263345390558,Low,1436.3590735942125,Medium,Low
8749-CLJXC,No,0.39771249890327454,Medium,92.50518638193607,Low,Low
7989-VCQOH,No,0.19913962483406067,Low,1898.5297573953867,Medium,Low
5049-GLYVG,No,0.3615245223045349,Medium,20.6,Low,Low
4199-QHJNM,No,0.07776093482971191,Low,9171.861595344544,High,Monitor
8882-TLVRW,No,0.011731164529919624,Low,3625.2914752051233,High,Monitor
5883-GTGVD,Yes,0.7223626375198364,High,1899.05,Medium,High
5135-GRQJV,No,0.029243428260087967,Low,10911.639059141278,High,Monitor
2384-OVPSA,No,0.012838594615459442,Low,1246.1758493304253,Medium,Low
1371-WEPDS,No,0.1555761992931366,Low,2797.4261769533155,Medium,Low
3580-GICBM,No,0.011148890480399132,Low,2050.524724408984,Medium,Low
4817-QRJSX,Yes,0.6815796494483948,High,810.0,Low,Medium
9730-DRTMJ,No,0.04898115247488022,Low,3160.4100651979447,Medium,Low
4686-UXDML,Yes,0.5952449440956116,Medium,2339.338753992319,Medium,Medium
3349-ANQNH,No,0.297334223985672,Low,6709.482936561108,High,Monitor
2398-YPMUR,Yes,0.5248750448226929,Medium,911.95,Medium,Medium
0932-YIXYU,No,0.013274780474603176,Low,1431.2984566893429,Medium,Low
7480-SPLEF,No,0.008281778544187546,Low,2412.832170188427,Medium,Low
7636-XUHWW,No,0.10687408596277237,Low,146.43923413604497,Low,Low
1431-CYWMH,No,0.02781953476369381,Low,530.2202271765099,Low,Low
5937-EORGB,Yes,0.6150404214859009,High,1670.3915959596634,Medium,High
6349-JDHQP,No,0.018845556303858757,Low,1519.4719769768417,Medium,Low
5539-HIVAK,No,0.11903788149356842,Low,855.4443586736917,Low,Low
5847-MXBEO,No,0.02764681540429592,Low,683.4652357675135,Low,Low
9985-MWVIX,Yes,0.7581338882446289,High,70.15,Low,Medium
4583-PARNH,No,0.45842984318733215,Medium,1762.2844871371983,Medium,Medium
1116-FRYVH,No,0.014778400771319866,Low,2822.82554423064,Medium,Low
1421-HCERK,No,0.2770859897136688,Low,3629.4720653235913,High,Monitor
9633-XQABV,Yes,0.5866349935531616,Medium,384.9833502173424,Low,Low
0716-BQNDX,No,0.05036993697285652,Low,7480.417641811073,High,Monitor
1265-XTECC,No,0.14754649996757507,Low,6565.4,High,Monitor
1183-CANVH,No,0.04675041139125824,Low,2066.339703798294,Medium,Low
1972-XMUWV,No,0.020497700199484825,Low,5292.7817006737,High,Monitor
8679-LZBMD,No,0.17468513548374176,Low,4886.377509620786,High,Monitor
3407-JMJQQ,No,0.10828427970409393,Low,10071.72832429409,High,Monitor
6252-DFGTK,No,0.04229004681110382,Low,3302.3405737459657,High,Monitor
1539-LNKHM,No,0.08296630531549454,Low,357.04492422938347,Low,Low
8645-KOMJQ,No,0.040813736617565155,Low,7541.077542820573,High,Monitor
0289-IVARM,No,0.10745324939489365,Low,2443.512234494835,Medium,Low
9761-XUJWD,No,0.2608928680419922,Low,618.9125671386719,Low,Low
4057-FKCZK,No,0.060421235859394073,Low,6645.3659529984,High,Monitor
4291-TPNFG,No,0.0032246967311948538,Low,7894.430579016544,High,Monitor
6087-YPWHO,No,0.0031644850969314575,Low,6537.224168175459,High,Monitor
3090-QFUVD,No,0.2563735246658325,Low,110.8737046957016,Low,Low
2237-ZFSMY,No,0.18957792222499847,Low,3726.45,High,Monitor
1722-LDZJS,No,0.029018299654126167,Low,1305.9659641638398,Medium,Low
1818-ESQMW,No,0.39145228266716003,Medium,2734.094738316536,Medium,Medium
4871-JTKJF,Yes,0.8771534562110901,High,69.65,Low,Medium
1415-YFWLT,Yes,0.8840368390083313,High,89.3,Low,Medium
7401-RUBNK,No,0.31336259841918945,Medium,1654.5628658294677,Medium,Medium
0506-YLVKJ,No,0.007937546819448471,Low,1410.1518773019313,Medium,Low
8661-BOYNW,No,0.003589679254218936,Low,8095.128745702655,High,Monitor
6711-VTNRE,No,0.3036588728427887,Medium,3151.7999999999997,Medium,Medium
4815-GBTCD,Yes,0.5649175047874451,Medium,166.25394852757452,Low,Low
2805-AUFQN,No,0.009722515009343624,Low,965.57986086756,Medium,Low
0980-PVMRC,No,0.28591832518577576,Low,2251.86631898582,Medium,Low
7233-DRTRF,No,0.43713754415512085,Medium,6797.0226928710945,High,High
3500-RMZLT,Yes,0.5883471369743347,Medium,1444.5,Medium,Medium
3873-NFTGI,No,0.27270621061325073,Low,1019.1888318657875,Medium,Low
1162-ECVII,No,0.028663959354162216,Low,10460.499131061137,High,Monitor
7048-GXDAY,No,0.3868906795978546,Medium,4541.00899014473,High,High
8571-ZCMCX,No,0.02650628797709942,Low,4221.830945312977,High,Monitor
1169-WCVAK,No,0.24277055263519287,Low,2090.651849555969,Medium,Low
4548-SDBKE,Yes,0.8731346726417542,High,426.0,Low,Medium
8066-POXGX,Yes,0.5200031995773315,Medium,456.3,Low,Low
7129-CAKJW,No,0.24662813544273376,Low,1722.6945065468549,Medium,Low
8695-ARGXZ,Yes,0.5362443923950195,Medium,2778.9204169273376,Medium,Medium
3570-YUEKJ,No,0.15293557941913605,Low,2332.9322522386906,Medium,Low
4143-OOBWZ,Yes,0.8151910901069641,High,406.5,Low,Medium
1555-HAPSU,No,0.007902841083705425,Low,2265.9669303543865,Medium,Low
1697-NVVGY,No,0.15096543729305267,Low,1599.855369782448,Medium,Low
7854-EKTJL,No,0.12625624239444733,Low,39.2,Low,Low
8464-EETCQ,No,0.007510616909712553,Low,1519.4112096503377,Medium,Low
2419-FSORS,No,0.12678204476833344,Low,10076.563832330705,High,Monitor
8132-YPVBX,Yes,0.7246249914169312,High,657.7108919262886,Low,Medium
9102-IAYHT,Yes,0.6268029808998108,High,1452.65,Medium,High
6754-LZUKA,No,0.0255386084318161,Low,6826.914237868787,High,Monitor
3422-LYEPQ,Yes,0.8016968369483948,High,71.0,Low,Medium
8099-MZPUJ,No,0.09522724896669388,Low,7794.086245572566,High,Monitor
0787-LHDYT,No,0.08572009950876236,Low,442.604995700717,Low,Low
2642-DTVCO,Yes,0.8339453339576721,High,765.4499999999999,Low,Medium
0374-IOEGQ,No,0.3997521698474884,Medium,294.4263193488121,Low,Low
4361-JEIVL,Yes,0.5856428742408752,Medium,44.4,Low,Low
3197-NNYNB,No,0.0563260018825531,Low,9211.823292851448,High,Monitor
3396-DKDEL,No,0.023374253883957863,Low,10759.502911966294,High,Monitor
1752-OZXFY,No,0.03151945397257805,Low,4282.981639829278,High,Monitor
9066-QRSDU,No,0.030081244185566902,Low,2120.8063593350353,Medium,Low
9112-WSNPU,No,0.46713799238204956,Medium,2694.810487824678,Medium,Medium
9867-NNXLC,No,0.07724333554506302,Low,552.1076267339289,Low,Low
5321-NTRKC,No,0.09580255299806595,Low,7002.903987434506,High,Monitor
1363-TXLSL,Yes,0.819494366645813,High,70.3,Low,Medium
9507-EXLTT,Yes,0.8369045257568359,High,79.35,Low,Medium
3161-GETRM,No,0.29958733916282654,Low,3440.1329606503245,High,Monitor
0402-OAMEN,No,0.004097747150808573,Low,2344.7954419719053,Medium,Low
6933-VLYFX,No,0.08979550004005432,Low,2513.251117271185,Medium,Low
6754-WKSHP,No,0.03715449571609497,Low,1053.397602403164,Medium,Low
9846-GKXAS,Yes,0.6651598811149597,High,817.1999999999999,Low,Medium
6017-PPLPX,Yes,0.5303627848625183,Medium,1409.0,Medium,Medium
4976-LNFVV,No,0.3795327842235565,Medium,779.392153006792,Low,Low
5055-MGMGF,No,0.35807889699935913,Medium,7232.852871221304,High,High
4641-FROLU,No,0.005839753430336714,Low,1039.495026211068,Medium,Low
2862-JVEOY,No,0.007784052286297083,Low,342.9112247846089,Low,Low
2969-QWUBZ,No,0.4809275269508362,Medium,262.8819506883621,Low,Low
9822-BIIGN,No,0.12201318889856339,Low,4186.550114265829,High,Monitor
2077-MPJQO,Yes,0.729966402053833,High,649.963199710846,Low,Medium
1534-OULXE,No,0.025389529764652252,Low,3612.9576844483618,High,Monitor
7136-RVDTZ,No,0.2572779953479767,Low,3167.5,Medium,Low
2971-SGAFL,No,0.34860745072364807,Medium,1331.5329795330763,Medium,Medium
1480-IVEVR,No,0.11641526222229004,Low,3721.2061752319332,High,Monitor
2905-KFQUV,Yes,0.571489155292511,Medium,321.8029808044434,Low,Low
4581-SSPWD,Yes,0.8157047629356384,High,227.39999999999998,Low,Medium
3370-HXOPH,Yes,0.7354218363761902,High,349.1063895106315,Low,Medium
9391-YZEJW,No,0.1669774055480957,Low,6767.649486541748,High,Monitor
9958-MEKUC,No,0.005868689622730017,Low,9964.558793129214,High,Monitor
0281-CNTZX,No,0.015211132355034351,Low,1728.3669098284095,Medium,Low
6927-WTFIV,No,0.26477232575416565,Low,1426.0,Medium,Low
4118-CEVPF,No,0.22494477033615112,Low,4908.513433361053,High,Monitor
3398-ZOUAA,No,0.46698638796806335,Medium,1451.1,Medium,Medium
9114-VEPUF,No,0.09974857419729233,Low,6996.369944235682,High,Monitor
7876-BEUTG,No,0.3069756031036377,Medium,934.9175434112549,Medium,Medium
2338-BQEZT,No,0.13184942305088043,Low,3043.5600699886677,Medium,Low
9873-MNDKV,No,0.19631734490394592,Low,706.4565833002329,Low,Low
0378-NHQXU,No,0.4761786162853241,Medium,1500.25,Medium,Medium
8241-JUIQO,No,0.020072324201464653,Low,1415.1651195313782,Medium,Low
2194-IIQOF,No,0.00557803874835372,Low,8471.545147354527,High,Monitor
4512-ZUIYL,No,0.4957832992076874,Medium,140.0,Low,Low
9631-RXVJM,No,0.006637920625507832,Low,1132.6832806710154,Medium,Low
9584-EXCDZ,No,0.3069167733192444,Medium,1491.6742048859596,Medium,Medium
7969-AULMZ,Yes,0.7878630757331848,High,2044.35,Medium,High
5093-FEGLU,No,0.012330129742622375,Low,1389.3351108133793,Medium,Low
2621-UDNLU,No,0.17198926210403442,Low,166.1341433107853,Low,Low
7526-IVLYU,No,0.160655215382576,Low,157.90875010639428,Low,Low
2428-HYUNX,No,0.028964148834347725,Low,1302.349049281329,Medium,Low
9214-EKVXR,Yes,0.5334717631340027,Medium,167.1634545326233,Low,Low
3410-MHHUM,No,0.1202184408903122,Low,5150.2165501594545,High,Monitor
0568-ONFPC,No,0.18738915026187897,Low,129.5,Low,Low
0733-VUNUW,No,0.14724786579608917,Low,1335.6,Medium,Low
4550-EVXNY,Yes,0.8692758083343506,High,69.65,Low,Medium
2122-YWVYA,No,0.365069180727005,Medium,1644.4427026391031,Medium,Medium
2968-SSGAA,Yes,0.894791841506958,High,1006.0,Medium,High
2296-DKZFP,No,0.01685243286192417,Low,6290.283454403281,High,Monitor
4844-JJWUY,Yes,0.8833281397819519,High,86.0,Low,Medium
6777-TGHTM,No,0.2646907567977905,Low,5668.35,High,Monitor
8909-BOLNL,No,0.05585002899169922,Low,303.79175262451173,Low,Low
6603-YRDCJ,No,0.015561796724796295,Low,3457.0488554388285,High,Monitor
3538-WZPHD,Yes,0.7235539555549622,High,88.80000000000001,Low,Medium
3229-USWAR,No,0.10738488286733627,Low,3574.674943377078,High,Monitor
2138-VFAPZ,No,0.027693212032318115,Low,735.50664935112,Low,Low
6131-JLWZM,No,0.08801151067018509,Low,374.98019800037144,Low,Low
4785-QRJHC,No,0.18708524107933044,Low,2755.4,Medium,Low
0269-XFESX,No,0.026233883574604988,Low,844.5844592195004,Low,Low
1709-EJDOX,No,0.009558690711855888,Low,1397.7191806025803,Medium,Low
4316-XCSLJ,No,0.13564296066761017,Low,1115.9629544705151,Medium,Low
8610-WFCJF,Yes,0.5998502969741821,Medium,4684.4,High,High
9693-XMUOB,No,0.41564449667930603,Medium,3140.9331842511892,Medium,Medium
0383-CLDDA,No,0.02408761717379093,Low,7888.208924981206,High,Monitor
4905-JEFDW,No,0.301148384809494,Medium,457.6,Low,Low
2709-UQGNP,No,0.2048778235912323,Low,762.9083624690771,Low,Low
3549-ZTMNH,No,0.024476896971464157,Low,849.9013073444366,Low,Low
7881-INRLC,Yes,0.5818139314651489,Medium,4538.25,High,High
8033-ATFAS,No,0.1957656741142273,Low,2622.9505464255813,Medium,Low
1635-NZATJ,No,0.010305426083505154,Low,2411.455445748195,Medium,Low
0562-HKHML,No,0.007935106754302979,Low,2265.9484227657317,Medium,Low
8277-RVRSV,No,0.029458697885274887,Low,1078.2128693528473,Medium,Low
9943-VSZUV,No,0.247715562582016,Low,5413.587591475249,High,Monitor
0117-LFRMW,No,0.15160346031188965,Low,1487.4,Medium,Low
6172-FECYY,No,0.478793740272522,Medium,4140.5,High,High
7054-ENNGU,No,0.18230538070201874,Low,707.1286283478141,Low,Low
1455-HFBXA,No,0.0228577870875597,Low,6911.349440866708,High,Monitor
9402-CXWPL,No,0.15702438354492188,Low,7923.443461608887,High,Monitor
1628-BIZYP,Yes,0.8563970923423767,High,158.23748290538788,Low,Medium
1965-AKTSX,Yes,0.6595106720924377,High,1105.3,Medium,High
0082-LDZUE,Yes,0.5261685848236084,Medium,170.24439015388486,Low,Low
4786-UKSNZ,No,0.3646429777145386,Medium,20.2,Low,Low
5343-SGUBI,No,0.07889404892921448,Low,5056.872367310524,High,Monitor
0856-NAOES,No,0.2365705519914627,Low,644.3571203023195,Low,Low
1976-AZZPJ,No,0.1775708943605423,Low,408.16245247721673,Low,Low
7248-VZQLC,No,0.3775629699230194,Medium,4004.4,High,High
6156-UZDLF,No,0.0524599552154541,Low,3256.8373788356785,High,Monitor
3099-OONVS,No,0.12837982177734375,Low,1641.4738540649414,Medium,Low
9500-WBGRP,No,0.004684251733124256,Low,1774.152739005536,Medium,Low
5183-KLYEM,No,0.021213103085756302,Low,10766.597343049943,High,Monitor
5144-PQCDZ,No,0.07792864739894867,Low,190.17194090634584,Low,Low
8514-VZHEB,No,0.02249504067003727,Low,1607.9723209664226,Medium,Low
6625-IUTTT,No,0.016455313190817833,Low,5939.162501288205,High,Monitor
9355-NPPFS,No,0.39575716853141785,Medium,2334.4860107183454,Medium,Medium
0068-FIGTF,No,0.10181167721748352,Low,2954.2599220991137,Medium,Low
5965-GGPRW,No,0.04353523999452591,Low,9994.029983773828,High,Monitor
8035-PWSEV,Yes,0.6026381254196167,High,748.2872838377953,Low,Medium
2236-HILPA,No,0.010323265567421913,Low,1770.7837895847856,Medium,Low
1840-BIUOG,No,0.1409858763217926,Low,2082.1712435603145,Medium,Low
1356-MKYSK,No,0.16456012427806854,Low,866.1440773531796,Low,Low
6080-LNESI,No,0.01604391634464264,Low,1846.7199136912823,Medium,Low
1830-IPXVJ,No,0.012825241312384605,Low,1672.6708356179297,Medium,Low
5828-DWPIL,No,0.17684923112392426,Low,5964.25640104115,High,Monitor
8398-TBIYD,No,0.0060363938100636005,Low,8118.929218662903,High,Monitor
0011-IGKFF,Yes,0.7019646763801575,High,1274.0,Medium,High
4192-GORJT,Yes,0.7570522427558899,High,472.25,Low,Medium
6496-SLWHQ,Yes,0.8499521017074585,High,315.0,Low,Medium
9912-GVSEQ,Yes,0.5861455798149109,Medium,2440.1,Medium,Medium
2931-FSOHN,No,0.3064223527908325,Medium,1027.9718064069748,Medium,Medium
9418-RUKPH,No,0.00849456712603569,Low,1232.832801260054,Medium,Low
5383-MMTWC,Yes,0.7957487106323242,High,672.0,Low,Medium
9971-ZWPBF,No,0.4132431149482727,Medium,4085.9869486927987,High,High
4712-AUQZO,No,0.17348888516426086,Low,771.424640750885,Low,Low
9711-FJTBX,No,0.04184959828853607,Low,5794.68654384315,High,Monitor
2908-ZTPNF,No,0.1456577032804489,Low,1433.2429742440581,Medium,Low
7240-ETPTR,Yes,0.6249824166297913,High,438.75,Low,Medium
2202-CUYXZ,Yes,0.860579252243042,High,84.85,Low,Medium
5995-OIGLP,No,0.14517593383789062,Low,679.8,Low,Low
8421-WZOOW,No,0.08579204231500626,Low,5954.844110204279,High,Monitor
6261-RCVNS,No,0.09319091588258743,Low,3103.8,Medium,Low
7951-QKZPL,No,0.015230860561132431,Low,808.5,Low,Low
1414-YADCW,No,0.022568359971046448,Low,7906.577201914787,High,Monitor
8756-RDDLT,No,0.10406158864498138,Low,3298.2345895424487,High,Monitor
2862-PFNIK,Yes,0.6614584922790527,High,74.87185144424438,Low,Medium
5816-QVHRX,No,0.2832747995853424,Low,4142.425225609541,High,Monitor
4430-YHXGG,No,0.10672447830438614,Low,238.20317216292023,Low,Low
6888-SBYAI,No,0.48944079875946045,Medium,206.01210901737215,Low,Low
7395-XWZOY,No,0.1657581478357315,Low,1375.2998112142086,Medium,Low
7169-YWAMK,No,0.003812316572293639,Low,6560.141701114923,High,Monitor
3640-PHQXK,Yes,0.5252090692520142,Medium,2786.9,Medium,Medium
6877-LGWXO,No,0.42002809047698975,Medium,1413.8999999999999,Medium,Medium
6859-RKMZJ,No,0.24153056740760803,Low,856.072453585267,Low,Low
2729-VNVAP,No,0.008625037968158722,Low,1124.501381957531,Medium,Low
2957-JIRMN,No,0.13073031604290009,Low,6116.817897722125,High,Monitor
2049-BAFNW,No,0.3087194561958313,Medium,184.80182913541793,Low,Low
3842-QTGDL,No,0.22548484802246094,Low,1667.2525911331177,Medium,Low
7163-OCEQI,No,0.16926123201847076,Low,2514.3512492209675,Medium,Low
9782-LGXMC,No,0.08941122889518738,Low,3363.123139694333,High,Monitor
5975-BAICR,No,0.08649665117263794,Low,2991.4819598436357,Medium,Low
8019-ENHXU,No,0.4771762192249298,Medium,4176.900000000001,High,High
5167-GBFRE,Yes,0.5886609554290771,Medium,100.8,Low,Low
9033-EOXWV,No,0.17030270397663116,Low,888.5999999999999,Low,Low
4673-KKSLS,No,0.23515106737613678,Low,3117.6045989871022,Medium,Low
4853-OITSN,Yes,0.5919913053512573,Medium,663.9938507676125,Low,Low
9800-OUIGR,No,0.005599052645266056,Low,1797.3124547302723,Medium,Low
1324-NLTJE,No,0.27903231978416443,Low,825.0,Low,Low
2324-EFHVG,No,0.06201060488820076,Low,9031.826228392125,High,Monitor
7094-MSZAO,No,0.08486930280923843,Low,310.5902228720486,Low,Low
1522-VVDMG,Yes,0.626990020275116,High,628.25,Low,Medium
6907-CQGPN,No,0.1190769374370575,Low,1175.9939662754534,Medium,Low
0780-XNZFN,No,0.02476442977786064,Low,1660.3767486020922,Medium,Low
0239-OXEXL,No,0.21111765503883362,Low,4274.28002537787,High,Monitor
2675-IJRGJ,No,0.01542896218597889,Low,1505.7737014330924,Medium,Low
7049-GKVZY,No,0.0948541909456253,Low,2224.7607142359016,Medium,Low
8577-QSOCG,No,0.008309170603752136,Low,1248.3717140913009,Medium,Low
3721-CNZHX,No,0.0271331537514925,Low,528.1531626686455,Low,Low
0212-ISBBF,No,0.43601736426353455,Medium,1278.0791542559862,Medium,Medium
9185-TQCVP,Yes,0.7389500141143799,High,1192.1000000000001,Medium,High
3585-YNADK,No,0.056007035076618195,Low,5097.262502199411,High,Monitor
5271-DBYSJ,No,0.4478107690811157,Medium,1132.8846657633783,Medium,Medium
1099-GODLO,No,0.017164235934615135,Low,500.366987169534,Low,Low
6828-HMKWP,No,0.020620647817850113,Low,747.3824487224222,Low,Low
5567-WSELE,Yes,0.881277322769165,High,283.79999999999995,Low,Medium
1472-TNCWL,No,0.2823372483253479,Low,3816.9759755015375,High,Monitor
8063-RJYNF,Yes,0.5803201794624329,Medium,1508.0,Medium,Medium
0687-ZVTHB,No,0.07552482187747955,Low,4709.25,High,Monitor
2080-GKCWQ,No,0.4233838617801666,Medium,409.2042773574591,Low,Low
9661-ACXBS,No,0.49945318698883057,Medium,4418.400000000001,High,High
2193-SFWQW,No,0.009725783951580524,Low,10721.068763678893,High,Monitor
5656-JAMLX,No,0.01606823317706585,Low,1699.4450937144459,Medium,Low
3462-BJQQA,Yes,0.8314980268478394,High,629.2383125424385,Low,Medium
0442-TDYUO,No,0.013923948630690575,Low,1436.8997959189117,Medium,Low
6733-LRIZX,No,0.2125437706708908,Low,5872.290548449755,High,Monitor
9503-XJUME,No,0.014534179121255875,Low,1254.1728405632077,Medium,Low
4367-NHWMM,Yes,0.6017029881477356,High,84.4055735707283,Low,Medium
3727-RJMEO,Yes,0.8082809448242188,High,497.09999999999997,Low,Medium
3779-OSWCF,No,0.00557803874835372,Low,8841.523042927683,High,Monitor
6736-DHUQI,No,0.05064957216382027,Low,6647.658995366096,High,Monitor
3915-ODIYG,No,0.1174258291721344,Low,5064.896361082792,High,Monitor
1360-RCYRT,No,0.1649240106344223,Low,850.1173376634717,Low,Low
2724-FJDYW,No,0.10320013016462326,Low,2729.423674325645,Medium,Low
4451-RWASJ,No,0.031750623136758804,Low,519.0703541859984,Low,Low
6646-VRFOL,Yes,0.6462583541870117,High,5504.049999999999,High,Critical
3460-TJBWI,No,0.012516257353127003,Low,1154.3305577293038,Medium,Low
5917-HBSDW,No,0.0397530160844326,Low,827.4346748325975,Low,Low
5685-IIXLY,Yes,0.661286473274231,High,418.0,Low,Medium
5671-UUNXD,No,0.32615968585014343,Medium,5846.364331430197,High,High
0956-ACVZC,No,0.15391682088375092,Low,6036.797125858068,High,Monitor
2325-NBPZG,No,0.4688754677772522,Medium,461.2220032632351,Low,Low
4250-ZBWLV,No,0.27717241644859314,Low,7374.6,High,Monitor
4482-FTFFX,No,0.2998029589653015,Low,516.6463831245899,Low,Low
8859-DZTGQ,No,0.010048900730907917,Low,1155.0421168830246,Medium,Low
0440-MOGPM,No,0.1899625062942505,Low,4085.5322414159773,High,Monitor
0020-JDNXP,No,0.06218409165740013,Low,2771.794692631811,Medium,Low
3752-CQSJI,No,0.11891680210828781,Low,373.95890838131305,Low,Low
5025-GOOKI,No,0.03654595464468002,Low,487.25568874329326,Low,Low
4698-KVLLG,No,0.03186201676726341,Low,1455.0121073126793,Medium,Low
5095-AESKG,Yes,0.7787060737609863,High,274.5,Low,Medium
2887-JPYLU,No,0.11829569190740585,Low,2092.3182083547117,Medium,Low
4770-QAZXN,No,0.04531080275774002,Low,364.2622293181717,Low,Low
4896-CPRPF,No,0.015615015290677547,Low,1492.012348660454,Medium,Low
1871-MOWRM,No,0.34295758605003357,Medium,970.1999999999999,Medium,Medium
9714-EDSUC,Yes,0.5547407865524292,Medium,633.1305961370468,Low,Low
2027-OAQQC,No,0.2426055520772934,Low,2109.15,Medium,Low
0282-NVSJS,No,0.22626909613609314,Low,487.6218928992748,Low,Low
9090-SGQXL,Yes,0.6374327540397644,High,7160.4,High,Critical
6595-YGXIT,Yes,0.6448286175727844,High,2223.75,Medium,High
7353-YOWFP,No,0.027317309752106667,Low,378.1118937302381,Low,Low
9835-ZIITK,No,0.4924888610839844,Medium,7316.099999999999,High,High
8008-ESFLK,No,0.2576037049293518,Low,6840.9174872636795,High,Monitor
7537-CBQUZ,No,0.16140681505203247,Low,7442.652566599846,High,Monitor
1555-DJEQW,No,0.13363733887672424,Low,7994.0,High,Monitor
5649-TJHOV,No,0.4260348677635193,Medium,985.5,Medium,Medium
0519-XUZJU,Yes,0.7093684077262878,High,70.75,Low,Medium
3363-EWLGO,No,0.11688775569200516,Low,205.45853564366698,Low,Low
4750-UKWJK,No,0.0263118464499712,Low,954.2114537149669,Medium,Low
6338-AVWCY,Yes,0.623903214931488,High,120.44999999999999,Low,Medium
1689-YQBYY,Yes,0.6188872456550598,High,1094.3594218969345,Medium,High
4487-ZYJZK,No,0.018793586641550064,Low,975.5797484219075,Medium,Low
2959-FENLU,Yes,0.6471956968307495,High,948.2652423620224,Medium,High
0708-LGSMF,No,0.361431747674942,Medium,1108.3483164936304,Medium,Medium
9253-QXKBE,Yes,0.6518570780754089,High,2739.05,Medium,High
7634-HLQJR,No,0.00982129666954279,Low,1418.823992042616,Medium,Low
0487-RPVUM,No,0.12116294354200363,Low,6587.538420471549,High,Monitor
4079-ULGFR,No,0.04387079179286957,Low,434.73550498485565,Low,Low
2516-XSJKX,No,0.03152932599186897,Low,5039.886585022509,High,Monitor
0057-QBUQH,No,0.025082511827349663,Low,1666.5902948752046,Medium,Low
9445-SZLCH,No,0.40174341201782227,Medium,3504.6,High,High
6599-SFQVE,No,0.4025235176086426,Medium,527.167239189148,Low,Low
8331-ZXFOE,No,0.039020441472530365,Low,4943.707759335637,High,Monitor
4003-FUSHP,No,0.20180769264698029,Low,1464.2224191054702,Medium,Low
0356-ERHVT,No,0.2473594844341278,Low,712.1771979868412,Low,Low
7325-ENZFI,No,0.048535846173763275,Low,2031.828064790368,Medium,Low
4884-ZTHVF,Yes,0.6600646376609802,High,874.4502203583717,Low,Medium
3920-HIHMQ,No,0.1293744146823883,Low,1545.5757988393307,Medium,Low
3055-OYMSE,No,0.18532904982566833,Low,4272.136296737194,High,Monitor
0613-WUXUM,No,0.008070491254329681,Low,1801.0811176300049,Medium,Low
7568-PODML,Yes,0.7572068572044373,High,45.3,Low,Medium
4458-KVRBJ,No,0.014045212417840958,Low,2066.5728725492954,Medium,Low
5349-IECLD,Yes,0.653609573841095,High,189.9,Low,Medium
1397-XKKWR,No,0.05948827415704727,Low,645.5007670670748,Low,Low
3945-GFWQL,No,0.2902534008026123,Low,534.5999999999999,Low,Low
8097-OMULG,No,0.07480696588754654,Low,5380.35278441757,High,Monitor
6013-BHCAW,No,0.032530054450035095,Low,6821.761574149132,High,Monitor
0401-WDBXM,No,0.019246073439717293,Low,10084.045846762509,High,Monitor
3387-PLKUI,No,0.041500505059957504,Low,352.5187430292368,Low,Low
6096-EGVTU,No,0.019188005477190018,Low,1886.6666239634155,Medium,Low
3797-VTIDR,Yes,0.7443165183067322,High,23.45,Low,Medium
5081-NWSUP,No,0.1470787525177002,Low,1313.2550675392151,Medium,Low
2580-ATZSQ,No,0.027198774740099907,Low,4703.926262036339,High,Monitor
8085-MSNLK,No,0.05094399303197861,Low,9660.378367856145,High,Monitor
9691-HKOVS,No,0.06704693287611008,Low,5967.5186280146245,High,Monitor
9881-VCZEP,No,0.16921888291835785,Low,1622.171550604701,Medium,Low
9526-BIHHD,No,0.45052433013916016,Medium,29.7,Low,Low
8757-TFHHJ,No,0.42192813754081726,Medium,222.5278725028038,Low,Low
4523-WXCEF,No,0.39972829818725586,Medium,5964.9,High,High
1468-DEFNC,No,0.011627276428043842,Low,2140.3910669237375,Medium,Low
5119-KEPFY,No,0.43006566166877747,Medium,3744.862572848797,High,High
8364-TRMMK,Yes,0.5523639917373657,Medium,151.95,Low,Low
0916-KNFAJ,No,0.02078169770538807,Low,5906.636623929441,High,Monitor
8319-QBEHW,No,0.09688073396682739,Low,1471.655376136303,Medium,Low
3063-QFSZL,Yes,0.6875231862068176,High,55.4,Low,Medium
8775-LHDJH,Yes,0.9096227884292603,High,90.6,Low,Medium
9625-QNLUX,No,0.06607759743928909,Low,9335.259713545442,High,Monitor
3097-NQYSN,Yes,0.8223274350166321,High,173.7,Low,Medium
4024-CSNBY,No,0.003581657074391842,Low,9039.898291697726,High,Monitor
7110-BDTWG,No,0.0798729732632637,Low,4379.557438591122,High,Monitor
7493-GVFIO,No,0.012132062576711178,Low,1658.5664667371661,Medium,Low
0690-SRQID,No,0.07990304380655289,Low,187.07943113520741,Low,Low
9605-WGJVW,Yes,0.8164341449737549,High,147.51793813705444,Low,Medium
9114-DPSIA,No,0.00451140059158206,Low,7767.2298372499645,High,Monitor
4700-UBQMV,No,0.1283188909292221,Low,2387.827154141665,Medium,Low
7711-GQBZC,No,0.006835223641246557,Low,2342.448079425469,Medium,Low
3565-UNOCC,Yes,0.6913382411003113,High,2872.45,Medium,High
4627-MIHJH,No,0.2566927969455719,Low,9574.040859282017,High,Monitor
9795-NREXC,No,0.018557004630565643,Low,7442.143710553646,High,Monitor
8573-CGOCC,No,0.04484816640615463,Low,429.1854922808707,Low,Low
7356-AYNJP,No,0.08230548352003098,Low,358.7947873264551,Low,Low
9249-FXSCK,No,0.24065406620502472,Low,5785.0,High,Monitor
5493-SDRDQ,No,0.3855869770050049,Medium,110.2,Low,Low
6286-SUUWT,No,0.39771249890327454,Medium,92.04381388127804,Low,Low
4819-HJPIW,No,0.19393257796764374,Low,574.3355739846826,Low,Low
8654-DHAOW,No,0.40737012028694153,Medium,300.84544791877266,Low,Low
5438-QMDDL,No,0.2053331881761551,Low,1421.3264520823955,Medium,Low
9812-GHVRI,No,0.37343302369117737,Medium,3669.2258457809685,High,High
5553-AOINX,No,0.20962189137935638,Low,7918.327963131666,High,Monitor
1228-ZLNBX,No,0.26380908489227295,Low,1913.911055445671,Medium,Low
4226-KKDON,No,0.2648445665836334,Low,827.1886578232051,Low,Low
3831-YCPUO,No,0.006075408309698105,Low,10496.033826962113,High,Monitor
7445-WMRBW,No,0.06817600131034851,Low,4370.582427638768,High,Monitor
3308-DGHKL,No,0.005226210691034794,Low,1792.4792192079128,Medium,Low
9924-JPRMC,No,0.0378069207072258,Low,11239.949327337743,High,Monitor
0080-EMYVY,No,0.07698375731706619,Low,1290.1702282324434,Medium,Low
6218-KNUBD,No,0.2376222163438797,Low,628.6401554301382,Low,Low
7337-CINUD,No,0.02673378214240074,Low,611.4885899573565,Low,Low
7609-NRNCA,No,0.027172528207302094,Low,560.575324882567,Low,Low
0623-EJQEG,No,0.13589483499526978,Low,7050.79445823431,High,Monitor
7153-CHRBV,No,0.03903845325112343,Low,4063.9202366665004,High,Monitor
0871-URUWO,Yes,0.7575747966766357,High,1329.25,Medium,High
9190-MFJLN,No,0.43505123257637024,Medium,1822.1000000000001,Medium,Medium
6198-PNNSZ,No,0.2362837940454483,Low,7155.072472965717,High,Monitor
3317-VLGQT,Yes,0.5329056978225708,Medium,1312.2803900003432,Medium,Medium
4132-POCZS,No,0.231833353638649,Low,2258.6990951389075,Medium,Low
5614-DNZCE,No,0.014194227755069733,Low,5299.691070848704,High,Monitor
1095-JUDTC,No,0.3467450737953186,Medium,4467.349999999999,High,High
3896-RCYYE,No,0.07593376189470291,Low,3873.870822688937,High,Monitor
9638-JIQYA,Yes,0.6136394143104553,High,107.52227150201797,Low,Medium
3258-SANFR,No,0.29985734820365906,Low,455.97825921177866,Low,Low
3726-TBHQT,No,0.031055359169840813,Low,10745.032537311316,High,Monitor
3190-ITQXP,No,0.010917548090219498,Low,1412.1940716281533,Medium,Low
0870-VEMYL,No,0.2258087694644928,Low,269.25,Low,Low
4833-QTJNO,No,0.2196432203054428,Low,6010.547495864332,High,Monitor
3039-MJSLN,No,0.10488253086805344,Low,169.0882372587919,Low,Low
0178-CIIKR,No,0.20035351812839508,Low,155.5676838800311,Low,Low
5385-SUIRI,Yes,0.5777689814567566,Medium,5418.400000000001,High,High
3982-XWFZQ,No,0.29535165429115295,Low,2110.5,Medium,Low
5774-QPLTF,No,0.024726495146751404,Low,1255.6617898851634,Medium,Low
2322-VCZHZ,No,0.31780025362968445,Medium,2438.3878630399704,Medium,Medium
5010-IPEAQ,No,0.010444228537380695,Low,4918.614147518575,High,Monitor
4009-ALQFH,Yes,0.717309296131134,High,2487.5,Medium,High
6383-ZTSIW,No,0.1565004587173462,Low,4867.989654493332,High,Monitor
8990-YOZLV,No,0.010194734670221806,Low,6205.331334013493,High,Monitor
3069-SSVSN,No,0.13186748325824738,Low,295.14470669329165,Low,Low
5222-IMUKT,No,0.4361087381839752,Medium,3221.6537963300943,High,High
3627-FCRDW,No,0.4687248766422272,Medium,639.0,Low,Low
7562-GSUHK,No,0.45224258303642273,Medium,1491.2,Medium,Medium
6685-XSHHU,No,0.010479884222149849,Low,1754.530714213103,Medium,Low
8901-UPRHR,No,0.06427158415317535,Low,10314.757032251358,High,Monitor
4903-UYAVB,No,0.1383538693189621,Low,96.75,Low,Low
0118-JPNOY,No,0.3012939989566803,Medium,2590.493849337101,Medium,Medium
6776-TLWOI,No,0.1407013237476349,Low,59.550000000000004,Low,Low
3845-FXCYS,No,0.24794901907444,Low,127.96681065112351,Low,Low
5857-XRECV,No,0.050098542124032974,Low,274.6757586374879,Low,Low
0725-CXOTM,No,0.06774880737066269,Low,4230.315833030641,High,Monitor
4343-EJVQB,No,0.3137039244174957,Medium,826.6066793173551,Low,Low
9000-PLFUZ,No,0.06580731272697449,Low,4075.699881255627,High,Monitor
3427-GGZZI,Yes,0.6019397974014282,High,1905.7029843091964,Medium,High
7779-ORAEL,No,0.03211228549480438,Low,5127.432281881571,High,Monitor
0644-OQMDK,Yes,0.5860754251480103,Medium,458.0626272797585,Low,Low
4077-CROMM,Yes,0.5761741399765015,Medium,3230.2000000000003,High,High
3154-CFSZG,No,0.21739119291305542,Low,4655.193538469076,High,Monitor
2868-MZAGQ,Yes,0.8569180965423584,High,79.25,Low,Medium
4847-QNOKA,Yes,0.5544366836547852,Medium,44.9,Low,Low
2220-IAHLS,No,0.2124466747045517,Low,111.07120706439018,Low,Low
1658-XUHBX,No,0.23977653682231903,Low,5641.068994142115,High,Monitor
6379-RXJRQ,Yes,0.538987398147583,Medium,701.0,Low,Low
2378-HTWFW,No,0.2230883240699768,Low,3609.1937750577927,High,Monitor
8650-RHRKE,Yes,0.5260970592498779,Medium,118.6,Low,Low
4377-VDHYI,No,0.1216069906949997,Low,3862.6970229387284,High,Monitor
0475-RIJEP,No,0.4567241072654724,Medium,3347.5499999999997,High,High
1260-TTRXI,Yes,0.5371789336204529,Medium,217.2,Low,Low
3719-TDVQB,No,0.0280312392860651,Low,1465.3513923726975,Medium,Low
6328-ZPBGN,Yes,0.7320500016212463,High,1046.65,Medium,High
0201-MIBOL,No,0.08507955819368362,Low,9006.908477783203,High,Monitor
4937-QPZPO,No,0.3340768814086914,Medium,6892.2086345672615,High,High
2925-VDZHY,No,0.0036907941102981567,Low,8507.343037497998,High,Monitor
6981-TDRFT,No,0.15547974407672882,Low,2939.4893987596033,Medium,Low
3413-CSSTH,No,0.1722598522901535,Low,2560.3307573646307,Medium,Low
8033-VCZGH,No,0.3974553644657135,Medium,5949.114178365469,High,High
4789-KWMXN,No,0.3111205995082855,Medium,5209.95,High,High
0224-NIJLP,No,0.011944946832954884,Low,639.023423711583,Low,Low
7542-CYDDM,No,0.1026153489947319,Low,468.85537351593376,Low,Low
4718-WXBGI,No,0.0028546738903969526,Low,8820.900305658672,High,Monitor
2867-UIMSS,Yes,0.7886025309562683,High,80.5,Low,Medium
8495-PRWFH,No,0.2587909698486328,Low,2584.7896951675416,Medium,Low
0439-IFYUN,No,0.45384806394577026,Medium,1589.3852977395059,Medium,Medium
5716-LIBJC,No,0.2514273226261139,Low,2289.5161321818828,Medium,Low
2868-LLSKM,No,0.07464218139648438,Low,6617.074178314209,High,Monitor
8111-RKSPX,Yes,0.6603770852088928,High,288.8,Low,Medium
2988-QRAJY,No,0.18849383294582367,Low,9736.80008842349,High,Monitor
1585-MQSSU,No,0.1401178538799286,Low,875.5,Low,Low
0071-NDAFP,No,0.013830583542585373,Low,1241.0356828719378,Medium,Low
2856-NNASM,No,0.3410479724407196,Medium,3850.65,High,High
7328-ZJAJO,No,0.015193050727248192,Low,1611.3896522596478,Medium,Low
6458-CYIDZ,No,0.36957699060440063,Medium,708.7508211493492,Low,Low
8559-CIZFV,No,0.05815399810671806,Low,1627.5,Medium,Low
1090-PYKCI,No,0.03508618474006653,Low,8468.849303805828,High,Monitor
3058-WQDRE,No,0.34506309032440186,Medium,425.77997967004774,Low,Low
7547-EKNFS,No,0.3086901903152466,Medium,4000.5,High,High
2279-AXJJK,No,0.19564509391784668,Low,5435.4192806005485,High,Monitor
6769-DYBQN,No,0.3359981179237366,Medium,3910.0,High,High
0909-SELIE,No,0.015098054893314838,Low,6838.721851950883,High,Monitor
3417-TSCIC,No,0.11210431158542633,Low,985.4204942852259,Medium,Low
1042-HFUCW,No,0.07652631402015686,Low,1975.472211688757,Medium,Low
4439-JMPMT,Yes,0.7626051902770996,High,428.75,Low,Medium
6537-OTKMY,No,0.2055218517780304,Low,1245.0871922671795,Medium,Low
8999-EXMNO,No,0.010972144082188606,Low,861.1438711218535,Low,Low
6725-TPKJO,No,0.009296327829360962,Low,1358.9266070485116,Medium,Low
2446-BEGGB,Yes,0.8849565982818604,High,589.5,Low,Medium
7162-WPHPM,No,0.021611323580145836,Low,5834.0631015598765,High,Monitor
1599-MMYRQ,No,0.028958646580576897,Low,5998.995818832144,High,Monitor
8821-KVZKQ,No,0.07504666596651077,Low,4736.207296490669,High,Monitor
1496-GGSUK,Yes,0.734601616859436,High,25.7,Low,Medium
6434-TTGJP,No,0.025868987664580345,Low,1792.4600486978889,Medium,Low
0042-JVWOJ,No,0.018853895366191864,Low,740.3655638098717,Low,Low
0130-SXOUN,No,0.21146991848945618,Low,6323.367535722256,High,Monitor
2575-GFSOE,Yes,0.6267504096031189,High,483.0,Low,Medium
2330-PQGDQ,No,0.06929133832454681,Low,5234.588031756878,High,Monitor
1452-UZOSF,No,0.002505354816094041,Low,10179.220364496297,High,Monitor
2097-YVPKN,No,0.011508984491229057,Low,2284.6374475844204,Medium,Low
2842-JTCCU,Yes,0.5898699760437012,Medium,92.1,Low,Low
8597-CTXVJ,No,0.02998439222574234,Low,5302.530164699257,High,Monitor
6631-HMANX,No,0.011141029186546803,Low,8180.35197734423,High,Monitor
9962-BFPDU,No,0.4264189898967743,Medium,89.05179551541805,Low,Low
3296-SILRA,Yes,0.8420306444168091,High,76.4,Low,Medium
9681-OXGVC,Yes,0.8814392685890198,High,502.5,Low,Medium
6394-HHHZM,No,0.17857299745082855,Low,164.1212337166071,Low,Low
5995-LFTLE,No,0.01667693629860878,Low,2064.473764279485,Medium,Low
5180-UCIIQ,No,0.26280051469802856,Low,881.0999999999999,Low,Low
1932-UEDCX,No,0.45225077867507935,Medium,3650.421429991722,High,High
7153-OANIO,Yes,0.7658026814460754,High,69.95,Low,Medium
5188-HGMLP,No,0.2985308766365051,Low,4307.452290773392,High,Monitor
0665-XHDJU,No,0.19972020387649536,Low,9065.947481632233,High,Monitor
6521-YYTYI,Yes,0.8982563018798828,High,93.3,Low,Medium
8878-HMWBV,Yes,0.5518807172775269,Medium,147.45,Low,Low
8265-HKSOW,No,0.014949008822441101,Low,10276.649496048689,High,Monitor
3544-FBCAS,No,0.006890877615660429,Low,8011.774143151938,High,Monitor
5331-RGMTT,Yes,0.5048938393592834,Medium,5642.941591268777,High,High
4759-PXTAN,No,0.12765923142433167,Low,5564.393946754932,High,Monitor
7054-DMVAS,No,0.028364798054099083,Low,5048.946688489616,High,Monitor
3428-MMGUB,No,0.11932531744241714,Low,7265.746027752757,High,Monitor
6549-BTYPG,No,0.023747021332383156,Low,5072.548346471786,High,Monitor
7823-JSOAG,Yes,0.613664448261261,High,396.19199162721634,Low,Medium
3705-RHRFR,No,0.059544939547777176,Low,9079.256861852109,High,Monitor
9374-YOLBJ,No,0.3132838010787964,Medium,98.56572097539902,Low,Low
9074-KGVOX,No,0.14028213918209076,Low,2175.9952176555994,Medium,Low
6128-DAFVY,No,0.2717302441596985,Low,2707.577391296625,Medium,Low
9933-QRGTX,No,0.029904816299676895,Low,8095.038044536114,High,Monitor
4476-OSWTN,No,0.2684718072414398,Low,8598.395300513506,High,Monitor
3751-KTZEL,Yes,0.5654076337814331,Medium,35.05,Low,Low
1977-STDKI,Yes,0.8203285932540894,High,73.0,Low,Medium
5066-GFJMM,No,0.1406722366809845,Low,162.30373494029044,Low,Low
2661-GKBTK,No,0.018114769831299782,Low,6430.345643075556,High,Monitor
0458-HEUZG,No,0.04454311728477478,Low,1271.9561675548553,Medium,Low
7268-WNTCP,No,0.009264817461371422,Low,1754.1528275899589,Medium,Low
0824-VWDPO,No,0.10934799909591675,Low,5387.796973049641,High,Monitor
8409-WQJUX,No,0.10164628177881241,Low,1939.2892583310604,Medium,Low
2578-JQPHZ,No,0.04415023699402809,Low,6700.733470645547,High,Monitor
3278-FSIXX,Yes,0.5574437975883484,Medium,210.6540089547634,Low,Low
5813-UECBU,No,0.4583238661289215,Medium,2767.0499999999997,Medium,Medium
0328-GRPMV,Yes,0.8047077655792236,High,70.1,Low,Medium
9746-UGFAC,No,0.051155004650354385,Low,696.1010178364813,Low,Low
2946-KIQSP,No,0.15812547504901886,Low,1339.714217157662,Medium,Low
0625-AFOHS,No,0.007998824119567871,Low,1066.7221700668335,Medium,Low
6726-WEXXK,No,0.10493776202201843,Low,3241.9301549077036,High,Monitor
4636-OLWOE,No,0.07310599088668823,Low,3972.486414670944,High,Monitor
4342-HENTK,Yes,0.6081610321998596,High,141.3,Low,Medium
4685-ERGHK,No,0.18220436573028564,Low,5806.097287416458,High,Monitor
0885-HMGPY,No,0.013043360784649849,Low,5946.674978277088,High,Monitor
5003-OKNNK,No,0.028297891840338707,Low,542.5396548125893,Low,Low
4195-SMMNX,No,0.3299827575683594,Medium,40.7,Low,Low
7208-PSIHR,No,0.08275715261697769,Low,9597.042295569181,High,Monitor
4012-ZTHBR,No,0.2720821797847748,Low,1140.2694361120464,Medium,Low
0489-WMEMG,No,0.11515536904335022,Low,1662.416804009676,Medium,Low
7435-ZNUYY,No,0.05343102291226387,Low,357.5918511360884,Low,Low
1354-YZFNB,No,0.008744416758418083,Low,543.2971196569503,Low,Low
6956-SMUCM,Yes,0.788710355758667,High,297.0,Low,Medium
2985-FMWYF,Yes,0.6938225626945496,High,2322.2655423283577,Medium,High
2812-ENYMO,No,0.0716116800904274,Low,2026.0229942128062,Medium,Low
2717-HVIZY,No,0.07510855048894882,Low,271.66444137617947,Low,Low
3223-WZWJM,Yes,0.6573266983032227,High,2182.7000000000003,Medium,High
3422-GALYP,Yes,0.7753137350082397,High,266.00794252157215,Low,Medium
9053-JZFKV,No,0.16754655539989471,Low,7785.400000000001,High,Monitor
2530-ENDWQ,No,0.1389496773481369,Low,6652.7,High,Monitor
2890-WFBHU,No,0.08022521436214447,Low,5592.478199598193,High,Monitor
0327-WFZSY,No,0.2166220247745514,Low,4840.053570270538,High,Monitor
7977-HXJKU,No,0.021624112501740456,Low,871.8280174791813,Low,Low
6615-ZGEDR,No,0.35481491684913635,Medium,19.7,Low,Low
7033-CLAMM,No,0.01467055268585682,Low,1447.2877160578967,Medium,Low
4023-RTIQM,No,0.1212976798415184,Low,2093.8391632318494,Medium,Low
0864-FVJNJ,No,0.061367060989141464,Low,8531.12852364257,High,Monitor
7356-IWLFW,No,0.28903794288635254,Low,4021.261787414551,High,Monitor
9541-PWTWO,No,0.04093635827302933,Low,6072.668843147158,High,Monitor
3967-VQOGC,No,0.007450396660715342,Low,2261.4476429555566,Medium,Low
7872-RDDLZ,No,0.11384209990501404,Low,3970.200412291288,High,Monitor
9250-WYPLL,Yes,0.654376208782196,High,377.75,Low,Medium
6308-CQRBU,No,0.1586788296699524,Low,9962.694108605385,High,Monitor
2754-XBHTB,Yes,0.52996426820755,Medium,698.85,Low,Low
1597-LHYNC,Yes,0.5562050342559814,Medium,2470.0,Medium,Medium
0186-CAERR,No,0.12222854793071747,Low,9482.31783850789,High,Monitor
3043-SUDUA,No,0.03357064351439476,Low,752.1916651643812,Low,Low
5442-BHQNG,Yes,0.5402820110321045,Medium,334.7469631433487,Low,Low
2169-RRLFW,No,0.00744646554812789,Low,2427.42489156723,Medium,Low
5872-OEQNH,No,0.10571067780256271,Low,3144.0139244601132,Medium,Low
3162-KKZXO,No,0.3330761790275574,Medium,6309.759048044682,High,High
7055-VKGDA,No,0.3159371316432953,Medium,5691.6,High,High
0754-UKWQP,Yes,0.7735137939453125,High,191.7,Low,Medium
8873-GLDMH,Yes,0.6140619516372681,High,614.1091492295265,Low,Medium
5696-JVVQY,No,0.028128698468208313,Low,4999.876277697086,High,Monitor
8946-BFWSG,No,0.010612142272293568,Low,2190.31904178299,Medium,Low
7493-TPUWZ,Yes,0.8947948813438416,High,79.15,Low,Medium
0547-HURJB,No,0.08443558216094971,Low,368.23578597307204,Low,Low
8904-OPDCK,No,0.24786938726902008,Low,1459.8939527258276,Medium,Low
8845-LWKGE,No,0.09178509563207626,Low,2637.958335980773,Medium,Low
1577-HKTFG,No,0.1007784977555275,Low,589.5,Low,Low
8752-STIVR,Yes,0.6939396858215332,High,316.0,Low,Medium
0691-NIKRI,No,0.28835031390190125,Low,5142.791410905123,High,Monitor
5022-JNQEQ,Yes,0.5171678066253662,Medium,902.3869312047958,Medium,Medium
4558-FANTW,No,0.48264601826667786,Medium,1561.4499999999998,Medium,Medium
3249-VHRIP,No,0.058682914823293686,Low,3688.1941979289054,High,Monitor
3736-BLEPA,No,0.10647802799940109,Low,3533.406559340656,High,Monitor
4701-LKOZD,No,0.022312529385089874,Low,8388.438811704516,High,Monitor
6603-QWSPR,No,0.19131937623023987,Low,6828.630170917511,High,Monitor
9921-QFQUL,No,0.2867913544178009,Low,2459.2245563954116,Medium,Low
1929-ZCBHE,No,0.06044477969408035,Low,2348.4689045399427,Medium,Low
4378-MYPGO,No,0.1298222541809082,Low,9355.068985939026,High,Monitor
8651-ENBZX,No,0.3583671748638153,Medium,6360.0,High,High
4129-LYCOI,No,0.07169289141893387,Low,9285.054543018341,High,Monitor
7798-JVXYM,No,0.2814471125602722,Low,1275.3832516610623,Medium,Low
8647-SDTWQ,No,0.37037956714630127,Medium,4515.784788966179,High,High
2696-ECXKC,No,0.10429011285305023,Low,6634.025531357527,High,Monitor
2081-KJSQF,No,0.29342135787010193,Low,106.09930501878262,Low,Low
7623-TRNQN,No,0.2689969539642334,Low,49.9,Low,Low
3323-CPBWR,No,0.3012871742248535,Medium,2634.9316369056705,Medium,Medium
9330-IJWIO,Yes,0.7470695376396179,High,1304.55,Medium,High
3384-CTMSF,Yes,0.6154482960700989,High,5132.890994274616,High,Critical
0902-RFHOF,No,0.019601358100771904,Low,1000.2721524260938,Medium,Low
9286-DOJGF,No,0.37654486298561096,Medium,2848.1,Medium,Medium
6048-QBXKL,Yes,0.6210318803787231,High,241.68388298749923,Low,Medium
9661-MHUMO,No,0.4326423406600952,Medium,49.25,Low,Low
7718-RXDGG,No,0.4074752926826477,Medium,1272.8831695318222,Medium,Medium
1025-FALIX,No,0.25535741448402405,Low,2103.805423179269,Medium,Low
3451-VAWLI,No,0.013385026715695858,Low,1155.971559368819,Medium,Low
3407-QGWLG,No,0.12591977417469025,Low,165.30185116678476,Low,Low
1842-EZJMK,No,0.36745840311050415,Medium,5185.0,High,High
2347-WKKAE,No,0.31987088918685913,Medium,4350.025128364563,High,High
8735-DCXNF,No,0.16661281883716583,Low,824.2677536293864,Low,Low
3214-IYUUQ,No,0.06983431428670883,Low,6761.578297016024,High,Monitor
1936-UAFEH,No,0.09175164252519608,Low,9900.225153878331,High,Monitor
3587-PMCOY,Yes,0.515222430229187,Medium,1564.334019804001,Medium,Medium
8079-XRJRS,No,0.08261781930923462,Low,5833.75,High,Monitor
1027-LKKQQ,No,0.005490977317094803,Low,7712.5980209961535,High,Monitor
7148-XZPHA,No,0.13520818948745728,Low,4778.986818528176,High,Monitor
8073-IJDCM,No,0.3397757411003113,Medium,20.3,Low,Low
5309-TAIKL,No,0.21644334495067596,Low,734.8441476225853,Low,Low
6856-RAURS,Yes,0.6334865093231201,High,314.51116271018986,Low,Medium
8778-LMWTJ,No,0.4596221446990967,Medium,916.3336948156356,Medium,Medium
9717-IOAAF,No,0.01690940372645855,Low,1307.8594059281052,Medium,Low
8884-ADFVN,Yes,0.861139714717865,High,713.65,Low,Medium
2845-KDHVX,No,0.018525034189224243,Low,5980.033763957023,High,Monitor
0848-SOMKO,No,0.019825290888547897,Low,4526.570942103863,High,Monitor
2720-WGKHP,Yes,0.8668723106384277,High,188.0,Low,Medium
6734-FQAJX,No,0.16204793751239777,Low,9150.994739943742,High,Monitor
2869-ADAWR,No,0.3213917911052704,Medium,4018.5,High,High
1535-VTJOQ,No,0.01591677777469158,Low,1197.5926329351962,Medium,Low
6368-TZZDT,No,0.015614788047969341,Low,538.6922791935503,Low,Low
0943-ZQPXH,No,0.23477402329444885,Low,4516.566527208686,High,Monitor
1293-BSEUN,No,0.002653934061527252,Low,1985.8815255582333,Medium,Low
9894-EZEWG,Yes,0.7058059573173523,High,74.3,Low,Medium
1302-TPUBN,No,0.03432236611843109,Low,1725.5606931746008,Medium,Low
7851-FLGGQ,No,0.363669753074646,Medium,44.65,Low,Low
0637-UBJRP,No,0.47490108013153076,Medium,1092.6499999999999,Medium,Medium
0940-OUQEC,Yes,0.6240580081939697,High,807.0,Low,Medium
2378-VTKDH,No,0.4667382538318634,Medium,7116.62517927587,High,High
0927-CNGRH,No,0.3077007532119751,Medium,100.75670164823532,Low,Low
8608-OZTLB,No,0.09423927962779999,Low,3618.758976122737,High,Monitor
2335-GSODA,No,0.0211795624345541,Low,1864.3167891129851,Medium,Low
1952-DVVSW,No,0.027317309752106667,Low,435.6110648877919,Low,Low
0702-PGIBZ,Yes,0.8436970114707947,High,406.8,Low,Medium
6656-GULJQ,No,0.00567033002153039,Low,8009.429854240827,High,Monitor
9853-JFZDU,No,0.09093445539474487,Low,2299.8322572648526,Medium,Low
1963-VAUKV,No,0.2886815071105957,Low,20.4,Low,Low
3777-XROBG,No,0.009821685962378979,Low,1598.491664946452,Medium,Low
6994-FGRHH,No,0.18321754038333893,Low,8470.917497059703,High,Monitor
4000-VGMQP,No,0.1220213994383812,Low,3831.8969261720777,High,Monitor
3999-WRNGR,No,0.228669673204422,Low,3215.24210254848,High,Monitor
3466-RITXD,No,0.4198540449142456,Medium,2724.0329174995422,Medium,Medium
2680-XKKNJ,No,0.05669410899281502,Low,1124.404834279418,Medium,Low
3058-HJCUY,No,0.3732875883579254,Medium,4206.599999999999,High,High
2974-GGUXS,No,0.3638986349105835,Medium,3661.1371231198314,High,High
7994-XIRTR,No,0.09594811499118805,Low,4231.3726259619,High,Monitor
3259-FDWOY,Yes,0.5329261422157288,Medium,7526.0,High,High
2101-RANCD,No,0.3806075155735016,Medium,4292.165543669462,High,High
7921-BEPCI,No,0.006321815773844719,Low,5726.934516180307,High,Monitor
0807-ZABDG,No,0.2568379044532776,Low,165.3,Low,Low
8510-TMWYB,No,0.0488366074860096,Low,4594.309700936079,High,Monitor
3258-ZKPAI,No,0.032297808676958084,Low,11103.2178121984,High,Monitor
1428-IEDPR,No,0.21881620585918427,Low,7732.801328790188,High,Monitor
5298-GSTLM,No,0.14781183004379272,Low,7120.942565202713,High,Monitor
4450-YOOHP,No,0.20945096015930176,Low,2215.5978532075883,Medium,Low
6728-CZFEI,No,0.0897977203130722,Low,1455.544296053052,Medium,Low
5748-RNCJT,No,0.4586651623249054,Medium,7348.5,High,High
3653-NCRDJ,No,0.012737222947180271,Low,1053.0653438329696,Medium,Low
6121-TNHBO,No,0.04644352197647095,Low,6178.742252111435,High,Monitor
5119-NZPTV,Yes,0.5298964381217957,Medium,337.9255581259727,Low,Low
6519-ZHPXP,No,0.03573749586939812,Low,10303.91110073626,High,Monitor
7739-LAXOG,No,0.34141236543655396,Medium,2913.6,Medium,Medium
3472-QPRCH,No,0.012322425842285156,Low,1608.5326099395752,Medium,Low
8224-UAXBZ,No,0.10374335199594498,Low,3118.042867843807,Medium,Low
9610-WCESF,No,0.0318659245967865,Low,3961.3260618448257,High,Monitor
9776-CLUJA,No,0.28839629888534546,Low,3952.5,High,Monitor
2486-WYVVE,No,0.17137055099010468,Low,3246.823783677816,High,Monitor
3865-ZYKAD,No,0.19641686975955963,Low,6267.445246544481,High,Monitor
1422-DGUBX,No,0.17028625309467316,Low,3325.057773306966,High,Monitor
2999-AANRQ,No,0.01979103684425354,Low,3163.5023239731786,Medium,Low
8668-KNZTI,No,0.0814346969127655,Low,3387.4746204912663,High,Monitor
0480-KYJVA,No,0.003642948344349861,Low,2325.8798040635884,Medium,Low
6034-ZRYCV,No,0.20028750598430634,Low,3902.4,High,Monitor
9746-YKGXB,No,0.06788825988769531,Low,2795.951333999634,Medium,Low
3926-YZVVX,No,0.042918700724840164,Low,2626.8730283446607,Medium,Low
6000-UKLWI,No,0.007927254773676395,Low,1305.91637959145,Medium,Low
2079-FBMZK,Yes,0.5388753414154053,Medium,415.5,Low,Low
6332-FBZRI,No,0.026845913380384445,Low,5456.308830884844,High,Monitor
2096-XOTMO,No,0.05828903988003731,Low,418.9326424699277,Low,Low
3266-FTKHB,No,0.003502948908135295,Low,783.540044681821,Low,Low
8221-EQDGL,No,0.10479680448770523,Low,2462.6443695575,Medium,Low
2346-LOCWC,No,0.011961705982685089,Low,1675.114840656519,Medium,Low
6608-QQLVK,Yes,0.6646988391876221,High,50.5,Low,Medium
0298-XACET,No,0.0257352776825428,Low,3784.1941374480725,High,Monitor
7560-QJAVJ,No,0.031246870756149292,Low,7422.705978107452,High,Monitor
2995-YWTCD,No,0.018583476543426514,Low,1059.5945144176483,Medium,Low
3551-HUAZH,Yes,0.8823099136352539,High,74.4,Low,Medium
9137-UIYPG,No,0.22993217408657074,Low,4235.421503540873,High,Monitor
2809-ZMYOQ,Yes,0.6538406610488892,High,3453.6994940161703,High,Critical
5084-OOVCJ,No,0.1589011549949646,Low,1220.2789264261723,Medium,Low
0254-WWRKD,No,0.023485304787755013,Low,3979.2038141157477,High,Monitor
7727-SHVZV,No,0.07530048489570618,Low,283.6898432672024,Low,Low
6302-JGYRJ,No,0.16905584931373596,Low,2462.9500000000003,Medium,Low
5339-PXDVH,Yes,0.5311437845230103,Medium,617.6108955979348,Low,Low
2205-LPVGL,No,0.04333198443055153,Low,6242.779454386979,High,Monitor
8782-NUUOL,No,0.0645492672920227,Low,5626.8072946071625,High,Monitor
3685-YLCMQ,Yes,0.504692554473877,Medium,6069.700000000001,High,High
7601-WFVZV,No,0.30319109559059143,Medium,101.28568448722363,Low,Low
4609-KNNWG,No,0.009321414865553379,Low,1010.4480922602116,Medium,Low
4868-AADLV,No,0.17765569686889648,Low,8819.67030286789,High,Monitor
9529-OFXHY,No,0.35407787561416626,Medium,1656.3279984891415,Medium,Medium
8634-MPHTR,Yes,0.7044329047203064,High,4702.349999999999,High,Critical
2669-QVCRG,No,0.2428390234708786,Low,3702.6431243509055,High,Monitor
2478-EEWWM,No,0.4791826009750366,Medium,2752.1332646608353,Medium,Medium
9174-IHETN,No,0.037255339324474335,Low,5142.998085084557,High,Monitor
2233-TXSIU,No,0.056248873472213745,Low,1259.0468508899212,Medium,Low
9644-UMGQA,No,0.24141551554203033,Low,518.6065644666552,Low,Low
3256-EZDBI,No,0.2564772367477417,Low,1633.330472266674,Medium,Low
8761-NSOBC,No,0.27874964475631714,Low,4424.2,High,Monitor
0419-YAAPX,No,0.2421201765537262,Low,4567.582893639803,High,Monitor
8413-VONUO,Yes,0.5555340647697449,Medium,191.3,Low,Low
0872-CASZJ,No,0.06045093014836311,Low,4855.974088720977,High,Monitor
4726-DLWQN,No,0.14677794277668,Low,3877.645030353963,High,Monitor
8164-OCKUJ,No,0.0098471874371171,Low,1704.9315505310894,Medium,Low
3094-JOJAI,No,0.2906110882759094,Low,1650.307126826048,Medium,Low
9494-MRNYX,Yes,0.5605587959289551,Medium,948.3803741931915,Medium,Medium
2599-CZABP,No,0.12233483046293259,Low,1094.1263987362386,Medium,Low
7945-PRBVF,No,0.011930042877793312,Low,1259.408413926512,Medium,Low
4544-RXFMG,No,0.12625093758106232,Low,803.1727611452342,Low,Low
0859-YGKFW,No,0.06630674004554749,Low,585.5465983450413,Low,Low
1150-FTQGN,No,0.04124537110328674,Low,6732.200979727507,High,Monitor
9223-UCPVT,Yes,0.8682901859283447,High,94.4,Low,Medium
7196-LIWRH,No,0.013243637047708035,Low,580.2860854972154,Low,Low
5448-VWNAM,No,0.1411375105381012,Low,1833.2259777009488,Medium,Low
1177-XZBJL,No,0.04530909284949303,Low,4134.871060324461,High,Monitor
3518-FSTWG,No,0.013937283307313919,Low,10480.15609472841,High,Monitor
9330-VOFSZ,No,0.08530548214912415,Low,9080.355661869049,High,Monitor
4351-QLCSU,Yes,0.6453709006309509,High,55.0,Low,Medium
0939-EREMR,No,0.18414349853992462,Low,956.4951800182462,Medium,Low
9389-ACWBI,No,0.46451759338378906,Medium,574.4919660568238,Low,Low
5419-JPRRN,Yes,0.9331728219985962,High,101.45,Low,Medium
3644-QXEHN,No,0.4473808705806732,Medium,1582.6243333220482,Medium,Medium
2911-IJORQ,No,0.06791701912879944,Low,4365.560616803169,High,Monitor
5921-NGYRH,No,0.10668889433145523,Low,5101.418190931528,High,Monitor
2100-BDNSN,No,0.28225016593933105,Low,339.75,Low,Low
5998-DZLYR,No,0.029021261259913445,Low,7954.034256003051,High,Monitor
0488-GSLFR,Yes,0.8737105131149292,High,69.5,Low,Medium
9318-NKNFC,No,0.3761325776576996,Medium,18.85,Low,Low
3985-HOYPM,No,0.02413978800177574,Low,731.5802573531865,Low,Low
9728-FTTVZ,Yes,0.8737105131149292,High,69.2,Low,Medium
9548-LERKT,No,0.017023010179400444,Low,939.9310931749642,Medium,Low
6576-FBXOJ,No,0.21315152943134308,Low,1443.743117916584,Medium,Low
4310-KEDTB,No,0.18018865585327148,Low,921.382268333435,Medium,Low
7254-IQWOZ,Yes,0.8677361011505127,High,69.65,Low,Medium
2474-BRUCM,No,0.46740609407424927,Medium,4074.0,High,High
4062-HBMOS,Yes,0.6144905090332031,High,5596.96051826477,High,Critical
0742-NXBGR,Yes,0.8588846921920776,High,82.3,Low,Medium
2676-ISHSF,No,0.24104851484298706,Low,112.74029089212418,Low,Low
9236-NDUCW,No,0.026224585250020027,Low,1557.4084093853833,Medium,Low
4753-PADAS,No,0.22913758456707,Low,8059.661887735128,High,Monitor
6103-QCKFX,No,0.10955522954463959,Low,2775.525110028684,Medium,Low
7781-EWARA,No,0.076313316822052,Low,4893.43389595747,High,Monitor
6110-OHIHY,Yes,0.6778719425201416,High,237.75,Low,Medium
7018-FPXHH,No,0.018224719911813736,Low,4757.843881982565,High,Monitor
5889-LFOLL,Yes,0.7995490431785583,High,1099.8,Medium,High
5708-EVONK,No,0.23125116527080536,Low,5417.200000000001,High,Monitor
8708-XPXHZ,Yes,0.587783932685852,Medium,3956.4,High,High
0616-ATFGB,Yes,0.7105240225791931,High,25.05,Low,Medium
0572-ZJKLT,No,0.03820692375302315,Low,6884.124321152271,High,Monitor
5135-RDDQL,No,0.024475298821926117,Low,4376.797826752067,High,Monitor
1353-LJWEM,No,0.22872982919216156,Low,951.7221204131841,Medium,Low
1794-SWWKL,No,0.2151404768228531,Low,1175.6512233451008,Medium,Low
6166-YIPFO,No,0.011676093563437462,Low,6193.069361914694,High,Monitor
7016-BPGEU,No,0.23774152994155884,Low,727.9000000000001,Low,Low
6876-ADESB,Yes,0.5459084510803223,Medium,48.95,Low,Low
9332-GYWLO,No,0.3777758777141571,Medium,533.8739586442709,Low,Low
1963-SVUCV,Yes,0.6054235100746155,High,45.3,Low,Medium
4184-VODJZ,No,0.12501607835292816,Low,6714.20737490952,High,Monitor
0220-EBGCE,Yes,0.7316091060638428,High,171.7,Low,Medium
1092-WPIVQ,No,0.014631961472332478,Low,1045.3857064090669,Medium,Low
7233-IOQNP,No,0.12196189165115356,Low,1641.1197741031647,Medium,Low
2834-JKOOW,No,0.05855361372232437,Low,1207.0486695617437,Medium,Low
2754-VDLTR,Yes,0.7028467655181885,High,952.0,Medium,High
2400-FEQME,No,0.01033957302570343,Low,1614.412930071354,Medium,Low
3190-XFANI,No,0.28982430696487427,Low,4929.4,High,Monitor
7551-DACSP,No,0.30328911542892456,Medium,331.79999999999995,Low,Low
4957-SREEC,No,0.006877674721181393,Low,1909.540943666175,Medium,Low
7235-NXZCP,Yes,0.6942715048789978,High,149.7,Low,Medium
0230-UBYPQ,No,0.039285700768232346,Low,2690.4814344272017,Medium,Low
4923-ADWXJ,No,0.1055726557970047,Low,1998.1199154913425,Medium,Low
1763-KUAAW,No,0.048334378749132156,Low,598.696744709462,Low,Low
1104-TNLZA,Yes,0.562456488609314,Medium,3240.1526210308075,High,High
5195-KPUNQ,No,0.1276414394378662,Low,6140.558288812637,High,Monitor
0520-FDVVT,No,0.3070422410964966,Medium,3582.25,High,High
3439-GVUSX,No,0.47811466455459595,Medium,100.80401310920715,Low,Low
1444-VVSGW,No,0.40813979506492615,Medium,8095.5,High,High
5712-PTIWW,Yes,0.6668601632118225,High,159.7,Low,Medium
5949-HGVJL,No,0.14890630543231964,Low,2272.3343663290143,Medium,Low
5203-XEHAX,No,0.07251808047294617,Low,2904.1015382587907,Medium,Low
1635-HDGFT,No,0.011588942259550095,Low,875.7982404083014,Low,Low
3315-TOTBP,Yes,0.5076199769973755,Medium,1140.0,Medium,Medium
8050-XGRVL,No,0.029193071648478508,Low,4032.3201519269496,High,Monitor
6661-HBGWL,Yes,0.6000401973724365,High,4399.5,High,Critical
1518-VOWAV,No,0.2787279188632965,Low,671.85,Low,Low
9828-QHFBK,No,0.1820801943540573,Low,1478.6195883527398,Medium,Low
3908-MKIMJ,No,0.06611362099647522,Low,3792.836806380749,High,Monitor
5012-YSPJJ,No,0.07896249741315842,Low,1985.200329593569,Medium,Low
5909-ECHUI,Yes,0.6958372592926025,High,56.25,Low,Medium
1309-BXVOQ,Yes,0.6973909735679626,High,2228.1,Medium,High
6728-VOIFY,No,0.14677497744560242,Low,7030.915225982666,High,Monitor
9317-WZPGV,Yes,0.6940339207649231,High,159.5,Low,Medium
4891-NLUBA,No,0.020458828657865524,Low,5193.07731949538,High,Monitor
2856-HYAPG,Yes,0.8318649530410767,High,68.65,Low,Medium
8969-PRHFK,No,0.037160638719797134,Low,580.7375213898717,Low,Low
0661-KQHNK,No,0.007256959564983845,Low,340.3454132191837,Low,Low
8709-KRDVL,Yes,0.6038503646850586,High,3537.689781188965,High,Critical
4488-PSYCG,No,0.11290840059518814,Low,324.0,Low,Low
1427-VERSM,No,0.3544965088367462,Medium,5909.467167466879,High,High
9801-NOSHQ,No,0.018705563619732857,Low,688.5555580839515,Low,Low
6339-YPSAH,Yes,0.5501788854598999,Medium,863.3807895183563,Low,Low
3621-CEOVK,Yes,0.7128535509109497,High,1402.8,Medium,High
6906-ANDWJ,Yes,0.540062665939331,Medium,1123.5,Medium,Medium
2159-TURXX,No,0.11970537900924683,Low,206.1494429051876,Low,Low
1548-FEHVL,No,0.3217456638813019,Medium,6910.383662974835,High,High
3795-CAWEX,No,0.04571123793721199,Low,10827.83652524203,High,Monitor
6215-NQCPY,Yes,0.7448917627334595,High,1648.1057475328446,Medium,High
5647-URDKA,No,0.009323788806796074,Low,625.9917126521468,Low,Low
2229-DPMBI,No,0.013950128108263016,Low,617.4713400453329,Low,Low
9626-WEQRM,No,0.2683233320713043,Low,244.57024922072887,Low,Low
2188-SXWVT,No,0.03890051692724228,Low,2504.32565882802,Medium,Low
6258-PVZWJ,No,0.01786549761891365,Low,8314.667507588863,High,Monitor
1094-BKOSX,No,0.11434037238359451,Low,2837.02369210124,Medium,Low
6969-MVBAI,Yes,0.8206108808517456,High,907.8777578115463,Medium,High
2978-XXSOG,No,0.10182585567235947,Low,1617.323099335283,Medium,Low
2342-CKIAO,No,0.10799050331115723,Low,149.24675669670106,Low,Low
6953-PBDIN,No,0.04932022467255592,Low,6770.950150643289,High,Monitor
3898-BSJYF,No,0.09228289872407913,Low,1536.6511135861276,Medium,Low
3938-YFPXD,No,0.005874556954950094,Low,8080.914596368745,High,Monitor
7696-AMHOD,No,0.07042142748832703,Low,4692.085543870926,High,Monitor
2453-SAFNS,No,0.073086217045784,Low,4695.3658050119875,High,Monitor
9558-IHEZX,No,0.008744710125029087,Low,10118.846052659675,High,Monitor
9617-UDPEU,No,0.033239394426345825,Low,646.8216998875141,Low,Low
6340-DACFT,No,0.010810868814587593,Low,1515.3680795006455,Medium,Low
4955-VCWBI,No,0.0117868697270751,Low,1097.171151265502,Medium,Low
6813-GZQCG,No,0.016283387318253517,Low,1691.2167480625212,Medium,Low
7426-GSWPO,No,0.17949417233467102,Low,7133.534118980169,High,Monitor
3389-KTRXV,No,0.01857975497841835,Low,1110.3149482503534,Medium,Low
3118-UHVVQ,No,0.009120805189013481,Low,2367.9523974269628,Medium,Low
1031-IIDEO,Yes,0.8105483651161194,High,70.85,Low,Medium
5832-XKAES,Yes,0.5425126552581787,Medium,139.6,Low,Low
3205-MXZRA,No,0.05304607003927231,Low,2221.2569336339834,Medium,Low
4701-AHWMW,No,0.13847006857395172,Low,3000.25,Medium,Low
8317-BVKSO,No,0.12086066603660583,Low,386.46046187579634,Low,Low
5702-KVQRD,No,0.015614524483680725,Low,7811.314504092931,High,Monitor
0083-PIVIK,No,0.08204381912946701,Low,6095.00727634877,High,Monitor
9210-IAHGH,No,0.2691960632801056,Low,495.25,Low,Low
6169-PGNCD,No,0.0159921795129776,Low,5989.782745492458,High,Monitor
0023-XUOPT,Yes,0.5127475261688232,Medium,1223.3,Medium,Medium
4592-IWTJI,No,0.26860713958740234,Low,89.1,Low,Low
4909-JOUPP,No,0.02339179627597332,Low,10469.614078764618,High,Monitor
4657-FWVFY,No,0.34334489703178406,Medium,4233.612315025925,High,High
2257-BOVXD,No,0.24275840818881989,Low,1234.9937400877475,Medium,Low
7729-JTEEC,No,0.4519574046134949,Medium,235.32737296819687,Low,Low
7632-MNYOY,No,0.42614901065826416,Medium,7319.400000000001,High,High
6518-LGAOV,Yes,0.6349035501480103,High,3990.0,High,Critical
7242-QZLXF,Yes,0.6806856989860535,High,25.3,Low,Medium
4576-CSAJH,No,0.09056316316127777,Low,1213.3,Medium,Low
1000-AJSLD,Yes,0.5165511965751648,Medium,20.1,Low,Low
9696-RMYBA,Yes,0.6577457189559937,High,564.9874074697494,Low,Medium
8690-UPCZI,No,0.03668610379099846,Low,2800.6518943987785,Medium,Low
1062-LHZOD,Yes,0.7702818512916565,High,69.9,Low,Medium
9770-LXDBK,No,0.13081568479537964,Low,167.5881601810455,Low,Low
4086-WITJG,No,0.0042159040458500385,Low,1869.506720567122,Medium,Low
8344-WFMFH,No,0.275561660528183,Low,668.6661648452282,Low,Low
9600-NAXZN,Yes,0.6572788953781128,High,4360.2,High,Critical
8822-KNBHV,No,0.0864018127322197,Low,4920.477224729955,High,Monitor
8404-FYDIB,No,0.2412477284669876,Low,2647.3753059700134,Medium,Low
2791-SFVEW,No,0.12246955186128616,Low,287.4434311799705,Low,Low
6457-USBER,Yes,0.8391329050064087,High,80.8,Low,Medium
6762-NSODU,No,0.01979326270520687,Low,1348.7842568844555,Medium,Low
4662-EKDPQ,Yes,0.5122131109237671,Medium,124.1,Low,Low
9248-OJYKK,Yes,0.9153562188148499,High,76.45,Low,Medium
9888-ZCUMM,No,0.018804475665092468,Low,5257.298989671469,High,Monitor
3398-FSHON,Yes,0.8192856311798096,High,1095.6,Medium,High
3319-DWOEP,Yes,0.7535736560821533,High,574.5,Low,Medium
1074-WVEVG,No,0.020550785586237907,Low,1439.8314981598407,Medium,Low
9979-RGMZT,No,0.36438167095184326,Medium,1375.7088461637497,Medium,Medium
6437-UDQJM,No,0.006065152119845152,Low,8061.358096961304,High,Monitor
1226-IENZN,No,0.45744797587394714,Medium,1516.35583139956,Medium,Medium
2108-GLPQB,No,0.10526452958583832,Low,1686.96533228904,Medium,Low
9259-PACGQ,No,0.12507162988185883,Low,2130.1,Medium,Low
4415-IJZTP,Yes,0.8477804064750671,High,74.5,Low,Medium
1465-VINDH,Yes,0.8265827298164368,High,1021.0,Medium,High
5474-LAMUQ,No,0.02417420782148838,Low,717.769181073457,Low,Low
3468-DRVQJ,No,0.07374197244644165,Low,1484.3912720441817,Medium,Low
1122-YJBCS,No,0.021234450861811638,Low,4331.979260535166,High,Monitor
4990-ALDGW,No,0.01953294314444065,Low,1671.0225943140686,Medium,Low
4816-OKWNX,No,0.17161323130130768,Low,6197.862302601337,High,Monitor
3315-IKYZQ,No,0.03751615062355995,Low,2009.1301545798779,Medium,Low
2810-FTLEM,No,0.2860863208770752,Low,802.4,Low,Low
4747-LCAQL,No,0.09468084573745728,Low,2404.1212791204453,Medium,Low
3411-WLRSQ,Yes,0.5492130517959595,Medium,425.5722380161285,Low,Low
0898-XCGTF,No,0.17645546793937683,Low,6840.164568126202,High,Monitor
8006-PYCSW,No,0.16293290257453918,Low,141.15029194951057,Low,Low
8249-THVEC,No,0.040631987154483795,Low,1212.740873390436,Medium,Low
8722-PRFDV,No,0.011225808411836624,Low,7346.35652538389,High,Monitor
2164-SOQXL,No,0.056692611426115036,Low,514.4798788454384,Low,Low
4020-KIUDI,No,0.09630165994167328,Low,226.73047230094673,Low,Low
5850-BDWCY,No,0.09826952964067459,Low,230.48973300755023,Low,Low
2038-YSEZE,No,0.08450352400541306,Low,2326.5514238350092,Medium,Low
0827-ITJPH,No,0.009868843480944633,Low,1108.6063908822834,Medium,Low
8799-OXZMD,No,0.23936276137828827,Low,968.7737470939755,Medium,Low
1925-TIBLE,Yes,0.8154897093772888,High,605.5,Low,Medium
1705-GUHPV,No,0.013976887799799442,Low,2097.2822235658764,Medium,Low
4779-ZGICK,No,0.01831011474132538,Low,1685.2511231482029,Medium,Low
0048-PIHNL,No,0.02107810601592064,Low,1242.277432783693,Medium,Low
0818-OCPZO,Yes,0.5161514282226562,Medium,2199.15,Medium,Medium
3967-KXAPS,No,0.0032860192004591227,Low,8853.520810267142,High,Monitor
1447-GIQMR,Yes,0.871817946434021,High,69.15,Low,Medium
3704-IEAXF,No,0.017356274649500847,Low,5128.0520607613025,High,Monitor
6810-VCAEX,No,0.03964988887310028,Low,2320.4845828741786,Medium,Low
0674-EYYZV,Yes,0.7083421349525452,High,150.28461394906043,Low,Medium
4480-MBMLB,No,0.29504889249801636,Low,4659.346512794495,High,Monitor
1395-OFUWC,No,0.145314022898674,Low,1410.1537947744132,Medium,Low
0822-QGCXA,No,0.17977571487426758,Low,2676.604837846756,Medium,Low
0872-NXJYS,Yes,0.5982578992843628,Medium,715.9499999999999,Low,Low
2832-KJCRD,Yes,0.58551025390625,Medium,4196.471173095703,High,High
3588-WSTTJ,Yes,0.5351406335830688,Medium,3743.015921461582,High,High
4075-WKNIU,No,0.054196786135435104,Low,1664.99197768718,Medium,Low
5090-EMGTC,No,0.04562515765428543,Low,8194.59487144053,High,Monitor
2346-CZYIL,No,0.007586612831801176,Low,1034.1446982929483,Medium,Low
3798-EPWRR,No,0.45971012115478516,Medium,230.37444105148316,Low,Low
6258-NGCNG,No,0.14186181128025055,Low,285.4974846094847,Low,Low
4186-ZBUEW,No,0.14691464602947235,Low,3268.9576143085956,High,Monitor
5274-XHAKY,No,0.20577308535575867,Low,4315.673588305712,High,Monitor
1442-BQPVU,No,0.2572002112865448,Low,508.8656830459833,Low,Low
3978-YNKDD,No,0.014213784597814083,Low,889.4374221872539,Low,Low
4940-KHCWD,No,0.01796908676624298,Low,3150.5415702939035,Medium,Low
9412-ARGBX,No,0.025805359706282616,Low,4584.0,High,Monitor
1389-CXMLU,Yes,0.8217950463294983,High,273.15,Low,Medium
9589-ABEPT,No,0.04159741476178169,Low,8505.55365612656,High,Monitor
9388-ZEYVT,No,0.09076230227947235,Low,2380.1641322523355,Medium,Low
0305-SQECB,No,0.05698414519429207,Low,804.4986587889492,Low,Low
7605-SNLQG,No,0.12757056951522827,Low,2524.2874732911587,Medium,Low
4670-TABXH,No,0.029896626248955727,Low,10457.25228646025,High,Monitor
5561-NWEVX,Yes,0.760586142539978,High,158.4,Low,Medium
0064-SUDOG,No,0.023876536637544632,Low,719.1673513501883,Low,Low
8561-NMTBD,No,0.088296078145504,Low,8756.60922744423,High,Monitor
5161-XEUVX,No,0.05058478191494942,Low,5637.8165215700865,High,Monitor
8292-FRFZQ,No,0.04661963880062103,Low,2075.629222360253,Medium,Low
8591-NXRCV,No,0.10510266572237015,Low,3461.474516022951,High,Monitor
7895-VONWT,No,0.3606063723564148,Medium,1391.354455202818,Medium,Medium
4526-RMTLL,No,0.022286275401711464,Low,2396.069603075832,Medium,Low
6253-GNHWH,No,0.008236885070800781,Low,6740.444579315185,High,Monitor
4566-NECEV,Yes,0.5896631479263306,Medium,720.4581384062767,Low,Low
8080-POTJR,No,0.10142086446285248,Low,3234.0879053771496,High,Monitor
6906-MPARY,No,0.10567238926887512,Low,4545.5810470581055,High,Monitor
3662-FXJFO,No,0.026413487270474434,Low,1586.0045642629266,Medium,Low
8107-RZLNV,No,0.05071697011590004,Low,10075.410865840315,High,Monitor
0516-OOHAR,No,0.1434716284275055,Low,3841.231465047598,High,Monitor
2027-CWDNU,No,0.4711672365665436,Medium,1812.408507299423,Medium,Medium
2737-WFVYW,Yes,0.6751174330711365,High,90.5,Low,Medium
9912-OMZDS,No,0.2012513279914856,Low,7280.296058404446,High,Monitor
3733-ZEECP,No,0.18089017271995544,Low,1375.3390730440617,Medium,Low
7878-RTCZG,No,0.4124673008918762,Medium,90.05140427350997,Low,Low
2452-MRMZF,No,0.007145857438445091,Low,2462.792435131967,Medium,Low
2272-QAGFO,Yes,0.6955690979957581,High,1040.2,Medium,High
7103-IPXPJ,No,0.23304139077663422,Low,5884.828229081631,High,Monitor
4342-HFXWS,No,0.04528515040874481,Low,4144.123500198126,High,Monitor
3545-CNWRG,No,0.45578986406326294,Medium,5140.2884012162685,High,High
1785-BPHTP,No,0.3509548604488373,Medium,2725.3654430478814,Medium,Medium
4989-LIXVT,No,0.4334149658679962,Medium,6847.213028639555,High,High
7315-WYOAW,Yes,0.5921191573143005,Medium,1556.3139694035053,Medium,Medium
1173-XZPYF,Yes,0.722384512424469,High,1129.7798089504242,Medium,High
9850-OWRHQ,Yes,0.6564919948577881,High,222.29999999999998,Low,Medium
3768-NLUBH,Yes,0.5610451698303223,Medium,5734.2,High,High
8676-TRMJS,Yes,0.5478444695472717,Medium,225.0,Low,Low
2509-TFPJU,No,0.004160686861723661,Low,2469.428695519455,Medium,Low
9530-GRMJG,No,0.04050448164343834,Low,7823.645754250883,High,Monitor
6898-RBTLU,No,0.027244744822382927,Low,5737.047801654041,High,Monitor
5481-NTDOH,No,0.20458929240703583,Low,8194.13459497392,High,Monitor
2068-WWXQZ,No,0.011130585335195065,Low,1398.1439623367041,Medium,Low
7359-SSBJK,No,0.02947857789695263,Low,4492.8,High,Monitor
2061-VVFST,No,0.09482250362634659,Low,827.4057670757174,Low,Low
0685-MLYYM,Yes,0.546525239944458,Medium,141.5,Low,Low
0749-IRGQE,No,0.4580177664756775,Medium,736.2107710719108,Low,Low
2380-DAMQP,No,0.02797369286417961,Low,10977.091902400554,High,Monitor
2256-YLYLP,No,0.05436917021870613,Low,6616.210456781089,High,Monitor
1272-ILHFG,No,0.034356553107500076,Low,522.4487247772514,Low,Low
0164-XAIRP,No,0.01949216239154339,Low,929.2542774058878,Medium,Low
5666-CYCYZ,Yes,0.5070376992225647,Medium,2414.068644207716,Medium,Medium
4011-ARPHK,No,0.09527549892663956,Low,1632.7672717742623,Medium,Low
8182-PNAGI,No,0.14818651974201202,Low,603.0,Low,Low
6365-HITVU,No,0.005723124835640192,Low,8276.76577659417,High,Monitor
7558-IMLMT,No,0.005861452780663967,Low,1889.8739627718926,Medium,Low
9488-FYQAU,No,0.10861890763044357,Low,9219.951224192977,High,Monitor
3590-TCXTB,No,0.24104851484298706,Low,113.01797633767129,Low,Low
6994-KERXL,No,0.4138951301574707,Medium,420.17957334518434,Low,Low
7957-RYHQD,No,0.2541505992412567,Low,3168.0,Medium,Low
2180-DXNEG,Yes,0.7358545660972595,High,1152.0,Medium,High
1960-UOTYM,No,0.03503795340657234,Low,5952.599858164787,High,Monitor
2740-JFBOK,No,0.21599215269088745,Low,352.8971300125122,Low,Low
6500-JVEGC,No,0.11468926817178726,Low,7968.514912049472,High,Monitor
5515-AKOAJ,Yes,0.5842972993850708,Medium,5405.4,High,High
8976-OQHGT,No,0.25827664136886597,Low,226.0,Low,Low
5245-VDBUR,No,0.03883509710431099,Low,2252.279549691826,Medium,Low
6230-BSUXY,Yes,0.8966761231422424,High,85.0,Low,Medium
8469-SNFFH,No,0.07237906008958817,Low,6441.837231546641,High,Monitor
2144-ESWKO,No,0.0433993898332119,Low,1917.6680977344515,Medium,Low
1241-FPMOF,No,0.023055052384734154,Low,1482.5272372953593,Medium,Low
9928-BZVLZ,No,0.029254624620079994,Low,1759.5997671045363,Medium,Low
4114-QMKVN,No,0.05947532504796982,Low,4625.932856835425,High,Monitor
2775-SEFEE,No,0.02195439115166664,Low,1452.984556505084,Medium,Low
9003-CPATH,No,0.34708109498023987,Medium,3668.809323066473,High,High
1754-GKYPY,No,0.40197673439979553,Medium,2296.53552852571,Medium,Medium
5294-CDGWY,No,0.10186083614826202,Low,3024.2999999999997,Medium,Low
7956-XQWGU,No,0.0426785834133625,Low,635.2322128906845,Low,Low
1591-MQJTP,No,0.16340231895446777,Low,5716.31847395897,High,Monitor
5295-PCJOO,No,0.42330533266067505,Medium,197.6,Low,Low
2369-FEVNO,Yes,0.5078152418136597,Medium,78.66686012744903,Low,Low
9863-JZAIC,No,0.14187882840633392,Low,1925.0,Medium,Low
7471-MQPOS,No,0.07396703213453293,Low,5985.9936402887115,High,Monitor
7660-HDPJV,Yes,0.8737105131149292,High,69.2,Low,Medium
5115-SQAAU,No,0.0074348412454128265,Low,2376.2320335388185,Medium,Low
9845-QOMAD,No,0.034356553107500076,Low,505.3574969135225,Low,Low
7672-VFMXZ,No,0.11518669128417969,Low,3470.6046077728274,High,Monitor
9739-JLPQJ,No,0.020359953865408897,Low,11222.584930099547,High,Monitor
9916-AYHTC,No,0.01012354250997305,Low,1424.377144348249,Medium,Low
3855-ONCAR,Yes,0.6497323513031006,High,481.41670489311224,Low,Medium
1488-SYSFC,No,0.058429524302482605,Low,756.8105819389224,Low,Low
7931-PXHFC,No,0.189658060669899,Low,2367.4,Medium,Low
3990-QYKBE,Yes,0.5897109508514404,Medium,3422.5,High,High
0970-QXPXW,No,0.3689531087875366,Medium,94.05042847394942,Low,Low
3259-KNMRR,No,0.09771253913640976,Low,6272.728200092912,High,Monitor
6120-RJKLU,No,0.02767343260347843,Low,6822.600217520446,High,Monitor
9572-WUKSB,No,0.38846081495285034,Medium,199.41012979745864,Low,Low
5893-KCLGT,No,0.004022881388664246,Low,1894.0931542217731,Medium,Low
0076-LVEPS,No,0.08669775724411011,Low,1551.5916055440903,Medium,Low
3640-JQGJG,No,0.1729755997657776,Low,804.704158782959,Low,Low
4919-MOAVT,Yes,0.5525220632553101,Medium,208.95000000000002,Low,Low
1596-OQSPS,No,0.17212334275245667,Low,815.9269831120968,Low,Low
9867-XOBQA,No,0.021824941039085388,Low,2363.9101052105425,Medium,Low
9546-KDTRB,No,0.12444109469652176,Low,599.0578297659755,Low,Low
3090-HAWSU,No,0.25342321395874023,Low,6807.599999999999,High,Monitor
9820-RMCQV,No,0.16781601309776306,Low,534.05,Low,Low
3174-RKMOW,No,0.29198670387268066,Low,4315.326371455193,High,Monitor
1760-CAZHT,No,0.019703606143593788,Low,642.3409899532795,Low,Low
7839-QRKXN,No,0.48806002736091614,Medium,20.2,Low,Low
8441-SHIPE,No,0.010061806067824364,Low,2323.418026351929,Medium,Low
5204-QZXPU,Yes,0.5389690399169922,Medium,753.35,Low,Low
4597-ELFTS,No,0.05988925322890282,Low,1394.3999999999999,Medium,Low
1320-GVNHT,No,0.01451981719583273,Low,10368.625243583321,High,Monitor
1047-RNXZV,No,0.008456755429506302,Low,1305.8820903524756,Medium,Low
3541-ZNUHK,No,0.2219347208738327,Low,5077.78013152182,High,Monitor
8450-JOVAH,No,0.30037921667099,Medium,113.4,Low,Low
8725-JEDFD,No,0.2496475726366043,Low,2175.221010656655,Medium,Low
7562-UXTPG,No,0.42573389410972595,Medium,1153.6586039692165,Medium,Medium
8071-SBTRN,No,0.06052533537149429,Low,10286.642615363002,High,Monitor
1113-IUJYX,No,0.35093432664871216,Medium,1483.3,Medium,Medium
6668-CNMFP,No,0.15560245513916016,Low,2603.013047599792,Medium,Low
5626-MGTUK,No,0.3562416136264801,Medium,2126.1532333552836,Medium,Medium
5681-LLOEI,No,0.04839343950152397,Low,4965.759183745831,High,Monitor
8212-DJRCH,No,0.474130779504776,Medium,736.8237044304609,Low,Low
4323-OHFOW,No,0.16152064502239227,Low,8450.517951014637,High,Monitor
4933-BSAIP,No,0.0032764002680778503,Low,1220.8980981171132,Medium,Low
2030-BTZRO,No,0.01008919533342123,Low,607.0603299647569,Low,Low
1116-DXXDF,No,0.08305054157972336,Low,6128.131754359603,High,Monitor
9274-CNFMO,Yes,0.6503763198852539,High,299.8,Low,Medium
7758-XKCBS,No,0.38904067873954773,Medium,445.5,Low,Low
8992-JQYUN,Yes,0.8043913245201111,High,50.35,Low,Medium
6563-VNPMN,No,0.12762905657291412,Low,4305.073139110208,High,Monitor
0617-AQNWT,No,0.048558011651039124,Low,3062.4,Medium,Low
2267-WTPYD,No,0.26216235756874084,Low,5774.14043033123,High,Monitor
0270-THENM,No,0.003552346955984831,Low,6699.644845562986,High,Monitor
2446-PLQVO,Yes,0.8022622466087341,High,70.3,Low,Medium
4707-MAXGU,No,0.004160686861723661,Low,2479.0187098709866,Medium,Low
2710-WYVXG,No,0.01937486045062542,Low,1886.6387381270526,Medium,Low
3005-NFMTA,Yes,0.5017192363739014,Medium,5434.0,High,High
6300-BWMJX,No,0.21484796702861786,Low,5947.41365366727,High,Monitor
8784-CGILN,Yes,0.5040661692619324,Medium,1797.3,Medium,Medium
5389-FFVKB,No,0.3902847170829773,Medium,2569.6,Medium,Medium
7009-LGECI,No,0.2815263569355011,Low,420.1130559414625,Low,Low
8444-WRIDW,No,0.39751729369163513,Medium,5309.7,High,High
5022-KVDQT,Yes,0.557568371295929,Medium,2410.918148481846,Medium,Medium
7976-CICYS,No,0.09985397011041641,Low,194.59813691228626,Low,Low
1036-GUDCL,No,0.07195650041103363,Low,5183.171031855047,High,Monitor
2005-DWQZJ,No,0.004043126478791237,Low,607.7514825738966,Low,Low
8148-WOCMK,No,0.00835464894771576,Low,623.2699731349945,Low,Low
7815-PDTHL,No,0.008883345872163773,Low,1187.493353921175,Medium,Low
9451-LPGOO,Yes,0.7911258339881897,High,607.6,Low,Medium
9173-IVZVP,No,0.014667968265712261,Low,1601.9425471179186,Medium,Low
9129-UXERG,No,0.4853326678276062,Medium,2184.7172136783597,Medium,Medium
3635-JBPSG,No,0.0851125568151474,Low,1433.9431870937347,Medium,Low
7964-ZRKKG,No,0.10153577476739883,Low,6875.890850126743,High,Monitor
5868-YWPDW,Yes,0.7447994351387024,High,505.20000000000005,Low,Medium
6229-LSCKB,Yes,0.7370969653129578,High,603.9202311873436,Low,Medium
2025-JKFWI,Yes,0.6562027335166931,High,1287.0,Medium,High
4078-SAYYN,Yes,0.8613661527633667,High,1108.25,Medium,High
1724-IQWNM,No,0.3664664626121521,Medium,92.66318362951279,Low,Low
8217-QYOHV,No,0.19627048075199127,Low,547.5975241884589,Low,Low
5546-QUERU,No,0.054177504032850266,Low,485.7799055345356,Low,Low
9940-HPQPG,Yes,0.5215451717376709,Medium,825.75,Low,Low
6897-UUBNU,No,0.2175193578004837,Low,3020.74633743912,Medium,Low
6127-IYJOZ,Yes,0.7113195061683655,High,125.26600385308267,Low,Medium
6618-RYATB,Yes,0.8699004054069519,High,79.55,Low,Medium
8930-XOTDP,No,0.197368323802948,Low,1276.5434536993505,Medium,Low
5916-QEWPT,No,0.3846777677536011,Medium,392.74340415000916,Low,Low
5060-TQUQN,No,0.27066418528556824,Low,2872.1160439163446,Medium,Low
0531-XBKMM,No,0.010156480595469475,Low,5896.985261397064,High,Monitor
8465-SBRXP,No,0.06250673532485962,Low,5741.4346596241,High,Monitor
2408-PSJVE,No,0.09724504500627518,Low,3058.883190284669,Medium,Low
9079-YEXQJ,No,0.3687395453453064,Medium,5999.4,High,High
9700-ZCLOT,No,0.22394095361232758,Low,133.1270855665207,Low,Low
8738-JOKAR,No,0.08878390491008759,Low,3583.671955651045,High,Monitor
4534-WGCIR,No,0.012963575311005116,Low,2054.475185942277,Medium,Low
1930-WNXSB,No,0.2506639063358307,Low,5802.755137780308,High,Monitor
2685-SREOM,Yes,0.7068238854408264,High,2227.5,Medium,High
3508-CFVZL,No,0.018544858321547508,Low,10523.962974451482,High,Monitor
0402-CQAJN,No,0.4055197834968567,Medium,3770.3,High,High
6692-UDPJC,Yes,0.5784820914268494,Medium,1283.1000000000001,Medium,Medium
1273-MTETI,Yes,0.8514053225517273,High,355.4,Low,Medium
0657-DOGUM,No,0.0415053516626358,Low,3605.8173082709313,High,Monitor
5480-HPRRX,Yes,0.6729781031608582,High,75.9,Low,Medium
8792-AOROI,No,0.02349824085831642,Low,2059.0607653707266,Medium,Low
0295-PPHDO,Yes,0.9387913942337036,High,95.45,Low,Medium
5146-YYFRZ,No,0.014583921059966087,Low,1808.4672185964882,Medium,Low
1195-OIYEJ,Yes,0.710053026676178,High,1184.3,Medium,High
5906-CVLHP,No,0.09992963820695877,Low,2436.75,Medium,Low
3452-SRFEG,No,0.28159311413764954,Low,3976.9589221119877,High,Monitor
4070-OKWVH,No,0.23203124105930328,Low,5355.099067574739,High,Monitor
5297-MDOIR,No,0.030102858319878578,Low,6056.935836568103,High,Monitor
6369-MCAKO,No,0.01780545711517334,Low,8154.546177053451,High,Monitor
4926-UMJZD,No,0.09326780587434769,Low,1792.8673437058926,Medium,Low
6848-HJTXY,No,0.020746750757098198,Low,1701.9154167465865,Medium,Low
6341-AEVKX,No,0.17451196908950806,Low,7499.7808194875715,High,Monitor
4501-EQDRN,Yes,0.7897105813026428,High,69.7,Low,Medium
2990-HWIML,Yes,0.7925285696983337,High,537.0,Low,Medium
0682-USIXD,No,0.366376131772995,Medium,2134.190003165603,Medium,Medium
6976-BWGLQ,No,0.004097747150808573,Low,2416.721682523191,Medium,Low
7078-NVFAM,No,0.1867969036102295,Low,1296.3045330286025,Medium,Low
8065-QBYTO,No,0.022393137216567993,Low,8244.172286516428,High,Monitor
2133-TSRRM,No,0.27766820788383484,Low,4038.4859257966277,High,Monitor
7384-GHBPI,Yes,0.7193937301635742,High,105.44999999999999,Low,Medium
7603-USHJS,Yes,0.564594030380249,Medium,885.0,Low,Low
7234-FECYN,Yes,0.7655844688415527,High,810.8,Low,Medium
2511-ALLCS,No,0.015895184129476547,Low,1424.4299286156893,Medium,Low
3191-CSNMG,Yes,0.6418573260307312,High,415.51268273591995,Low,Medium
7952-OBOYL,Yes,0.608068585395813,High,480.8402256131172,Low,Medium
7470-DYNOE,No,0.13778357207775116,Low,3870.477084952593,High,Monitor
7853-OETYL,No,0.3268454670906067,Medium,233.53083508610726,Low,Low
1545-ACTAS,No,0.15636217594146729,Low,5794.928292703628,High,Monitor
5876-HZVZM,No,0.1577596664428711,Low,335.4,Low,Low
1400-MMYXY,Yes,0.7873271703720093,High,317.70000000000005,Low,Medium
5126-RCXYW,No,0.028966065496206284,Low,3556.0214636921883,High,Monitor
3085-QUOZK,No,0.43297311663627625,Medium,43.95,Low,Low
2363-BJLSL,No,0.0592261478304863,Low,5438.629306286573,High,Monitor
1956-YIFGE,No,0.2636184096336365,Low,3085.199737393856,Medium,Low
3926-CUQZX,Yes,0.6060962080955505,High,45.1,Low,Medium
7921-LMDFQ,No,0.19401401281356812,Low,5703.152193546295,High,Monitor
2925-MXLSX,No,0.0869705080986023,Low,2823.9406015992167,Medium,Low
5820-PTRYM,No,0.0443253368139267,Low,4618.191168341041,High,Monitor
9609-BENEA,No,0.12530691921710968,Low,3139.245870888233,Medium,Low
6211-WHMYA,No,0.19420938193798065,Low,3018.403511612117,Medium,Low
4459-BBGHE,No,0.2182902991771698,Low,1543.7164901196957,Medium,Low
9945-PSVIP,No,0.005774286575615406,Low,913.7085001848637,Medium,Low
1041-RXHRA,No,0.2846843898296356,Low,2880.25,Medium,Low
1750-CSKKM,No,0.3510681390762329,Medium,498.15000000000003,Low,Low
9108-EJFJP,No,0.4667625427246094,Medium,224.879195022583,Low,Low
0530-IJVDB,No,0.043528079986572266,Low,10652.680368804931,High,Monitor
0508-SQWPL,No,0.02404082380235195,Low,1616.5027065977456,Medium,Low
2215-ZAFGX,Yes,0.7908316850662231,High,876.8033455610275,Low,Medium
8213-TAZPM,No,0.17388445138931274,Low,8581.830790936947,High,Monitor
7142-HVGBG,Yes,0.6560408473014832,High,4429.0,High,Critical
1304-SEGFY,No,0.17126327753067017,Low,8991.405319046973,High,Monitor
7242-EDTYC,No,0.012407928705215454,Low,1323.5781998515129,Medium,Low
2904-GGUAZ,No,0.006871387828141451,Low,8054.9390364730725,High,Monitor
8267-ZNYVZ,No,0.35298973321914673,Medium,3423.75,High,High
5136-GFPMB,No,0.2430914342403412,Low,5233.605754673481,High,Monitor
2595-KIWPV,No,0.009258359670639038,Low,1000.3226475477218,Medium,Low
5243-SAOTC,No,0.29687535762786865,Low,4648.767016160487,High,Monitor
9398-MMQTO,No,0.39056986570358276,Medium,495.5824409902096,Low,Low
7619-PLRLP,No,0.07511264085769653,Low,4749.7098397493355,High,Monitor
6457-GIRWB,Yes,0.8677361011505127,High,69.35,Low,Medium
6508-NJYRO,No,0.01203746534883976,Low,504.8843478173018,Low,Low
1450-SKCVI,No,0.24283717572689056,Low,4135.599999999999,High,Monitor
4710-NKCAW,No,0.18261273205280304,Low,637.8384403347969,Low,Low
5306-BVTKJ,No,0.08182727545499802,Low,3293.208456355333,High,Monitor
0357-NVCRI,No,0.02647089771926403,Low,618.3655510043726,Low,Low
5570-PTWEH,Yes,0.6407806873321533,High,225.45000000000002,Low,Medium
2371-KFUOG,No,0.11138209700584412,Low,6807.977580982447,High,Monitor
0463-ZSDNT,No,0.28952357172966003,Low,809.4172238260508,Low,Low
6502-MJQAE,Yes,0.8677361011505127,High,69.6,Low,Medium
6257-DTAYD,No,0.038013577461242676,Low,9799.231261777879,High,Monitor
4616-ULAOA,No,0.05035785213112831,Low,9727.288399612904,High,Monitor
7693-LCKZL,Yes,0.7479473948478699,High,400.75,Low,Medium
7746-AWNQW,No,0.17532923817634583,Low,1177.8918784111738,Medium,Low
5996-EBTKM,No,0.022176451981067657,Low,6323.696784156561,High,Monitor
2758-RNWXS,No,0.09988502413034439,Low,4085.4830701708793,High,Monitor
2314-TNDJQ,No,0.0038865250535309315,Low,5337.2091571385035,High,Monitor
2405-LBMUW,No,0.054978933185338974,Low,3667.65081705004,High,Monitor
3454-JFUBC,No,0.011023344472050667,Low,1834.7087946534157,Medium,Low
0032-PGELS,No,0.46362221240997314,Medium,30.5,Low,Low
9039-ZVJDC,No,0.07447241246700287,Low,163.36546153128148,Low,Low
6797-LNAQX,No,0.05358847975730896,Low,6881.0,High,Monitor
9013-AQORL,No,0.15414713323116302,Low,2417.571588487923,Medium,Low
2898-MRKPI,No,0.21256273984909058,Low,7826.246421658992,High,Monitor
2750-BJLSB,No,0.24906721711158752,Low,5808.3607550263405,High,Monitor
3648-GZPHF,No,0.09431010484695435,Low,1553.9751043915749,Medium,Low
2075-RMJIK,No,0.2902085781097412,Low,457.38217744827267,Low,Low
9588-YRFHY,No,0.01105425599962473,Low,1447.420487334579,Medium,Low
6394-MFYNG,No,0.47182315587997437,Medium,5155.200000000001,High,High
1564-NTYXF,Yes,0.8018637895584106,High,1066.0,Medium,High
9364-YKUVW,No,0.10172884166240692,Low,403.7146136105061,Low,Low
5392-AKEMH,No,0.3102033734321594,Medium,727.0520281612872,Low,Low
2451-YMUXS,No,0.015263285487890244,Low,5850.40411812216,High,Monitor
3914-FDRHP,Yes,0.5370115637779236,Medium,1015.8465157449245,Medium,Medium
3078-ZKNTS,No,0.0287784356623888,Low,717.1090214960277,Low,Low
1024-KPRBB,No,0.1973070204257965,Low,4244.039333760738,High,Monitor
4690-PKDQG,No,0.40668177604675293,Medium,4353.249337792397,High,High
8155-IBNHG,No,0.33433783054351807,Medium,1809.6000000000001,Medium,Medium
0886-QGENL,Yes,0.6043213605880737,High,2733.75,Medium,High
9547-ITEFG,Yes,0.70057612657547,High,1107.7253364801406,Medium,High
1264-FUHCX,No,0.14465001225471497,Low,3336.5744517207145,High,Monitor
7789-CRUVC,No,0.09171400964260101,Low,6259.563241750002,High,Monitor
6598-KELSS,No,0.05243786796927452,Low,2642.0105974070725,Medium,Low
8739-WWKDU,Yes,0.6345165967941284,High,2237.5,Medium,High
8685-WHQPW,No,0.4343096613883972,Medium,1636.8000000000002,Medium,Medium
4745-LSPLO,No,0.37664368748664856,Medium,20.5,Low,Low
8083-YTZES,Yes,0.719650149345398,High,297.4,Low,Medium
7240-FQLHE,Yes,0.5580735206604004,Medium,1795.5,Medium,Medium
6664-FPDAC,No,0.23490940034389496,Low,6269.2,High,Monitor
9972-VAFJJ,No,0.11051026731729507,Low,5985.344418466091,High,Monitor
0422-UXFAP,No,0.3196124732494354,Medium,5848.425684231519,High,High
1904-WAJAA,No,0.04378575459122658,Low,3021.1772806093095,Medium,Low
5130-YPIRV,No,0.01715991646051407,Low,6162.347664356232,High,Monitor
2843-CQMEG,No,0.1465025246143341,Low,1447.3129471600057,Medium,Low
6439-PKTRR,No,0.04641495645046234,Low,7495.903512346745,High,Monitor
5351-QESIO,No,0.4768645465373993,Medium,100.15926784276962,Low,Low
0786-VSSUD,No,0.49438995122909546,Medium,624.0,Low,Low
5568-DMXZS,No,0.2724918723106384,Low,809.2924417436124,Low,Low
8468-FZTOE,No,0.008534600958228111,Low,7122.370858050137,High,Monitor
6633-SYEUS,No,0.20306871831417084,Low,2311.428095817566,Medium,Low
6447-GORXK,No,0.1551944762468338,Low,901.7208285629749,Medium,Low
6967-PEJLL,No,0.07251589745283127,Low,1934.8183310687543,Medium,Low
3976-BWUCK,No,0.2988387644290924,Low,2823.0,Medium,Low
5981-ZVXOT,No,0.2797999083995819,Low,4728.654159098864,High,Monitor
1684-FLBGS,No,0.10380329191684723,Low,1972.2140272706747,Medium,Low
1389-WNUIB,No,0.07554148882627487,Low,2363.1061621904373,Medium,Low
0376-OIWME,No,0.29183638095855713,Low,3767.304688453674,High,Monitor
3585-ISXZP,Yes,0.7246838212013245,High,765.2,Low,Medium
0218-QNVAS,No,0.08829841017723083,Low,8239.109138280153,High,Monitor
6583-QGCSI,No,0.47730323672294617,Medium,4402.5,High,High
0804-YGEQV,No,0.02780742011964321,Low,1336.5913029368967,Medium,Low
7164-BPTUT,No,0.018046773970127106,Low,7214.763873383403,High,Monitor
4174-LPGTI,No,0.12487524002790451,Low,2726.5,Medium,Low
2523-EWWZL,No,0.3486795425415039,Medium,2352.092920875549,Medium,Medium
0928-XUTSN,No,0.4770519733428955,Medium,1299.0838968753815,Medium,Medium
2108-XWMPY,No,0.4425518810749054,Medium,106.35000000000001,Low,Low
0052-YNYOT,No,0.029775559902191162,Low,1616.1073469281198,Medium,Low
6304-IJFSQ,No,0.47558900713920593,Medium,149.7,Low,Low
9586-JGQKH,No,0.1179630309343338,Low,8976.80071694851,High,Monitor
4501-VCPFK,No,0.17591750621795654,Low,1106.2656949162483,Medium,Low
6075-SLNIL,No,0.26363614201545715,Low,4033.96921736598,High,Monitor
9347-AERRL,No,0.018557630479335785,Low,671.2020527809858,Low,Low
0093-XWZFY,Yes,0.5569198727607727,Medium,4180.0,High,High
2274-XUATA,No,0.006235627923160791,Low,6048.156765073166,High,Monitor
1980-KXVPM,Yes,0.7399001121520996,High,225.14999999999998,Low,Medium
7703-ZEKEF,Yes,0.6051536202430725,High,1863.0,Medium,High
0723-DRCLG,Yes,0.8750004172325134,High,74.45,Low,Medium
5482-NUPNA,No,0.19932249188423157,Low,241.6,Low,Low
6691-CCIHA,No,0.02353891171514988,Low,7257.708866795153,High,Monitor
1685-BQULA,No,0.30728015303611755,Medium,4124.2002022385595,High,High
9053-EJUNL,No,0.4729801118373871,Medium,3939.2610441446304,High,High
0666-UXTJO,No,0.3544159531593323,Medium,3226.8225647449494,High,High
1471-GIQKQ,No,0.4025704264640808,Medium,228.999643188715,Low,Low
4807-IZYOZ,No,0.016682762652635574,Low,1540.4820228293538,Medium,Low
1122-JWTJW,Yes,0.758997917175293,High,70.65,Low,Medium
9710-NJERN,No,0.011409977450966835,Low,1263.9321349047123,Medium,Low
9837-FWLCH,No,0.09170334786176682,Low,335.03577432632443,Low,Low
1699-HPSBG,No,0.1387135237455368,Low,717.5999999999999,Low,Low
7203-OYKCT,No,0.12193111330270767,Low,8662.23995590657,High,Monitor
1035-IPQPU,No,0.37541863322257996,Medium,6908.365028768778,High,High
7398-LXGYX,No,0.2307100147008896,Low,4122.614744520187,High,Monitor
2823-LKABH,No,0.35527342557907104,Medium,2078.587565392256,Medium,Medium
8775-CEBBJ,No,0.2882052958011627,Low,397.8,Low,Low
0550-DCXLH,No,0.1540217250585556,Low,1325.8650388017295,Medium,Low
9281-CEDRU,No,0.012424744665622711,Low,5878.085772806406,High,Monitor
2235-DWLJU,Yes,0.5973943471908569,Medium,373.6541459083557,Low,Low
0871-OPBXW,No,0.19736060500144958,Low,136.65751921832563,Low,Low
3605-JISKB,No,0.059966184198856354,Low,3976.8243473768234,High,Monitor
6894-LFHLY,Yes,0.9110129475593567,High,75.75,Low,Medium
9767-FFLEM,No,0.2877157926559448,Low,2938.022514462471,Medium,Low
0639-TSIQW,No,0.29757124185562134,Low,6897.650000000001,High,Monitor
8456-QDAVC,No,0.3332878649234772,Medium,1810.121470183134,Medium,Medium
7750-EYXWZ,No,0.1621703803539276,Low,1337.5723971784114,Medium,Low
2569-WGERO,No,0.005152979865670204,Low,2027.7843474201857,Medium,Low
6840-RESVB,No,0.07596255838871002,Low,2975.5005005836488,Medium,Low
2234-XADUH,No,0.08246102929115295,Low,8566.680261325837,High,Monitor
4801-JZAZL,No,0.24321511387825012,Low,460.0049957752228,Low,Low
8361-LTMKD,Yes,0.6884714365005493,High,297.6,Low,Medium
3186-AJIEK,No,0.12374603003263474,Low,9194.729566249252,High,Monitor
